,Unnamed: 0.2,Unnamed: 0.1,Unnamed: 0,filename,datetime,burst,burst_type,initial_mse,link,split,spectrogram_f,spectrogram_t
0,0,117,3720,FITfiles/2024-03-10/Beelink1_20240310_184500_59.fit,2024-03-10 18:45:00,1,3,11684.76171875,http://soleil80.cs.technik.fhnw.ch/solarradio/data/2002-20yy_Callisto/2024/03/10/ALASKA-HAARP_20240310_224500_63.fit.gz,train,190.0,3600.0
1,1,315,3244,FITfiles/2024-03-30/Beelink1_20240330_143000_59.fit,2024-03-30 14:30:00,1,3,11666.640625,http://soleil80.cs.technik.fhnw.ch/solarradio/data/2002-20yy_Callisto/2024/03/30/MEXICO-LANCE-B_20240330_183000_62.fit.gz,train,190.0,3600.0
2,2,822,4429,FITfiles/2024-04-15/Beelink1_20240415_173000_59.fit,2024-04-15 17:30:00,1,6,21727.822265625,http://soleil80.cs.technik.fhnw.ch/solarradio/data/2002-20yy_Callisto/2024/04/15/ALASKA-HAARP_20240415_213000_63.fit.gz,train,190.0,3600.0
3,3,918,7839,FITfiles/2024-04-17/Beelink1_20240417_123000_59.fit,2024-04-17 12:30:00,1,3,22240.005859375,http://soleil80.cs.technik.fhnw.ch/solarradio/data/2002-20yy_Callisto/2024/04/17/ALASKA-HAARP_20240417_163000_63.fit.gz,test,190.0,3600.0
4,4,919,7778,FITfiles/2024-04-17/Beelink1_20240417_124500_59.fit,2024-04-17 12:45:00,1,3,22182.41015625,http://soleil80.cs.technik.fhnw.ch/solarradio/data/2002-20yy_Callisto/2024/04/17/ALASKA-HAARP_20240417_164500_63.fit.gz,test,190.0,3600.0
5,5,925,7777,FITfiles/2024-04-17/Beelink1_20240417_141500_59.fit,2024-04-17 14:15:00,1,6,21997.982421875,http://soleil80.cs.technik.fhnw.ch/solarradio/data/2002-20yy_Callisto/2024/04/17/ALASKA-HAARP_20240417_181500_63.fit.gz,valid,190.0,3590.0
6,6,932,7763,FITfiles/2024-04-17/Beelink1_20240417_160000_59.fit,2024-04-17 16:00:00,1,5,22425.427734375,http://soleil80.cs.technik.fhnw.ch/solarradio/data/2002-20yy_Callisto/2024/04/17/MEXICO-LANCE-B_20240417_200000_62.fit.gz,train,190.0,3600.0
7,7,945,7770,FITfiles/2024-04-17/Beelink1_20240417_191500_59.fit,2024-04-17 19:15:00,1,6,22424.001953125,http://soleil80.cs.technik.fhnw.ch/solarradio/data/2002-20yy_Callisto/2024/04/17/ALASKA-HAARP_20240417_231500_63.fit.gz,train,190.0,3600.0
8,8,978,7498,FITfiles/2024-04-18/Beelink1_20240418_130000_59.fit,2024-04-18 13:00:00,1,3,22271.1015625,http://soleil80.cs.technik.fhnw.ch/solarradio/data/2002-20yy_Callisto/2024/04/18/USA-BOSTON_20240418_170000_63.fit.gz,train,190.0,3600.0
9,9,1001,7466,FITfiles/2024-04-18/Beelink1_20240418_184500_59.fit,2024-04-18 18:45:00,1,3,22386.48046875,http://soleil80.cs.technik.fhnw.ch/solarradio/data/2002-20yy_Callisto/2024/04/18/USA-BOSTON_20240418_224500_63.fit.gz,valid,190.0,3600.0
10,10,1004,7470,FITfiles/2024-04-18/Beelink1_20240418_193000_59.fit,2024-04-18 19:30:00,1,3,22415.201171875,http://soleil80.cs.technik.fhnw.ch/solarradio/data/2002-20yy_Callisto/2024/04/18/ALASKA-HAARP_20240418_233000_63.fit.gz,train,190.0,3600.0
11,11,1020,5319,FITfiles/2024-04-19/Beelink1_20240419_090000_59.fit,2024-04-19 09:00:00,1,6,22509.0546875,http://soleil80.cs.technik.fhnw.ch/solarradio/data/2002-20yy_Callisto/2024/04/19/MEXICO-LANCE-B_20240419_130000_62.fit.gz,test,190.0,3600.0
12,12,1023,5329,FITfiles/2024-04-19/Beelink1_20240419_094500_59.fit,2024-04-19 09:45:00,1,6,22447.5390625,http://soleil80.cs.technik.fhnw.ch/solarradio/data/2002-20yy_Callisto/2024/04/19/MEXICO-LANCE-B_20240419_134500_62.fit.gz,valid,190.0,3600.0
13,13,1024,5312,FITfiles/2024-04-19/Beelink1_20240419_100000_59.fit,2024-04-19 10:00:00,1,6,22426.376953125,http://soleil80.cs.technik.fhnw.ch/solarradio/data/2002-20yy_Callisto/2024/04/19/MEXICO-LANCE-B_20240419_140000_62.fit.gz,valid,190.0,3600.0
14,14,1026,5331,FITfiles/2024-04-19/Beelink1_20240419_103000_59.fit,2024-04-19 10:30:00,1,6,22414.919921875,http://soleil80.cs.technik.fhnw.ch/solarradio/data/2002-20yy_Callisto/2024/04/19/USA-BOSTON_20240419_143000_63.fit.gz,train,190.0,3600.0
15,15,1027,5323,FITfiles/2024-04-19/Beelink1_20240419_104500_59.fit,2024-04-19 10:45:00,1,6,22423.732421875,http://soleil80.cs.technik.fhnw.ch/solarradio/data/2002-20yy_Callisto/2024/04/19/USA-BOSTON_20240419_144500_63.fit.gz,train,190.0,3600.0
16,16,1028,5317,FITfiles/2024-04-19/Beelink1_20240419_110000_59.fit,2024-04-19 11:00:00,1,6,22428.84375,http://soleil80.cs.technik.fhnw.ch/solarradio/data/2002-20yy_Callisto/2024/04/19/USA-BOSTON_20240419_150000_63.fit.gz,valid,190.0,3600.0
17,17,1034,5308,FITfiles/2024-04-19/Beelink1_20240419_123000_59.fit,2024-04-19 12:30:00,1,7,22453.57421875,http://soleil80.cs.technik.fhnw.ch/solarradio/data/2002-20yy_Callisto/2024/04/19/USA-BOSTON_20240419_163000_63.fit.gz,train,190.0,3600.0
18,18,1037,5305,FITfiles/2024-04-19/Beelink1_20240419_131500_59.fit,2024-04-19 13:15:00,1,6,22388.98828125,http://soleil80.cs.technik.fhnw.ch/solarradio/data/2002-20yy_Callisto/2024/04/19/MEXICO-LANCE-B_20240419_171500_62.fit.gz,test,190.0,3600.0
19,19,1039,5314,FITfiles/2024-04-19/Beelink1_20240419_134500_59.fit,2024-04-19 13:45:00,1,6,22376.0625,http://soleil80.cs.technik.fhnw.ch/solarradio/data/2002-20yy_Callisto/2024/04/19/MEXICO-LANCE-B_20240419_174500_62.fit.gz,train,190.0,3600.0
20,20,1040,5303,FITfiles/2024-04-19/Beelink1_20240419_140000_59.fit,2024-04-19 14:00:00,1,6,22387.23828125,http://soleil80.cs.technik.fhnw.ch/solarradio/data/2002-20yy_Callisto/2024/04/19/MEXICO-LANCE-B_20240419_180000_62.fit.gz,train,190.0,3600.0
21,21,1042,5302,FITfiles/2024-04-19/Beelink1_20240419_143332_59.fit,2024-04-19 14:33:32,1,6,22173.111328125,http://soleil80.cs.technik.fhnw.ch/solarradio/data/2002-20yy_Callisto/2024/04/19/MEXICO-LANCE-B_20240419_183000_62.fit.gz,train,190.0,3600.0
22,22,1043,5304,FITfiles/2024-04-19/Beelink1_20240419_144832_59.fit,2024-04-19 14:48:32,1,6,22128.12109375,http://soleil80.cs.technik.fhnw.ch/solarradio/data/2002-20yy_Callisto/2024/04/19/MEXICO-LANCE-B_20240419_184500_62.fit.gz,test,190.0,3600.0
23,23,1044,5297,FITfiles/2024-04-19/Beelink1_20240419_150332_59.fit,2024-04-19 15:03:32,1,3,22064.6171875,http://soleil80.cs.technik.fhnw.ch/solarradio/data/2002-20yy_Callisto/2024/04/19/MEXICO-LANCE-B_20240419_190000_62.fit.gz,train,190.0,3600.0
24,24,1045,5293,FITfiles/2024-04-19/Beelink1_20240419_151831_59.fit,2024-04-19 15:18:31,1,6,22044.380859375,http://soleil80.cs.technik.fhnw.ch/solarradio/data/2002-20yy_Callisto/2024/04/19/MEXICO-LANCE-B_20240419_191500_62.fit.gz,valid,190.0,3600.0
25,25,1051,5289,FITfiles/2024-04-19/Beelink1_20240419_164500_59.fit,2024-04-19 16:45:00,1,6,22034.91015625,http://soleil80.cs.technik.fhnw.ch/solarradio/data/2002-20yy_Callisto/2024/04/19/USA-BOSTON_20240419_204500_63.fit.gz,train,190.0,3600.0
26,26,1053,5291,FITfiles/2024-04-19/Beelink1_20240419_171500_59.fit,2024-04-19 17:15:00,1,6,22201.109375,http://soleil80.cs.technik.fhnw.ch/solarradio/data/2002-20yy_Callisto/2024/04/19/USA-BOSTON_20240419_211500_63.fit.gz,test,190.0,3600.0
27,27,1054,5286,FITfiles/2024-04-19/Beelink1_20240419_173000_59.fit,2024-04-19 17:30:00,1,6,22320.4609375,http://soleil80.cs.technik.fhnw.ch/solarradio/data/2002-20yy_Callisto/2024/04/19/USA-BOSTON_20240419_213000_63.fit.gz,valid,190.0,3600.0
28,28,1056,5288,FITfiles/2024-04-19/Beelink1_20240419_180000_59.fit,2024-04-19 18:00:00,1,6,22358.681640625,http://soleil80.cs.technik.fhnw.ch/solarradio/data/2002-20yy_Callisto/2024/04/19/USA-BOSTON_20240419_220000_63.fit.gz,train,190.0,3600.0
29,29,1057,5295,FITfiles/2024-04-19/Beelink1_20240419_181500_59.fit,2024-04-19 18:15:00,1,6,22420.53125,http://soleil80.cs.technik.fhnw.ch/solarradio/data/2002-20yy_Callisto/2024/04/19/USA-BOSTON_20240419_221500_63.fit.gz,test,190.0,3590.0
30,30,1073,8359,FITfiles/2024-04-20/Beelink1_20240420_074500_59.fit,2024-04-20 07:45:00,1,3,22582.42578125,http://soleil80.cs.technik.fhnw.ch/solarradio/data/2002-20yy_Callisto/2024/04/20/USA-BOSTON_20240420_114500_63.fit.gz,test,190.0,3600.0
31,31,1088,8345,FITfiles/2024-04-20/Beelink1_20240420_113000_59.fit,2024-04-20 11:30:00,1,3,22507.71484375,http://soleil80.cs.technik.fhnw.ch/solarradio/data/2002-20yy_Callisto/2024/04/20/USA-BOSTON_20240420_153000_63.fit.gz,test,190.0,3600.0
32,32,1091,8341,FITfiles/2024-04-20/Beelink1_20240420_121500_59.fit,2024-04-20 12:15:00,1,6,22517.5859375,http://soleil80.cs.technik.fhnw.ch/solarradio/data/2002-20yy_Callisto/2024/04/20/USA-BOSTON_20240420_161500_63.fit.gz,train,190.0,3590.0
33,33,1107,8342,FITfiles/2024-04-20/Beelink1_20240420_161500_59.fit,2024-04-20 16:15:00,1,6,22489.69140625,http://soleil80.cs.technik.fhnw.ch/solarradio/data/2002-20yy_Callisto/2024/04/20/MEXICO-LANCE-B_20240420_201500_62.fit.gz,valid,190.0,3590.0
34,34,1127,2358,FITfiles/2024-04-21/Beelink1_20240421_064500_59.fit,2024-04-21 06:45:00,1,3,22564.703125,http://soleil80.cs.technik.fhnw.ch/solarradio/data/2002-20yy_Callisto/2024/04/21/USA-BOSTON_20240421_104500_63.fit.gz,valid,190.0,3600.0
35,35,1144,2343,FITfiles/2024-04-21/Beelink1_20240421_110000_59.fit,2024-04-21 11:00:00,1,5,22485.705078125,http://soleil80.cs.technik.fhnw.ch/solarradio/data/2002-20yy_Callisto/2024/04/21/USA-BOSTON_20240421_150000_63.fit.gz,train,190.0,3600.0
36,36,1156,2322,FITfiles/2024-04-21/Beelink1_20240421_140000_59.fit,2024-04-21 14:00:00,1,3,22344.53125,http://soleil80.cs.technik.fhnw.ch/solarradio/data/2002-20yy_Callisto/2024/04/21/USA-BOSTON_20240421_180000_63.fit.gz,test,190.0,3600.0
37,37,1171,2314,FITfiles/2024-04-21/Beelink1_20240421_174500_59.fit,2024-04-21 17:45:00,1,6,22412.421875,http://soleil80.cs.technik.fhnw.ch/solarradio/data/2002-20yy_Callisto/2024/04/21/USA-BOSTON_20240421_214500_63.fit.gz,train,190.0,3600.0
38,38,1205,3372,FITfiles/2024-04-22/Beelink1_20240422_114500_59.fit,2024-04-22 11:45:00,1,3,22313.9609375,http://soleil80.cs.technik.fhnw.ch/solarradio/data/2002-20yy_Callisto/2024/04/22/USA-BOSTON_20240422_154500_63.fit.gz,train,190.0,3600.0
39,39,1227,3368,FITfiles/2024-04-22/Beelink1_20240422_171500_59.fit,2024-04-22 17:15:00,1,2,21939.89453125,http://soleil80.cs.technik.fhnw.ch/solarradio/data/2002-20yy_Callisto/2024/04/22/USA-BOSTON_20240422_211500_63.fit.gz,train,190.0,3600.0
40,40,1250,3821,FITfiles/2024-04-23/Beelink1_20240423_083000_59.fit,2024-04-23 08:30:00,1,3,22352.134765625,http://soleil80.cs.technik.fhnw.ch/solarradio/data/2002-20yy_Callisto/2024/04/23/MEXICO-LANCE-B_20240423_123000_62.fit.gz,train,190.0,3600.0
41,41,1265,3800,FITfiles/2024-04-23/Beelink1_20240423_121500_59.fit,2024-04-23 12:15:00,1,3,22306.6796875,http://soleil80.cs.technik.fhnw.ch/solarradio/data/2002-20yy_Callisto/2024/04/23/USA-BOSTON_20240423_161500_63.fit.gz,train,190.0,3590.0
42,42,1270,3794,FITfiles/2024-04-23/Beelink1_20240423_133000_59.fit,2024-04-23 13:30:00,1,3,22326.30078125,http://soleil80.cs.technik.fhnw.ch/solarradio/data/2002-20yy_Callisto/2024/04/23/USA-BOSTON_20240423_173000_63.fit.gz,test,190.0,3600.0
43,43,1271,3787,FITfiles/2024-04-23/Beelink1_20240423_134500_59.fit,2024-04-23 13:45:00,1,2,22383.08203125,http://soleil80.cs.technik.fhnw.ch/solarradio/data/2002-20yy_Callisto/2024/04/23/USA-BOSTON_20240423_174500_63.fit.gz,test,190.0,3600.0
44,44,1274,3784,FITfiles/2024-04-23/Beelink1_20240423_143000_59.fit,2024-04-23 14:30:00,1,3,22304.984375,http://soleil80.cs.technik.fhnw.ch/solarradio/data/2002-20yy_Callisto/2024/04/23/MEXICO-LANCE-B_20240423_183000_62.fit.gz,train,190.0,3600.0
45,45,1324,6020,FITfiles/2024-04-24/Beelink1_20240424_123000_59.fit,2024-04-24 12:30:00,1,3,22424.328125,http://soleil80.cs.technik.fhnw.ch/solarradio/data/2002-20yy_Callisto/2024/04/24/USA-BOSTON_20240424_163000_63.fit.gz,train,190.0,3600.0
46,46,1368,6305,FITfiles/2024-04-25/Beelink1_20240425_090000_59.fit,2024-04-25 09:00:00,1,5,22623.4765625,http://soleil80.cs.technik.fhnw.ch/solarradio/data/2002-20yy_Callisto/2024/04/25/MEXICO-LANCE-B_20240425_130000_62.fit.gz,train,190.0,3600.0
47,47,1384,6283,FITfiles/2024-04-25/Beelink1_20240425_130000_59.fit,2024-04-25 13:00:00,1,3,22299.91796875,http://soleil80.cs.technik.fhnw.ch/solarradio/data/2002-20yy_Callisto/2024/04/25/USA-BOSTON_20240425_170000_63.fit.gz,train,190.0,3600.0
48,48,1847,2289,FITfiles/2024-05-19/UMICH_20240519_080000_59.fit,2024-05-19 08:00:00,1,6,11266.83203125,http://soleil80.cs.technik.fhnw.ch/solarradio/data/2002-20yy_Callisto/2024/05/19/MEXICO-LANCE-B_20240519_120000_62.fit.gz,train,190.0,3600.0
49,49,1849,2281,FITfiles/2024-05-19/UMICH_20240519_083000_59.fit,2024-05-19 08:30:00,1,6,11192.935546875,http://soleil80.cs.technik.fhnw.ch/solarradio/data/2002-20yy_Callisto/2024/05/19/USA-BOSTON_20240519_123000_63.fit.gz,train,190.0,3600.0
50,50,1852,2290,FITfiles/2024-05-19/UMICH_20240519_091500_59.fit,2024-05-19 09:15:00,1,3,11290.3310546875,http://soleil80.cs.technik.fhnw.ch/solarradio/data/2002-20yy_Callisto/2024/05/19/USA-BOSTON_20240519_131500_63.fit.gz,train,190.0,3600.0
51,51,1853,2295,FITfiles/2024-05-19/UMICH_20240519_093000_59.fit,2024-05-19 09:30:00,1,6,11162.087890625,http://soleil80.cs.technik.fhnw.ch/solarradio/data/2002-20yy_Callisto/2024/05/19/USA-BOSTON_20240519_133000_63.fit.gz,train,190.0,3600.0
52,52,1860,2280,FITfiles/2024-05-19/UMICH_20240519_111459_59.fit,2024-05-19 11:14:59,1,3,10745.416015625,http://soleil80.cs.technik.fhnw.ch/solarradio/data/2002-20yy_Callisto/2024/05/19/MEXICO-LANCE-B_20240519_151500_62.fit.gz,train,190.0,3600.0
53,53,1862,2277,FITfiles/2024-05-19/UMICH_20240519_114459_59.fit,2024-05-19 11:44:59,1,3,10758.17578125,http://soleil80.cs.technik.fhnw.ch/solarradio/data/2002-20yy_Callisto/2024/05/19/MEXICO-LANCE-B_20240519_154500_62.fit.gz,valid,190.0,3600.0
54,54,1868,2276,FITfiles/2024-05-19/UMICH_20240519_131500_59.fit,2024-05-19 13:15:00,1,3,10445.4853515625,http://soleil80.cs.technik.fhnw.ch/solarradio/data/2002-20yy_Callisto/2024/05/19/MEXICO-LANCE-B_20240519_171500_62.fit.gz,train,190.0,3600.0
55,55,1870,2262,FITfiles/2024-05-19/UMICH_20240519_134500_59.fit,2024-05-19 13:45:00,1,3,10574.298828125,http://soleil80.cs.technik.fhnw.ch/solarradio/data/2002-20yy_Callisto/2024/05/19/MEXICO-LANCE-A_20240519_174500_63.fit.gz,test,190.0,3600.0
56,56,1913,5130,FITfiles/2024-05-20/UMICH_20240520_100000_59.fit,2024-05-20 10:00:00,1,3,11001.0458984375,http://soleil80.cs.technik.fhnw.ch/solarradio/data/2002-20yy_Callisto/2024/05/20/MEXICO-LANCE-B_20240520_140000_62.fit.gz,train,190.0,3600.0
57,57,1999,3303,FITfiles/2024-05-21/UMICH_20240521_170000_59.fit,2024-05-21 17:00:00,1,6,10445.8203125,http://soleil80.cs.technik.fhnw.ch/solarradio/data/2002-20yy_Callisto/2024/05/21/USA-BOSTON_20240521_210000_63.fit.gz,train,190.0,3600.0
58,58,2024,4687,FITfiles/2024-05-22/UMICH_20240522_084500_59.fit,2024-05-22 08:45:00,1,6,10779.4462890625,http://soleil80.cs.technik.fhnw.ch/solarradio/data/2002-20yy_Callisto/2024/05/22/MEXICO-LANCE-B_20240522_124500_62.fit.gz,train,190.0,3600.0
59,59,2082,1833,FITfiles/2024-05-23/UMICH_20240523_084500_59.fit,2024-05-23 08:45:00,1,6,11012.6298828125,http://soleil80.cs.technik.fhnw.ch/solarradio/data/2002-20yy_Callisto/2024/05/23/MEXICO-LANCE-B_20240523_124500_62.fit.gz,test,190.0,3600.0
60,60,2083,1829,FITfiles/2024-05-23/UMICH_20240523_090000_59.fit,2024-05-23 09:00:00,1,6,10895.4921875,http://soleil80.cs.technik.fhnw.ch/solarradio/data/2002-20yy_Callisto/2024/05/23/MEXICO-LANCE-B_20240523_130000_62.fit.gz,train,190.0,3600.0
61,61,2140,6187,FITfiles/2024-05-24/UMICH_20240524_084500_59.fit,2024-05-24 08:45:00,1,5,10994.9619140625,http://soleil80.cs.technik.fhnw.ch/solarradio/data/2002-20yy_Callisto/2024/05/24/MEXICO-LANCE-B_20240524_124500_62.fit.gz,train,190.0,3600.0
62,62,2334,3864,FITfiles/2024-05-27/UMICH_20240527_134500_59.fit,2024-05-27 13:45:00,1,3,10926.19140625,http://soleil80.cs.technik.fhnw.ch/solarradio/data/2002-20yy_Callisto/2024/05/27/USA-BOSTON_20240527_174500_01.fit.gz,train,190.0,3600.0
63,63,2439,4099,FITfiles/2024-05-29/UMICH_20240529_104500_59.fit,2024-05-29 10:45:00,1,2,10857.009765625,http://soleil80.cs.technik.fhnw.ch/solarradio/data/2002-20yy_Callisto/2024/05/29/MEXART_20240529_144500_59.fit.gz,train,190.0,3600.0
64,64,2732,2011,FITfiles/2024-06-03/UMICH_20240603_123000_59.fit,2024-06-03 12:30:00,1,3,10709.482421875,http://soleil80.cs.technik.fhnw.ch/solarradio/data/2002-20yy_Callisto/2024/06/03/USA-BOSTON_20240603_163000_63.fit.gz,test,190.0,3600.0
65,65,2956,7270,FITfiles/2024-06-07/UMICH_20240607_102959_59.fit,2024-06-07 10:29:59,1,3,10785.126953125,http://soleil80.cs.technik.fhnw.ch/solarradio/data/2002-20yy_Callisto/2024/06/07/MEXICO-LANCE-B_20240607_142959_62.fit.gz,train,190.0,3600.0
66,66,3195,2687,FITfiles/2024-06-11/UMICH_20240611_123000_59.fit,2024-06-11 12:30:00,1,3,10728.2900390625,http://soleil80.cs.technik.fhnw.ch/solarradio/data/2002-20yy_Callisto/2024/06/11/USA-BOSTON_20240611_163000_01.fit.gz,valid,190.0,3600.0
67,67,3722,3424,FITfiles/2024-06-20/UMICH_20240620_133000_59.fit,2024-06-20 13:30:00,1,3,10332.931640625,http://soleil80.cs.technik.fhnw.ch/solarradio/data/2002-20yy_Callisto/2024/06/20/MEXART_20240620_173000_59.fit.gz,train,190.0,3600.0
68,68,3767,2218,FITfiles/2024-06-21/UMICH_20240621_101500_59.fit,2024-06-21 10:15:00,1,7,11115.515625,http://soleil80.cs.technik.fhnw.ch/solarradio/data/2002-20yy_Callisto/2024/06/21/MEXICO-LANCE-A_20240621_141500_63.fit.gz,test,190.0,3600.0
69,69,3804,2131,FITfiles/2024-06-21/UMICH_20240621_193000_59.fit,2024-06-21 19:30:00,1,3,10597.5908203125,http://soleil80.cs.technik.fhnw.ch/solarradio/data/2002-20yy_Callisto/2024/06/21/MEXART_20240621_233000_59.fit.gz,train,190.0,3600.0
70,70,3805,2125,FITfiles/2024-06-21/UMICH_20240621_194500_59.fit,2024-06-21 19:45:00,1,2,10646.3974609375,http://soleil80.cs.technik.fhnw.ch/solarradio/data/2002-20yy_Callisto/2024/06/21/ALASKA-HAARP_20240621_234500_63.fit.gz,train,190.0,3600.0
71,71,3950,4024,FITfiles/2024-06-24/UMICH_20240624_123000_59.fit,2024-06-24 12:30:00,1,3,10572.1064453125,http://soleil80.cs.technik.fhnw.ch/solarradio/data/2002-20yy_Callisto/2024/06/24/ALASKA-HAARP_20240624_163000_63.fit.gz,train,190.0,3600.0
72,72,4009,4624,FITfiles/2024-06-25/UMICH_20240625_124500_59.fit,2024-06-25 12:45:00,1,3,10747.0986328125,http://soleil80.cs.technik.fhnw.ch/solarradio/data/2002-20yy_Callisto/2024/06/25/MEXART_20240625_164500_59.fit.gz,train,190.0,3600.0
73,73,4031,4600,FITfiles/2024-06-25/UMICH_20240625_181500_59.fit,2024-06-25 18:15:00,1,3,10575.197265625,http://soleil80.cs.technik.fhnw.ch/solarradio/data/2002-20yy_Callisto/2024/06/25/MEXART_20240625_221500_59.fit.gz,train,190.0,3592.0
74,74,4096,2771,FITfiles/2024-06-26/UMICH_20240626_200000_59.fit,2024-06-26 20:00:00,1,3,10795.5751953125,http://soleil80.cs.technik.fhnw.ch/solarradio/data/2002-20yy_Callisto/2024/06/27/MEXART_20240627_000000_59.fit.gz,train,190.0,3600.0
75,75,4104,7853,FITfiles/2024-06-27/UMICH_20240627_073000_59.fit,2024-06-27 07:30:00,1,3,10860.466796875,http://soleil80.cs.technik.fhnw.ch/solarradio/data/2002-20yy_Callisto/2024/06/27/USA-BOSTON_20240627_113000_01.fit.gz,train,190.0,3600.0
76,76,4137,7584,FITfiles/2024-06-27/UMICH_20240627_154500_59.fit,2024-06-27 15:45:00,1,3,10329.017578125,http://soleil80.cs.technik.fhnw.ch/solarradio/data/2002-20yy_Callisto/2024/06/27/MEXICO-LANCE-B_20240627_194500_62.fit.gz,train,190.0,3600.0
77,77,4142,7581,FITfiles/2024-06-27/UMICH_20240627_170000_59.fit,2024-06-27 17:00:00,1,3,10286.8603515625,http://soleil80.cs.technik.fhnw.ch/solarradio/data/2002-20yy_Callisto/2024/06/27/MEXICO-LANCE-A_20240627_210000_63.fit.gz,train,190.0,3600.0
78,78,4152,7809,FITfiles/2024-06-27/UMICH_20240627_193000_59.fit,2024-06-27 19:30:00,1,5,10681.7529296875,http://soleil80.cs.technik.fhnw.ch/solarradio/data/2002-20yy_Callisto/2024/06/27/USA-BOSTON_20240627_233000_63.fit.gz,train,190.0,3600.0
79,79,4153,7808,FITfiles/2024-06-27/UMICH_20240627_194500_59.fit,2024-06-27 19:45:00,1,5,10713.1875,http://soleil80.cs.technik.fhnw.ch/solarradio/data/2002-20yy_Callisto/2024/06/27/USA-BOSTON_20240627_234500_63.fit.gz,train,190.0,3600.0
80,80,4294,2513,FITfiles/2024-07-01/UMICH_20240701_064500_59.fit,2024-07-01 06:45:00,1,3,10926.1455078125,http://soleil80.cs.technik.fhnw.ch/solarradio/data/2002-20yy_Callisto/2024/07/01/USA-BOSTON_20240701_104500_63.fit.gz,test,190.0,3600.0
81,81,4305,2499,FITfiles/2024-07-01/UMICH_20240701_093000_59.fit,2024-07-01 09:30:00,1,5,10901.455078125,http://soleil80.cs.technik.fhnw.ch/solarradio/data/2002-20yy_Callisto/2024/07/01/MEXICO-LANCE-B_20240701_133000_62.fit.gz,train,190.0,3600.0
82,82,7384,1687,FITfiles/2024-09-19/UMICH_20240919_161500_59.fit,2024-09-19 16:15:00,0,0,10245.01171875,http://soleil80.cs.technik.fhnw.ch/solarradio/data/2002-20yy_Callisto/2024/09/19/MEXICO-LANCE-B_20240919_201500_62.fit.gz,test,190.0,3592.0
83,83,1591,6000,FITfiles/2024-04-29/Beelink1_20240429_064500_59.fit,2024-04-29 06:45:00,0,0,22307.361328125,http://soleil80.cs.technik.fhnw.ch/solarradio/data/2002-20yy_Callisto/2024/04/29/USA-BOSTON_20240429_104500_63.fit.gz,test,190.0,3600.0
84,84,6137,5788,FITfiles/2024-08-07/Beelink1_20240807_150000_59.fit,2024-08-07 15:00:00,0,0,9944.76953125,http://soleil80.cs.technik.fhnw.ch/solarradio/data/2002-20yy_Callisto/2024/08/07/MEXICO-LANCE-A_20240807_190000_63.fit.gz,train,190.0,3600.0
85,85,5075,7616,FITfiles/2024-07-20/Beelink1_20240720_121459_59.fit,2024-07-20 12:14:59,0,0,10040.0615234375,http://soleil80.cs.technik.fhnw.ch/solarradio/data/2002-20yy_Callisto/2024/07/20/MEXICO-LANCE-B_20240720_161459_62.fit.gz,train,190.0,3595.0
86,86,8352,1179,FITfiles/2024-10-06/UMICH_20241006_163000_59.fit,2024-10-06 16:30:00,0,0,31046.52734375,http://soleil80.cs.technik.fhnw.ch/solarradio/data/2002-20yy_Callisto/2024/10/06/ALASKA-HAARP_20241006_203000_63.fit.gz,train,190.0,3600.0
87,87,4894,5915,FITfiles/2024-07-17/Beelink1_20240717_103000_59.fit,2024-07-17 10:30:00,0,0,10076.3310546875,http://soleil80.cs.technik.fhnw.ch/solarradio/data/2002-20yy_Callisto/2024/07/17/MEXICO-LANCE-A_20240717_143000_63.fit.gz,train,190.0,3600.0
88,88,9128,571,FITfiles/2024-11-02/Beelink1_20241102_163000_59.fit,2024-11-02 16:30:00,0,0,36940.20703125,http://soleil80.cs.technik.fhnw.ch/solarradio/data/2002-20yy_Callisto/2024/11/02/GREENLAND_20241102_203000_63.fit.gz,train,190.0,3600.0
89,89,3810,2249,FITfiles/2024-06-22/UMICH_20240622_063000_59.fit,2024-06-22 06:30:00,0,0,11392.962890625,http://soleil80.cs.technik.fhnw.ch/solarradio/data/2002-20yy_Callisto/2024/06/22/USA-BOSTON_20240622_103000_63.fit.gz,valid,190.0,3600.0
90,90,7546,207,FITfiles/2024-09-22/UMICH_20240922_130000_59.fit,2024-09-22 13:00:00,0,0,10582.15625,http://soleil80.cs.technik.fhnw.ch/solarradio/data/2002-20yy_Callisto/2024/09/22/USA-BOSTON_20240922_170000_63.fit.gz,valid,190.0,3525.0
91,91,2947,7242,FITfiles/2024-06-07/UMICH_20240607_081500_59.fit,2024-06-07 08:15:00,0,0,10844.115234375,http://soleil80.cs.technik.fhnw.ch/solarradio/data/2002-20yy_Callisto/2024/06/07/MEXICO-LANCE-B_20240607_121500_62.fit.gz,train,190.0,3593.0
92,92,1698,6776,FITfiles/2024-04-30/Beelink1_20240430_190000_59.fit,2024-04-30 19:00:00,0,0,22131.029296875,http://soleil80.cs.technik.fhnw.ch/solarradio/data/2002-20yy_Callisto/2024/04/30/USA-BOSTON_20240430_230000_63.fit.gz,train,190.0,3600.0
93,93,3515,5432,FITfiles/2024-06-16/UMICH_20240616_200000_59.fit,2024-06-16 20:00:00,0,0,10662.9794921875,http://soleil80.cs.technik.fhnw.ch/solarradio/data/2002-20yy_Callisto/2024/06/17/USA-BOSTON_20240617_000000_63.fit.gz,test,190.0,3600.0
94,94,2287,7923,FITfiles/2024-05-26/UMICH_20240526_163000_59.fit,2024-05-26 16:30:00,0,0,10706.47265625,http://soleil80.cs.technik.fhnw.ch/solarradio/data/2002-20yy_Callisto/2024/05/26/MEXICO-LANCE-A_20240526_203000_63.fit.gz,train,190.0,3600.0
95,95,5426,8685,FITfiles/2024-07-26/Beelink1_20240726_111459_59.fit,2024-07-26 11:14:59,0,0,10085.712890625,http://soleil80.cs.technik.fhnw.ch/solarradio/data/2002-20yy_Callisto/2024/07/26/MEXICO-LANCE-B_20240726_151459_62.fit.gz,train,190.0,3600.0
96,96,120,3707,FITfiles/2024-03-10/Beelink1_20240310_193000_59.fit,2024-03-10 19:30:00,0,0,11682.2041015625,http://soleil80.cs.technik.fhnw.ch/solarradio/data/2002-20yy_Callisto/2024/03/10/ALASKA-HAARP_20240310_233000_63.fit.gz,valid,190.0,3600.0
97,97,520,3014,FITfiles/2024-04-07/Beelink1_20240407_194500_59.fit,2024-04-07 19:45:00,0,0,22333.408203125,http://soleil80.cs.technik.fhnw.ch/solarradio/data/2002-20yy_Callisto/2024/04/07/MEXART_20240407_234500_59.fit.gz,train,190.0,3600.0
98,98,2227,3175,FITfiles/2024-05-25/UMICH_20240525_160000_59.fit,2024-05-25 16:00:00,0,0,10410.798828125,http://soleil80.cs.technik.fhnw.ch/solarradio/data/2002-20yy_Callisto/2024/05/25/MEXICO-LANCE-B_20240525_200000_62.fit.gz,train,190.0,3600.0
99,99,5802,8201,FITfiles/2024-08-01/Beelink1_20240801_181500_59.fit,2024-08-01 18:15:00,0,0,10008.029296875,http://soleil80.cs.technik.fhnw.ch/solarradio/data/2002-20yy_Callisto/2024/08/01/MEXART_20240801_221500_59.fit.gz,train,190.0,3591.0
100,100,5414,8710,FITfiles/2024-07-26/Beelink1_20240726_081500_59.fit,2024-07-26 08:15:00,0,0,10123.8154296875,http://soleil80.cs.technik.fhnw.ch/solarradio/data/2002-20yy_Callisto/2024/07/26/MEXICO-LANCE-B_20240726_121500_62.fit.gz,train,190.0,3593.0
101,101,1356,5963,FITfiles/2024-04-24/Beelink1_20240424_203000_59.fit,2024-04-24 20:30:00,0,0,22613.798828125,http://soleil80.cs.technik.fhnw.ch/solarradio/data/2002-20yy_Callisto/2024/04/25/ALASKA-HAARP_20240425_003000_63.fit.gz,train,190.0,3600.0
102,102,6319,9150,FITfiles/2024-08-10/Beelink1_20240810_170000_59.fit,2024-08-10 17:00:00,0,0,9969.2646484375,http://soleil80.cs.technik.fhnw.ch/solarradio/data/2002-20yy_Callisto/2024/08/10/MEXART_20240810_210000_59.fit.gz,train,190.0,3600.0
103,103,8534,853,FITfiles/2024-10-23/Beelink1_20241023_130000_59.fit,2024-10-23 13:00:00,0,0,35958.46875,http://soleil80.cs.technik.fhnw.ch/solarradio/data/2002-20yy_Callisto/2024/10/23/ALASKA-HAARP_20241023_170000_63.fit.gz,test,190.0,3600.0
104,104,5744,2718,FITfiles/2024-07-31/Beelink1_20240731_181500_59.fit,2024-07-31 18:15:00,0,0,9986.8466796875,http://soleil80.cs.technik.fhnw.ch/solarradio/data/2002-20yy_Callisto/2024/07/31/MEXART_20240731_221500_59.fit.gz,test,190.0,3592.0
105,105,5097,7600,FITfiles/2024-07-20/Beelink1_20240720_174500_59.fit,2024-07-20 17:45:00,0,0,9988.220703125,http://soleil80.cs.technik.fhnw.ch/solarradio/data/2002-20yy_Callisto/2024/07/20/USA-BOSTON_20240720_214500_63.fit.gz,test,190.0,3600.0
106,106,565,6214,FITfiles/2024-04-08/Beelink1_20240408_163000_59.fit,2024-04-08 16:30:00,0,0,21716.443359375,http://soleil80.cs.technik.fhnw.ch/solarradio/data/2002-20yy_Callisto/2024/04/08/MEXICO-LANCE-B_20240408_203000_62.fit.gz,test,190.0,3600.0
107,107,4638,5713,FITfiles/2024-07-06/Beelink1_20240706_194500_59.fit,2024-07-06 19:45:00,0,0,10127.01953125,http://soleil80.cs.technik.fhnw.ch/solarradio/data/2002-20yy_Callisto/2024/07/06/USA-BOSTON_20240706_234500_63.fit.gz,train,190.0,3600.0
108,108,2219,3223,FITfiles/2024-05-25/UMICH_20240525_140000_59.fit,2024-05-25 14:00:00,0,0,10427.9580078125,http://soleil80.cs.technik.fhnw.ch/solarradio/data/2002-20yy_Callisto/2024/05/25/USA-BOSTON_20240525_180000_01.fit.gz,valid,190.0,3600.0
109,109,1606,5939,FITfiles/2024-04-29/Beelink1_20240429_103000_59.fit,2024-04-29 10:30:00,0,0,22033.05078125,http://soleil80.cs.technik.fhnw.ch/solarradio/data/2002-20yy_Callisto/2024/04/29/USA-BOSTON_20240429_143000_63.fit.gz,valid,190.0,3600.0
110,110,4408,8142,FITfiles/2024-07-02/Beelink1_20240702_201500_59.fit,2024-07-02 20:15:00,0,0,10128.66796875,http://soleil80.cs.technik.fhnw.ch/solarradio/data/2002-20yy_Callisto/2024/07/03/ALASKA-HAARP_20240703_001500_63.fit.gz,train,190.0,3593.0
111,111,9202,898,FITfiles/2024-11-03/Beelink1_20241103_203000_59.fit,2024-11-03 20:30:00,0,0,37540.578125,http://soleil80.cs.technik.fhnw.ch/solarradio/data/2002-20yy_Callisto/2024/11/04/ALASKA-HAARP_20241104_013000_63.fit.gz,train,190.0,3600.0
112,112,3146,1737,FITfiles/2024-06-10/UMICH_20240610_144500_59.fit,2024-06-10 14:45:00,0,0,10528.0869140625,http://soleil80.cs.technik.fhnw.ch/solarradio/data/2002-20yy_Callisto/2024/06/10/MEXICO-LANCE-B_20240610_184500_62.fit.gz,valid,190.0,3600.0
113,113,6960,7313,FITfiles/2024-09-10/UMICH_20240910_143000_59.fit,2024-09-10 14:30:00,0,0,9976.4736328125,http://soleil80.cs.technik.fhnw.ch/solarradio/data/2002-20yy_Callisto/2024/09/10/MEXICO-LANCE-B_20240910_183000_62.fit.gz,test,190.0,3600.0
114,114,2749,1994,FITfiles/2024-06-03/UMICH_20240603_164500_59.fit,2024-06-03 16:45:00,0,0,10386.3046875,http://soleil80.cs.technik.fhnw.ch/solarradio/data/2002-20yy_Callisto/2024/06/03/MEXICO-LANCE-A_20240603_204500_63.fit.gz,test,190.0,3600.0
115,115,4871,3464,FITfiles/2024-07-16/Beelink1_20240716_191500_59.fit,2024-07-16 19:15:00,0,0,10037.4619140625,http://soleil80.cs.technik.fhnw.ch/solarradio/data/2002-20yy_Callisto/2024/07/16/ALASKA-HAARP_20240716_231500_63.fit.gz,test,190.0,3600.0
116,116,3131,1755,FITfiles/2024-06-10/UMICH_20240610_105959_59.fit,2024-06-10 10:59:59,0,0,10854.35546875,http://soleil80.cs.technik.fhnw.ch/solarradio/data/2002-20yy_Callisto/2024/06/10/MEXICO-LANCE-B_20240610_145959_62.fit.gz,valid,190.0,3600.0
117,117,7044,1504,FITfiles/2024-09-13/UMICH_20240913_181500_59.fit,2024-09-13 18:15:00,0,0,10631.6494140625,http://soleil80.cs.technik.fhnw.ch/solarradio/data/2002-20yy_Callisto/2024/09/13/GREENLAND_20240913_221500_63.fit.gz,train,190.0,3593.0
118,118,6504,9303,FITfiles/2024-09-02/UMICH_20240902_163000_59.fit,2024-09-02 16:30:00,0,0,9945.115234375,http://soleil80.cs.technik.fhnw.ch/solarradio/data/2002-20yy_Callisto/2024/09/02/MEXICO-LANCE-A_20240902_203000_63.fit.gz,valid,190.0,3600.0
119,119,1881,2256,FITfiles/2024-05-19/UMICH_20240519_163000_59.fit,2024-05-19 16:30:00,0,0,10505.0615234375,http://soleil80.cs.technik.fhnw.ch/solarradio/data/2002-20yy_Callisto/2024/05/19/MEXICO-LANCE-A_20240519_203000_63.fit.gz,train,190.0,3600.0
120,120,5471,2626,FITfiles/2024-07-27/Beelink1_20240727_080000_59.fit,2024-07-27 08:00:00,0,0,10142.029296875,http://soleil80.cs.technik.fhnw.ch/solarradio/data/2002-20yy_Callisto/2024/07/27/MEXICO-LANCE-B_20240727_120000_62.fit.gz,train,190.0,3600.0
121,121,9207,92,FITfiles/2024-11-04/Beelink1_20241104_071500_59.fit,2024-11-04 07:15:00,0,0,36335.60546875,http://soleil80.cs.technik.fhnw.ch/solarradio/data/2002-20yy_Callisto/2024/11/04/USA-BOSTON_20241104_121500_63.fit.gz,train,190.0,3600.0
122,122,8180,7098,FITfiles/2024-10-03/UMICH_20241003_170000_59.fit,2024-10-03 17:00:00,0,0,30838.298828125,http://soleil80.cs.technik.fhnw.ch/solarradio/data/2002-20yy_Callisto/2024/10/03/ALASKA-HAARP_20241003_210000_63.fit.gz,train,190.0,3600.0
123,123,6220,7908,FITfiles/2024-08-09/Beelink1_20240809_064500_59.fit,2024-08-09 06:45:00,0,0,10130.611328125,http://soleil80.cs.technik.fhnw.ch/solarradio/data/2002-20yy_Callisto/2024/08/09/USA-BOSTON_20240809_104500_01.fit.gz,train,190.0,3600.0
124,124,2973,7210,FITfiles/2024-06-07/UMICH_20240607_144500_59.fit,2024-06-07 14:45:00,0,0,10747.9169921875,http://soleil80.cs.technik.fhnw.ch/solarradio/data/2002-20yy_Callisto/2024/06/07/MEXICO-LANCE-B_20240607_184500_62.fit.gz,train,190.0,3600.0
125,125,8153,7073,FITfiles/2024-10-03/UMICH_20241003_101500_59.fit,2024-10-03 10:15:00,0,0,37398.64453125,http://soleil80.cs.technik.fhnw.ch/solarradio/data/2002-20yy_Callisto/2024/10/03/GREENLAND_20241003_141500_63.fit.gz,train,190.0,3600.0
126,126,2505,3690,FITfiles/2024-05-30/UMICH_20240530_124500_59.fit,2024-05-30 12:45:00,0,0,10722.34375,http://soleil80.cs.technik.fhnw.ch/solarradio/data/2002-20yy_Callisto/2024/05/30/USA-BOSTON_20240530_164500_63.fit.gz,train,190.0,3600.0
127,127,9499,254,FITfiles/2024-11-09/Beelink1_20241109_074500_59.fit,2024-11-09 07:45:00,0,0,36515.9609375,http://soleil80.cs.technik.fhnw.ch/solarradio/data/2002-20yy_Callisto/2024/11/09/USA-BOSTON_20241109_124500_01.fit.gz,train,190.0,3600.0
128,128,3537,6990,FITfiles/2024-06-17/UMICH_20240617_105959_59.fit,2024-06-17 10:59:59,0,0,10716.3671875,http://soleil80.cs.technik.fhnw.ch/solarradio/data/2002-20yy_Callisto/2024/06/17/MEXART_20240617_150000_59.fit.gz,train,190.0,3600.0
129,129,1561,7737,FITfiles/2024-04-28/Beelink1_20240428_134500_59.fit,2024-04-28 13:45:00,0,0,22083.57421875,http://soleil80.cs.technik.fhnw.ch/solarradio/data/2002-20yy_Callisto/2024/04/28/USA-BOSTON_20240428_174500_63.fit.gz,train,190.0,3600.0
130,130,9395,836,FITfiles/2024-11-07/Beelink1_20241107_104500_59.fit,2024-11-07 10:45:00,0,0,37975.18359375,http://soleil80.cs.technik.fhnw.ch/solarradio/data/2002-20yy_Callisto/2024/11/07/ALASKA-HAARP_20241107_154500_63.fit.gz,train,190.0,3600.0
131,131,3536,6984,FITfiles/2024-06-17/UMICH_20240617_104459_59.fit,2024-06-17 10:44:59,0,0,10740.8330078125,http://soleil80.cs.technik.fhnw.ch/solarradio/data/2002-20yy_Callisto/2024/06/17/MEXART_20240617_144500_59.fit.gz,train,190.0,3600.0
132,132,8451,1004,FITfiles/2024-10-08/UMICH_20241008_121500_59.fit,2024-10-08 12:15:00,0,0,34469.3125,http://soleil80.cs.technik.fhnw.ch/solarradio/data/2002-20yy_Callisto/2024/10/08/USA-BOSTON_20241008_161500_01.fit.gz,test,190.0,3590.0
133,133,3982,4004,FITfiles/2024-06-24/UMICH_20240624_203000_59.fit,2024-06-24 20:30:00,0,0,10692.8759765625,http://soleil80.cs.technik.fhnw.ch/solarradio/data/2002-20yy_Callisto/2024/06/25/MEXART_20240625_003000_59.fit.gz,train,190.0,3600.0
134,134,252,5581,FITfiles/2024-03-16/Beelink1_20240316_174500_59.fit,2024-03-16 17:45:00,0,0,11651.4326171875,http://soleil80.cs.technik.fhnw.ch/solarradio/data/2002-20yy_Callisto/2024/03/16/ALASKA-HAARP_20240316_214500_63.fit.gz,train,190.0,3600.0
135,135,318,3240,FITfiles/2024-03-30/Beelink1_20240330_151500_59.fit,2024-03-30 15:15:00,0,0,11559.7744140625,http://soleil80.cs.technik.fhnw.ch/solarradio/data/2002-20yy_Callisto/2024/03/30/MEXICO-LANCE-B_20240330_191500_62.fit.gz,train,190.0,3600.0
136,136,2586,3619,FITfiles/2024-06-01/UMICH_20240601_091500_59.fit,2024-06-01 09:15:00,0,0,11309.8857421875,http://soleil80.cs.technik.fhnw.ch/solarradio/data/2002-20yy_Callisto/2024/06/01/MEXICO-LANCE-B_20240601_131500_62.fit.gz,valid,190.0,3600.0
137,137,489,3043,FITfiles/2024-04-07/Beelink1_20240407_120000_59.fit,2024-04-07 12:00:00,0,0,22257.943359375,http://soleil80.cs.technik.fhnw.ch/solarradio/data/2002-20yy_Callisto/2024/04/07/ALASKA-HAARP_20240407_160000_63.fit.gz,test,190.0,3600.0
138,138,9266,367,FITfiles/2024-11-05/Beelink1_20241105_073000_59.fit,2024-11-05 07:30:00,0,0,36297.46875,http://soleil80.cs.technik.fhnw.ch/solarradio/data/2002-20yy_Callisto/2024/11/05/USA-BOSTON_20241105_123000_63.fit.gz,train,190.0,3600.0
139,139,2675,7158,FITfiles/2024-06-02/UMICH_20240602_124500_59.fit,2024-06-02 12:45:00,0,0,10789.4130859375,http://soleil80.cs.technik.fhnw.ch/solarradio/data/2002-20yy_Callisto/2024/06/02/USA-BOSTON_20240602_164500_63.fit.gz,test,190.0,3600.0
140,140,2452,4088,FITfiles/2024-05-29/UMICH_20240529_140000_59.fit,2024-05-29 14:00:00,0,0,10619.525390625,http://soleil80.cs.technik.fhnw.ch/solarradio/data/2002-20yy_Callisto/2024/05/29/USA-BOSTON_20240529_180000_63.fit.gz,train,190.0,3600.0
141,141,8291,5186,FITfiles/2024-10-05/UMICH_20241005_154500_59.fit,2024-10-05 15:45:00,0,0,31945.755859375,http://soleil80.cs.technik.fhnw.ch/solarradio/data/2002-20yy_Callisto/2024/10/05/ALASKA-HAARP_20241005_194500_63.fit.gz,train,190.0,3600.0
142,142,362,4871,FITfiles/2024-04-05/Beelink1_20240405_084500_59.fit,2024-04-05 08:45:00,0,0,11546.8955078125,http://soleil80.cs.technik.fhnw.ch/solarradio/data/2002-20yy_Callisto/2024/04/05/MEXICO-LANCE-B_20240405_124500_62.fit.gz,train,190.0,3600.0
143,143,8027,7359,FITfiles/2024-10-01/UMICH_20241001_074500_59.fit,2024-10-01 07:45:00,0,0,34573.9453125,http://soleil80.cs.technik.fhnw.ch/solarradio/data/2002-20yy_Callisto/2024/10/01/USA-BOSTON_20241001_114500_63.fit.gz,train,190.0,3600.0
144,144,649,4824,FITfiles/2024-04-10/Beelink1_20240410_083000_59.fit,2024-04-10 08:30:00,0,0,22845.962890625,http://soleil80.cs.technik.fhnw.ch/solarradio/data/2002-20yy_Callisto/2024/04/10/MEXICO-LANCE-B_20240410_123000_62.fit.gz,train,190.0,3600.0
145,145,7706,6913,FITfiles/2024-09-25/UMICH_20240925_143000_59.fit,2024-09-25 14:30:00,0,0,33298.22265625,http://soleil80.cs.technik.fhnw.ch/solarradio/data/2002-20yy_Callisto/2024/09/25/MEXICO-LANCE-B_20240925_183000_62.fit.gz,train,190.0,3600.0
146,146,7922,6387,FITfiles/2024-09-29/UMICH_20240929_103000_59.fit,2024-09-29 10:30:00,0,0,35261.13671875,http://soleil80.cs.technik.fhnw.ch/solarradio/data/2002-20yy_Callisto/2024/09/29/USA-BOSTON_20240929_143000_63.fit.gz,test,190.0,3600.0
147,147,8094,7260,FITfiles/2024-10-02/UMICH_20241002_100000_59.fit,2024-10-02 10:00:00,0,0,36696.765625,http://soleil80.cs.technik.fhnw.ch/solarradio/data/2002-20yy_Callisto/2024/10/02/USA-BOSTON_20241002_140000_63.fit.gz,test,190.0,3600.0
148,148,4298,2511,FITfiles/2024-07-01/UMICH_20240701_074500_59.fit,2024-07-01 07:45:00,0,0,11232.58203125,http://soleil80.cs.technik.fhnw.ch/solarradio/data/2002-20yy_Callisto/2024/07/01/USA-BOSTON_20240701_114500_01.fit.gz,test,190.0,3600.0
149,149,5316,6119,FITfiles/2024-07-24/Beelink1_20240724_124500_59.fit,2024-07-24 12:45:00,0,0,10047.8642578125,http://soleil80.cs.technik.fhnw.ch/solarradio/data/2002-20yy_Callisto/2024/07/24/ALASKA-HAARP_20240724_164500_63.fit.gz,test,190.0,3600.0
150,150,4696,4756,FITfiles/2024-07-13/Beelink1_20240713_190000_59.fit,2024-07-13 19:00:00,0,0,10031.5087890625,http://soleil80.cs.technik.fhnw.ch/solarradio/data/2002-20yy_Callisto/2024/07/13/USA-BOSTON_20240713_230000_62.fit.gz,train,190.0,3600.0
151,151,7684,6890,FITfiles/2024-09-25/UMICH_20240925_090000_59.fit,2024-09-25 09:00:00,0,0,34959.91796875,http://soleil80.cs.technik.fhnw.ch/solarradio/data/2002-20yy_Callisto/2024/09/25/MEXICO-LANCE-B_20240925_130000_62.fit.gz,train,190.0,3600.0
152,152,6056,4229,FITfiles/2024-08-06/Beelink1_20240806_091500_59.fit,2024-08-06 09:15:00,0,0,10090.8046875,http://soleil80.cs.technik.fhnw.ch/solarradio/data/2002-20yy_Callisto/2024/08/06/MEXICO-LANCE-B_20240806_131500_62.fit.gz,train,190.0,3600.0
153,153,1994,3330,FITfiles/2024-05-21/UMICH_20240521_154500_59.fit,2024-05-21 15:45:00,0,0,10418.4541015625,http://soleil80.cs.technik.fhnw.ch/solarradio/data/2002-20yy_Callisto/2024/05/21/MEXICO-LANCE-B_20240521_194500_62.fit.gz,test,190.0,3600.0
154,154,4945,5185,FITfiles/2024-07-18/Beelink1_20240718_084500_59.fit,2024-07-18 08:45:00,0,0,10109.537109375,http://soleil80.cs.technik.fhnw.ch/solarradio/data/2002-20yy_Callisto/2024/07/18/MEXICO-LANCE-B_20240718_124500_62.fit.gz,train,190.0,3600.0
155,155,8603,1288,FITfiles/2024-10-24/Beelink1_20241024_154500_59.fit,2024-10-24 15:45:00,0,0,34335.42578125,http://soleil80.cs.technik.fhnw.ch/solarradio/data/2002-20yy_Callisto/2024/10/24/ALASKA-HAARP_20241024_194500_63.fit.gz,train,190.0,3600.0
156,156,1592,5978,FITfiles/2024-04-29/Beelink1_20240429_070000_59.fit,2024-04-29 07:00:00,0,0,22312.09375,http://soleil80.cs.technik.fhnw.ch/solarradio/data/2002-20yy_Callisto/2024/04/29/USA-BOSTON_20240429_110000_63.fit.gz,train,190.0,3600.0
157,157,8753,9689,FITfiles/2024-10-27/Beelink1_20241027_094500_59.fit,2024-10-27 09:45:00,0,0,36961.80859375,http://soleil80.cs.technik.fhnw.ch/solarradio/data/2002-20yy_Callisto/2024/10/27/USA-BOSTON_20241027_134500_63.fit.gz,valid,190.0,3600.0
158,158,6464,9349,FITfiles/2024-09-02/UMICH_20240902_063000_59.fit,2024-09-02 06:30:00,0,0,10167.85546875,http://soleil80.cs.technik.fhnw.ch/solarradio/data/2002-20yy_Callisto/2024/09/02/GREENLAND_20240902_103000_63.fit.gz,test,190.0,3600.0
159,159,5081,7613,FITfiles/2024-07-20/Beelink1_20240720_134500_59.fit,2024-07-20 13:45:00,0,0,9989.263671875,http://soleil80.cs.technik.fhnw.ch/solarradio/data/2002-20yy_Callisto/2024/07/20/USA-BOSTON_20240720_174500_01.fit.gz,test,190.0,3600.0
160,160,6879,3989,FITfiles/2024-09-09/UMICH_20240909_084500_59.fit,2024-09-09 08:45:00,0,0,10104.83203125,http://soleil80.cs.technik.fhnw.ch/solarradio/data/2002-20yy_Callisto/2024/09/09/MEXICO-LANCE-A_20240909_124500_63.fit.gz,train,190.0,3600.0
161,161,4854,3488,FITfiles/2024-07-16/Beelink1_20240716_150000_59.fit,2024-07-16 15:00:00,0,0,9962.51953125,http://soleil80.cs.technik.fhnw.ch/solarradio/data/2002-20yy_Callisto/2024/07/16/MEXICO-LANCE-B_20240716_190000_62.fit.gz,train,190.0,3600.0
162,162,8755,9686,FITfiles/2024-10-27/Beelink1_20241027_101500_59.fit,2024-10-27 10:15:00,0,0,37347.71484375,http://soleil80.cs.technik.fhnw.ch/solarradio/data/2002-20yy_Callisto/2024/10/27/USA-BOSTON_20241027_141500_63.fit.gz,valid,190.0,3600.0
163,163,4245,2426,FITfiles/2024-06-29/UMICH_20240629_134500_59.fit,2024-06-29 13:45:00,0,0,10389.72265625,http://soleil80.cs.technik.fhnw.ch/solarradio/data/2002-20yy_Callisto/2024/06/29/MEXART_20240629_174500_59.fit.gz,train,190.0,3600.0
164,164,3576,6981,FITfiles/2024-06-17/UMICH_20240617_204500_59.fit,2024-06-17 20:45:00,0,0,10723.7431640625,http://soleil80.cs.technik.fhnw.ch/solarradio/data/2002-20yy_Callisto/2024/06/18/MEXART_20240618_004500_59.fit.gz,train,190.0,3590.0
165,165,1713,5393,FITfiles/2024-05-01/Beelink1_20240501_081500_59.fit,2024-05-01 08:15:00,0,0,22687.3046875,http://soleil80.cs.technik.fhnw.ch/solarradio/data/2002-20yy_Callisto/2024/05/01/MEXICO-LANCE-B_20240501_121500_62.fit.gz,valid,190.0,3590.0
166,166,2301,7958,FITfiles/2024-05-26/UMICH_20240526_200000_59.fit,2024-05-26 20:00:00,0,0,10965.8037109375,http://soleil80.cs.technik.fhnw.ch/solarradio/data/2002-20yy_Callisto/2024/05/27/USA-BOSTON_20240527_000000_63.fit.gz,train,190.0,3600.0
167,167,8397,734,FITfiles/2024-10-07/UMICH_20241007_131500_59.fit,2024-10-07 13:15:00,0,0,34570.56640625,http://soleil80.cs.technik.fhnw.ch/solarradio/data/2002-20yy_Callisto/2024/10/07/GREENLAND_20241007_171500_63.fit.gz,test,190.0,3600.0
168,168,9721,1424,FITfiles/2024-11-12/Beelink1_20241112_204500_59.fit,2024-11-12 20:45:00,0,0,33611.80078125,http://soleil80.cs.technik.fhnw.ch/solarradio/data/2002-20yy_Callisto/2024/11/13/ALASKA-HAARP_20241113_014500_63.fit.gz,valid,190.0,3590.0
169,169,3776,2153,FITfiles/2024-06-21/UMICH_20240621_123000_59.fit,2024-06-21 12:30:00,0,0,10479.3818359375,http://soleil80.cs.technik.fhnw.ch/solarradio/data/2002-20yy_Callisto/2024/06/21/MEXART_20240621_163000_59.fit.gz,train,190.0,3600.0
170,170,8137,7311,FITfiles/2024-10-02/UMICH_20241002_204500_59.fit,2024-10-02 20:45:00,0,0,36162.875,http://soleil80.cs.technik.fhnw.ch/solarradio/data/2002-20yy_Callisto/2024/10/03/ALASKA-HAARP_20241003_004500_63.fit.gz,train,190.0,3590.0
171,171,6096,4196,FITfiles/2024-08-06/Beelink1_20240806_191500_59.fit,2024-08-06 19:15:00,0,0,10125.7880859375,http://soleil80.cs.technik.fhnw.ch/solarradio/data/2002-20yy_Callisto/2024/08/06/GREENLAND_20240806_231500_63.fit.gz,train,190.0,3600.0
172,172,4017,4633,FITfiles/2024-06-25/UMICH_20240625_144500_59.fit,2024-06-25 14:45:00,0,0,10382.0966796875,http://soleil80.cs.technik.fhnw.ch/solarradio/data/2002-20yy_Callisto/2024/06/25/MEXICO-LANCE-A_20240625_184500_63.fit.gz,train,190.0,3600.0
173,173,1690,6822,FITfiles/2024-04-30/Beelink1_20240430_170000_59.fit,2024-04-30 17:00:00,0,0,21377.888671875,http://soleil80.cs.technik.fhnw.ch/solarradio/data/2002-20yy_Callisto/2024/04/30/USA-BOSTON_20240430_210000_63.fit.gz,test,190.0,3600.0
174,174,39,2388,FITfiles/2024-03-09/Beelink1_20240309_140300_01.fit,2024-03-09 14:03:00,0,0,11663.748046875,http://soleil80.cs.technik.fhnw.ch/solarradio/data/2002-20yy_Callisto/2024/03/09/MEXICO-LANCE-B_20240309_190000_62.fit.gz,test,190.0,3600.0
175,175,4774,5023,FITfiles/2024-07-15/Beelink1_20240715_093000_59.fit,2024-07-15 09:30:00,0,0,10100.8759765625,http://soleil80.cs.technik.fhnw.ch/solarradio/data/2002-20yy_Callisto/2024/07/15/MEXICO-LANCE-B_20240715_133000_62.fit.gz,train,190.0,3600.0
176,176,6771,9051,FITfiles/2024-09-07/UMICH_20240907_104500_59.fit,2024-09-07 10:45:00,0,0,10177.6572265625,http://soleil80.cs.technik.fhnw.ch/solarradio/data/2002-20yy_Callisto/2024/09/07/USA-BOSTON_20240907_144500_63.fit.gz,train,190.0,3600.0
177,177,3,7225,FITfiles/2024-01-20/Beelink1_20240120_130800_01.fit,2024-01-20 13:08:00,0,0,21527.470703125,http://soleil80.cs.technik.fhnw.ch/solarradio/data/2002-20yy_Callisto/2024/01/20/MEXART_20240120_181500_59.fit.gz,test,190.0,1807.0
178,178,8122,7289,FITfiles/2024-10-02/UMICH_20241002_170000_59.fit,2024-10-02 17:00:00,0,0,31461.509765625,http://soleil80.cs.technik.fhnw.ch/solarradio/data/2002-20yy_Callisto/2024/10/02/ALASKA-HAARP_20241002_210000_63.fit.gz,train,190.0,3600.0
179,179,9434,936,FITfiles/2024-11-07/Beelink1_20241107_203000_59.fit,2024-11-07 20:30:00,0,0,37467.62890625,http://soleil80.cs.technik.fhnw.ch/solarradio/data/2002-20yy_Callisto/2024/11/08/ALASKA-HAARP_20241108_013000_63.fit.gz,valid,190.0,3600.0
180,180,4377,8157,FITfiles/2024-07-02/Beelink1_20240702_123000_59.fit,2024-07-02 12:30:00,0,0,10031.9931640625,http://soleil80.cs.technik.fhnw.ch/solarradio/data/2002-20yy_Callisto/2024/07/02/USA-BOSTON_20240702_163000_01.fit.gz,train,190.0,3600.0
181,181,323,3248,FITfiles/2024-03-30/Beelink1_20240330_163000_59.fit,2024-03-30 16:30:00,0,0,11598.7861328125,http://soleil80.cs.technik.fhnw.ch/solarradio/data/2002-20yy_Callisto/2024/03/30/MEXICO-LANCE-B_20240330_203000_62.fit.gz,train,190.0,3600.0
182,182,2364,6772,FITfiles/2024-05-28/UMICH_20240528_064500_59.fit,2024-05-28 06:45:00,0,0,11061.599609375,http://soleil80.cs.technik.fhnw.ch/solarradio/data/2002-20yy_Callisto/2024/05/28/USA-BOSTON_20240528_104500_63.fit.gz,test,190.0,3600.0
183,183,7463,1604,FITfiles/2024-09-21/UMICH_20240921_070000_59.fit,2024-09-21 07:00:00,0,0,13571.8740234375,http://soleil80.cs.technik.fhnw.ch/solarradio/data/2002-20yy_Callisto/2024/09/21/USA-BOSTON_20240921_110000_63.fit.gz,valid,190.0,3600.0
184,184,3269,8882,FITfiles/2024-06-12/UMICH_20240612_163000_59.fit,2024-06-12 16:30:00,0,0,10390.8369140625,http://soleil80.cs.technik.fhnw.ch/solarradio/data/2002-20yy_Callisto/2024/06/12/MEXICO-LANCE-B_20240612_203000_62.fit.gz,test,190.0,3600.0
185,185,8044,7370,FITfiles/2024-10-01/UMICH_20241001_120000_59.fit,2024-10-01 12:00:00,0,0,33984.44140625,http://soleil80.cs.technik.fhnw.ch/solarradio/data/2002-20yy_Callisto/2024/10/01/USA-BOSTON_20241001_160000_63.fit.gz,train,190.0,3600.0
186,186,1343,5969,FITfiles/2024-04-24/Beelink1_20240424_171500_59.fit,2024-04-24 17:15:00,0,0,22411.603515625,http://soleil80.cs.technik.fhnw.ch/solarradio/data/2002-20yy_Callisto/2024/04/24/USA-BOSTON_20240424_211500_63.fit.gz,valid,190.0,3600.0
187,187,3479,5485,FITfiles/2024-06-16/UMICH_20240616_105959_59.fit,2024-06-16 10:59:59,0,0,10735.314453125,http://soleil80.cs.technik.fhnw.ch/solarradio/data/2002-20yy_Callisto/2024/06/16/MEXART_20240616_150000_59.fit.gz,train,190.0,3600.0
188,188,1793,1860,FITfiles/2024-05-15/Beelink1_20240515_153000_59.fit,2024-05-15 15:30:00,0,0,10519.8369140625,http://soleil80.cs.technik.fhnw.ch/solarradio/data/2002-20yy_Callisto/2024/05/15/MEXICO-LANCE-B_20240515_193000_62.fit.gz,valid,190.0,3600.0
189,189,5403,6509,FITfiles/2024-07-25/Beelink1_20240725_200000_59.fit,2024-07-25 20:00:00,0,0,10062.51953125,http://soleil80.cs.technik.fhnw.ch/solarradio/data/2002-20yy_Callisto/2024/07/26/MEXART_20240726_000000_59.fit.gz,train,190.0,3600.0
190,190,6047,4247,FITfiles/2024-08-06/Beelink1_20240806_070000_59.fit,2024-08-06 07:00:00,0,0,10134.1982421875,http://soleil80.cs.technik.fhnw.ch/solarradio/data/2002-20yy_Callisto/2024/08/06/USA-BOSTON_20240806_110000_63.fit.gz,test,190.0,3600.0
191,191,6908,3004,FITfiles/2024-09-09/UMICH_20240909_160000_59.fit,2024-09-09 16:00:00,0,0,9948.703125,http://soleil80.cs.technik.fhnw.ch/solarradio/data/2002-20yy_Callisto/2024/09/09/MEXICO-LANCE-A_20240909_200000_63.fit.gz,test,190.0,3600.0
192,192,6602,8873,FITfiles/2024-09-04/UMICH_20240904_115959_59.fit,2024-09-04 11:59:59,0,0,10118.068359375,http://soleil80.cs.technik.fhnw.ch/solarradio/data/2002-20yy_Callisto/2024/09/04/MEXICO-LANCE-B_20240904_160000_62.fit.gz,train,190.0,3600.0
193,193,8573,1106,FITfiles/2024-10-24/Beelink1_20241024_081500_59.fit,2024-10-24 08:15:00,0,0,35500.4296875,http://soleil80.cs.technik.fhnw.ch/solarradio/data/2002-20yy_Callisto/2024/10/24/USA-BOSTON_20241024_121500_63.fit.gz,train,190.0,3589.0
194,194,4833,3510,FITfiles/2024-07-16/Beelink1_20240716_094500_59.fit,2024-07-16 09:45:00,0,0,10099.361328125,http://soleil80.cs.technik.fhnw.ch/solarradio/data/2002-20yy_Callisto/2024/07/16/MEXICO-LANCE-A_20240716_134500_63.fit.gz,train,190.0,3600.0
195,195,3568,6954,FITfiles/2024-06-17/UMICH_20240617_184500_59.fit,2024-06-17 18:45:00,0,0,10471.0908203125,http://soleil80.cs.technik.fhnw.ch/solarradio/data/2002-20yy_Callisto/2024/06/17/MEXART_20240617_224500_59.fit.gz,train,190.0,3600.0
196,196,5059,7867,FITfiles/2024-07-20/Beelink1_20240720_081500_59.fit,2024-07-20 08:15:00,0,0,10114.546875,http://soleil80.cs.technik.fhnw.ch/solarradio/data/2002-20yy_Callisto/2024/07/20/MEXICO-LANCE-B_20240720_121500_62.fit.gz,valid,190.0,3593.0
197,197,1251,3810,FITfiles/2024-04-23/Beelink1_20240423_084500_59.fit,2024-04-23 08:45:00,0,0,22337.875,http://soleil80.cs.technik.fhnw.ch/solarradio/data/2002-20yy_Callisto/2024/04/23/MEXICO-LANCE-B_20240423_124500_62.fit.gz,train,190.0,3600.0
198,198,1584,7704,FITfiles/2024-04-28/Beelink1_20240428_193000_59.fit,2024-04-28 19:30:00,0,0,22058.599609375,http://soleil80.cs.technik.fhnw.ch/solarradio/data/2002-20yy_Callisto/2024/04/28/USA-BOSTON_20240428_233000_62.fit.gz,valid,190.0,3600.0
199,199,9609,1493,FITfiles/2024-11-11/Beelink1_20241111_071500_59.fit,2024-11-11 07:15:00,0,0,32898.1328125,http://soleil80.cs.technik.fhnw.ch/solarradio/data/2002-20yy_Callisto/2024/11/11/USA-BOSTON_20241111_121500_01.fit.gz,test,190.0,3600.0
200,200,6500,9311,FITfiles/2024-09-02/UMICH_20240902_153000_59.fit,2024-09-02 15:30:00,0,0,9948.5390625,http://soleil80.cs.technik.fhnw.ch/solarradio/data/2002-20yy_Callisto/2024/09/02/MEXICO-LANCE-B_20240902_193000_62.fit.gz,train,190.0,3600.0
201,201,7535,164,FITfiles/2024-09-22/UMICH_20240922_101500_59.fit,2024-09-22 10:15:00,0,0,11234.234375,http://soleil80.cs.technik.fhnw.ch/solarradio/data/2002-20yy_Callisto/2024/09/22/MEXICO-LANCE-A_20240922_141500_63.fit.gz,test,190.0,3600.0
202,202,6627,8528,FITfiles/2024-09-04/UMICH_20240904_181500_59.fit,2024-09-04 18:15:00,0,0,10103.0947265625,http://soleil80.cs.technik.fhnw.ch/solarradio/data/2002-20yy_Callisto/2024/09/04/USA-BOSTON_20240904_221500_63.fit.gz,test,190.0,3592.0
203,203,763,8476,FITfiles/2024-04-14/Beelink1_20240414_171500_59.fit,2024-04-14 17:15:00,0,0,21547.240234375,http://soleil80.cs.technik.fhnw.ch/solarradio/data/2002-20yy_Callisto/2024/04/14/ALASKA-HAARP_20240414_211500_63.fit.gz,valid,190.0,3600.0
204,204,2945,7247,FITfiles/2024-06-07/UMICH_20240607_074500_59.fit,2024-06-07 07:45:00,0,0,10879.1865234375,http://soleil80.cs.technik.fhnw.ch/solarradio/data/2002-20yy_Callisto/2024/06/07/USA-BOSTON_20240607_114500_01.fit.gz,test,190.0,3600.0
205,205,9110,479,FITfiles/2024-11-02/Beelink1_20241102_120000_59.fit,2024-11-02 12:00:00,0,0,33649.8671875,http://soleil80.cs.technik.fhnw.ch/solarradio/data/2002-20yy_Callisto/2024/11/02/USA-BOSTON_20241102_160000_63.fit.gz,train,190.0,3600.0
206,206,1674,6800,FITfiles/2024-04-30/Beelink1_20240430_130000_59.fit,2024-04-30 13:00:00,0,0,22132.962890625,http://soleil80.cs.technik.fhnw.ch/solarradio/data/2002-20yy_Callisto/2024/04/30/USA-BOSTON_20240430_170000_63.fit.gz,test,190.0,3600.0
207,207,4231,2449,FITfiles/2024-06-29/UMICH_20240629_101500_59.fit,2024-06-29 10:15:00,0,0,10841.3916015625,http://soleil80.cs.technik.fhnw.ch/solarradio/data/2002-20yy_Callisto/2024/06/29/MEXICO-LANCE-A_20240629_141500_63.fit.gz,train,190.0,3600.0
208,208,2993,7203,FITfiles/2024-06-07/UMICH_20240607_200000_59.fit,2024-06-07 20:00:00,0,0,10806.4501953125,http://soleil80.cs.technik.fhnw.ch/solarradio/data/2002-20yy_Callisto/2024/06/08/MEXICO-LANCE-A_20240608_000000_63.fit.gz,test,190.0,3600.0
209,209,7437,1118,FITfiles/2024-09-20/UMICH_20240920_150000_59.fit,2024-09-20 15:00:00,0,0,10543.0927734375,http://soleil80.cs.technik.fhnw.ch/solarradio/data/2002-20yy_Callisto/2024/09/20/MEXICO-LANCE-B_20240920_190000_62.fit.gz,train,190.0,3600.0
210,210,3549,6971,FITfiles/2024-06-17/UMICH_20240617_140000_59.fit,2024-06-17 14:00:00,0,0,10335.5654296875,http://soleil80.cs.technik.fhnw.ch/solarradio/data/2002-20yy_Callisto/2024/06/17/USA-BOSTON_20240617_180000_63.fit.gz,train,190.0,3600.0
211,211,1816,4310,FITfiles/2024-05-18/UMICH_20240518_144500_59.fit,2024-05-18 14:45:00,0,0,10482.9423828125,http://soleil80.cs.technik.fhnw.ch/solarradio/data/2002-20yy_Callisto/2024/05/18/MEXICO-LANCE-B_20240518_184500_62.fit.gz,valid,190.0,3600.0
212,212,2597,3604,FITfiles/2024-06-01/UMICH_20240601_115959_59.fit,2024-06-01 11:59:59,0,0,10713.634765625,http://soleil80.cs.technik.fhnw.ch/solarradio/data/2002-20yy_Callisto/2024/06/01/MEXICO-LANCE-B_20240601_155959_62.fit.gz,train,190.0,3600.0
213,213,7054,1477,FITfiles/2024-09-13/UMICH_20240913_204500_59.fit,2024-09-13 20:45:00,0,0,10987.291015625,http://soleil80.cs.technik.fhnw.ch/solarradio/data/2002-20yy_Callisto/2024/09/14/MEXART_20240914_004500_59.fit.gz,train,190.0,3591.0
214,214,8641,33,FITfiles/2024-10-25/Beelink1_20241025_104500_59.fit,2024-10-25 10:45:00,0,0,36610.44140625,http://soleil80.cs.technik.fhnw.ch/solarradio/data/2002-20yy_Callisto/2024/10/25/USA-BOSTON_20241025_144500_63.fit.gz,train,190.0,3600.0
215,215,6233,7900,FITfiles/2024-08-09/Beelink1_20240809_100000_59.fit,2024-08-09 10:00:00,0,0,10086.361328125,http://soleil80.cs.technik.fhnw.ch/solarradio/data/2002-20yy_Callisto/2024/08/09/MEXICO-LANCE-B_20240809_140000_62.fit.gz,valid,190.0,3600.0
216,216,911,7784,FITfiles/2024-04-17/Beelink1_20240417_104500_59.fit,2024-04-17 10:45:00,0,0,22281.822265625,http://soleil80.cs.technik.fhnw.ch/solarradio/data/2002-20yy_Callisto/2024/04/17/ALASKA-HAARP_20240417_144500_63.fit.gz,valid,190.0,3600.0
217,217,1841,2297,FITfiles/2024-05-19/UMICH_20240519_063000_59.fit,2024-05-19 06:30:00,0,0,11810.5439453125,http://soleil80.cs.technik.fhnw.ch/solarradio/data/2002-20yy_Callisto/2024/05/19/USA-BOSTON_20240519_103000_01.fit.gz,train,190.0,3600.0
218,218,8251,8312,FITfiles/2024-10-04/UMICH_20241004_201500_59.fit,2024-10-04 20:15:00,0,0,35963.25390625,http://soleil80.cs.technik.fhnw.ch/solarradio/data/2002-20yy_Callisto/2024/10/05/ALASKA-HAARP_20241005_001500_63.fit.gz,train,190.0,3590.0
219,219,6515,9279,FITfiles/2024-09-02/UMICH_20240902_191500_59.fit,2024-09-02 19:15:00,0,0,10164.232421875,http://soleil80.cs.technik.fhnw.ch/solarradio/data/2002-20yy_Callisto/2024/09/02/MEXART_20240902_231500_59.fit.gz,valid,190.0,3600.0
220,220,6183,4980,FITfiles/2024-08-08/Beelink1_20240808_115959_59.fit,2024-08-08 11:59:59,0,0,9995.279296875,http://soleil80.cs.technik.fhnw.ch/solarradio/data/2002-20yy_Callisto/2024/08/08/MEXICO-LANCE-B_20240808_155959_62.fit.gz,train,190.0,3600.0
221,221,4114,7586,FITfiles/2024-06-27/UMICH_20240627_100000_59.fit,2024-06-27 10:00:00,0,0,10797.7158203125,http://soleil80.cs.technik.fhnw.ch/solarradio/data/2002-20yy_Callisto/2024/06/27/MEXICO-LANCE-B_20240627_140000_62.fit.gz,train,190.0,3600.0
222,222,1121,8350,FITfiles/2024-04-20/Beelink1_20240420_194500_59.fit,2024-04-20 19:45:00,0,0,22537.55078125,http://soleil80.cs.technik.fhnw.ch/solarradio/data/2002-20yy_Callisto/2024/04/20/MEXART_20240420_234500_59.fit.gz,valid,190.0,3600.0
223,223,1774,1881,FITfiles/2024-05-15/Beelink1_20240515_104500_59.fit,2024-05-15 10:45:00,0,0,10980.81640625,http://soleil80.cs.technik.fhnw.ch/solarradio/data/2002-20yy_Callisto/2024/05/15/MEXICO-LANCE-A_20240515_144500_63.fit.gz,train,190.0,3600.0
224,224,2421,4130,FITfiles/2024-05-29/UMICH_20240529_063000_59.fit,2024-05-29 06:30:00,0,0,11296.94921875,http://soleil80.cs.technik.fhnw.ch/solarradio/data/2002-20yy_Callisto/2024/05/29/USA-BOSTON_20240529_103000_63.fit.gz,test,190.0,3600.0
225,225,8585,1219,FITfiles/2024-10-24/Beelink1_20241024_111500_59.fit,2024-10-24 11:15:00,0,0,37125.77734375,http://soleil80.cs.technik.fhnw.ch/solarradio/data/2002-20yy_Callisto/2024/10/24/USA-BOSTON_20241024_151500_63.fit.gz,test,190.0,3600.0
226,226,5486,2611,FITfiles/2024-07-27/Beelink1_20240727_114459_59.fit,2024-07-27 11:44:59,0,0,10072.556640625,http://soleil80.cs.technik.fhnw.ch/solarradio/data/2002-20yy_Callisto/2024/07/27/MEXICO-LANCE-B_20240727_154459_62.fit.gz,test,190.0,3600.0
227,227,2691,7149,FITfiles/2024-06-02/UMICH_20240602_164500_59.fit,2024-06-02 16:45:00,0,0,10782.462890625,http://soleil80.cs.technik.fhnw.ch/solarradio/data/2002-20yy_Callisto/2024/06/02/USA-BOSTON_20240602_204500_63.fit.gz,valid,190.0,3600.0
228,228,6259,7871,FITfiles/2024-08-09/Beelink1_20240809_163000_59.fit,2024-08-09 16:30:00,0,0,9950.21875,http://soleil80.cs.technik.fhnw.ch/solarradio/data/2002-20yy_Callisto/2024/08/09/MEXICO-LANCE-B_20240809_203000_62.fit.gz,test,190.0,3600.0
229,229,1441,6590,FITfiles/2024-04-26/Beelink1_20240426_124500_59.fit,2024-04-26 12:45:00,0,0,22159.658203125,http://soleil80.cs.technik.fhnw.ch/solarradio/data/2002-20yy_Callisto/2024/04/26/USA-BOSTON_20240426_164500_63.fit.gz,train,190.0,3600.0
230,230,7428,1143,FITfiles/2024-09-20/UMICH_20240920_124500_59.fit,2024-09-20 12:45:00,0,0,10696.2177734375,http://soleil80.cs.technik.fhnw.ch/solarradio/data/2002-20yy_Callisto/2024/09/20/USA-BOSTON_20240920_164500_63.fit.gz,test,190.0,3600.0
231,231,5287,8599,FITfiles/2024-07-23/Beelink1_20240723_200000_59.fit,2024-07-23 20:00:00,0,0,10042.0703125,http://soleil80.cs.technik.fhnw.ch/solarradio/data/2002-20yy_Callisto/2024/07/24/MEXICO-LANCE-A_20240724_000000_63.fit.gz,test,190.0,3600.0
232,232,4378,8175,FITfiles/2024-07-02/Beelink1_20240702_124500_59.fit,2024-07-02 12:45:00,0,0,10013.072265625,http://soleil80.cs.technik.fhnw.ch/solarradio/data/2002-20yy_Callisto/2024/07/02/USA-BOSTON_20240702_164500_01.fit.gz,train,190.0,3600.0
233,233,670,4811,FITfiles/2024-04-10/Beelink1_20240410_134500_59.fit,2024-04-10 13:45:00,0,0,22024.275390625,http://soleil80.cs.technik.fhnw.ch/solarradio/data/2002-20yy_Callisto/2024/04/10/USA-BOSTON_20240410_174500_63.fit.gz,train,190.0,3600.0
234,234,9542,291,FITfiles/2024-11-09/Beelink1_20241109_183000_59.fit,2024-11-09 18:30:00,0,0,37534.4609375,http://soleil80.cs.technik.fhnw.ch/solarradio/data/2002-20yy_Callisto/2024/11/09/ALASKA-HAARP_20241109_233000_63.fit.gz,train,190.0,3600.0
235,235,1975,3325,FITfiles/2024-05-21/UMICH_20240521_105959_59.fit,2024-05-21 10:59:59,0,0,10787.2158203125,http://soleil80.cs.technik.fhnw.ch/solarradio/data/2002-20yy_Callisto/2024/05/21/MEXICO-LANCE-B_20240521_145959_62.fit.gz,train,190.0,3600.0
236,236,3842,2203,FITfiles/2024-06-22/UMICH_20240622_143000_59.fit,2024-06-22 14:30:00,0,0,10304.28125,http://soleil80.cs.technik.fhnw.ch/solarradio/data/2002-20yy_Callisto/2024/06/22/MEXICO-LANCE-B_20240622_183000_62.fit.gz,test,190.0,3600.0
237,237,418,5447,FITfiles/2024-04-06/Beelink1_20240406_081500_59.fit,2024-04-06 08:15:00,0,0,11676.5009765625,http://soleil80.cs.technik.fhnw.ch/solarradio/data/2002-20yy_Callisto/2024/04/06/MEXICO-LANCE-B_20240406_121500_62.fit.gz,test,190.0,3593.0
238,238,6199,4950,FITfiles/2024-08-08/Beelink1_20240808_160000_59.fit,2024-08-08 16:00:00,0,0,9927.025390625,http://soleil80.cs.technik.fhnw.ch/solarradio/data/2002-20yy_Callisto/2024/08/08/MEXICO-LANCE-B_20240808_200000_62.fit.gz,train,190.0,3600.0
239,239,5108,7590,FITfiles/2024-07-20/Beelink1_20240720_203000_59.fit,2024-07-20 20:30:00,0,0,10079.7373046875,http://soleil80.cs.technik.fhnw.ch/solarradio/data/2002-20yy_Callisto/2024/07/21/ALASKA-HAARP_20240721_003000_63.fit.gz,test,190.0,3600.0
240,240,7563,274,FITfiles/2024-09-22/UMICH_20240922_173000_59.fit,2024-09-22 17:30:00,0,0,35331.66015625,http://soleil80.cs.technik.fhnw.ch/solarradio/data/2002-20yy_Callisto/2024/09/22/GREENLAND_20240922_213000_63.fit.gz,train,190.0,3600.0
241,241,4276,7976,FITfiles/2024-06-30/UMICH_20240630_164500_59.fit,2024-06-30 16:45:00,0,0,10388.84765625,http://soleil80.cs.technik.fhnw.ch/solarradio/data/2002-20yy_Callisto/2024/06/30/MEXICO-LANCE-A_20240630_204500_63.fit.gz,test,190.0,3600.0
242,242,3422,1946,FITfiles/2024-06-15/UMICH_20240615_111459_59.fit,2024-06-15 11:14:59,0,0,10761.60546875,http://soleil80.cs.technik.fhnw.ch/solarradio/data/2002-20yy_Callisto/2024/06/15/MEXICO-LANCE-B_20240615_151459_62.fit.gz,test,190.0,3600.0
243,243,8962,9638,FITfiles/2024-10-30/Beelink1_20241030_183000_59.fit,2024-10-30 18:30:00,0,0,36709.31640625,http://soleil80.cs.technik.fhnw.ch/solarradio/data/2002-20yy_Callisto/2024/10/30/GREENLAND_20241030_223000_63.fit.gz,train,190.0,3600.0
244,244,6933,8584,FITfiles/2024-09-10/UMICH_20240910_074500_59.fit,2024-09-10 07:45:00,0,0,10120.3046875,http://soleil80.cs.technik.fhnw.ch/solarradio/data/2002-20yy_Callisto/2024/09/10/USA-BOSTON_20240910_114500_01.fit.gz,valid,190.0,3600.0
245,245,2425,4103,FITfiles/2024-05-29/UMICH_20240529_071500_59(1).fit,2024-05-29 07:15:00,0,0,11230.478515625,http://soleil80.cs.technik.fhnw.ch/solarradio/data/2002-20yy_Callisto/2024/05/29/USA-BOSTON_20240529_111500_63.fit.gz,test,190.0,3600.0
246,246,6731,9387,FITfiles/2024-09-06/UMICH_20240906_151500_59.fit,2024-09-06 15:15:00,0,0,10075.099609375,http://soleil80.cs.technik.fhnw.ch/solarradio/data/2002-20yy_Callisto/2024/09/06/MEXICO-LANCE-B_20240906_191500_62.fit.gz,train,190.0,3600.0
247,247,1859,2288,FITfiles/2024-05-19/UMICH_20240519_110000_59.fit,2024-05-19 11:00:00,0,0,10754.724609375,http://soleil80.cs.technik.fhnw.ch/solarradio/data/2002-20yy_Callisto/2024/05/19/MEXICO-LANCE-B_20240519_150000_62.fit.gz,train,190.0,3600.0
248,248,4584,2835,FITfiles/2024-07-05/Beelink1_20240705_204500_59.fit,2024-07-05 20:45:00,0,0,10133.8671875,http://soleil80.cs.technik.fhnw.ch/solarradio/data/2002-20yy_Callisto/2024/07/06/ALASKA-HAARP_20240706_004500_63.fit.gz,train,190.0,3591.0
249,249,6465,9354,FITfiles/2024-09-02/UMICH_20240902_064500_59.fit,2024-09-02 06:45:00,0,0,10169.154296875,http://soleil80.cs.technik.fhnw.ch/solarradio/data/2002-20yy_Callisto/2024/09/02/GREENLAND_20240902_104500_63.fit.gz,train,190.0,3600.0
250,250,7885,5257,FITfiles/2024-09-28/UMICH_20240928_154500_59.fit,2024-09-28 15:45:00,0,0,35406.63671875,http://soleil80.cs.technik.fhnw.ch/solarradio/data/2002-20yy_Callisto/2024/09/28/MEXICO-LANCE-B_20240928_194500_62.fit.gz,valid,190.0,3600.0
251,251,2061,4649,FITfiles/2024-05-22/UMICH_20240522_180000_59.fit,2024-05-22 18:00:00,0,0,10559.0986328125,http://soleil80.cs.technik.fhnw.ch/solarradio/data/2002-20yy_Callisto/2024/05/22/USA-BOSTON_20240522_220000_63.fit.gz,train,190.0,3600.0
252,252,784,4437,FITfiles/2024-04-15/Beelink1_20240415_080000_59.fit,2024-04-15 08:00:00,0,0,23236.310546875,http://soleil80.cs.technik.fhnw.ch/solarradio/data/2002-20yy_Callisto/2024/04/15/MEXICO-LANCE-B_20240415_120000_62.fit.gz,train,190.0,3600.0
253,253,7333,308,FITfiles/2024-09-18/UMICH_20240918_180000_59.fit,2024-09-18 18:00:00,0,0,10497.3544921875,http://soleil80.cs.technik.fhnw.ch/solarradio/data/2002-20yy_Callisto/2024/09/18/USA-BOSTON_20240918_220000_63.fit.gz,test,190.0,3600.0
254,254,3420,1953,FITfiles/2024-06-15/UMICH_20240615_104459_59.fit,2024-06-15 10:44:59,0,0,10796.208984375,http://soleil80.cs.technik.fhnw.ch/solarradio/data/2002-20yy_Callisto/2024/06/15/MEXICO-LANCE-B_20240615_144459_62.fit.gz,train,190.0,3600.0
255,255,8736,1466,FITfiles/2024-10-26/Beelink1_20241026_200000_59.fit,2024-10-26 20:00:00,0,0,37336.3359375,http://soleil80.cs.technik.fhnw.ch/solarradio/data/2002-20yy_Callisto/2024/10/27/ALASKA-HAARP_20241027_000000_63.fit.gz,test,190.0,3600.0
256,256,4990,4376,FITfiles/2024-07-18/Beelink1_20240718_200000_59.fit,2024-07-18 20:00:00,0,0,10103.0810546875,http://soleil80.cs.technik.fhnw.ch/solarradio/data/2002-20yy_Callisto/2024/07/19/ALASKA-HAARP_20240719_000000_63.fit.gz,valid,190.0,3600.0
257,257,8866,619,FITfiles/2024-10-29/Beelink1_20241029_090000_59.fit,2024-10-29 09:00:00,0,0,36792.1875,http://soleil80.cs.technik.fhnw.ch/solarradio/data/2002-20yy_Callisto/2024/10/29/USA-BOSTON_20241029_130000_63.fit.gz,test,190.0,3600.0
258,258,4084,2782,FITfiles/2024-06-26/UMICH_20240626_170000_59.fit,2024-06-26 17:00:00,0,0,10635.404296875,http://soleil80.cs.technik.fhnw.ch/solarradio/data/2002-20yy_Callisto/2024/06/26/MEXART_20240626_210000_59.fit.gz,train,190.0,3600.0
259,259,3305,8013,FITfiles/2024-06-13/UMICH_20240613_105959_59.fit,2024-06-13 10:59:59,0,0,10741.3583984375,http://soleil80.cs.technik.fhnw.ch/solarradio/data/2002-20yy_Callisto/2024/06/13/MEXICO-LANCE-B_20240613_145959_62.fit.gz,train,190.0,3600.0
260,260,2998,2086,FITfiles/2024-06-08/UMICH_20240608_064500_59.fit,2024-06-08 06:45:00,0,0,11045.8564453125,http://soleil80.cs.technik.fhnw.ch/solarradio/data/2002-20yy_Callisto/2024/06/08/USA-BOSTON_20240608_104500_63.fit.gz,train,190.0,3600.0
261,261,2366,6779,FITfiles/2024-05-28/UMICH_20240528_071500_59.fit,2024-05-28 07:15:00,0,0,10950.7236328125,http://soleil80.cs.technik.fhnw.ch/solarradio/data/2002-20yy_Callisto/2024/05/28/USA-BOSTON_20240528_111500_63.fit.gz,train,190.0,3600.0
262,262,7548,199,FITfiles/2024-09-22/UMICH_20240922_133450_01.fit,2024-09-22 13:34:50,0,0,10716.3857421875,http://soleil80.cs.technik.fhnw.ch/solarradio/data/2002-20yy_Callisto/2024/09/22/USA-BOSTON_20240922_173000_63.fit.gz,train,190.0,924.0
263,263,6291,9175,FITfiles/2024-08-10/Beelink1_20240810_100000_59.fit,2024-08-10 10:00:00,0,0,10088.2294921875,http://soleil80.cs.technik.fhnw.ch/solarradio/data/2002-20yy_Callisto/2024/08/10/MEXICO-LANCE-B_20240810_140000_62.fit.gz,test,190.0,3600.0
264,264,6015,4157,FITfiles/2024-08-05/Beelink1_20240805_133000_59.fit,2024-08-05 13:30:00,0,0,9984.875,http://soleil80.cs.technik.fhnw.ch/solarradio/data/2002-20yy_Callisto/2024/08/05/USA-BOSTON_20240805_173000_01.fit.gz,train,190.0,3600.0
265,265,980,7495,FITfiles/2024-04-18/Beelink1_20240418_133000_59.fit,2024-04-18 13:30:00,0,0,22262.103515625,http://soleil80.cs.technik.fhnw.ch/solarradio/data/2002-20yy_Callisto/2024/04/18/USA-BOSTON_20240418_173000_63.fit.gz,train,190.0,3600.0
266,266,5797,8203,FITfiles/2024-08-01/Beelink1_20240801_170000_59.fit,2024-08-01 17:00:00,0,0,9985.5849609375,http://soleil80.cs.technik.fhnw.ch/solarradio/data/2002-20yy_Callisto/2024/08/01/MEXICO-LANCE-A_20240801_210000_63.fit.gz,train,190.0,3600.0
267,267,2753,1986,FITfiles/2024-06-03/UMICH_20240603_174500_59.fit,2024-06-03 17:45:00,0,0,10447.5791015625,http://soleil80.cs.technik.fhnw.ch/solarradio/data/2002-20yy_Callisto/2024/06/03/USA-BOSTON_20240603_214500_63.fit.gz,train,190.0,3600.0
268,268,7173,1291,FITfiles/2024-09-16/UMICH_20240916_070000_59.fit,2024-09-16 07:00:00,0,0,11500.6572265625,http://soleil80.cs.technik.fhnw.ch/solarradio/data/2002-20yy_Callisto/2024/09/16/USA-BOSTON_20240916_110000_63.fit.gz,valid,190.0,3600.0
269,269,6043,4102,FITfiles/2024-08-05/Beelink1_20240805_203000_59.fit,2024-08-05 20:30:00,0,0,10066.341796875,http://soleil80.cs.technik.fhnw.ch/solarradio/data/2002-20yy_Callisto/2024/08/06/ALASKA-HAARP_20240806_003000_63.fit.gz,train,190.0,3600.0
270,270,2820,7667,FITfiles/2024-06-04/UMICH_20240604_200000_59.fit,2024-06-04 20:00:00,0,0,10667.2314453125,http://soleil80.cs.technik.fhnw.ch/solarradio/data/2002-20yy_Callisto/2024/06/05/USA-BOSTON_20240605_000000_63.fit.gz,train,190.0,3600.0
271,271,6562,9203,FITfiles/2024-09-03/UMICH_20240903_163000_59.fit,2024-09-03 16:30:00,0,0,9931.3828125,http://soleil80.cs.technik.fhnw.ch/solarradio/data/2002-20yy_Callisto/2024/09/03/USA-BOSTON_20240903_203000_63.fit.gz,train,190.0,3600.0
272,272,4474,6486,FITfiles/2024-07-04/Beelink1_20240704_074500_59.fit,2024-07-04 07:45:00,0,0,10143.7998046875,http://soleil80.cs.technik.fhnw.ch/solarradio/data/2002-20yy_Callisto/2024/07/04/USA-BOSTON_20240704_114500_01.fit.gz,train,190.0,3600.0
273,273,7510,1486,FITfiles/2024-09-21/UMICH_20240921_184500_59.fit,2024-09-21 18:45:00,0,0,10655.4892578125,http://soleil80.cs.technik.fhnw.ch/solarradio/data/2002-20yy_Callisto/2024/09/21/GREENLAND_20240921_224500_63.fit.gz,test,190.0,3600.0
274,274,5769,8240,FITfiles/2024-08-01/Beelink1_20240801_100000_59.fit,2024-08-01 10:00:00,0,0,10059.712890625,http://soleil80.cs.technik.fhnw.ch/solarradio/data/2002-20yy_Callisto/2024/08/01/MEXICO-LANCE-B_20240801_140000_62.fit.gz,train,190.0,3600.0
275,275,9074,234,FITfiles/2024-11-01/Beelink1_20241101_173000_59.fit,2024-11-01 17:30:00,0,0,38056.28125,http://soleil80.cs.technik.fhnw.ch/solarradio/data/2002-20yy_Callisto/2024/11/01/ALASKA-HAARP_20241101_213000_63.fit.gz,test,190.0,3600.0
276,276,6890,3179,FITfiles/2024-09-09/UMICH_20240909_112959_59.fit,2024-09-09 11:29:59,0,0,10100.7666015625,http://soleil80.cs.technik.fhnw.ch/solarradio/data/2002-20yy_Callisto/2024/09/09/MEXICO-LANCE-B_20240909_152959_62.fit.gz,train,190.0,3600.0
277,277,6251,7877,FITfiles/2024-08-09/Beelink1_20240809_143000_59.fit,2024-08-09 14:30:00,0,0,9941.626953125,http://soleil80.cs.technik.fhnw.ch/solarradio/data/2002-20yy_Callisto/2024/08/09/MEXICO-LANCE-B_20240809_183000_62.fit.gz,train,190.0,3600.0
278,278,9426,915,FITfiles/2024-11-07/Beelink1_20241107_183000_59.fit,2024-11-07 18:30:00,0,0,37797.8984375,http://soleil80.cs.technik.fhnw.ch/solarradio/data/2002-20yy_Callisto/2024/11/07/GREENLAND_20241107_233000_63.fit.gz,test,190.0,3600.0
279,279,6754,9093,FITfiles/2024-09-07/UMICH_20240907_063000_59.fit,2024-09-07 06:30:00,0,0,10126.2802734375,http://soleil80.cs.technik.fhnw.ch/solarradio/data/2002-20yy_Callisto/2024/09/07/USA-BOSTON_20240907_103000_01.fit.gz,train,190.0,3600.0
280,280,9468,1400,FITfiles/2024-11-08/Beelink1_20241108_143000_59.fit,2024-11-08 14:30:00,0,0,35138.7890625,http://soleil80.cs.technik.fhnw.ch/solarradio/data/2002-20yy_Callisto/2024/11/08/GREENLAND_20241108_193000_63.fit.gz,train,190.0,3600.0
281,281,1187,3428,FITfiles/2024-04-22/Beelink1_20240422_071500_59.fit,2024-04-22 07:15:00,0,0,22835.091796875,http://soleil80.cs.technik.fhnw.ch/solarradio/data/2002-20yy_Callisto/2024/04/22/USA-BOSTON_20240422_111500_63.fit.gz,train,190.0,3600.0
282,282,3082,8846,FITfiles/2024-06-09/UMICH_20240609_131500_59.fit,2024-06-09 13:15:00,0,0,10533.6689453125,http://soleil80.cs.technik.fhnw.ch/solarradio/data/2002-20yy_Callisto/2024/06/09/USA-BOSTON_20240609_171500_01.fit.gz,train,190.0,3600.0
283,283,4591,5754,FITfiles/2024-07-06/Beelink1_20240706_080000_59.fit,2024-07-06 08:00:00,0,0,10138.4970703125,http://soleil80.cs.technik.fhnw.ch/solarradio/data/2002-20yy_Callisto/2024/07/06/MEXICO-LANCE-B_20240706_120000_62.fit.gz,test,190.0,3600.0
284,284,9104,450,FITfiles/2024-11-02/Beelink1_20241102_103000_59.fit,2024-11-02 10:30:00,0,0,35642.05078125,http://soleil80.cs.technik.fhnw.ch/solarradio/data/2002-20yy_Callisto/2024/11/02/USA-BOSTON_20241102_143000_63.fit.gz,train,190.0,3600.0
285,285,4631,5724,FITfiles/2024-07-06/Beelink1_20240706_180000_59.fit,2024-07-06 18:00:00,0,0,10012.3818359375,http://soleil80.cs.technik.fhnw.ch/solarradio/data/2002-20yy_Callisto/2024/07/06/USA-BOSTON_20240706_220000_63.fit.gz,train,190.0,3600.0
286,286,9044,111,FITfiles/2024-11-01/Beelink1_20241101_100000_59.fit,2024-11-01 10:00:00,0,0,36378.7890625,http://soleil80.cs.technik.fhnw.ch/solarradio/data/2002-20yy_Callisto/2024/11/01/USA-BOSTON_20241101_140000_63.fit.gz,train,190.0,3600.0
287,287,7507,1494,FITfiles/2024-09-21/UMICH_20240921_180000_59.fit,2024-09-21 18:00:00,0,0,10468.2900390625,http://soleil80.cs.technik.fhnw.ch/solarradio/data/2002-20yy_Callisto/2024/09/21/GREENLAND_20240921_220000_63.fit.gz,test,190.0,3600.0
288,288,4916,5899,FITfiles/2024-07-17/Beelink1_20240717_160000_59.fit,2024-07-17 16:00:00,0,0,9970.9404296875,http://soleil80.cs.technik.fhnw.ch/solarradio/data/2002-20yy_Callisto/2024/07/17/MEXICO-LANCE-B_20240717_200000_62.fit.gz,valid,190.0,3600.0
289,289,7462,1602,FITfiles/2024-09-21/UMICH_20240921_064500_59.fit,2024-09-21 06:45:00,0,0,13703.5185546875,http://soleil80.cs.technik.fhnw.ch/solarradio/data/2002-20yy_Callisto/2024/09/21/USA-BOSTON_20240921_104500_63.fit.gz,test,190.0,3600.0
290,290,5881,4789,FITfiles/2024-08-03/Beelink1_20240803_090000_59.fit,2024-08-03 09:00:00,0,0,10086.9033203125,http://soleil80.cs.technik.fhnw.ch/solarradio/data/2002-20yy_Callisto/2024/08/03/MEXICO-LANCE-B_20240803_130000_62.fit.gz,train,190.0,3600.0
291,291,1364,6310,FITfiles/2024-04-25/Beelink1_20240425_080000_59.fit,2024-04-25 08:00:00,0,0,23156.205078125,http://soleil80.cs.technik.fhnw.ch/solarradio/data/2002-20yy_Callisto/2024/04/25/MEXICO-LANCE-B_20240425_120000_62.fit.gz,train,190.0,3600.0
292,292,588,5559,FITfiles/2024-04-09/Beelink1_20240409_074500_59.fit,2024-04-09 07:45:00,0,0,23888.318359375,http://soleil80.cs.technik.fhnw.ch/solarradio/data/2002-20yy_Callisto/2024/04/09/USA-BOSTON_20240409_114500_63.fit.gz,train,190.0,3600.0
293,293,5662,3893,FITfiles/2024-07-30/Beelink1_20240730_121459_59.fit,2024-07-30 12:14:59,0,0,10014.326171875,http://soleil80.cs.technik.fhnw.ch/solarradio/data/2002-20yy_Callisto/2024/07/30/MEXICO-LANCE-B_20240730_161459_62.fit.gz,test,190.0,3595.0
294,294,9558,613,FITfiles/2024-11-10/Beelink1_20241110_080000_59.fit,2024-11-10 08:00:00,0,0,36626.73828125,http://soleil80.cs.technik.fhnw.ch/solarradio/data/2002-20yy_Callisto/2024/11/10/USA-BOSTON_20241110_130000_01.fit.gz,train,190.0,3600.0
295,295,4912,5919,FITfiles/2024-07-17/Beelink1_20240717_150000_59.fit,2024-07-17 15:00:00,0,0,9994.759765625,http://soleil80.cs.technik.fhnw.ch/solarradio/data/2002-20yy_Callisto/2024/07/17/MEXICO-LANCE-B_20240717_190000_62.fit.gz,test,190.0,3600.0
296,296,3779,2148,FITfiles/2024-06-21/UMICH_20240621_131500_59.fit,2024-06-21 13:15:00,0,0,10386.69140625,http://soleil80.cs.technik.fhnw.ch/solarradio/data/2002-20yy_Callisto/2024/06/21/MEXART_20240621_171500_59.fit.gz,test,190.0,3600.0
297,297,14,4469,FITfiles/2024-01-21/Beelink1_20240121_180100_01.fit,2024-01-21 18:01:00,0,0,21511.35546875,http://soleil80.cs.technik.fhnw.ch/solarradio/data/2002-20yy_Callisto/2024/01/21/ALASKA-HAARP_20240121_230000_63.fit.gz,train,190.0,298.0
298,298,1610,5936,FITfiles/2024-04-29/Beelink1_20240429_113000_59.fit,2024-04-29 11:30:00,0,0,21931.65234375,http://soleil80.cs.technik.fhnw.ch/solarradio/data/2002-20yy_Callisto/2024/04/29/USA-BOSTON_20240429_153000_01.fit.gz,valid,190.0,3600.0
299,299,5385,6533,FITfiles/2024-07-25/Beelink1_20240725_153000_59.fit,2024-07-25 15:30:00,0,0,9945.3359375,http://soleil80.cs.technik.fhnw.ch/solarradio/data/2002-20yy_Callisto/2024/07/25/MEXICO-LANCE-B_20240725_193000_62.fit.gz,train,190.0,3600.0
300,300,8936,9604,FITfiles/2024-10-30/Beelink1_20241030_120000_59.fit,2024-10-30 12:00:00,0,0,35943.296875,http://soleil80.cs.technik.fhnw.ch/solarradio/data/2002-20yy_Callisto/2024/10/30/USA-BOSTON_20241030_160000_63.fit.gz,valid,190.0,3600.0
301,301,4895,5920,FITfiles/2024-07-17/Beelink1_20240717_104500_59.fit,2024-07-17 10:45:00,0,0,10076.857421875,http://soleil80.cs.technik.fhnw.ch/solarradio/data/2002-20yy_Callisto/2024/07/17/MEXICO-LANCE-A_20240717_144500_63.fit.gz,train,190.0,3600.0
302,302,2456,4078,FITfiles/2024-05-29/UMICH_20240529_150000_59.fit,2024-05-29 15:00:00,0,0,10541.82421875,http://soleil80.cs.technik.fhnw.ch/solarradio/data/2002-20yy_Callisto/2024/05/29/MEXICO-LANCE-B_20240529_190000_62.fit.gz,test,190.0,3600.0
303,303,7676,6872,FITfiles/2024-09-25/UMICH_20240925_070000_59.fit,2024-09-25 07:00:00,0,0,34543.88671875,http://soleil80.cs.technik.fhnw.ch/solarradio/data/2002-20yy_Callisto/2024/09/25/USA-BOSTON_20240925_110000_63.fit.gz,valid,190.0,3600.0
304,304,7766,8807,FITfiles/2024-09-26/UMICH_20240926_150000_59.fit,2024-09-26 15:00:00,0,0,34490.37890625,http://soleil80.cs.technik.fhnw.ch/solarradio/data/2002-20yy_Callisto/2024/09/26/MEXICO-LANCE-B_20240926_190000_62.fit.gz,valid,190.0,3600.0
305,305,4554,2879,FITfiles/2024-07-05/Beelink1_20240705_131500_59.fit,2024-07-05 13:15:00,0,0,10126.2412109375,http://soleil80.cs.technik.fhnw.ch/solarradio/data/2002-20yy_Callisto/2024/07/05/USA-BOSTON_20240705_171500_01.fit.gz,train,190.0,3600.0
306,306,4520,6457,FITfiles/2024-07-04/Beelink1_20240704_191500_59.fit,2024-07-04 19:15:00,0,0,10107.8447265625,http://soleil80.cs.technik.fhnw.ch/solarradio/data/2002-20yy_Callisto/2024/07/04/MEXART_20240704_231500_59.fit.gz,valid,190.0,3600.0
307,307,8803,439,FITfiles/2024-10-28/Beelink1_20241028_074500_59.fit,2024-10-28 07:45:00,0,0,36692.625,http://soleil80.cs.technik.fhnw.ch/solarradio/data/2002-20yy_Callisto/2024/10/28/USA-BOSTON_20241028_114500_63.fit.gz,valid,190.0,3600.0
308,308,9505,260,FITfiles/2024-11-09/Beelink1_20241109_091500_59.fit,2024-11-09 09:15:00,0,0,36820.515625,http://soleil80.cs.technik.fhnw.ch/solarradio/data/2002-20yy_Callisto/2024/11/09/GREENLAND_20241109_141500_63.fit.gz,train,190.0,3600.0
309,309,5925,4764,FITfiles/2024-08-03/Beelink1_20240803_200000_59.fit,2024-08-03 20:00:00,0,0,10060.9931640625,http://soleil80.cs.technik.fhnw.ch/solarradio/data/2002-20yy_Callisto/2024/08/04/MEXART_20240804_000000_59.fit.gz,train,190.0,3600.0
310,310,7308,338,FITfiles/2024-09-18/UMICH_20240918_114459_59.fit,2024-09-18 11:44:59,0,0,10724.41796875,http://soleil80.cs.technik.fhnw.ch/solarradio/data/2002-20yy_Callisto/2024/09/18/MEXICO-LANCE-B_20240918_154500_62.fit.gz,test,190.0,3600.0
311,311,5279,8602,FITfiles/2024-07-23/Beelink1_20240723_180000_59.fit,2024-07-23 18:00:00,0,0,9972.03125,http://soleil80.cs.technik.fhnw.ch/solarradio/data/2002-20yy_Callisto/2024/07/23/MEXICO-LANCE-A_20240723_220000_63.fit.gz,valid,190.0,3600.0
312,312,9348,9102,FITfiles/2024-11-06/Beelink1_20241106_133000_59.fit,2024-11-06 13:30:00,0,0,35697.47265625,http://soleil80.cs.technik.fhnw.ch/solarradio/data/2002-20yy_Callisto/2024/11/06/ALASKA-HAARP_20241106_183000_63.fit.gz,train,190.0,3600.0
313,313,3930,4043,FITfiles/2024-06-24/UMICH_20240624_073000_59.fit,2024-06-24 07:30:00,0,0,11119.2470703125,http://soleil80.cs.technik.fhnw.ch/solarradio/data/2002-20yy_Callisto/2024/06/24/USA-BOSTON_20240624_113000_01.fit.gz,train,190.0,3600.0
314,314,485,3045,FITfiles/2024-04-07/Beelink1_20240407_110000_59.fit,2024-04-07 11:00:00,0,0,22314.857421875,http://soleil80.cs.technik.fhnw.ch/solarradio/data/2002-20yy_Callisto/2024/04/07/MEXART_20240407_150000_59.fit.gz,train,190.0,3600.0
315,315,7587,7336,FITfiles/2024-09-23/UMICH_20240923_134500_59.fit,2024-09-23 13:45:00,0,0,35082.96484375,http://soleil80.cs.technik.fhnw.ch/solarradio/data/2002-20yy_Callisto/2024/09/23/USA-BOSTON_20240923_174500_63.fit.gz,train,190.0,3600.0
316,316,6941,8468,FITfiles/2024-09-10/UMICH_20240910_094500_59.fit,2024-09-10 09:45:00,0,0,10116.990234375,http://soleil80.cs.technik.fhnw.ch/solarradio/data/2002-20yy_Callisto/2024/09/10/USA-BOSTON_20240910_134500_63.fit.gz,train,190.0,3600.0
317,317,3977,4011,FITfiles/2024-06-24/UMICH_20240624_191500_59.fit,2024-06-24 19:15:00,0,0,10574.36328125,http://soleil80.cs.technik.fhnw.ch/solarradio/data/2002-20yy_Callisto/2024/06/24/MEXART_20240624_231500_59.fit.gz,train,190.0,3600.0
318,318,4813,4983,FITfiles/2024-07-15/Beelink1_20240715_191500_59.fit,2024-07-15 19:15:00,0,0,10028.966796875,http://soleil80.cs.technik.fhnw.ch/solarradio/data/2002-20yy_Callisto/2024/07/15/USA-BOSTON_20240715_231500_63.fit.gz,train,190.0,3600.0
319,319,9680,1289,FITfiles/2024-11-12/Beelink1_20241112_103000_59.fit,2024-11-12 10:30:00,0,0,34355.03125,http://soleil80.cs.technik.fhnw.ch/solarradio/data/2002-20yy_Callisto/2024/11/12/GREENLAND_20241112_153000_63.fit.gz,valid,190.0,3600.0
320,320,3463,5492,FITfiles/2024-06-16/UMICH_20240616_070000_59.fit,2024-06-16 07:00:00,0,0,11225.6083984375,http://soleil80.cs.technik.fhnw.ch/solarradio/data/2002-20yy_Callisto/2024/06/16/USA-BOSTON_20240616_110000_63.fit.gz,train,190.0,3600.0
321,321,5886,4343,FITfiles/2024-08-03/Beelink1_20240803_101500_59.fit,2024-08-03 10:15:00,0,0,10073.4423828125,http://soleil80.cs.technik.fhnw.ch/solarradio/data/2002-20yy_Callisto/2024/08/03/MEXICO-LANCE-B_20240803_141500_62.fit.gz,train,190.0,3600.0
322,322,1239,3353,FITfiles/2024-04-22/Beelink1_20240422_201500_59.fit,2024-04-22 20:15:00,0,0,22358.720703125,http://soleil80.cs.technik.fhnw.ch/solarradio/data/2002-20yy_Callisto/2024/04/23/ALASKA-HAARP_20240423_001500_63.fit.gz,train,190.0,3590.0
323,323,1104,8328,FITfiles/2024-04-20/Beelink1_20240420_153000_59.fit,2024-04-20 15:30:00,0,0,22486.267578125,http://soleil80.cs.technik.fhnw.ch/solarradio/data/2002-20yy_Callisto/2024/04/20/MEXICO-LANCE-B_20240420_193000_62.fit.gz,train,190.0,3600.0
324,324,6959,7316,FITfiles/2024-09-10/UMICH_20240910_141500_59.fit,2024-09-10 14:15:00,0,0,10048.552734375,http://soleil80.cs.technik.fhnw.ch/solarradio/data/2002-20yy_Callisto/2024/09/10/USA-BOSTON_20240910_181500_63.fit.gz,train,190.0,3593.0
325,325,4610,5729,FITfiles/2024-07-06/Beelink1_20240706_124500_59.fit,2024-07-06 12:45:00,0,0,10116.3720703125,http://soleil80.cs.technik.fhnw.ch/solarradio/data/2002-20yy_Callisto/2024/07/06/USA-BOSTON_20240706_164500_01.fit.gz,train,190.0,3600.0
326,326,1780,1875,FITfiles/2024-05-15/Beelink1_20240515_121459_59.fit,2024-05-15 12:14:59,0,0,10851.716796875,http://soleil80.cs.technik.fhnw.ch/solarradio/data/2002-20yy_Callisto/2024/05/15/MEXICO-LANCE-B_20240515_161459_62.fit.gz,train,190.0,3594.0
327,327,7440,1089,FITfiles/2024-09-20/UMICH_20240920_154500_59.fit,2024-09-20 15:45:00,0,0,10621.8857421875,http://soleil80.cs.technik.fhnw.ch/solarradio/data/2002-20yy_Callisto/2024/09/20/MEXICO-LANCE-B_20240920_194500_62.fit.gz,test,190.0,3600.0
328,328,4623,5728,FITfiles/2024-07-06/Beelink1_20240706_160000_59.fit,2024-07-06 16:00:00,0,0,9993.8779296875,http://soleil80.cs.technik.fhnw.ch/solarradio/data/2002-20yy_Callisto/2024/07/06/MEXICO-LANCE-B_20240706_200000_62.fit.gz,train,190.0,3600.0
329,329,5967,2911,FITfiles/2024-08-04/Beelink1_20240804_160000_59.fit,2024-08-04 16:00:00,0,0,9932.947265625,http://soleil80.cs.technik.fhnw.ch/solarradio/data/2002-20yy_Callisto/2024/08/04/MEXICO-LANCE-B_20240804_200000_62.fit.gz,valid,190.0,3600.0
330,330,5597,6703,FITfiles/2024-07-29/Beelink1_20240729_103000_59.fit,2024-07-29 10:30:00,0,0,10041.830078125,http://soleil80.cs.technik.fhnw.ch/solarradio/data/2002-20yy_Callisto/2024/07/29/MEXART_20240729_143000_59.fit.gz,train,190.0,3600.0
331,331,4071,2798,FITfiles/2024-06-26/UMICH_20240626_134500_59.fit,2024-06-26 13:45:00,0,0,10758.6806640625,http://soleil80.cs.technik.fhnw.ch/solarradio/data/2002-20yy_Callisto/2024/06/26/MEXART_20240626_174500_59.fit.gz,valid,190.0,3600.0
332,332,1855,2275,FITfiles/2024-05-19/UMICH_20240519_100000_59.fit,2024-05-19 10:00:00,0,0,10848.0048828125,http://soleil80.cs.technik.fhnw.ch/solarradio/data/2002-20yy_Callisto/2024/05/19/USA-BOSTON_20240519_140000_63.fit.gz,train,190.0,3600.0
333,333,2898,4930,FITfiles/2024-06-06/UMICH_20240606_102959_59.fit,2024-06-06 10:29:59,0,0,10816.87109375,http://soleil80.cs.technik.fhnw.ch/solarradio/data/2002-20yy_Callisto/2024/06/06/MEXICO-LANCE-B_20240606_142959_62.fit.gz,test,190.0,3600.0
334,334,3116,1784,FITfiles/2024-06-10/UMICH_20240610_071500_59.fit,2024-06-10 07:15:00,0,0,10882.6015625,http://soleil80.cs.technik.fhnw.ch/solarradio/data/2002-20yy_Callisto/2024/06/10/USA-BOSTON_20240610_111500_01.fit.gz,valid,190.0,3600.0
335,335,7169,1613,FITfiles/2024-09-15/UMICH_20240915_203000_59.fit,2024-09-15 20:30:00,0,0,11179.072265625,http://soleil80.cs.technik.fhnw.ch/solarradio/data/2002-20yy_Callisto/2024/09/16/MEXART_20240916_003000_59.fit.gz,valid,190.0,3600.0
336,336,29,2395,FITfiles/2024-03-09/Beelink1_20240309_122000_01.fit,2024-03-09 12:20:00,0,0,13601.7646484375,http://soleil80.cs.technik.fhnw.ch/solarradio/data/2002-20yy_Callisto/2024/03/09/MEXART_20240309_171500_59.fit.gz,valid,190.0,271.0
337,337,3730,3438,FITfiles/2024-06-20/UMICH_20240620_153000_59.fit,2024-06-20 15:30:00,0,0,10333.609375,http://soleil80.cs.technik.fhnw.ch/solarradio/data/2002-20yy_Callisto/2024/06/20/MEXICO-LANCE-A_20240620_193000_63.fit.gz,valid,190.0,3600.0
338,338,8143,7080,FITfiles/2024-10-03/UMICH_20241003_074500_59.fit,2024-10-03 07:45:00,0,0,36246.69140625,http://soleil80.cs.technik.fhnw.ch/solarradio/data/2002-20yy_Callisto/2024/10/03/GREENLAND_20241003_114500_63.fit.gz,valid,190.0,3600.0
339,339,4787,5015,FITfiles/2024-07-15/Beelink1_20240715_124500_59.fit,2024-07-15 12:45:00,0,0,10032.6591796875,http://soleil80.cs.technik.fhnw.ch/solarradio/data/2002-20yy_Callisto/2024/07/15/ALASKA-HAARP_20240715_164500_63.fit.gz,train,190.0,3600.0
340,340,8749,9661,FITfiles/2024-10-27/Beelink1_20241027_084500_59.fit,2024-10-27 08:45:00,0,0,36447.44921875,http://soleil80.cs.technik.fhnw.ch/solarradio/data/2002-20yy_Callisto/2024/10/27/USA-BOSTON_20241027_124500_63.fit.gz,valid,190.0,3600.0
341,341,4493,6474,FITfiles/2024-07-04/Beelink1_20240704_123000_59.fit,2024-07-04 12:30:00,0,0,10076.513671875,http://soleil80.cs.technik.fhnw.ch/solarradio/data/2002-20yy_Callisto/2024/07/04/USA-BOSTON_20240704_163000_01.fit.gz,valid,190.0,3600.0
342,342,80,3753,FITfiles/2024-03-10/Beelink1_20240310_094500_59.fit,2024-03-10 09:45:00,0,0,11826.927734375,http://soleil80.cs.technik.fhnw.ch/solarradio/data/2002-20yy_Callisto/2024/03/10/MEXICO-LANCE-B_20240310_134500_62.fit.gz,valid,190.0,3600.0
343,343,1200,3410,FITfiles/2024-04-22/Beelink1_20240422_103000_59.fit,2024-04-22 10:30:00,0,0,22321.083984375,http://soleil80.cs.technik.fhnw.ch/solarradio/data/2002-20yy_Callisto/2024/04/22/USA-BOSTON_20240422_143000_63.fit.gz,test,190.0,3600.0
344,344,3786,2154,FITfiles/2024-06-21/UMICH_20240621_150000_59.fit,2024-06-21 15:00:00,0,0,10293.4169921875,http://soleil80.cs.technik.fhnw.ch/solarradio/data/2002-20yy_Callisto/2024/06/21/MEXICO-LANCE-A_20240621_190000_63.fit.gz,valid,190.0,3600.0
345,345,797,4432,FITfiles/2024-04-15/Beelink1_20240415_111500_59.fit,2024-04-15 11:15:00,0,0,22278.8984375,http://soleil80.cs.technik.fhnw.ch/solarradio/data/2002-20yy_Callisto/2024/04/15/ALASKA-HAARP_20240415_151500_63.fit.gz,train,190.0,3600.0
346,346,9517,278,FITfiles/2024-11-09/Beelink1_20241109_121500_59.fit,2024-11-09 12:15:00,0,0,37165.9140625,http://soleil80.cs.technik.fhnw.ch/solarradio/data/2002-20yy_Callisto/2024/11/09/GREENLAND_20241109_171500_63.fit.gz,train,190.0,3590.0
347,347,106,3721,FITfiles/2024-03-10/Beelink1_20240310_160000_59.fit,2024-03-10 16:00:00,0,0,11645.1103515625,http://soleil80.cs.technik.fhnw.ch/solarradio/data/2002-20yy_Callisto/2024/03/10/MEXICO-LANCE-B_20240310_200000_62.fit.gz,train,190.0,3600.0
348,348,796,4436,FITfiles/2024-04-15/Beelink1_20240415_110000_59.fit,2024-04-15 11:00:00,0,0,22294.0234375,http://soleil80.cs.technik.fhnw.ch/solarradio/data/2002-20yy_Callisto/2024/04/15/ALASKA-HAARP_20240415_150000_63.fit.gz,train,190.0,3600.0
349,349,1544,7745,FITfiles/2024-04-28/Beelink1_20240428_093000_59.fit,2024-04-28 09:30:00,0,0,22526.1640625,http://soleil80.cs.technik.fhnw.ch/solarradio/data/2002-20yy_Callisto/2024/04/28/USA-BOSTON_20240428_133000_63.fit.gz,test,190.0,3600.0
350,350,3683,8089,FITfiles/2024-06-19/UMICH_20240619_183000_59(1).fit,2024-06-19 18:30:00,0,0,10398.2275390625,http://soleil80.cs.technik.fhnw.ch/solarradio/data/2002-20yy_Callisto/2024/06/19/USA-BOSTON_20240619_223000_63.fit.gz,valid,190.0,3600.0
351,351,3113,1780,FITfiles/2024-06-10/UMICH_20240610_063000_59.fit,2024-06-10 06:30:00,0,0,10902.0810546875,http://soleil80.cs.technik.fhnw.ch/solarradio/data/2002-20yy_Callisto/2024/06/10/USA-BOSTON_20240610_103000_63.fit.gz,train,190.0,3600.0
352,352,3036,2088,FITfiles/2024-06-08/UMICH_20240608_161500_59.fit,2024-06-08 16:15:00,0,0,10740.41796875,http://soleil80.cs.technik.fhnw.ch/solarradio/data/2002-20yy_Callisto/2024/06/08/MEXICO-LANCE-B_20240608_201500_62.fit.gz,train,190.0,3593.0
353,353,626,5546,FITfiles/2024-04-09/Beelink1_20240409_171500_59.fit,2024-04-09 17:15:00,0,0,21563.9296875,http://soleil80.cs.technik.fhnw.ch/solarradio/data/2002-20yy_Callisto/2024/04/09/MEXICO-LANCE-A_20240409_211500_63.fit.gz,train,190.0,3600.0
354,354,6010,4143,FITfiles/2024-08-05/Beelink1_20240805_121459_59.fit,2024-08-05 12:14:59,0,0,10056.255859375,http://soleil80.cs.technik.fhnw.ch/solarradio/data/2002-20yy_Callisto/2024/08/05/MEXICO-LANCE-B_20240805_161459_62.fit.gz,valid,190.0,3595.0
355,355,8072,7397,FITfiles/2024-10-01/UMICH_20241001_190000_59.fit,2024-10-01 19:00:00,0,0,36281.46875,http://soleil80.cs.technik.fhnw.ch/solarradio/data/2002-20yy_Callisto/2024/10/01/ALASKA-HAARP_20241001_230000_63.fit.gz,train,190.0,3600.0
356,356,0,7264,FITfiles/2024-01-20/Beelink1_20240120_121507_01.fit,2024-01-20 12:15:07,0,0,21620.0390625,http://soleil80.cs.technik.fhnw.ch/solarradio/data/2002-20yy_Callisto/2024/01/20/MEXART_20240120_171500_59.fit.gz,train,190.0,3600.0
357,357,8209,8262,FITfiles/2024-10-04/UMICH_20241004_094500_59.fit,2024-10-04 09:45:00,0,0,36428.71875,http://soleil80.cs.technik.fhnw.ch/solarradio/data/2002-20yy_Callisto/2024/10/04/USA-BOSTON_20241004_134500_63.fit.gz,train,190.0,3600.0
358,358,1477,5649,FITfiles/2024-04-27/Beelink1_20240427_071500_59.fit,2024-04-27 07:15:00,0,0,22356.767578125,http://soleil80.cs.technik.fhnw.ch/solarradio/data/2002-20yy_Callisto/2024/04/27/USA-BOSTON_20240427_111500_01.fit.gz,train,190.0,3600.0
359,359,266,2661,FITfiles/2024-03-29/Beelink1_20240329_164801_01.fit,2024-03-29 16:48:01,0,0,11193.1884765625,http://soleil80.cs.technik.fhnw.ch/solarradio/data/2002-20yy_Callisto/2024/03/29/MEXICO-LANCE-A_20240329_204500_63.fit.gz,train,190.0,3600.0
360,360,1087,8352,FITfiles/2024-04-20/Beelink1_20240420_111500_59.fit,2024-04-20 11:15:00,0,0,22512.478515625,http://soleil80.cs.technik.fhnw.ch/solarradio/data/2002-20yy_Callisto/2024/04/20/USA-BOSTON_20240420_151500_63.fit.gz,test,190.0,3600.0
362,362,1624,5921,FITfiles/2024-04-29/Beelink1_20240429_150000_59.fit,2024-04-29 15:00:00,0,0,21934.408203125,http://soleil80.cs.technik.fhnw.ch/solarradio/data/2002-20yy_Callisto/2024/04/29/MEXICO-LANCE-B_20240429_190000_62.fit.gz,valid,190.0,3600.0
363,363,2673,7161,FITfiles/2024-06-02/UMICH_20240602_121459_59.fit,2024-06-02 12:14:59,0,0,10751.123046875,http://soleil80.cs.technik.fhnw.ch/solarradio/data/2002-20yy_Callisto/2024/06/02/MEXICO-LANCE-B_20240602_161459_62.fit.gz,train,190.0,3595.0
364,364,4374,8213,FITfiles/2024-07-02/UMICH_20240702_121459_59.fit,2024-07-02 12:14:59,0,0,10508.1435546875,http://soleil80.cs.technik.fhnw.ch/solarradio/data/2002-20yy_Callisto/2024/07/02/MEXICO-LANCE-B_20240702_161459_62.fit.gz,train,190.0,1108.0
365,365,2128,1783,FITfiles/2024-05-23/UMICH_20240523_201500_59.fit,2024-05-23 20:15:00,0,0,10782.6474609375,http://soleil80.cs.technik.fhnw.ch/solarradio/data/2002-20yy_Callisto/2024/05/24/MEXART_20240524_001500_59.fit.gz,train,190.0,3593.0
366,366,2177,6147,FITfiles/2024-05-24/UMICH_20240524_180000_59.fit,2024-05-24 18:00:00,0,0,10521.2880859375,http://soleil80.cs.technik.fhnw.ch/solarradio/data/2002-20yy_Callisto/2024/05/24/USA-BOSTON_20240524_220000_63.fit.gz,train,190.0,3600.0
367,367,4362,8176,FITfiles/2024-07-02/UMICH_20240702_091500_59.fit,2024-07-02 09:15:00,0,0,10888.46484375,http://soleil80.cs.technik.fhnw.ch/solarradio/data/2002-20yy_Callisto/2024/07/02/MEXICO-LANCE-B_20240702_131500_62.fit.gz,train,190.0,3600.0
368,368,3957,4021,FITfiles/2024-06-24/UMICH_20240624_141500_59.fit,2024-06-24 14:15:00,0,0,10361.1240234375,http://soleil80.cs.technik.fhnw.ch/solarradio/data/2002-20yy_Callisto/2024/06/24/USA-BOSTON_20240624_181500_63.fit.gz,train,190.0,3592.0
369,369,2211,3198,FITfiles/2024-05-25/UMICH_20240525_115959_59.fit,2024-05-25 11:59:59,0,0,10758.8720703125,http://soleil80.cs.technik.fhnw.ch/solarradio/data/2002-20yy_Callisto/2024/05/25/MEXICO-LANCE-B_20240525_155959_62.fit.gz,valid,190.0,3600.0
370,370,5356,6564,FITfiles/2024-07-25/Beelink1_20240725_081500_59.fit,2024-07-25 08:15:00,0,0,10108.9091796875,http://soleil80.cs.technik.fhnw.ch/solarradio/data/2002-20yy_Callisto/2024/07/25/MEXICO-LANCE-B_20240725_121500_62.fit.gz,test,190.0,3593.0
371,371,1261,3798,FITfiles/2024-04-23/Beelink1_20240423_111500_59.fit,2024-04-23 11:15:00,0,0,22322.740234375,http://soleil80.cs.technik.fhnw.ch/solarradio/data/2002-20yy_Callisto/2024/04/23/USA-BOSTON_20240423_151500_63.fit.gz,train,190.0,3600.0
372,372,6790,8980,FITfiles/2024-09-07/UMICH_20240907_153000_59.fit,2024-09-07 15:30:00,0,0,10130.2529296875,http://soleil80.cs.technik.fhnw.ch/solarradio/data/2002-20yy_Callisto/2024/09/07/MEXICO-LANCE-B_20240907_193000_62.fit.gz,train,190.0,3600.0
373,373,639,5513,FITfiles/2024-04-09/Beelink1_20240409_203000_59.fit,2024-04-09 20:30:00,0,0,22180.169921875,http://soleil80.cs.technik.fhnw.ch/solarradio/data/2002-20yy_Callisto/2024/04/10/ALASKA-HAARP_20240410_003000_63.fit.gz,train,190.0,3600.0
374,374,6269,7643,FITfiles/2024-08-09/Beelink1_20240809_190000_59.fit,2024-08-09 19:00:00,0,0,10049.6044921875,http://soleil80.cs.technik.fhnw.ch/solarradio/data/2002-20yy_Callisto/2024/08/09/MEXART_20240809_230000_59.fit.gz,test,190.0,3600.0
375,375,2813,8036,FITfiles/2024-06-04/UMICH_20240604_181500_59.fit,2024-06-04 18:15:00,0,0,10546.4345703125,http://soleil80.cs.technik.fhnw.ch/solarradio/data/2002-20yy_Callisto/2024/06/04/USA-BOSTON_20240604_221500_63.fit.gz,test,190.0,3593.0
376,376,3956,4031,FITfiles/2024-06-24/UMICH_20240624_140000_59.fit,2024-06-24 14:00:00,0,0,10371.833984375,http://soleil80.cs.technik.fhnw.ch/solarradio/data/2002-20yy_Callisto/2024/06/24/USA-BOSTON_20240624_180000_01.fit.gz,valid,190.0,3600.0
377,377,1420,6639,FITfiles/2024-04-26/Beelink1_20240426_073000_59.fit,2024-04-26 07:30:00,0,0,23116.72265625,http://soleil80.cs.technik.fhnw.ch/solarradio/data/2002-20yy_Callisto/2024/04/26/USA-BOSTON_20240426_113000_01.fit.gz,train,190.0,3600.0
378,378,6316,9143,FITfiles/2024-08-10/Beelink1_20240810_161500_59.fit,2024-08-10 16:15:00,0,0,9952.1220703125,http://soleil80.cs.technik.fhnw.ch/solarradio/data/2002-20yy_Callisto/2024/08/10/MEXICO-LANCE-B_20240810_201500_62.fit.gz,valid,190.0,3593.0
379,379,4119,7827,FITfiles/2024-06-27/UMICH_20240627_111459_59.fit,2024-06-27 11:14:59,0,0,10782.7705078125,http://soleil80.cs.technik.fhnw.ch/solarradio/data/2002-20yy_Callisto/2024/06/27/MEXICO-LANCE-B_20240627_151459_62.fit.gz,test,190.0,3600.0
380,380,4134,7582,FITfiles/2024-06-27/UMICH_20240627_150000_59.fit,2024-06-27 15:00:00,0,0,10322.8779296875,http://soleil80.cs.technik.fhnw.ch/solarradio/data/2002-20yy_Callisto/2024/06/27/MEXICO-LANCE-B_20240627_190000_62.fit.gz,train,190.0,3600.0
381,381,5237,8649,FITfiles/2024-07-23/Beelink1_20240723_073000_59.fit,2024-07-23 07:30:00,0,0,10128.4951171875,http://soleil80.cs.technik.fhnw.ch/solarradio/data/2002-20yy_Callisto/2024/07/23/USA-BOSTON_20240723_113000_01.fit.gz,test,190.0,3600.0
382,382,1138,2347,FITfiles/2024-04-21/Beelink1_20240421_093000_59.fit,2024-04-21 09:30:00,0,0,22500.69140625,http://soleil80.cs.technik.fhnw.ch/solarradio/data/2002-20yy_Callisto/2024/04/21/MEXICO-LANCE-B_20240421_133000_62.fit.gz,train,190.0,3600.0
383,383,4882,5998,FITfiles/2024-07-17/Beelink1_20240717_073000_59.fit,2024-07-17 07:30:00,0,0,10129.380859375,http://soleil80.cs.technik.fhnw.ch/solarradio/data/2002-20yy_Callisto/2024/07/17/USA-BOSTON_20240717_113000_01.fit.gz,test,190.0,3600.0
384,384,569,6219,FITfiles/2024-04-08/Beelink1_20240408_173000_59.fit,2024-04-08 17:30:00,0,0,21751.3046875,http://soleil80.cs.technik.fhnw.ch/solarradio/data/2002-20yy_Callisto/2024/04/08/ALASKA-HAARP_20240408_213000_63.fit.gz,train,190.0,3600.0
385,385,1808,4589,FITfiles/2024-05-18/UMICH_20240518_124500_59.fit,2024-05-18 12:45:00,0,0,10699.9560546875,http://soleil80.cs.technik.fhnw.ch/solarradio/data/2002-20yy_Callisto/2024/05/18/USA-BOSTON_20240518_164500_01.fit.gz,train,190.0,3600.0
386,386,7744,8785,FITfiles/2024-09-26/UMICH_20240926_093000_59.fit,2024-09-26 09:30:00,0,0,37988.1171875,http://soleil80.cs.technik.fhnw.ch/solarradio/data/2002-20yy_Callisto/2024/09/26/MEXICO-LANCE-B_20240926_133000_62.fit.gz,valid,190.0,3600.0
387,387,1785,1870,FITfiles/2024-05-15/Beelink1_20240515_133000_59.fit,2024-05-15 13:30:00,0,0,10553.978515625,http://soleil80.cs.technik.fhnw.ch/solarradio/data/2002-20yy_Callisto/2024/05/15/MEXART_20240515_173000_59.fit.gz,train,190.0,3600.0
388,388,5479,2615,FITfiles/2024-07-27/Beelink1_20240727_100000_59.fit,2024-07-27 10:00:00,0,0,10101.3896484375,http://soleil80.cs.technik.fhnw.ch/solarradio/data/2002-20yy_Callisto/2024/07/27/MEXICO-LANCE-A_20240727_140000_63.fit.gz,valid,190.0,3600.0
389,389,1387,6317,FITfiles/2024-04-25/Beelink1_20240425_134500_59.fit,2024-04-25 13:45:00,0,0,22177.3671875,http://soleil80.cs.technik.fhnw.ch/solarradio/data/2002-20yy_Callisto/2024/04/25/USA-BOSTON_20240425_174500_63.fit.gz,train,190.0,3600.0
390,390,4435,8742,FITfiles/2024-07-03/Beelink1_20240703_123000_59.fit,2024-07-03 12:30:00,0,0,10089.4423828125,http://soleil80.cs.technik.fhnw.ch/solarradio/data/2002-20yy_Callisto/2024/07/03/USA-BOSTON_20240703_163000_01.fit.gz,test,190.0,3600.0
391,391,5903,4761,FITfiles/2024-08-03/Beelink1_20240803_143000_59.fit,2024-08-03 14:30:00,0,0,9940.9853515625,http://soleil80.cs.technik.fhnw.ch/solarradio/data/2002-20yy_Callisto/2024/08/03/MEXICO-LANCE-B_20240803_183000_62.fit.gz,test,190.0,3600.0
392,392,4015,4611,FITfiles/2024-06-25/UMICH_20240625_141500_59.fit,2024-06-25 14:15:00,0,0,10445.1025390625,http://soleil80.cs.technik.fhnw.ch/solarradio/data/2002-20yy_Callisto/2024/06/25/MEXART_20240625_181500_59.fit.gz,train,190.0,3593.0
393,393,4808,4988,FITfiles/2024-07-15/Beelink1_20240715_180000_59.fit,2024-07-15 18:00:00,0,0,9985.78515625,http://soleil80.cs.technik.fhnw.ch/solarradio/data/2002-20yy_Callisto/2024/07/15/USA-BOSTON_20240715_220000_63.fit.gz,valid,190.0,3600.0
394,394,8121,7287,FITfiles/2024-10-02/UMICH_20241002_164500_59.fit,2024-10-02 16:45:00,0,0,31299.3984375,http://soleil80.cs.technik.fhnw.ch/solarradio/data/2002-20yy_Callisto/2024/10/02/ALASKA-HAARP_20241002_204500_63.fit.gz,valid,190.0,3600.0
395,395,1531,5597,FITfiles/2024-04-27/Beelink1_20240427_204500_59.fit,2024-04-27 20:45:00,0,0,22055.517578125,http://soleil80.cs.technik.fhnw.ch/solarradio/data/2002-20yy_Callisto/2024/04/28/ALASKA-HAARP_20240428_004500_63.fit.gz,train,190.0,3590.0
396,396,1077,8362,FITfiles/2024-04-20/Beelink1_20240420_084500_59.fit,2024-04-20 08:45:00,0,0,22515.392578125,http://soleil80.cs.technik.fhnw.ch/solarradio/data/2002-20yy_Callisto/2024/04/20/MEXICO-LANCE-B_20240420_124500_62.fit.gz,valid,190.0,3600.0
397,397,1806,4593,FITfiles/2024-05-18/UMICH_20240518_122241_01.fit,2024-05-18 12:22:41,0,0,10808.0263671875,http://soleil80.cs.technik.fhnw.ch/solarradio/data/2002-20yy_Callisto/2024/05/18/USA-BOSTON_20240518_163000_01.fit.gz,test,190.0,1747.0
398,398,9020,586,FITfiles/2024-10-31/Beelink1_20241031_183000_59.fit,2024-10-31 18:30:00,0,0,36862.5234375,http://soleil80.cs.technik.fhnw.ch/solarradio/data/2002-20yy_Callisto/2024/10/31/GREENLAND_20241031_223000_63.fit.gz,train,190.0,3600.0
399,399,305,3285,FITfiles/2024-03-30/Beelink1_20240330_115959_59.fit,2024-03-30 11:59:59,0,0,11673.0029296875,http://soleil80.cs.technik.fhnw.ch/solarradio/data/2002-20yy_Callisto/2024/03/30/MEXICO-LANCE-B_20240330_155959_62.fit.gz,train,190.0,3600.0
400,400,2976,7215,FITfiles/2024-06-07/UMICH_20240607_153000_59.fit,2024-06-07 15:30:00,0,0,10702.6806640625,http://soleil80.cs.technik.fhnw.ch/solarradio/data/2002-20yy_Callisto/2024/06/07/MEXICO-LANCE-B_20240607_193000_62.fit.gz,valid,190.0,3600.0
401,401,9692,1328,FITfiles/2024-11-12/Beelink1_20241112_133000_59.fit,2024-11-12 13:30:00,0,0,33569.26171875,http://soleil80.cs.technik.fhnw.ch/solarradio/data/2002-20yy_Callisto/2024/11/12/GREENLAND_20241112_183000_63.fit.gz,test,190.0,3600.0
402,402,5440,8674,FITfiles/2024-07-26/Beelink1_20240726_144500_59.fit,2024-07-26 14:45:00,0,0,9945.8720703125,http://soleil80.cs.technik.fhnw.ch/solarradio/data/2002-20yy_Callisto/2024/07/26/MEXICO-LANCE-B_20240726_184500_62.fit.gz,train,190.0,3600.0
403,403,8845,594,FITfiles/2024-10-28/Beelink1_20241028_181500_59.fit,2024-10-28 18:15:00,0,0,37650.2890625,http://soleil80.cs.technik.fhnw.ch/solarradio/data/2002-20yy_Callisto/2024/10/28/GREENLAND_20241028_221500_63.fit.gz,train,190.0,3590.0
404,404,2367,6764,FITfiles/2024-05-28/UMICH_20240528_073000_59.fit,2024-05-28 07:30:00,0,0,10933.90234375,http://soleil80.cs.technik.fhnw.ch/solarradio/data/2002-20yy_Callisto/2024/05/28/USA-BOSTON_20240528_113000_63.fit.gz,train,190.0,3600.0
405,405,6202,4962,FITfiles/2024-08-08/Beelink1_20240808_164500_59.fit,2024-08-08 16:45:00,0,0,9927.7236328125,http://soleil80.cs.technik.fhnw.ch/solarradio/data/2002-20yy_Callisto/2024/08/08/MEXICO-LANCE-A_20240808_204500_63.fit.gz,train,190.0,3600.0
406,406,6322,9141,FITfiles/2024-08-10/Beelink1_20240810_174500_59.fit,2024-08-10 17:45:00,0,0,10001.6787109375,http://soleil80.cs.technik.fhnw.ch/solarradio/data/2002-20yy_Callisto/2024/08/10/MEXART_20240810_214500_59.fit.gz,train,190.0,3600.0
407,407,4321,2482,FITfiles/2024-07-01/UMICH_20240701_133000_59.fit,2024-07-01 13:30:00,0,0,10395.54296875,http://soleil80.cs.technik.fhnw.ch/solarradio/data/2002-20yy_Callisto/2024/07/01/USA-BOSTON_20240701_173000_01.fit.gz,valid,190.0,3600.0
408,408,4654,4336,FITfiles/2024-07-07/Beelink1_20240707_091500_59.fit,2024-07-07 09:15:00,0,0,10131.4365234375,http://soleil80.cs.technik.fhnw.ch/solarradio/data/2002-20yy_Callisto/2024/07/07/MEXICO-LANCE-B_20240707_131500_62.fit.gz,train,190.0,3600.0
409,409,1421,6634,FITfiles/2024-04-26/Beelink1_20240426_074500_59.fit,2024-04-26 07:45:00,0,0,22982.04296875,http://soleil80.cs.technik.fhnw.ch/solarradio/data/2002-20yy_Callisto/2024/04/26/USA-BOSTON_20240426_114500_63.fit.gz,test,190.0,3600.0
410,410,4359,8186,FITfiles/2024-07-02/UMICH_20240702_083000_59.fit,2024-07-02 08:30:00,0,0,11154.80078125,http://soleil80.cs.technik.fhnw.ch/solarradio/data/2002-20yy_Callisto/2024/07/02/MEXICO-LANCE-B_20240702_123000_62.fit.gz,train,190.0,3600.0
411,411,4047,2824,FITfiles/2024-06-26/UMICH_20240626_074500_59.fit,2024-06-26 07:45:00,0,0,10895.0048828125,http://soleil80.cs.technik.fhnw.ch/solarradio/data/2002-20yy_Callisto/2024/06/26/USA-BOSTON_20240626_114500_01.fit.gz,valid,190.0,3600.0
412,412,8166,7099,FITfiles/2024-10-03/UMICH_20241003_133000_59.fit,2024-10-03 13:30:00,0,0,34547.87109375,http://soleil80.cs.technik.fhnw.ch/solarradio/data/2002-20yy_Callisto/2024/10/03/ALASKA-HAARP_20241003_173000_63.fit.gz,train,190.0,3600.0
413,413,2911,4908,FITfiles/2024-06-06/UMICH_20240606_134500_59.fit,2024-06-06 13:45:00,0,0,10458.0537109375,http://soleil80.cs.technik.fhnw.ch/solarradio/data/2002-20yy_Callisto/2024/06/06/USA-BOSTON_20240606_174500_01.fit.gz,train,190.0,3600.0
414,414,6860,8996,FITfiles/2024-09-08/UMICH_20240908_183000_59.fit,2024-09-08 18:30:00,0,0,10103.009765625,http://soleil80.cs.technik.fhnw.ch/solarradio/data/2002-20yy_Callisto/2024/09/08/USA-BOSTON_20240908_223000_63.fit.gz,test,190.0,3600.0
415,415,6404,9314,FITfiles/2024-08-12/Beelink1_20240812_091500_59.fit,2024-08-12 09:15:00,0,0,10110.431640625,http://soleil80.cs.technik.fhnw.ch/solarradio/data/2002-20yy_Callisto/2024/08/12/MEXICO-LANCE-B_20240812_131500_62.fit.gz,train,190.0,3600.0
416,416,8331,1029,FITfiles/2024-10-06/UMICH_20241006_111500_59.fit,2024-10-06 11:15:00,0,0,34508.1953125,http://soleil80.cs.technik.fhnw.ch/solarradio/data/2002-20yy_Callisto/2024/10/06/USA-BOSTON_20241006_151500_63.fit.gz,train,190.0,3600.0
417,417,4037,4597,FITfiles/2024-06-25/UMICH_20240625_194500_59.fit,2024-06-25 19:45:00,0,0,10658.6162109375,http://soleil80.cs.technik.fhnw.ch/solarradio/data/2002-20yy_Callisto/2024/06/25/MEXART_20240625_234500_59.fit.gz,test,190.0,3600.0
418,418,2549,8560,FITfiles/2024-05-31/UMICH_20240531_091500_59.fit,2024-05-31 09:15:00,0,0,11643.525390625,http://soleil80.cs.technik.fhnw.ch/solarradio/data/2002-20yy_Callisto/2024/05/31/MEXICO-LANCE-B_20240531_131500_62.fit.gz,test,190.0,3600.0
419,419,9528,279,FITfiles/2024-11-09/Beelink1_20241109_150000_59.fit,2024-11-09 15:00:00,0,0,36533.63671875,http://soleil80.cs.technik.fhnw.ch/solarradio/data/2002-20yy_Callisto/2024/11/09/GREENLAND_20241109_200000_63.fit.gz,train,190.0,3600.0
420,420,369,4360,FITfiles/2024-04-05/Beelink1_20240405_103000_59.fit,2024-04-05 10:30:00,0,0,11549.322265625,http://soleil80.cs.technik.fhnw.ch/solarradio/data/2002-20yy_Callisto/2024/04/05/MEXICO-LANCE-B_20240405_143000_62.fit.gz,train,190.0,3600.0
421,421,3233,8912,FITfiles/2024-06-12/UMICH_20240612_073000_59.fit,2024-06-12 07:30:00,0,0,11566.2919921875,http://soleil80.cs.technik.fhnw.ch/solarradio/data/2002-20yy_Callisto/2024/06/12/USA-BOSTON_20240612_113000_01.fit.gz,train,190.0,3600.0
422,422,4995,3003,FITfiles/2024-07-19/Beelink1_20240719_064500_59.fit,2024-07-19 06:45:00,0,0,10137.603515625,http://soleil80.cs.technik.fhnw.ch/solarradio/data/2002-20yy_Callisto/2024/07/19/USA-BOSTON_20240719_104500_63.fit.gz,train,190.0,3600.0
423,423,6403,9301,FITfiles/2024-08-12/Beelink1_20240812_090000_59.fit,2024-08-12 09:00:00,0,0,10108.638671875,http://soleil80.cs.technik.fhnw.ch/solarradio/data/2002-20yy_Callisto/2024/08/12/MEXICO-LANCE-B_20240812_130000_62.fit.gz,valid,190.0,3600.0
424,424,1671,6797,FITfiles/2024-04-30/Beelink1_20240430_121500_59.fit,2024-04-30 12:15:00,0,0,22176.5859375,http://soleil80.cs.technik.fhnw.ch/solarradio/data/2002-20yy_Callisto/2024/04/30/USA-BOSTON_20240430_161500_01.fit.gz,train,190.0,3590.0
425,425,5880,4794,FITfiles/2024-08-03/Beelink1_20240803_084500_59.fit,2024-08-03 08:45:00,0,0,10094.5234375,http://soleil80.cs.technik.fhnw.ch/solarradio/data/2002-20yy_Callisto/2024/08/03/MEXICO-LANCE-B_20240803_124500_62.fit.gz,train,190.0,3600.0
426,426,8298,5201,FITfiles/2024-10-05/UMICH_20241005_173000_59.fit,2024-10-05 17:30:00,0,0,33993.69921875,http://soleil80.cs.technik.fhnw.ch/solarradio/data/2002-20yy_Callisto/2024/10/05/ALASKA-HAARP_20241005_213000_63.fit.gz,train,190.0,3600.0
427,427,4242,2436,FITfiles/2024-06-29/UMICH_20240629_130000_59.fit,2024-06-29 13:00:00,0,0,10494.677734375,http://soleil80.cs.technik.fhnw.ch/solarradio/data/2002-20yy_Callisto/2024/06/29/MEXART_20240629_170000_59.fit.gz,test,190.0,3600.0
428,428,3522,6995,FITfiles/2024-06-17/UMICH_20240617_071500_59.fit,2024-06-17 07:15:00,0,0,11114.60546875,http://soleil80.cs.technik.fhnw.ch/solarradio/data/2002-20yy_Callisto/2024/06/17/USA-BOSTON_20240617_111500_01.fit.gz,test,190.0,3600.0
429,429,6485,9323,FITfiles/2024-09-02/UMICH_20240902_114459_59.fit,2024-09-02 11:44:59,0,0,10148.421875,http://soleil80.cs.technik.fhnw.ch/solarradio/data/2002-20yy_Callisto/2024/09/02/MEXICO-LANCE-B_20240902_154459_62.fit.gz,train,190.0,3600.0
430,430,88,3740,FITfiles/2024-03-10/Beelink1_20240310_112959_59.fit,2024-03-10 11:29:59,0,0,11688.970703125,http://soleil80.cs.technik.fhnw.ch/solarradio/data/2002-20yy_Callisto/2024/03/10/MEXICO-LANCE-B_20240310_152959_62.fit.gz,train,190.0,3600.0
431,431,2678,7160,FITfiles/2024-06-02/UMICH_20240602_133000_59.fit,2024-06-02 13:30:00,0,0,10679.740234375,http://soleil80.cs.technik.fhnw.ch/solarradio/data/2002-20yy_Callisto/2024/06/02/USA-BOSTON_20240602_173000_63.fit.gz,test,190.0,3600.0
432,432,3419,1954,FITfiles/2024-06-15/UMICH_20240615_102959_59.fit,2024-06-15 10:29:59,0,0,10803.7236328125,http://soleil80.cs.technik.fhnw.ch/solarradio/data/2002-20yy_Callisto/2024/06/15/MEXICO-LANCE-B_20240615_142959_62.fit.gz,train,190.0,3600.0
433,433,8146,7076,FITfiles/2024-10-03/UMICH_20241003_083000_59.fit,2024-10-03 08:30:00,0,0,36360.49609375,http://soleil80.cs.technik.fhnw.ch/solarradio/data/2002-20yy_Callisto/2024/10/03/GREENLAND_20241003_123000_63.fit.gz,test,190.0,3600.0
434,434,132,7465,FITfiles/2024-03-11/Beelink1_20240311_080000_59.fit,2024-03-11 08:00:00,0,0,12468.7109375,http://soleil80.cs.technik.fhnw.ch/solarradio/data/2002-20yy_Callisto/2024/03/11/MEXICO-LANCE-B_20240311_120000_62.fit.gz,train,190.0,3600.0
435,435,4644,4724,FITfiles/2024-07-07/Beelink1_20240707_064500_59.fit,2024-07-07 06:45:00,0,0,10148.216796875,http://soleil80.cs.technik.fhnw.ch/solarradio/data/2002-20yy_Callisto/2024/07/07/USA-BOSTON_20240707_104500_63.fit.gz,train,190.0,3600.0
436,436,3177,2700,FITfiles/2024-06-11/UMICH_20240611_080000_59.fit,2024-06-11 08:00:00,0,0,11331.5517578125,http://soleil80.cs.technik.fhnw.ch/solarradio/data/2002-20yy_Callisto/2024/06/11/MEXICO-LANCE-B_20240611_120000_62.fit.gz,valid,190.0,3600.0
437,437,1616,5937,FITfiles/2024-04-29/Beelink1_20240429_130000_59.fit,2024-04-29 13:00:00,0,0,21894.36328125,http://soleil80.cs.technik.fhnw.ch/solarradio/data/2002-20yy_Callisto/2024/04/29/USA-BOSTON_20240429_170000_01.fit.gz,train,190.0,3600.0
438,438,7969,8418,FITfiles/2024-09-30/UMICH_20240930_074500_59.fit,2024-09-30 07:45:00,0,0,34383.56640625,http://soleil80.cs.technik.fhnw.ch/solarradio/data/2002-20yy_Callisto/2024/09/30/USA-BOSTON_20240930_114500_63.fit.gz,train,190.0,3600.0
439,439,2290,7922,FITfiles/2024-05-26/UMICH_20240526_171500_59.fit,2024-05-26 17:15:00,0,0,10758.0,http://soleil80.cs.technik.fhnw.ch/solarradio/data/2002-20yy_Callisto/2024/05/26/USA-BOSTON_20240526_211500_63.fit.gz,train,190.0,3600.0
440,440,459,5388,FITfiles/2024-04-06/Beelink1_20240406_190000_59.fit,2024-04-06 19:00:00,0,0,22205.94921875,http://soleil80.cs.technik.fhnw.ch/solarradio/data/2002-20yy_Callisto/2024/04/06/MEXART_20240406_230000_59.fit.gz,train,190.0,3600.0
441,441,2979,7207,FITfiles/2024-06-07/UMICH_20240607_161500_59.fit,2024-06-07 16:15:00,0,0,10674.70703125,http://soleil80.cs.technik.fhnw.ch/solarradio/data/2002-20yy_Callisto/2024/06/07/USA-BOSTON_20240607_201500_63.fit.gz,valid,190.0,3592.0
442,442,5494,2600,FITfiles/2024-07-27/Beelink1_20240727_134500_59.fit,2024-07-27 13:45:00,0,0,9969.1630859375,http://soleil80.cs.technik.fhnw.ch/solarradio/data/2002-20yy_Callisto/2024/07/27/USA-BOSTON_20240727_174500_01.fit.gz,train,190.0,3600.0
443,443,8283,5170,FITfiles/2024-10-05/UMICH_20241005_134500_59.fit,2024-10-05 13:45:00,0,0,35404.828125,http://soleil80.cs.technik.fhnw.ch/solarradio/data/2002-20yy_Callisto/2024/10/05/ALASKA-HAARP_20241005_174500_63.fit.gz,train,190.0,3600.0
444,444,4191,2551,FITfiles/2024-06-28/UMICH_20240628_144500_59.fit,2024-06-28 14:45:00,0,0,10651.88671875,http://soleil80.cs.technik.fhnw.ch/solarradio/data/2002-20yy_Callisto/2024/06/28/MEXICO-LANCE-B_20240628_184500_62.fit.gz,test,190.0,3600.0
445,445,6073,4206,FITfiles/2024-08-06/Beelink1_20240806_133000_59.fit,2024-08-06 13:30:00,0,0,10122.6982421875,http://soleil80.cs.technik.fhnw.ch/solarradio/data/2002-20yy_Callisto/2024/08/06/MEXART_20240806_173000_59.fit.gz,test,190.0,3600.0
446,446,1679,6825,FITfiles/2024-04-30/Beelink1_20240430_141500_59.fit,2024-04-30 14:15:00,0,0,21678.685546875,http://soleil80.cs.technik.fhnw.ch/solarradio/data/2002-20yy_Callisto/2024/04/30/USA-BOSTON_20240430_181500_63.fit.gz,train,190.0,3590.0
447,447,7000,8565,FITfiles/2024-09-11/UMICH_20240911_100000_59.fit,2024-09-11 10:00:00,0,0,10109.5908203125,http://soleil80.cs.technik.fhnw.ch/solarradio/data/2002-20yy_Callisto/2024/09/11/MEXICO-LANCE-B_20240911_140000_62.fit.gz,valid,190.0,3600.0
448,448,4717,5686,FITfiles/2024-07-14/Beelink1_20240714_094500_59.fit,2024-07-14 09:45:00,0,0,10076.583984375,http://soleil80.cs.technik.fhnw.ch/solarradio/data/2002-20yy_Callisto/2024/07/14/MEXICO-LANCE-B_20240714_134500_62.fit.gz,test,190.0,3600.0
449,449,6672,9549,FITfiles/2024-09-05/UMICH_20240905_150000_59.fit,2024-09-05 15:00:00,0,0,9954.0146484375,http://soleil80.cs.technik.fhnw.ch/solarradio/data/2002-20yy_Callisto/2024/09/05/MEXICO-LANCE-B_20240905_190000_62.fit.gz,test,190.0,3600.0
450,450,7533,240,FITfiles/2024-09-22/UMICH_20240922_094500_59.fit,2024-09-22 09:45:00,0,0,11268.435546875,http://soleil80.cs.technik.fhnw.ch/solarradio/data/2002-20yy_Callisto/2024/09/22/MEXICO-LANCE-B_20240922_134500_62.fit.gz,train,190.0,3600.0
451,451,4497,6502,FITfiles/2024-07-04/Beelink1_20240704_133000_59.fit,2024-07-04 13:30:00,0,0,10081.2099609375,http://soleil80.cs.technik.fhnw.ch/solarradio/data/2002-20yy_Callisto/2024/07/04/USA-BOSTON_20240704_173000_63.fit.gz,train,190.0,3600.0
452,452,36,2394,FITfiles/2024-03-09/Beelink1_20240309_132959_59.fit,2024-03-09 13:29:59,0,0,13832.029296875,http://soleil80.cs.technik.fhnw.ch/solarradio/data/2002-20yy_Callisto/2024/03/09/MEXICO-LANCE-B_20240309_183000_62.fit.gz,train,190.0,3600.0
453,453,8620,1384,FITfiles/2024-10-24/Beelink1_20241024_200000_59.fit,2024-10-24 20:00:00,0,0,37387.30078125,http://soleil80.cs.technik.fhnw.ch/solarradio/data/2002-20yy_Callisto/2024/10/25/ALASKA-HAARP_20241025_000000_63.fit.gz,valid,190.0,3600.0
454,454,3372,4541,FITfiles/2024-06-14/UMICH_20240614_131500_59.fit,2024-06-14 13:15:00,0,0,10406.48046875,http://soleil80.cs.technik.fhnw.ch/solarradio/data/2002-20yy_Callisto/2024/06/14/MEXART_20240614_171500_59.fit.gz,train,190.0,3600.0
455,455,8157,7081,FITfiles/2024-10-03/UMICH_20241003_111500_59.fit,2024-10-03 11:15:00,0,0,35646.90625,http://soleil80.cs.technik.fhnw.ch/solarradio/data/2002-20yy_Callisto/2024/10/03/ALASKA-HAARP_20241003_151500_63.fit.gz,train,190.0,3600.0
456,456,4855,3479,FITfiles/2024-07-16/Beelink1_20240716_151500_59.fit,2024-07-16 15:15:00,0,0,9959.244140625,http://soleil80.cs.technik.fhnw.ch/solarradio/data/2002-20yy_Callisto/2024/07/16/MEXICO-LANCE-B_20240716_191500_62.fit.gz,train,190.0,3600.0
457,457,8294,5195,FITfiles/2024-10-05/UMICH_20241005_163000_59.fit,2024-10-05 16:30:00,0,0,32088.072265625,http://soleil80.cs.technik.fhnw.ch/solarradio/data/2002-20yy_Callisto/2024/10/05/ALASKA-HAARP_20241005_203000_63.fit.gz,train,190.0,3600.0
458,458,47,2387,FITfiles/2024-03-09/Beelink1_20240309_155959_59.fit,2024-03-09 15:59:59,0,0,11604.8798828125,http://soleil80.cs.technik.fhnw.ch/solarradio/data/2002-20yy_Callisto/2024/03/09/MEXICO-LANCE-B_20240309_205959_62.fit.gz,valid,190.0,3600.0
459,459,4073,2793,FITfiles/2024-06-26/UMICH_20240626_141500_59.fit,2024-06-26 14:15:00,0,0,10782.4189453125,http://soleil80.cs.technik.fhnw.ch/solarradio/data/2002-20yy_Callisto/2024/06/26/MEXART_20240626_181500_59.fit.gz,train,190.0,3592.0
460,460,2173,6158,FITfiles/2024-05-24/UMICH_20240524_170000_59.fit,2024-05-24 17:00:00,0,0,10393.583984375,http://soleil80.cs.technik.fhnw.ch/solarradio/data/2002-20yy_Callisto/2024/05/24/MEXICO-LANCE-A_20240524_210000_63.fit.gz,test,190.0,3600.0
461,461,7294,423,FITfiles/2024-09-18/UMICH_20240918_081500_59.fit,2024-09-18 08:15:00,0,0,11026.669921875,http://soleil80.cs.technik.fhnw.ch/solarradio/data/2002-20yy_Callisto/2024/09/18/MEXICO-LANCE-B_20240918_121500_62.fit.gz,train,190.0,3592.0
462,462,9015,577,FITfiles/2024-10-31/Beelink1_20241031_171500_59.fit,2024-10-31 17:15:00,0,0,36320.59375,http://soleil80.cs.technik.fhnw.ch/solarradio/data/2002-20yy_Callisto/2024/10/31/GREENLAND_20241031_211500_63.fit.gz,train,190.0,3600.0
463,463,2086,1827,FITfiles/2024-05-23/UMICH_20240523_094500_59.fit,2024-05-23 09:45:00,0,0,10823.2822265625,http://soleil80.cs.technik.fhnw.ch/solarradio/data/2002-20yy_Callisto/2024/05/23/MEXICO-LANCE-B_20240523_134500_62.fit.gz,train,190.0,3600.0
464,464,8850,582,FITfiles/2024-10-28/Beelink1_20241028_193000_59.fit,2024-10-28 19:30:00,0,0,37678.69140625,http://soleil80.cs.technik.fhnw.ch/solarradio/data/2002-20yy_Callisto/2024/10/28/GREENLAND_20241028_233000_63.fit.gz,valid,190.0,3600.0
465,465,5534,7057,FITfiles/2024-07-28/Beelink1_20240728_091500_59.fit,2024-07-28 09:15:00,0,0,10098.2294921875,http://soleil80.cs.technik.fhnw.ch/solarradio/data/2002-20yy_Callisto/2024/07/28/MEXICO-LANCE-B_20240728_131500_62.fit.gz,train,190.0,3600.0
466,466,8177,7118,FITfiles/2024-10-03/UMICH_20241003_161500_59.fit,2024-10-03 16:15:00,0,0,30488.53125,http://soleil80.cs.technik.fhnw.ch/solarradio/data/2002-20yy_Callisto/2024/10/03/ALASKA-HAARP_20241003_201500_63.fit.gz,train,190.0,3590.0
467,467,1530,5606,FITfiles/2024-04-27/Beelink1_20240427_203000_59.fit,2024-04-27 20:30:00,0,0,22050.224609375,http://soleil80.cs.technik.fhnw.ch/solarradio/data/2002-20yy_Callisto/2024/04/28/MEXART_20240428_003000_59.fit.gz,valid,190.0,3600.0
468,468,9675,1281,FITfiles/2024-11-12/Beelink1_20241112_091500_59.fit,2024-11-12 09:15:00,0,0,34182.40625,http://soleil80.cs.technik.fhnw.ch/solarradio/data/2002-20yy_Callisto/2024/11/12/GREENLAND_20241112_141500_63.fit.gz,train,190.0,3600.0
469,469,8943,9630,FITfiles/2024-10-30/Beelink1_20241030_134500_59.fit,2024-10-30 13:45:00,0,0,35172.40625,http://soleil80.cs.technik.fhnw.ch/solarradio/data/2002-20yy_Callisto/2024/10/30/ALASKA-HAARP_20241030_174500_63.fit.gz,train,190.0,3600.0
470,470,8002,8461,FITfiles/2024-09-30/UMICH_20240930_160000_59.fit,2024-09-30 16:00:00,0,0,33003.9921875,http://soleil80.cs.technik.fhnw.ch/solarradio/data/2002-20yy_Callisto/2024/09/30/GREENLAND_20240930_200000_63.fit.gz,train,190.0,3600.0
471,471,6594,8942,FITfiles/2024-09-04/UMICH_20240904_100000_59.fit,2024-09-04 10:00:00,0,0,10160.58203125,http://soleil80.cs.technik.fhnw.ch/solarradio/data/2002-20yy_Callisto/2024/09/04/USA-BOSTON_20240904_140000_63.fit.gz,train,190.0,3600.0
472,472,8462,1055,FITfiles/2024-10-08/UMICH_20241008_150000_59.fit,2024-10-08 15:00:00,0,0,31662.85546875,http://soleil80.cs.technik.fhnw.ch/solarradio/data/2002-20yy_Callisto/2024/10/08/GREENLAND_20241008_190000_63.fit.gz,valid,190.0,3600.0
473,473,4273,2402,FITfiles/2024-06-29/UMICH_20240629_204500_59.fit,2024-06-29 20:45:00,0,0,10691.8740234375,http://soleil80.cs.technik.fhnw.ch/solarradio/data/2002-20yy_Callisto/2024/06/30/MEXART_20240630_004500_59.fit.gz,train,190.0,3590.0
474,474,791,4428,FITfiles/2024-04-15/Beelink1_20240415_094500_59.fit,2024-04-15 09:45:00,0,0,22469.564453125,http://soleil80.cs.technik.fhnw.ch/solarradio/data/2002-20yy_Callisto/2024/04/15/MEXICO-LANCE-B_20240415_134500_62.fit.gz,train,190.0,3600.0
475,475,4816,4972,FITfiles/2024-07-15/Beelink1_20240715_200000_59.fit,2024-07-15 20:00:00,0,0,10038.9677734375,http://soleil80.cs.technik.fhnw.ch/solarradio/data/2002-20yy_Callisto/2024/07/16/USA-BOSTON_20240716_000000_63.fit.gz,train,190.0,3600.0
476,476,3026,2057,FITfiles/2024-06-08/UMICH_20240608_134500_59.fit,2024-06-08 13:45:00,0,0,10492.205078125,http://soleil80.cs.technik.fhnw.ch/solarradio/data/2002-20yy_Callisto/2024/06/08/MEXICO-LANCE-A_20240608_174500_63.fit.gz,train,190.0,3600.0
477,477,685,4349,FITfiles/2024-04-10/Beelink1_20240410_173000_59.fit,2024-04-10 17:30:00,0,0,21932.6328125,http://soleil80.cs.technik.fhnw.ch/solarradio/data/2002-20yy_Callisto/2024/04/10/USA-BOSTON_20240410_213000_63.fit.gz,valid,190.0,3600.0
478,478,6996,8927,FITfiles/2024-09-11/UMICH_20240911_090000_59.fit,2024-09-11 09:00:00,0,0,10097.1201171875,http://soleil80.cs.technik.fhnw.ch/solarradio/data/2002-20yy_Callisto/2024/09/11/MEXICO-LANCE-B_20240911_130000_62.fit.gz,train,190.0,3600.0
479,479,7910,6380,FITfiles/2024-09-29/UMICH_20240929_073000_59.fit,2024-09-29 07:30:00,0,0,34804.95703125,http://soleil80.cs.technik.fhnw.ch/solarradio/data/2002-20yy_Callisto/2024/09/29/USA-BOSTON_20240929_113000_63.fit.gz,train,190.0,3600.0
480,480,2635,5516,FITfiles/2024-06-02/UMICH_20240602_003810_59.fit,2024-06-02 00:38:10,0,0,10730.3271484375,http://soleil80.cs.technik.fhnw.ch/solarradio/data/2002-20yy_Callisto/2024/06/02/ALASKA-HAARP_20240602_044500_63.fit.gz,train,190.0,3600.0
481,481,5872,4345,FITfiles/2024-08-03/Beelink1_20240803_064500_59.fit,2024-08-03 06:45:00,0,0,10106.650390625,http://soleil80.cs.technik.fhnw.ch/solarradio/data/2002-20yy_Callisto/2024/08/03/USA-BOSTON_20240803_104500_01.fit.gz,train,190.0,3600.0
482,482,5829,4398,FITfiles/2024-08-02/Beelink1_20240802_103000_59.fit,2024-08-02 10:30:00,0,0,10049.546875,http://soleil80.cs.technik.fhnw.ch/solarradio/data/2002-20yy_Callisto/2024/08/02/MEXICO-LANCE-A_20240802_143000_63.fit.gz,train,190.0,3600.0
483,483,973,7512,FITfiles/2024-04-18/Beelink1_20240418_114500_59.fit,2024-04-18 11:45:00,0,0,22412.751953125,http://soleil80.cs.technik.fhnw.ch/solarradio/data/2002-20yy_Callisto/2024/04/18/ALASKA-HAARP_20240418_154500_63.fit.gz,valid,190.0,3600.0
484,484,4115,7843,FITfiles/2024-06-27/UMICH_20240627_101500_59.fit,2024-06-27 10:15:00,0,0,10789.0205078125,http://soleil80.cs.technik.fhnw.ch/solarradio/data/2002-20yy_Callisto/2024/06/27/MEXART_20240627_141500_59.fit.gz,test,190.0,3600.0
485,485,1322,6036,FITfiles/2024-04-24/Beelink1_20240424_120000_59.fit,2024-04-24 12:00:00,0,0,22410.626953125,http://soleil80.cs.technik.fhnw.ch/solarradio/data/2002-20yy_Callisto/2024/04/24/USA-BOSTON_20240424_160000_63.fit.gz,train,190.0,3600.0
486,486,7355,1845,FITfiles/2024-09-19/UMICH_20240919_090000_59.fit,2024-09-19 09:00:00,0,0,11659.1611328125,http://soleil80.cs.technik.fhnw.ch/solarradio/data/2002-20yy_Callisto/2024/09/19/MEXICO-LANCE-B_20240919_130000_62.fit.gz,train,190.0,3600.0
487,487,1656,6809,FITfiles/2024-04-30/Beelink1_20240430_083000_59.fit,2024-04-30 08:30:00,0,0,22328.091796875,http://soleil80.cs.technik.fhnw.ch/solarradio/data/2002-20yy_Callisto/2024/04/30/MEXICO-LANCE-B_20240430_123000_62.fit.gz,valid,190.0,3600.0
488,488,3189,2684,FITfiles/2024-06-11/UMICH_20240611_105959_59.fit,2024-06-11 10:59:59,0,0,10806.0703125,http://soleil80.cs.technik.fhnw.ch/solarradio/data/2002-20yy_Callisto/2024/06/11/MEXICO-LANCE-B_20240611_145959_62.fit.gz,train,190.0,3600.0
489,489,3664,8123,FITfiles/2024-06-19/UMICH_20240619_134500_59.fit,2024-06-19 13:45:00,0,0,10419.0068359375,http://soleil80.cs.technik.fhnw.ch/solarradio/data/2002-20yy_Callisto/2024/06/19/MEXART_20240619_174500_59.fit.gz,test,190.0,3600.0
490,490,4562,2854,FITfiles/2024-07-05/Beelink1_20240705_151500_59.fit,2024-07-05 15:15:00,0,0,10102.1015625,http://soleil80.cs.technik.fhnw.ch/solarradio/data/2002-20yy_Callisto/2024/07/05/MEXICO-LANCE-B_20240705_191500_62.fit.gz,train,190.0,3600.0
491,491,9227,119,FITfiles/2024-11-04/Beelink1_20241104_121500_59.fit,2024-11-04 12:15:00,0,0,37223.08984375,http://soleil80.cs.technik.fhnw.ch/solarradio/data/2002-20yy_Callisto/2024/11/04/ALASKA-HAARP_20241104_171500_63.fit.gz,train,190.0,3589.0
492,492,4643,4736,FITfiles/2024-07-07/Beelink1_20240707_063000_59.fit,2024-07-07 06:30:00,0,0,10150.7451171875,http://soleil80.cs.technik.fhnw.ch/solarradio/data/2002-20yy_Callisto/2024/07/07/USA-BOSTON_20240707_103000_63.fit.gz,valid,190.0,3600.0
493,493,6741,9371,FITfiles/2024-09-06/UMICH_20240906_174500_59.fit,2024-09-06 17:45:00,0,0,10120.705078125,http://soleil80.cs.technik.fhnw.ch/solarradio/data/2002-20yy_Callisto/2024/09/06/USA-BOSTON_20240906_214500_63.fit.gz,train,190.0,3600.0
494,494,6904,3087,FITfiles/2024-09-09/UMICH_20240909_150000_59.fit,2024-09-09 15:00:00,0,0,9944.6064453125,http://soleil80.cs.technik.fhnw.ch/solarradio/data/2002-20yy_Callisto/2024/09/09/MEXICO-LANCE-A_20240909_190000_63.fit.gz,train,190.0,3600.0
495,495,3851,2182,FITfiles/2024-06-22/UMICH_20240622_164500_59.fit,2024-06-22 16:45:00,0,0,10478.6787109375,http://soleil80.cs.technik.fhnw.ch/solarradio/data/2002-20yy_Callisto/2024/06/22/USA-BOSTON_20240622_204500_63.fit.gz,train,190.0,3600.0
496,496,7987,8420,FITfiles/2024-09-30/UMICH_20240930_121500_59.fit,2024-09-30 12:15:00,0,0,33921.06640625,http://soleil80.cs.technik.fhnw.ch/solarradio/data/2002-20yy_Callisto/2024/09/30/USA-BOSTON_20240930_161500_63.fit.gz,test,190.0,3590.0
497,497,2542,8567,FITfiles/2024-05-31/UMICH_20240531_073000_59.fit,2024-05-31 07:30:00,0,0,11099.21484375,http://soleil80.cs.technik.fhnw.ch/solarradio/data/2002-20yy_Callisto/2024/05/31/USA-BOSTON_20240531_113000_63.fit.gz,train,190.0,3600.0
498,498,351,1773,FITfiles/2024-04-04/Beelink1_20240404_203000_59.fit,2024-04-04 20:30:00,0,0,11558.521484375,http://soleil80.cs.technik.fhnw.ch/solarradio/data/2002-20yy_Callisto/2024/04/05/ALASKA-HAARP_20240405_003000_63.fit.gz,train,190.0,3600.0
499,499,3073,8844,FITfiles/2024-06-09/UMICH_20240609_105959_59.fit,2024-06-09 10:59:59,0,0,10966.19140625,http://soleil80.cs.technik.fhnw.ch/solarradio/data/2002-20yy_Callisto/2024/06/09/MEXICO-LANCE-B_20240609_145959_62.fit.gz,train,190.0,3600.0
500,500,5006,3000,FITfiles/2024-07-19/Beelink1_20240719_093000_59.fit,2024-07-19 09:30:00,0,0,10119.2919921875,http://soleil80.cs.technik.fhnw.ch/solarradio/data/2002-20yy_Callisto/2024/07/19/MEXICO-LANCE-B_20240719_133000_62.fit.gz,train,190.0,3600.0
501,501,9691,1324,FITfiles/2024-11-12/Beelink1_20241112_131500_59.fit,2024-11-12 13:15:00,0,0,33556.29296875,http://soleil80.cs.technik.fhnw.ch/solarradio/data/2002-20yy_Callisto/2024/11/12/GREENLAND_20241112_181500_63.fit.gz,train,190.0,3600.0
502,502,4320,2496,FITfiles/2024-07-01/UMICH_20240701_131500_59.fit,2024-07-01 13:15:00,0,0,10448.681640625,http://soleil80.cs.technik.fhnw.ch/solarradio/data/2002-20yy_Callisto/2024/07/01/USA-BOSTON_20240701_171500_01.fit.gz,test,190.0,3600.0
503,503,1823,4578,FITfiles/2024-05-18/UMICH_20240518_163000_59.fit,2024-05-18 16:30:00,0,0,10459.517578125,http://soleil80.cs.technik.fhnw.ch/solarradio/data/2002-20yy_Callisto/2024/05/18/MEXICO-LANCE-B_20240518_203000_62.fit.gz,valid,190.0,3600.0
504,504,6876,4176,FITfiles/2024-09-09/UMICH_20240909_080000_59.fit,2024-09-09 08:00:00,0,0,10113.775390625,http://soleil80.cs.technik.fhnw.ch/solarradio/data/2002-20yy_Callisto/2024/09/09/MEXICO-LANCE-A_20240909_120000_63.fit.gz,train,190.0,3600.0
505,505,4282,7967,FITfiles/2024-06-30/UMICH_20240630_181500_59.fit,2024-06-30 18:15:00,0,0,10621.6572265625,http://soleil80.cs.technik.fhnw.ch/solarradio/data/2002-20yy_Callisto/2024/06/30/USA-BOSTON_20240630_221500_63.fit.gz,train,190.0,3592.0
506,506,6746,9350,FITfiles/2024-09-06/UMICH_20240906_190000_59.fit,2024-09-06 19:00:00,0,0,10136.4453125,http://soleil80.cs.technik.fhnw.ch/solarradio/data/2002-20yy_Callisto/2024/09/06/MEXICO-LANCE-B_20240906_230000_62.fit.gz,valid,190.0,3600.0
507,507,2411,6801,FITfiles/2024-05-28/UMICH_20240528_183000_59.fit,2024-05-28 18:30:00,0,0,11262.263671875,http://soleil80.cs.technik.fhnw.ch/solarradio/data/2002-20yy_Callisto/2024/05/28/USA-BOSTON_20240528_223000_63.fit.gz,train,190.0,3600.0
508,508,3125,1754,FITfiles/2024-06-10/UMICH_20240610_093000_59.fit,2024-06-10 09:30:00,0,0,10851.1328125,http://soleil80.cs.technik.fhnw.ch/solarradio/data/2002-20yy_Callisto/2024/06/10/MEXICO-LANCE-B_20240610_133000_62.fit.gz,train,190.0,3600.0
509,509,3472,5489,FITfiles/2024-06-16/UMICH_20240616_091500_59.fit,2024-06-16 09:15:00,0,0,10821.27734375,http://soleil80.cs.technik.fhnw.ch/solarradio/data/2002-20yy_Callisto/2024/06/16/MEXART_20240616_131500_59.fit.gz,train,190.0,3600.0
510,510,545,6236,FITfiles/2024-04-08/Beelink1_20240408_113000_59.fit,2024-04-08 11:30:00,0,0,22128.82421875,http://soleil80.cs.technik.fhnw.ch/solarradio/data/2002-20yy_Callisto/2024/04/08/ALASKA-HAARP_20240408_153000_63.fit.gz,train,190.0,3600.0
511,511,9634,1561,FITfiles/2024-11-11/Beelink1_20241111_133000_59.fit,2024-11-11 13:30:00,0,0,32676.591796875,http://soleil80.cs.technik.fhnw.ch/solarradio/data/2002-20yy_Callisto/2024/11/11/GREENLAND_20241111_183000_63.fit.gz,train,190.0,3600.0
512,512,3888,4483,FITfiles/2024-06-23/UMICH_20240623_112959_59.fit,2024-06-23 11:29:59,0,0,10655.728515625,http://soleil80.cs.technik.fhnw.ch/solarradio/data/2002-20yy_Callisto/2024/06/23/MEXICO-LANCE-A_20240623_152959_63.fit.gz,valid,190.0,3600.0
513,513,9129,543,FITfiles/2024-11-02/Beelink1_20241102_164500_59.fit,2024-11-02 16:45:00,0,0,37365.82421875,http://soleil80.cs.technik.fhnw.ch/solarradio/data/2002-20yy_Callisto/2024/11/02/GREENLAND_20241102_204500_63.fit.gz,train,190.0,3600.0
514,514,1873,2267,FITfiles/2024-05-19/UMICH_20240519_143000_59.fit,2024-05-19 14:30:00,0,0,10439.2431640625,http://soleil80.cs.technik.fhnw.ch/solarradio/data/2002-20yy_Callisto/2024/05/19/MEXICO-LANCE-B_20240519_183000_62.fit.gz,valid,190.0,3600.0
515,515,6573,9195,FITfiles/2024-09-03/UMICH_20240903_191500_59.fit,2024-09-03 19:15:00,0,0,10120.2861328125,http://soleil80.cs.technik.fhnw.ch/solarradio/data/2002-20yy_Callisto/2024/09/03/MEXICO-LANCE-B_20240903_231500_62.fit.gz,train,190.0,3600.0
516,516,2604,3612,FITfiles/2024-06-01/UMICH_20240601_134500_59.fit,2024-06-01 13:45:00,0,0,10498.9765625,http://soleil80.cs.technik.fhnw.ch/solarradio/data/2002-20yy_Callisto/2024/06/01/USA-BOSTON_20240601_174500_01.fit.gz,train,190.0,3600.0
517,517,3067,8851,FITfiles/2024-06-09/UMICH_20240609_093000_59.fit,2024-06-09 09:30:00,0,0,11078.515625,http://soleil80.cs.technik.fhnw.ch/solarradio/data/2002-20yy_Callisto/2024/06/09/MEXICO-LANCE-B_20240609_133000_62.fit.gz,train,190.0,3600.0
518,518,6343,9515,FITfiles/2024-08-11/Beelink1_20240811_083000_59.fit,2024-08-11 08:30:00,0,0,10105.3291015625,http://soleil80.cs.technik.fhnw.ch/solarradio/data/2002-20yy_Callisto/2024/08/11/MEXICO-LANCE-B_20240811_123000_62.fit.gz,train,190.0,3600.0
519,519,1480,5642,FITfiles/2024-04-27/Beelink1_20240427_080000_59.fit,2024-04-27 08:00:00,0,0,22435.509765625,http://soleil80.cs.technik.fhnw.ch/solarradio/data/2002-20yy_Callisto/2024/04/27/USA-BOSTON_20240427_120000_01.fit.gz,valid,190.0,3600.0
520,520,3527,6999,FITfiles/2024-06-17/UMICH_20240617_083000_59.fit,2024-06-17 08:30:00,0,0,11151.0810546875,http://soleil80.cs.technik.fhnw.ch/solarradio/data/2002-20yy_Callisto/2024/06/17/USA-BOSTON_20240617_123000_01.fit.gz,train,190.0,3600.0
521,521,337,3228,FITfiles/2024-03-30/Beelink1_20240330_200000_59.fit,2024-03-30 20:00:00,0,0,11588.87109375,http://soleil80.cs.technik.fhnw.ch/solarradio/data/2002-20yy_Callisto/2024/03/31/ALASKA-COHOE_20240331_000000_62.fit.gz,test,190.0,3600.0
522,522,7520,208,FITfiles/2024-09-22/UMICH_20240922_064500_59.fit,2024-09-22 06:45:00,0,0,11145.3271484375,http://soleil80.cs.technik.fhnw.ch/solarradio/data/2002-20yy_Callisto/2024/09/22/USA-BOSTON_20240922_104500_63.fit.gz,train,190.0,3600.0
523,523,1578,7697,FITfiles/2024-04-28/Beelink1_20240428_180000_59.fit,2024-04-28 18:00:00,0,0,21847.634765625,http://soleil80.cs.technik.fhnw.ch/solarradio/data/2002-20yy_Callisto/2024/04/28/USA-BOSTON_20240428_220000_63.fit.gz,test,190.0,3600.0
524,524,7727,6949,FITfiles/2024-09-25/UMICH_20240925_194500_59.fit,2024-09-25 19:45:00,0,0,35797.1953125,http://soleil80.cs.technik.fhnw.ch/solarradio/data/2002-20yy_Callisto/2024/09/25/ALASKA-COHOE_20240925_234500_62.fit.gz,test,190.0,3600.0
525,525,6039,4116,FITfiles/2024-08-05/Beelink1_20240805_193000_59.fit,2024-08-05 19:30:00,0,0,10038.3359375,http://soleil80.cs.technik.fhnw.ch/solarradio/data/2002-20yy_Callisto/2024/08/05/GREENLAND_20240805_233000_63.fit.gz,train,190.0,3600.0
526,526,966,7507,FITfiles/2024-04-18/Beelink1_20240418_100000_59.fit,2024-04-18 10:00:00,0,0,22414.501953125,http://soleil80.cs.technik.fhnw.ch/solarradio/data/2002-20yy_Callisto/2024/04/18/MEXICO-LANCE-B_20240418_140000_62.fit.gz,train,190.0,3600.0
527,527,3706,3441,FITfiles/2024-06-20/UMICH_20240620_093000_59.fit,2024-06-20 09:30:00,0,0,11144.1640625,http://soleil80.cs.technik.fhnw.ch/solarradio/data/2002-20yy_Callisto/2024/06/20/MEXICO-LANCE-A_20240620_133000_63.fit.gz,test,190.0,3600.0
528,528,9561,618,FITfiles/2024-11-10/Beelink1_20241110_084500_59.fit,2024-11-10 08:45:00,0,0,37282.26953125,http://soleil80.cs.technik.fhnw.ch/solarradio/data/2002-20yy_Callisto/2024/11/10/USA-BOSTON_20241110_134500_01.fit.gz,valid,190.0,3600.0
529,529,8652,50,FITfiles/2024-10-25/Beelink1_20241025_133000_59.fit,2024-10-25 13:30:00,0,0,36881.94140625,http://soleil80.cs.technik.fhnw.ch/solarradio/data/2002-20yy_Callisto/2024/10/25/ALASKA-HAARP_20241025_173000_63.fit.gz,valid,190.0,3600.0
530,530,1647,3056,FITfiles/2024-04-29/Beelink1_20240429_204500_59.fit,2024-04-29 20:45:00,0,0,22527.931640625,http://soleil80.cs.technik.fhnw.ch/solarradio/data/2002-20yy_Callisto/2024/04/30/ALASKA-HAARP_20240430_004500_63.fit.gz,train,190.0,3591.0
531,531,8808,455,FITfiles/2024-10-28/Beelink1_20241028_090000_59.fit,2024-10-28 09:00:00,0,0,36987.83203125,http://soleil80.cs.technik.fhnw.ch/solarradio/data/2002-20yy_Callisto/2024/10/28/USA-BOSTON_20241028_130000_63.fit.gz,valid,190.0,3600.0
532,532,23,7713,FITfiles/2024-02-04/Beelink1_20240204_164300_01.fit,2024-02-04 16:43:00,0,0,22010.052734375,http://soleil80.cs.technik.fhnw.ch/solarradio/data/2002-20yy_Callisto/2024/02/04/ALASKA-HAARP_20240204_214500_63.fit.gz,train,190.0,3600.0
533,533,5114,3997,FITfiles/2024-07-21/Beelink1_20240721_073000_59.fit,2024-07-21 07:30:00,0,0,10121.927734375,http://soleil80.cs.technik.fhnw.ch/solarradio/data/2002-20yy_Callisto/2024/07/21/USA-BOSTON_20240721_113000_01.fit.gz,train,190.0,3600.0
534,534,4183,2574,FITfiles/2024-06-28/UMICH_20240628_124500_59.fit,2024-06-28 12:45:00,0,0,10639.294921875,http://soleil80.cs.technik.fhnw.ch/solarradio/data/2002-20yy_Callisto/2024/06/28/MEXART_20240628_164500_59.fit.gz,test,190.0,3600.0
535,535,592,5569,FITfiles/2024-04-09/Beelink1_20240409_084500_59.fit,2024-04-09 08:45:00,0,0,23261.40625,http://soleil80.cs.technik.fhnw.ch/solarradio/data/2002-20yy_Callisto/2024/04/09/MEXICO-LANCE-B_20240409_124500_62.fit.gz,train,190.0,3600.0
536,536,1124,8315,FITfiles/2024-04-20/Beelink1_20240420_203000_59.fit,2024-04-20 20:30:00,0,0,22533.296875,http://soleil80.cs.technik.fhnw.ch/solarradio/data/2002-20yy_Callisto/2024/04/21/ALASKA-HAARP_20240421_003000_63.fit.gz,valid,190.0,3600.0
537,537,579,6201,FITfiles/2024-04-08/Beelink1_20240408_200000_59.fit,2024-04-08 20:00:00,0,0,22158.169921875,http://soleil80.cs.technik.fhnw.ch/solarradio/data/2002-20yy_Callisto/2024/04/09/ALASKA-HAARP_20240409_000000_63.fit.gz,valid,190.0,3600.0
538,538,1110,8322,FITfiles/2024-04-20/Beelink1_20240420_170000_59.fit,2024-04-20 17:00:00,0,0,22519.798828125,http://soleil80.cs.technik.fhnw.ch/solarradio/data/2002-20yy_Callisto/2024/04/20/USA-BOSTON_20240420_210000_63.fit.gz,test,190.0,3600.0
539,539,4456,8731,FITfiles/2024-07-03/Beelink1_20240703_174500_59.fit,2024-07-03 17:45:00,0,0,10020.826171875,http://soleil80.cs.technik.fhnw.ch/solarradio/data/2002-20yy_Callisto/2024/07/03/USA-BOSTON_20240703_214500_63.fit.gz,train,190.0,3600.0
540,540,8677,56,FITfiles/2024-10-25/Beelink1_20241025_194500_59.fit,2024-10-25 19:45:00,0,0,37034.3515625,http://soleil80.cs.technik.fhnw.ch/solarradio/data/2002-20yy_Callisto/2024/10/25/ALASKA-HAARP_20241025_234500_63.fit.gz,train,190.0,3600.0
541,541,9647,1586,FITfiles/2024-11-11/Beelink1_20241111_164500_59.fit,2024-11-11 16:45:00,0,0,33678.765625,http://soleil80.cs.technik.fhnw.ch/solarradio/data/2002-20yy_Callisto/2024/11/11/ALASKA-HAARP_20241111_214500_63.fit.gz,test,190.0,3600.0
542,542,9604,700,FITfiles/2024-11-10/Beelink1_20241110_203000_59.fit,2024-11-10 20:30:00,0,0,33456.1875,http://soleil80.cs.technik.fhnw.ch/solarradio/data/2002-20yy_Callisto/2024/11/11/ALASKA-HAARP_20241111_013000_63.fit.gz,train,190.0,3600.0
543,543,8019,8452,FITfiles/2024-09-30/UMICH_20240930_201500_59.fit,2024-09-30 20:15:00,0,0,35435.8828125,http://soleil80.cs.technik.fhnw.ch/solarradio/data/2002-20yy_Callisto/2024/10/01/ALASKA-COHOE_20241001_001500_62.fit.gz,valid,190.0,3589.0
544,544,4556,2857,FITfiles/2024-07-05/Beelink1_20240705_134500_59.fit,2024-07-05 13:45:00,0,0,10132.166015625,http://soleil80.cs.technik.fhnw.ch/solarradio/data/2002-20yy_Callisto/2024/07/05/USA-BOSTON_20240705_174500_01.fit.gz,test,190.0,3600.0
545,545,3209,2664,FITfiles/2024-06-11/UMICH_20240611_160000_59.fit,2024-06-11 16:00:00,0,0,10361.4814453125,http://soleil80.cs.technik.fhnw.ch/solarradio/data/2002-20yy_Callisto/2024/06/11/MEXICO-LANCE-B_20240611_200000_62.fit.gz,train,190.0,3600.0
546,546,625,5520,FITfiles/2024-04-09/Beelink1_20240409_170000_59.fit,2024-04-09 17:00:00,0,0,21477.314453125,http://soleil80.cs.technik.fhnw.ch/solarradio/data/2002-20yy_Callisto/2024/04/09/MEXICO-LANCE-A_20240409_210000_63.fit.gz,test,190.0,3600.0
547,547,2577,3647,FITfiles/2024-06-01/UMICH_20240601_070000_59.fit,2024-06-01 07:00:00,0,0,11655.9384765625,http://soleil80.cs.technik.fhnw.ch/solarradio/data/2002-20yy_Callisto/2024/06/01/USA-BOSTON_20240601_110000_01.fit.gz,valid,190.0,3600.0
548,548,2436,4096,FITfiles/2024-05-29/UMICH_20240529_100000_59.fit,2024-05-29 10:00:00,0,0,10823.7470703125,http://soleil80.cs.technik.fhnw.ch/solarradio/data/2002-20yy_Callisto/2024/05/29/MEXICO-LANCE-B_20240529_140000_62.fit.gz,train,190.0,3600.0
549,549,7406,1243,FITfiles/2024-09-20/UMICH_20240920_071500_59.fit,2024-09-20 07:15:00,0,0,11479.7265625,http://soleil80.cs.technik.fhnw.ch/solarradio/data/2002-20yy_Callisto/2024/09/20/USA-BOSTON_20240920_111500_01.fit.gz,train,190.0,3600.0
550,550,2794,8062,FITfiles/2024-06-04/UMICH_20240604_133000_59.fit,2024-06-04 13:30:00,0,0,10448.921875,http://soleil80.cs.technik.fhnw.ch/solarradio/data/2002-20yy_Callisto/2024/06/04/USA-BOSTON_20240604_173000_63.fit.gz,train,190.0,3600.0
551,551,4790,5013,FITfiles/2024-07-15/Beelink1_20240715_133000_59.fit,2024-07-15 13:30:00,0,0,10004.525390625,http://soleil80.cs.technik.fhnw.ch/solarradio/data/2002-20yy_Callisto/2024/07/15/ALASKA-HAARP_20240715_173000_63.fit.gz,train,190.0,3600.0
552,552,7107,9408,FITfiles/2024-09-14/UMICH_20240914_193000_59.fit,2024-09-14 19:30:00,0,0,10792.9228515625,http://soleil80.cs.technik.fhnw.ch/solarradio/data/2002-20yy_Callisto/2024/09/14/MEXART_20240914_233000_59.fit.gz,train,190.0,3600.0
553,553,9719,1419,FITfiles/2024-11-12/Beelink1_20241112_201500_59.fit,2024-11-12 20:15:00,0,0,33713.484375,http://soleil80.cs.technik.fhnw.ch/solarradio/data/2002-20yy_Callisto/2024/11/13/ALASKA-HAARP_20241113_011500_63.fit.gz,test,190.0,3590.0
554,554,7721,6956,FITfiles/2024-09-25/UMICH_20240925_181500_59.fit,2024-09-25 18:15:00,0,0,34762.94140625,http://soleil80.cs.technik.fhnw.ch/solarradio/data/2002-20yy_Callisto/2024/09/25/GREENLAND_20240925_221500_63.fit.gz,train,190.0,3589.0
555,555,3687,8092,FITfiles/2024-06-19/UMICH_20240619_191500_59.fit,2024-06-19 19:15:00,0,0,10491.41796875,http://soleil80.cs.technik.fhnw.ch/solarradio/data/2002-20yy_Callisto/2024/06/19/MEXART_20240619_231500_59.fit.gz,test,190.0,3600.0
556,556,4249,2437,FITfiles/2024-06-29/UMICH_20240629_144500_59.fit,2024-06-29 14:45:00,0,0,10317.9501953125,http://soleil80.cs.technik.fhnw.ch/solarradio/data/2002-20yy_Callisto/2024/06/29/MEXICO-LANCE-B_20240629_184500_62.fit.gz,train,190.0,3600.0
557,557,5633,6654,FITfiles/2024-07-29/Beelink1_20240729_193000_59.fit,2024-07-29 19:30:00,0,0,10024.7138671875,http://soleil80.cs.technik.fhnw.ch/solarradio/data/2002-20yy_Callisto/2024/07/29/MEXART_20240729_233000_59.fit.gz,test,190.0,3600.0
558,558,1194,3391,FITfiles/2024-04-22/Beelink1_20240422_090000_59.fit,2024-04-22 09:00:00,0,0,22499.150390625,http://soleil80.cs.technik.fhnw.ch/solarradio/data/2002-20yy_Callisto/2024/04/22/MEXICO-LANCE-B_20240422_130000_62.fit.gz,test,190.0,3600.0
559,559,9282,399,FITfiles/2024-11-05/Beelink1_20241105_113000_59.fit,2024-11-05 11:30:00,0,0,36836.9140625,http://soleil80.cs.technik.fhnw.ch/solarradio/data/2002-20yy_Callisto/2024/11/05/USA-BOSTON_20241105_163000_63.fit.gz,train,190.0,3600.0
560,560,6054,4246,FITfiles/2024-08-06/Beelink1_20240806_084500_59.fit,2024-08-06 08:45:00,0,0,10093.3671875,http://soleil80.cs.technik.fhnw.ch/solarradio/data/2002-20yy_Callisto/2024/08/06/MEXICO-LANCE-B_20240806_124500_62.fit.gz,train,190.0,3600.0
561,561,3236,8923,FITfiles/2024-06-12/UMICH_20240612_081500_59.fit,2024-06-12 08:15:00,0,0,11587.2626953125,http://soleil80.cs.technik.fhnw.ch/solarradio/data/2002-20yy_Callisto/2024/06/12/MEXICO-LANCE-B_20240612_121500_62.fit.gz,test,190.0,3593.0
562,562,9189,880,FITfiles/2024-11-03/Beelink1_20241103_171500_59.fit,2024-11-03 17:15:00,0,0,38099.17578125,http://soleil80.cs.technik.fhnw.ch/solarradio/data/2002-20yy_Callisto/2024/11/03/ALASKA-HAARP_20241103_221500_63.fit.gz,test,190.0,3600.0
563,563,6924,2121,FITfiles/2024-09-09/UMICH_20240909_200000_59.fit,2024-09-09 20:00:00,0,0,10101.703125,http://soleil80.cs.technik.fhnw.ch/solarradio/data/2002-20yy_Callisto/2024/09/10/MEXICO-LANCE-B_20240910_000000_62.fit.gz,train,190.0,3600.0
564,564,4656,4726,FITfiles/2024-07-07/Beelink1_20240707_094500_59.fit,2024-07-07 09:45:00,0,0,10130.2734375,http://soleil80.cs.technik.fhnw.ch/solarradio/data/2002-20yy_Callisto/2024/07/07/MEXICO-LANCE-B_20240707_134500_62.fit.gz,valid,190.0,3600.0
565,565,7666,5882,FITfiles/2024-09-24/UMICH_20240924_190000_59.fit,2024-09-24 19:00:00,0,0,35497.2265625,http://soleil80.cs.technik.fhnw.ch/solarradio/data/2002-20yy_Callisto/2024/09/24/GREENLAND_20240924_230000_63.fit.gz,train,190.0,3600.0
566,566,8595,1267,FITfiles/2024-10-24/Beelink1_20241024_134500_59.fit,2024-10-24 13:45:00,0,0,36970.35546875,http://soleil80.cs.technik.fhnw.ch/solarradio/data/2002-20yy_Callisto/2024/10/24/ALASKA-HAARP_20241024_174500_63.fit.gz,train,190.0,3600.0
567,567,7956,6424,FITfiles/2024-09-29/UMICH_20240929_190000_59.fit,2024-09-29 19:00:00,0,0,35351.98046875,http://soleil80.cs.technik.fhnw.ch/solarradio/data/2002-20yy_Callisto/2024/09/29/MEXART_20240929_230000_59.fit.gz,train,190.0,3600.0
568,568,927,7578,FITfiles/2024-04-17/Beelink1_20240417_144500_59.fit,2024-04-17 14:45:00,0,0,22329.828125,http://soleil80.cs.technik.fhnw.ch/solarradio/data/2002-20yy_Callisto/2024/04/17/MEXICO-LANCE-B_20240417_184500_62.fit.gz,test,190.0,3600.0
569,569,2969,7218,FITfiles/2024-06-07/UMICH_20240607_134500_59.fit,2024-06-07 13:45:00,0,0,10747.337890625,http://soleil80.cs.technik.fhnw.ch/solarradio/data/2002-20yy_Callisto/2024/06/07/USA-BOSTON_20240607_174500_01.fit.gz,test,190.0,3600.0
570,570,5390,6516,FITfiles/2024-07-25/Beelink1_20240725_164500_59.fit,2024-07-25 16:45:00,0,0,9947.4365234375,http://soleil80.cs.technik.fhnw.ch/solarradio/data/2002-20yy_Callisto/2024/07/25/MEXICO-LANCE-A_20240725_204500_63.fit.gz,valid,190.0,3600.0
571,571,3063,8856,FITfiles/2024-06-09/UMICH_20240609_083000_59.fit,2024-06-09 08:30:00,0,0,10831.353515625,http://soleil80.cs.technik.fhnw.ch/solarradio/data/2002-20yy_Callisto/2024/06/09/MEXICO-LANCE-B_20240609_123000_62.fit.gz,train,190.0,3600.0
572,572,1183,2303,FITfiles/2024-04-21/Beelink1_20240421_204500_59.fit,2024-04-21 20:45:00,0,0,22500.19921875,http://soleil80.cs.technik.fhnw.ch/solarradio/data/2002-20yy_Callisto/2024/04/22/ALASKA-HAARP_20240422_004500_63.fit.gz,train,190.0,3590.0
573,573,1710,5372,FITfiles/2024-05-01/Beelink1_20240501_073000_59.fit,2024-05-01 07:30:00,0,0,22968.640625,http://soleil80.cs.technik.fhnw.ch/solarradio/data/2002-20yy_Callisto/2024/05/01/USA-BOSTON_20240501_113000_01.fit.gz,valid,190.0,3600.0
574,574,6151,5775,FITfiles/2024-08-07/Beelink1_20240807_183000_59.fit,2024-08-07 18:30:00,0,0,10050.962890625,http://soleil80.cs.technik.fhnw.ch/solarradio/data/2002-20yy_Callisto/2024/08/07/GREENLAND_20240807_223000_63.fit.gz,train,190.0,3600.0
575,575,7046,1498,FITfiles/2024-09-13/UMICH_20240913_184500_59.fit,2024-09-13 18:45:00,0,0,10700.4814453125,http://soleil80.cs.technik.fhnw.ch/solarradio/data/2002-20yy_Callisto/2024/09/13/GREENLAND_20240913_224500_63.fit.gz,train,190.0,3600.0
576,576,4980,5039,FITfiles/2024-07-18/Beelink1_20240718_173000_59.fit,2024-07-18 17:30:00,0,0,10000.5439453125,http://soleil80.cs.technik.fhnw.ch/solarradio/data/2002-20yy_Callisto/2024/07/18/USA-BOSTON_20240718_213000_63.fit.gz,train,190.0,3600.0
577,577,9596,712,FITfiles/2024-11-10/Beelink1_20241110_183000_59.fit,2024-11-10 18:30:00,0,0,34362.36328125,http://soleil80.cs.technik.fhnw.ch/solarradio/data/2002-20yy_Callisto/2024/11/10/GREENLAND_20241110_233000_63.fit.gz,valid,190.0,3600.0
578,578,2548,8547,FITfiles/2024-05-31/UMICH_20240531_090000_59.fit,2024-05-31 09:00:00,0,0,11614.07421875,http://soleil80.cs.technik.fhnw.ch/solarradio/data/2002-20yy_Callisto/2024/05/31/MEXICO-LANCE-B_20240531_130000_62.fit.gz,train,190.0,3600.0
579,579,2835,6371,FITfiles/2024-06-05/UMICH_20240605_091500_59.fit,2024-06-05 09:15:00,0,0,10751.3603515625,http://soleil80.cs.technik.fhnw.ch/solarradio/data/2002-20yy_Callisto/2024/06/05/MEXICO-LANCE-B_20240605_131500_62.fit.gz,valid,190.0,3600.0
580,580,1501,5612,FITfiles/2024-04-27/Beelink1_20240427_131500_59.fit,2024-04-27 13:15:00,0,0,22085.05859375,http://soleil80.cs.technik.fhnw.ch/solarradio/data/2002-20yy_Callisto/2024/04/27/USA-BOSTON_20240427_171500_63.fit.gz,train,190.0,3600.0
581,581,6994,8930,FITfiles/2024-09-11/UMICH_20240911_083000_59.fit,2024-09-11 08:30:00,0,0,10101.4990234375,http://soleil80.cs.technik.fhnw.ch/solarradio/data/2002-20yy_Callisto/2024/09/11/MEXICO-LANCE-B_20240911_123000_62.fit.gz,train,190.0,3600.0
582,582,8957,9618,FITfiles/2024-10-30/Beelink1_20241030_171500_59.fit,2024-10-30 17:15:00,0,0,35535.109375,http://soleil80.cs.technik.fhnw.ch/solarradio/data/2002-20yy_Callisto/2024/10/30/ALASKA-HAARP_20241030_211500_63.fit.gz,train,190.0,3600.0
583,583,4361,8178,FITfiles/2024-07-02/UMICH_20240702_090000_59.fit,2024-07-02 09:00:00,0,0,10899.9501953125,http://soleil80.cs.technik.fhnw.ch/solarradio/data/2002-20yy_Callisto/2024/07/02/MEXICO-LANCE-B_20240702_130000_62.fit.gz,train,190.0,3600.0
584,584,7791,3106,FITfiles/2024-09-27/UMICH_20240927_064500_59.fit,2024-09-27 06:45:00,0,0,35678.12890625,http://soleil80.cs.technik.fhnw.ch/solarradio/data/2002-20yy_Callisto/2024/09/27/USA-BOSTON_20240927_104500_63.fit.gz,train,190.0,3600.0
585,585,3101,2100,FITfiles/2024-06-09/UMICH_20240609_180000_59.fit,2024-06-09 18:00:00,0,0,10717.1416015625,http://soleil80.cs.technik.fhnw.ch/solarradio/data/2002-20yy_Callisto/2024/06/09/USA-BOSTON_20240609_220000_63.fit.gz,train,190.0,3600.0
586,586,8269,5150,FITfiles/2024-10-05/UMICH_20241005_101500_59.fit,2024-10-05 10:15:00,0,0,36026.09375,http://soleil80.cs.technik.fhnw.ch/solarradio/data/2002-20yy_Callisto/2024/10/05/GREENLAND_20241005_141500_63.fit.gz,test,190.0,3600.0
587,587,9158,790,FITfiles/2024-11-03/Beelink1_20241103_093000_59.fit,2024-11-03 09:30:00,0,0,38089.875,http://soleil80.cs.technik.fhnw.ch/solarradio/data/2002-20yy_Callisto/2024/11/03/USA-BOSTON_20241103_143000_63.fit.gz,test,190.0,3600.0
588,588,4469,6499,FITfiles/2024-07-04/Beelink1_20240704_063000_59.fit,2024-07-04 06:30:00,0,0,10147.9462890625,http://soleil80.cs.technik.fhnw.ch/solarradio/data/2002-20yy_Callisto/2024/07/04/USA-BOSTON_20240704_103000_63.fit.gz,train,190.0,3600.0
589,589,1341,5966,FITfiles/2024-04-24/Beelink1_20240424_164500_59.fit,2024-04-24 16:45:00,0,0,22447.27734375,http://soleil80.cs.technik.fhnw.ch/solarradio/data/2002-20yy_Callisto/2024/04/24/MEXICO-LANCE-B_20240424_204500_62.fit.gz,train,190.0,3600.0
590,590,2184,6130,FITfiles/2024-05-24/UMICH_20240524_194500_59.fit,2024-05-24 19:45:00,0,0,10727.4765625,http://soleil80.cs.technik.fhnw.ch/solarradio/data/2002-20yy_Callisto/2024/05/24/USA-BOSTON_20240524_234500_63.fit.gz,train,190.0,3600.0
591,591,767,8500,FITfiles/2024-04-14/Beelink1_20240414_181500_59.fit,2024-04-14 18:15:00,0,0,21899.47265625,http://soleil80.cs.technik.fhnw.ch/solarradio/data/2002-20yy_Callisto/2024/04/14/ALASKA-HAARP_20240414_221500_63.fit.gz,valid,190.0,3590.0
592,592,7742,8786,FITfiles/2024-09-26/UMICH_20240926_090000_59.fit,2024-09-26 09:00:00,0,0,37621.1953125,http://soleil80.cs.technik.fhnw.ch/solarradio/data/2002-20yy_Callisto/2024/09/26/MEXICO-LANCE-B_20240926_130000_62.fit.gz,train,190.0,3600.0
593,593,5933,3008,FITfiles/2024-08-04/Beelink1_20240804_073000_59.fit,2024-08-04 07:30:00,0,0,10132.203125,http://soleil80.cs.technik.fhnw.ch/solarradio/data/2002-20yy_Callisto/2024/08/04/USA-BOSTON_20240804_113000_01.fit.gz,train,190.0,3600.0
594,594,6948,8390,FITfiles/2024-09-10/UMICH_20240910_112959_59.fit,2024-09-10 11:29:59,0,0,10139.5537109375,http://soleil80.cs.technik.fhnw.ch/solarradio/data/2002-20yy_Callisto/2024/09/10/MEXICO-LANCE-A_20240910_153000_63.fit.gz,train,190.0,3600.0
595,595,5089,7605,FITfiles/2024-07-20/Beelink1_20240720_154500_59.fit,2024-07-20 15:45:00,0,0,9977.46484375,http://soleil80.cs.technik.fhnw.ch/solarradio/data/2002-20yy_Callisto/2024/07/20/MEXICO-LANCE-B_20240720_194500_62.fit.gz,train,190.0,3600.0
596,596,7580,7339,FITfiles/2024-09-23/UMICH_20240923_120000_59.fit,2024-09-23 12:00:00,0,0,35295.69921875,http://soleil80.cs.technik.fhnw.ch/solarradio/data/2002-20yy_Callisto/2024/09/23/USA-BOSTON_20240923_160000_63.fit.gz,test,190.0,3600.0
597,597,4909,5909,FITfiles/2024-07-17/Beelink1_20240717_141500_59.fit,2024-07-17 14:15:00,0,0,10003.12890625,http://soleil80.cs.technik.fhnw.ch/solarradio/data/2002-20yy_Callisto/2024/07/17/USA-BOSTON_20240717_181500_01.fit.gz,train,190.0,3593.0
598,598,287,3284,FITfiles/2024-03-30/Beelink1_20240330_073000_59.fit,2024-03-30 07:30:00,0,0,12162.7490234375,http://soleil80.cs.technik.fhnw.ch/solarradio/data/2002-20yy_Callisto/2024/03/30/USA-BOSTON_20240330_113000_63.fit.gz,train,190.0,3600.0
599,599,7276,978,FITfiles/2024-09-17/UMICH_20240917_181500_59.fit,2024-09-17 18:15:00,0,0,10609.146484375,http://soleil80.cs.technik.fhnw.ch/solarradio/data/2002-20yy_Callisto/2024/09/17/MEXICO-LANCE-B_20240917_221500_62.fit.gz,train,190.0,3592.0
600,600,6477,9351,FITfiles/2024-09-02/UMICH_20240902_094500_59.fit,2024-09-02 09:45:00,0,0,10144.3251953125,http://soleil80.cs.technik.fhnw.ch/solarradio/data/2002-20yy_Callisto/2024/09/02/MEXICO-LANCE-B_20240902_134500_62.fit.gz,train,190.0,3600.0
601,601,8986,490,FITfiles/2024-10-31/Beelink1_20241031_100000_59.fit,2024-10-31 10:00:00,0,0,36508.48828125,http://soleil80.cs.technik.fhnw.ch/solarradio/data/2002-20yy_Callisto/2024/10/31/USA-BOSTON_20241031_140000_63.fit.gz,train,190.0,3600.0
602,602,6921,2296,FITfiles/2024-09-09/UMICH_20240909_191500_59.fit,2024-09-09 19:15:00,0,0,10091.5771484375,http://soleil80.cs.technik.fhnw.ch/solarradio/data/2002-20yy_Callisto/2024/09/09/MEXICO-LANCE-B_20240909_231500_62.fit.gz,test,190.0,3600.0
603,603,1331,6019,FITfiles/2024-04-24/Beelink1_20240424_141500_59.fit,2024-04-24 14:15:00,0,0,22405.2421875,http://soleil80.cs.technik.fhnw.ch/solarradio/data/2002-20yy_Callisto/2024/04/24/USA-BOSTON_20240424_181500_63.fit.gz,train,190.0,3590.0
604,604,4885,5988,FITfiles/2024-07-17/Beelink1_20240717_081500_59.fit,2024-07-17 08:15:00,0,0,10104.68359375,http://soleil80.cs.technik.fhnw.ch/solarradio/data/2002-20yy_Callisto/2024/07/17/MEXICO-LANCE-B_20240717_121500_62.fit.gz,test,190.0,3592.0
605,605,2170,6159,FITfiles/2024-05-24/UMICH_20240524_161500_59.fit,2024-05-24 16:15:00,0,0,10403.8662109375,http://soleil80.cs.technik.fhnw.ch/solarradio/data/2002-20yy_Callisto/2024/05/24/MEXICO-LANCE-B_20240524_201500_62.fit.gz,train,190.0,3592.0
606,606,8172,7111,FITfiles/2024-10-03/UMICH_20241003_150000_59.fit,2024-10-03 15:00:00,0,0,31406.724609375,http://soleil80.cs.technik.fhnw.ch/solarradio/data/2002-20yy_Callisto/2024/10/03/ALASKA-HAARP_20241003_190000_63.fit.gz,train,190.0,3600.0
607,607,170,7435,FITfiles/2024-03-11/Beelink1_20240311_173000_59.fit,2024-03-11 17:30:00,0,0,11338.15234375,http://soleil80.cs.technik.fhnw.ch/solarradio/data/2002-20yy_Callisto/2024/03/11/ALASKA-HAARP_20240311_213000_63.fit.gz,train,190.0,3600.0
608,608,268,2675,FITfiles/2024-03-29/Beelink1_20240329_171801_01.fit,2024-03-29 17:18:01,0,0,11318.6943359375,http://soleil80.cs.technik.fhnw.ch/solarradio/data/2002-20yy_Callisto/2024/03/29/MEXART_20240329_211500_59.fit.gz,train,190.0,3600.0
609,609,9358,9111,FITfiles/2024-11-06/Beelink1_20241106_160000_59.fit,2024-11-06 16:00:00,0,0,36896.23046875,http://soleil80.cs.technik.fhnw.ch/solarradio/data/2002-20yy_Callisto/2024/11/06/GREENLAND_20241106_210000_63.fit.gz,train,190.0,3600.0
610,610,317,3264,FITfiles/2024-03-30/Beelink1_20240330_150000_59.fit,2024-03-30 15:00:00,0,0,11647.556640625,http://soleil80.cs.technik.fhnw.ch/solarradio/data/2002-20yy_Callisto/2024/03/30/MEXICO-LANCE-B_20240330_190000_62.fit.gz,train,190.0,3600.0
611,611,2382,6758,FITfiles/2024-05-28/UMICH_20240528_111459_59.fit,2024-05-28 11:14:59,0,0,10788.6044921875,http://soleil80.cs.technik.fhnw.ch/solarradio/data/2002-20yy_Callisto/2024/05/28/MEXICO-LANCE-B_20240528_151459_62.fit.gz,train,190.0,3600.0
612,612,8817,468,FITfiles/2024-10-28/Beelink1_20241028_111500_59.fit,2024-10-28 11:15:00,0,0,37514.265625,http://soleil80.cs.technik.fhnw.ch/solarradio/data/2002-20yy_Callisto/2024/10/28/USA-BOSTON_20241028_151500_63.fit.gz,train,190.0,3600.0
613,613,246,5576,FITfiles/2024-03-16/Beelink1_20240316_162800_01.fit,2024-03-16 16:28:00,0,0,11240.1826171875,http://soleil80.cs.technik.fhnw.ch/solarradio/data/2002-20yy_Callisto/2024/03/16/MEXICO-LANCE-A_20240316_203000_63.fit.gz,valid,190.0,472.0
614,614,4208,2539,FITfiles/2024-06-28/UMICH_20240628_190000_59.fit,2024-06-28 19:00:00,0,0,11003.0556640625,http://soleil80.cs.technik.fhnw.ch/solarradio/data/2002-20yy_Callisto/2024/06/28/USA-BOSTON_20240628_230000_63.fit.gz,train,190.0,3600.0
615,615,8176,7096,FITfiles/2024-10-03/UMICH_20241003_160000_59.fit,2024-10-03 16:00:00,0,0,30691.947265625,http://soleil80.cs.technik.fhnw.ch/solarradio/data/2002-20yy_Callisto/2024/10/03/ALASKA-HAARP_20241003_200000_63.fit.gz,train,190.0,3600.0
616,616,50,2374,FITfiles/2024-03-09/Beelink1_20240309_164500_59.fit,2024-03-09 16:45:00,0,0,11647.927734375,http://soleil80.cs.technik.fhnw.ch/solarradio/data/2002-20yy_Callisto/2024/03/09/ALASKA-HAARP_20240309_214500_63.fit.gz,train,190.0,3600.0
617,617,4489,6483,FITfiles/2024-07-04/Beelink1_20240704_112959_59.fit,2024-07-04 11:29:59,0,0,10067.40625,http://soleil80.cs.technik.fhnw.ch/solarradio/data/2002-20yy_Callisto/2024/07/04/MEXICO-LANCE-B_20240704_152959_62.fit.gz,train,190.0,3600.0
618,618,7164,1619,FITfiles/2024-09-15/UMICH_20240915_191500_59.fit,2024-09-15 19:15:00,0,0,10724.4541015625,http://soleil80.cs.technik.fhnw.ch/solarradio/data/2002-20yy_Callisto/2024/09/15/GREENLAND_20240915_231500_63.fit.gz,valid,190.0,3600.0
619,619,6180,4970,FITfiles/2024-08-08/Beelink1_20240808_111459_59.fit,2024-08-08 11:14:59,0,0,10021.0361328125,http://soleil80.cs.technik.fhnw.ch/solarradio/data/2002-20yy_Callisto/2024/08/08/MEXICO-LANCE-B_20240808_151459_62.fit.gz,test,190.0,3600.0
620,620,5887,4347,FITfiles/2024-08-03/Beelink1_20240803_102959_59.fit,2024-08-03 10:29:59,0,0,10071.693359375,http://soleil80.cs.technik.fhnw.ch/solarradio/data/2002-20yy_Callisto/2024/08/03/MEXICO-LANCE-B_20240803_142959_62.fit.gz,test,190.0,3600.0
621,621,4077,2784,FITfiles/2024-06-26/UMICH_20240626_151500_59.fit,2024-06-26 15:15:00,0,0,12178.828125,http://soleil80.cs.technik.fhnw.ch/solarradio/data/2002-20yy_Callisto/2024/06/26/MEXICO-LANCE-B_20240626_191500_62.fit.gz,train,190.0,3600.0
622,622,8606,1304,FITfiles/2024-10-24/Beelink1_20241024_163000_59.fit,2024-10-24 16:30:00,0,0,34627.546875,http://soleil80.cs.technik.fhnw.ch/solarradio/data/2002-20yy_Callisto/2024/10/24/GREENLAND_20241024_203000_63.fit.gz,train,190.0,3600.0
623,623,6531,9242,FITfiles/2024-09-03/UMICH_20240903_084500_59.fit,2024-09-03 08:45:00,0,0,10157.8388671875,http://soleil80.cs.technik.fhnw.ch/solarradio/data/2002-20yy_Callisto/2024/09/03/MEXICO-LANCE-B_20240903_124500_62.fit.gz,valid,190.0,3600.0
624,624,960,7516,FITfiles/2024-04-18/Beelink1_20240418_083000_59.fit,2024-04-18 08:30:00,0,0,22400.294921875,http://soleil80.cs.technik.fhnw.ch/solarradio/data/2002-20yy_Callisto/2024/04/18/MEXICO-LANCE-B_20240418_123000_62.fit.gz,train,190.0,3600.0
625,625,8992,496,FITfiles/2024-10-31/Beelink1_20241031_113000_59.fit,2024-10-31 11:30:00,0,0,36945.93359375,http://soleil80.cs.technik.fhnw.ch/solarradio/data/2002-20yy_Callisto/2024/10/31/USA-BOSTON_20241031_153000_63.fit.gz,test,190.0,3600.0
626,626,8502,9,FITfiles/2024-10-22/Beelink1_20241022_193000_59.fit,2024-10-22 19:30:00,0,0,36428.5,http://soleil80.cs.technik.fhnw.ch/solarradio/data/2002-20yy_Callisto/2024/10/22/ALASKA-HAARP_20241022_233000_63.fit.gz,test,190.0,3600.0
627,627,735,8502,FITfiles/2024-04-14/Beelink1_20240414_101500_59.fit,2024-04-14 10:15:00,0,0,22224.53125,http://soleil80.cs.technik.fhnw.ch/solarradio/data/2002-20yy_Callisto/2024/04/14/MEXICO-LANCE-A_20240414_141500_63.fit.gz,train,190.0,3600.0
628,628,1375,6296,FITfiles/2024-04-25/Beelink1_20240425_104500_59.fit,2024-04-25 10:45:00,0,0,22366.29296875,http://soleil80.cs.technik.fhnw.ch/solarradio/data/2002-20yy_Callisto/2024/04/25/USA-BOSTON_20240425_144500_63.fit.gz,train,190.0,3600.0
629,629,8619,1368,FITfiles/2024-10-24/Beelink1_20241024_194500_59.fit,2024-10-24 19:45:00,0,0,37445.67578125,http://soleil80.cs.technik.fhnw.ch/solarradio/data/2002-20yy_Callisto/2024/10/24/ALASKA-HAARP_20241024_234500_63.fit.gz,train,190.0,3600.0
630,630,9587,693,FITfiles/2024-11-10/Beelink1_20241110_161500_59.fit,2024-11-10 16:15:00,0,0,34614.87109375,http://soleil80.cs.technik.fhnw.ch/solarradio/data/2002-20yy_Callisto/2024/11/10/GREENLAND_20241110_211500_63.fit.gz,train,190.0,3591.0
631,631,4296,2514,FITfiles/2024-07-01/UMICH_20240701_071500_59.fit,2024-07-01 07:15:00,0,0,10931.8134765625,http://soleil80.cs.technik.fhnw.ch/solarradio/data/2002-20yy_Callisto/2024/07/01/USA-BOSTON_20240701_111500_01.fit.gz,train,190.0,3600.0
632,632,6429,9254,FITfiles/2024-08-12/Beelink1_20240812_153000_59.fit,2024-08-12 15:30:00,0,0,9935.068359375,http://soleil80.cs.technik.fhnw.ch/solarradio/data/2002-20yy_Callisto/2024/08/12/MEXICO-LANCE-B_20240812_193000_62.fit.gz,valid,190.0,3600.0
633,633,3797,2138,FITfiles/2024-06-21/UMICH_20240621_174500_59.fit,2024-06-21 17:45:00,0,0,10356.7236328125,http://soleil80.cs.technik.fhnw.ch/solarradio/data/2002-20yy_Callisto/2024/06/21/USA-BOSTON_20240621_214500_63.fit.gz,train,190.0,3600.0
634,634,9541,294,FITfiles/2024-11-09/Beelink1_20241109_181500_59.fit,2024-11-09 18:15:00,0,0,37496.05078125,http://soleil80.cs.technik.fhnw.ch/solarradio/data/2002-20yy_Callisto/2024/11/09/GREENLAND_20241109_231500_63.fit.gz,test,190.0,3590.0
635,635,449,5392,FITfiles/2024-04-06/Beelink1_20240406_163000_59.fit,2024-04-06 16:30:00,0,0,21738.0859375,http://soleil80.cs.technik.fhnw.ch/solarradio/data/2002-20yy_Callisto/2024/04/06/MEXICO-LANCE-B_20240406_203000_62.fit.gz,test,190.0,3600.0
636,636,4987,5054,FITfiles/2024-07-18/Beelink1_20240718_191500_59.fit,2024-07-18 19:15:00,0,0,10068.82421875,http://soleil80.cs.technik.fhnw.ch/solarradio/data/2002-20yy_Callisto/2024/07/18/MEXART_20240718_231500_59.fit.gz,test,190.0,3600.0
637,637,4207,2529,FITfiles/2024-06-28/UMICH_20240628_184500_59.fit,2024-06-28 18:45:00,0,0,10899.1357421875,http://soleil80.cs.technik.fhnw.ch/solarradio/data/2002-20yy_Callisto/2024/06/28/MEXART_20240628_224500_59.fit.gz,train,190.0,3600.0
638,638,7361,1713,FITfiles/2024-09-19/UMICH_20240919_102959_59.fit,2024-09-19 10:29:59,0,0,11042.142578125,http://soleil80.cs.technik.fhnw.ch/solarradio/data/2002-20yy_Callisto/2024/09/19/MEXICO-LANCE-B_20240919_142959_62.fit.gz,train,190.0,3600.0
639,639,2791,7670,FITfiles/2024-06-04/UMICH_20240604_124500_59.fit,2024-06-04 12:45:00,0,0,10572.2060546875,http://soleil80.cs.technik.fhnw.ch/solarradio/data/2002-20yy_Callisto/2024/06/04/USA-BOSTON_20240604_164500_63.fit.gz,train,190.0,3600.0
640,640,4383,8159,FITfiles/2024-07-02/Beelink1_20240702_140000_59.fit,2024-07-02 14:00:00,0,0,10011.09765625,http://soleil80.cs.technik.fhnw.ch/solarradio/data/2002-20yy_Callisto/2024/07/02/USA-BOSTON_20240702_180000_01.fit.gz,train,190.0,3600.0
641,641,2373,6827,FITfiles/2024-05-28/UMICH_20240528_090000_59.fit,2024-05-28 09:00:00,0,0,10873.1611328125,http://soleil80.cs.technik.fhnw.ch/solarradio/data/2002-20yy_Callisto/2024/05/28/MEXICO-LANCE-B_20240528_130000_62.fit.gz,train,190.0,3600.0
642,642,7419,1223,FITfiles/2024-09-20/UMICH_20240920_103000_59.fit,2024-09-20 10:30:00,0,0,11180.48046875,http://soleil80.cs.technik.fhnw.ch/solarradio/data/2002-20yy_Callisto/2024/09/20/MEXICO-LANCE-A_20240920_143000_63.fit.gz,test,190.0,3600.0
643,643,1719,5364,FITfiles/2024-05-01/Beelink1_20240501_094500_59.fit,2024-05-01 09:45:00,0,0,22313.833984375,http://soleil80.cs.technik.fhnw.ch/solarradio/data/2002-20yy_Callisto/2024/05/01/MEXICO-LANCE-B_20240501_134500_62.fit.gz,train,190.0,3600.0
644,644,1185,3394,FITfiles/2024-04-22/Beelink1_20240422_064500_59.fit,2024-04-22 06:45:00,0,0,22814.896484375,http://soleil80.cs.technik.fhnw.ch/solarradio/data/2002-20yy_Callisto/2024/04/22/USA-BOSTON_20240422_104500_63.fit.gz,train,190.0,3600.0
645,645,7936,6413,FITfiles/2024-09-29/UMICH_20240929_140000_59.fit,2024-09-29 14:00:00,0,0,34648.9765625,http://soleil80.cs.technik.fhnw.ch/solarradio/data/2002-20yy_Callisto/2024/09/29/MEXART_20240929_180000_59.fit.gz,train,190.0,3600.0
646,646,320,3273,FITfiles/2024-03-30/Beelink1_20240330_154500_59.fit,2024-03-30 15:45:00,0,0,11559.392578125,http://soleil80.cs.technik.fhnw.ch/solarradio/data/2002-20yy_Callisto/2024/03/30/MEXICO-LANCE-B_20240330_194500_62.fit.gz,train,190.0,3600.0
647,647,1118,8316,FITfiles/2024-04-20/Beelink1_20240420_190000_59.fit,2024-04-20 19:00:00,0,0,22529.65234375,http://soleil80.cs.technik.fhnw.ch/solarradio/data/2002-20yy_Callisto/2024/04/20/USA-BOSTON_20240420_230000_63.fit.gz,valid,190.0,3600.0
648,648,1778,1876,FITfiles/2024-05-15/Beelink1_20240515_114459_59.fit,2024-05-15 11:44:59,0,0,10891.1845703125,http://soleil80.cs.technik.fhnw.ch/solarradio/data/2002-20yy_Callisto/2024/05/15/MEXICO-LANCE-B_20240515_154459_62.fit.gz,train,190.0,3600.0
649,649,3824,2229,FITfiles/2024-06-22/UMICH_20240622_100000_59.fit,2024-06-22 10:00:00,0,0,10727.62890625,http://soleil80.cs.technik.fhnw.ch/solarradio/data/2002-20yy_Callisto/2024/06/22/MEXICO-LANCE-A_20240622_140000_63.fit.gz,test,190.0,3600.0
650,650,5303,6154,FITfiles/2024-07-24/Beelink1_20240724_093000_59.fit,2024-07-24 09:30:00,0,0,10098.7265625,http://soleil80.cs.technik.fhnw.ch/solarradio/data/2002-20yy_Callisto/2024/07/24/MEXICO-LANCE-B_20240724_133000_62.fit.gz,train,190.0,3600.0
651,651,4942,5203,FITfiles/2024-07-18/Beelink1_20240718_080000_59.fit,2024-07-18 08:00:00,0,0,10112.447265625,http://soleil80.cs.technik.fhnw.ch/solarradio/data/2002-20yy_Callisto/2024/07/18/MEXICO-LANCE-B_20240718_120000_62.fit.gz,valid,190.0,3600.0
652,652,1833,4560,FITfiles/2024-05-18/UMICH_20240518_190000_59.fit,2024-05-18 19:00:00,0,0,10746.6796875,http://soleil80.cs.technik.fhnw.ch/solarradio/data/2002-20yy_Callisto/2024/05/18/MEXART_20240518_230000_59.fit.gz,valid,190.0,3600.0
653,653,4524,6439,FITfiles/2024-07-04/Beelink1_20240704_201500_59.fit,2024-07-04 20:15:00,0,0,10116.7060546875,http://soleil80.cs.technik.fhnw.ch/solarradio/data/2002-20yy_Callisto/2024/07/05/ALASKA-HAARP_20240705_001500_63.fit.gz,valid,190.0,3592.0
654,654,2253,7972,FITfiles/2024-05-26/UMICH_20240526_080000_59.fit,2024-05-26 08:00:00,0,0,11896.3251953125,http://soleil80.cs.technik.fhnw.ch/solarradio/data/2002-20yy_Callisto/2024/05/26/MEXICO-LANCE-B_20240526_120000_62.fit.gz,train,190.0,3600.0
655,655,7517,1472,FITfiles/2024-09-21/UMICH_20240921_203000_59.fit,2024-09-21 20:30:00,0,0,10780.9248046875,http://soleil80.cs.technik.fhnw.ch/solarradio/data/2002-20yy_Callisto/2024/09/22/MEXART_20240922_003000_59.fit.gz,train,190.0,3600.0
656,656,5413,8693,FITfiles/2024-07-26/Beelink1_20240726_080000_59.fit,2024-07-26 08:00:00,0,0,10124.62890625,http://soleil80.cs.technik.fhnw.ch/solarradio/data/2002-20yy_Callisto/2024/07/26/MEXICO-LANCE-B_20240726_120000_62.fit.gz,train,190.0,3600.0
657,657,6730,9370,FITfiles/2024-09-06/UMICH_20240906_150000_59.fit,2024-09-06 15:00:00,0,0,10090.0810546875,http://soleil80.cs.technik.fhnw.ch/solarradio/data/2002-20yy_Callisto/2024/09/06/MEXICO-LANCE-B_20240906_190000_62.fit.gz,train,190.0,3600.0
658,658,5074,7623,FITfiles/2024-07-20/Beelink1_20240720_115959_59.fit,2024-07-20 11:59:59,0,0,10047.60546875,http://soleil80.cs.technik.fhnw.ch/solarradio/data/2002-20yy_Callisto/2024/07/20/MEXICO-LANCE-B_20240720_155959_62.fit.gz,train,190.0,3600.0
659,659,3445,1927,FITfiles/2024-06-15/UMICH_20240615_170000_59.fit,2024-06-15 17:00:00,0,0,10355.1962890625,http://soleil80.cs.technik.fhnw.ch/solarradio/data/2002-20yy_Callisto/2024/06/15/MEXART_20240615_210000_59.fit.gz,train,190.0,3600.0
660,660,275,2636,FITfiles/2024-03-29/Beelink1_20240329_190000_59.fit,2024-03-29 19:00:00,0,0,11526.005859375,http://soleil80.cs.technik.fhnw.ch/solarradio/data/2002-20yy_Callisto/2024/03/29/ALASKA-HAARP_20240329_230000_63.fit.gz,valid,190.0,3600.0
661,661,7438,1099,FITfiles/2024-09-20/UMICH_20240920_151500_59.fit,2024-09-20 15:15:00,0,0,10562.35546875,http://soleil80.cs.technik.fhnw.ch/solarradio/data/2002-20yy_Callisto/2024/09/20/MEXICO-LANCE-B_20240920_191500_62.fit.gz,valid,190.0,3600.0
662,662,2960,7241,FITfiles/2024-06-07/UMICH_20240607_112959_59.fit,2024-06-07 11:29:59,0,0,10820.2744140625,http://soleil80.cs.technik.fhnw.ch/solarradio/data/2002-20yy_Callisto/2024/06/07/MEXICO-LANCE-B_20240607_152959_62.fit.gz,train,190.0,3600.0
663,663,6887,3341,FITfiles/2024-09-09/UMICH_20240909_104459_59.fit,2024-09-09 10:44:59,0,0,10107.337890625,http://soleil80.cs.technik.fhnw.ch/solarradio/data/2002-20yy_Callisto/2024/09/09/MEXICO-LANCE-B_20240909_144459_62.fit.gz,valid,190.0,3600.0
664,664,5020,2973,FITfiles/2024-07-19/Beelink1_20240719_130000_59.fit,2024-07-19 13:00:00,0,0,10004.146484375,http://soleil80.cs.technik.fhnw.ch/solarradio/data/2002-20yy_Callisto/2024/07/19/MEXICO-LANCE-B_20240719_170000_62.fit.gz,train,190.0,3600.0
665,665,8127,7290,FITfiles/2024-10-02/UMICH_20241002_181500_59.fit,2024-10-02 18:15:00,0,0,35169.58984375,http://soleil80.cs.technik.fhnw.ch/solarradio/data/2002-20yy_Callisto/2024/10/02/ALASKA-HAARP_20241002_221500_63.fit.gz,train,190.0,3589.0
666,666,2819,7665,FITfiles/2024-06-04/UMICH_20240604_194500_59.fit,2024-06-04 19:45:00,0,0,10654.25,http://soleil80.cs.technik.fhnw.ch/solarradio/data/2002-20yy_Callisto/2024/06/04/USA-BOSTON_20240604_234500_63.fit.gz,train,190.0,3600.0
667,667,9357,9115,FITfiles/2024-11-06/Beelink1_20241106_154500_59.fit,2024-11-06 15:45:00,0,0,36708.8984375,http://soleil80.cs.technik.fhnw.ch/solarradio/data/2002-20yy_Callisto/2024/11/06/GREENLAND_20241106_204500_63.fit.gz,test,190.0,3600.0
668,668,6811,8959,FITfiles/2024-09-07/UMICH_20240907_204500_59.fit,2024-09-07 20:45:00,0,0,10175.4033203125,http://soleil80.cs.technik.fhnw.ch/solarradio/data/2002-20yy_Callisto/2024/09/08/MEXICO-LANCE-A_20240908_004500_63.fit.gz,train,190.0,3590.0
669,669,2012,3282,FITfiles/2024-05-21/UMICH_20240521_201500_59.fit,2024-05-21 20:15:00,0,0,10743.1455078125,http://soleil80.cs.technik.fhnw.ch/solarradio/data/2002-20yy_Callisto/2024/05/22/ALASKA-HAARP_20240522_001500_63.fit.gz,train,190.0,3592.0
670,670,715,6600,FITfiles/2024-04-13/Beelink1_20240413_194500_59.fit,2024-04-13 19:45:00,0,0,22346.986328125,http://soleil80.cs.technik.fhnw.ch/solarradio/data/2002-20yy_Callisto/2024/04/13/ALASKA-HAARP_20240413_234500_63.fit.gz,train,190.0,3600.0
671,671,8017,8451,FITfiles/2024-09-30/UMICH_20240930_194500_59.fit,2024-09-30 19:45:00,0,0,35470.34765625,http://soleil80.cs.technik.fhnw.ch/solarradio/data/2002-20yy_Callisto/2024/09/30/ALASKA-COHOE_20240930_234500_62.fit.gz,train,190.0,3600.0
672,672,4915,5918,FITfiles/2024-07-17/Beelink1_20240717_154500_59.fit,2024-07-17 15:45:00,0,0,9957.0048828125,http://soleil80.cs.technik.fhnw.ch/solarradio/data/2002-20yy_Callisto/2024/07/17/MEXICO-LANCE-B_20240717_194500_62.fit.gz,valid,190.0,3600.0
673,673,3009,2066,FITfiles/2024-06-08/UMICH_20240608_093000_59.fit,2024-06-08 09:30:00,0,0,10954.373046875,http://soleil80.cs.technik.fhnw.ch/solarradio/data/2002-20yy_Callisto/2024/06/08/MEXICO-LANCE-B_20240608_133000_62.fit.gz,train,190.0,3600.0
674,674,4849,3491,FITfiles/2024-07-16/Beelink1_20240716_134500_59.fit,2024-07-16 13:45:00,0,0,9988.970703125,http://soleil80.cs.technik.fhnw.ch/solarradio/data/2002-20yy_Callisto/2024/07/16/USA-BOSTON_20240716_174500_01.fit.gz,train,190.0,3600.0
675,675,5182,3561,FITfiles/2024-07-22/Beelink1_20240722_081500_59.fit,2024-07-22 08:15:00,0,0,10114.4765625,http://soleil80.cs.technik.fhnw.ch/solarradio/data/2002-20yy_Callisto/2024/07/22/MEXICO-LANCE-B_20240722_121500_62.fit.gz,valid,190.0,3593.0
676,676,4617,5733,FITfiles/2024-07-06/Beelink1_20240706_143000_59.fit,2024-07-06 14:30:00,0,0,9999.0078125,http://soleil80.cs.technik.fhnw.ch/solarradio/data/2002-20yy_Callisto/2024/07/06/MEXICO-LANCE-B_20240706_183000_62.fit.gz,valid,190.0,3600.0
677,677,3376,4537,FITfiles/2024-06-14/UMICH_20240614_141500_59.fit,2024-06-14 14:15:00,0,0,10354.62109375,http://soleil80.cs.technik.fhnw.ch/solarradio/data/2002-20yy_Callisto/2024/06/14/MEXART_20240614_181500_59.fit.gz,valid,190.0,3593.0
678,678,6391,9457,FITfiles/2024-08-11/Beelink1_20240811_203000_59.fit,2024-08-11 20:30:00,0,0,10095.5205078125,http://soleil80.cs.technik.fhnw.ch/solarradio/data/2002-20yy_Callisto/2024/08/12/MEXART_20240812_003000_59.fit.gz,valid,190.0,3600.0
679,679,2580,3628,FITfiles/2024-06-01/UMICH_20240601_074500_59.fit,2024-06-01 07:45:00,0,0,11512.6640625,http://soleil80.cs.technik.fhnw.ch/solarradio/data/2002-20yy_Callisto/2024/06/01/USA-BOSTON_20240601_114500_01.fit.gz,train,190.0,3600.0
680,680,8264,5153,FITfiles/2024-10-05/UMICH_20241005_090000_59.fit,2024-10-05 09:00:00,0,0,35653.2890625,http://soleil80.cs.technik.fhnw.ch/solarradio/data/2002-20yy_Callisto/2024/10/05/GREENLAND_20241005_130000_63.fit.gz,valid,190.0,3600.0
681,681,6778,9021,FITfiles/2024-09-07/UMICH_20240907_123000_59.fit,2024-09-07 12:30:00,0,0,10177.9443359375,http://soleil80.cs.technik.fhnw.ch/solarradio/data/2002-20yy_Callisto/2024/09/07/USA-BOSTON_20240907_163000_63.fit.gz,train,190.0,3600.0
682,682,6810,8960,FITfiles/2024-09-07/UMICH_20240907_203000_59.fit,2024-09-07 20:30:00,0,0,10159.3544921875,http://soleil80.cs.technik.fhnw.ch/solarradio/data/2002-20yy_Callisto/2024/09/08/MEXICO-LANCE-A_20240908_003000_63.fit.gz,valid,190.0,3600.0
683,683,4271,2408,FITfiles/2024-06-29/UMICH_20240629_201500_59.fit,2024-06-29 20:15:00,0,0,10606.3583984375,http://soleil80.cs.technik.fhnw.ch/solarradio/data/2002-20yy_Callisto/2024/06/30/USA-BOSTON_20240630_001500_63.fit.gz,train,190.0,3592.0
684,684,8673,61,FITfiles/2024-10-25/Beelink1_20241025_184500_59.fit,2024-10-25 18:45:00,0,0,37421.3046875,http://soleil80.cs.technik.fhnw.ch/solarradio/data/2002-20yy_Callisto/2024/10/25/ALASKA-HAARP_20241025_224500_63.fit.gz,train,190.0,3600.0
685,685,7191,1222,FITfiles/2024-09-16/UMICH_20240916_112959_59.fit,2024-09-16 11:29:59,0,0,11087.6748046875,http://soleil80.cs.technik.fhnw.ch/solarradio/data/2002-20yy_Callisto/2024/09/16/MEXICO-LANCE-B_20240916_152959_62.fit.gz,test,190.0,3600.0
686,686,476,3053,FITfiles/2024-04-07/Beelink1_20240407_084500_59.fit,2024-04-07 08:45:00,0,0,22476.64453125,http://soleil80.cs.technik.fhnw.ch/solarradio/data/2002-20yy_Callisto/2024/04/07/MEXICO-LANCE-B_20240407_124500_62.fit.gz,valid,190.0,3600.0
687,687,5406,6504,FITfiles/2024-07-25/Beelink1_20240725_204500_59.fit,2024-07-25 20:45:00,0,0,10090.9296875,http://soleil80.cs.technik.fhnw.ch/solarradio/data/2002-20yy_Callisto/2024/07/26/MEXART_20240726_004500_59.fit.gz,train,190.0,3591.0
688,688,6899,3105,FITfiles/2024-09-09/UMICH_20240909_134500_59.fit,2024-09-09 13:45:00,0,0,10093.3671875,http://soleil80.cs.technik.fhnw.ch/solarradio/data/2002-20yy_Callisto/2024/09/09/USA-BOSTON_20240909_174500_63.fit.gz,train,190.0,3600.0
689,689,3145,1739,FITfiles/2024-06-10/UMICH_20240610_143000_59.fit,2024-06-10 14:30:00,0,0,10524.783203125,http://soleil80.cs.technik.fhnw.ch/solarradio/data/2002-20yy_Callisto/2024/06/10/MEXICO-LANCE-B_20240610_183000_62.fit.gz,test,190.0,3600.0
690,690,3387,4521,FITfiles/2024-06-14/UMICH_20240614_170000_59.fit,2024-06-14 17:00:00,0,0,10363.330078125,http://soleil80.cs.technik.fhnw.ch/solarradio/data/2002-20yy_Callisto/2024/06/14/USA-BOSTON_20240614_210000_63.fit.gz,test,190.0,3600.0
691,691,6389,9461,FITfiles/2024-08-11/Beelink1_20240811_200000_59.fit,2024-08-11 20:00:00,0,0,10087.7822265625,http://soleil80.cs.technik.fhnw.ch/solarradio/data/2002-20yy_Callisto/2024/08/12/MEXART_20240812_000000_59.fit.gz,train,190.0,3600.0
692,692,5579,7007,FITfiles/2024-07-28/Beelink1_20240728_203000_59.fit,2024-07-28 20:30:00,0,0,10037.1787109375,http://soleil80.cs.technik.fhnw.ch/solarradio/data/2002-20yy_Callisto/2024/07/29/ALASKA-HAARP_20240729_003000_63.fit.gz,test,190.0,3600.0
693,693,5442,8668,FITfiles/2024-07-26/Beelink1_20240726_151500_59.fit,2024-07-26 15:15:00,0,0,9934.3037109375,http://soleil80.cs.technik.fhnw.ch/solarradio/data/2002-20yy_Callisto/2024/07/26/MEXICO-LANCE-B_20240726_191500_62.fit.gz,train,190.0,3600.0
694,694,8297,5194,FITfiles/2024-10-05/UMICH_20241005_171500_59.fit,2024-10-05 17:15:00,0,0,33200.6796875,http://soleil80.cs.technik.fhnw.ch/solarradio/data/2002-20yy_Callisto/2024/10/05/ALASKA-HAARP_20241005_211500_63.fit.gz,train,190.0,3600.0
695,695,8139,7066,FITfiles/2024-10-03/UMICH_20241003_064500_59.fit,2024-10-03 06:45:00,0,0,35387.5703125,http://soleil80.cs.technik.fhnw.ch/solarradio/data/2002-20yy_Callisto/2024/10/03/USA-BOSTON_20241003_104500_63.fit.gz,test,190.0,3600.0
696,696,2607,3599,FITfiles/2024-06-01/UMICH_20240601_143000_59.fit,2024-06-01 14:30:00,0,0,10439.6416015625,http://soleil80.cs.technik.fhnw.ch/solarradio/data/2002-20yy_Callisto/2024/06/01/MEXICO-LANCE-B_20240601_183000_62.fit.gz,train,190.0,3600.0
697,697,9625,1541,FITfiles/2024-11-11/Beelink1_20241111_111500_59.fit,2024-11-11 11:15:00,0,0,33406.453125,http://soleil80.cs.technik.fhnw.ch/solarradio/data/2002-20yy_Callisto/2024/11/11/GREENLAND_20241111_161500_63.fit.gz,train,190.0,3600.0
698,698,4929,5880,FITfiles/2024-07-17/Beelink1_20240717_191500_59.fit,2024-07-17 19:15:00,0,0,10050.111328125,http://soleil80.cs.technik.fhnw.ch/solarradio/data/2002-20yy_Callisto/2024/07/17/ALASKA-HAARP_20240717_231500_63.fit.gz,train,190.0,3600.0
699,699,4366,8193,FITfiles/2024-07-02/UMICH_20240702_101500_59.fit,2024-07-02 10:15:00,0,0,10744.873046875,http://soleil80.cs.technik.fhnw.ch/solarradio/data/2002-20yy_Callisto/2024/07/02/ALASKA-HAARP_20240702_141500_63.fit.gz,test,190.0,3600.0
700,700,4385,8165,FITfiles/2024-07-02/Beelink1_20240702_143000_59.fit,2024-07-02 14:30:00,0,0,9995.693359375,http://soleil80.cs.technik.fhnw.ch/solarradio/data/2002-20yy_Callisto/2024/07/02/MEXICO-LANCE-B_20240702_183000_62.fit.gz,test,190.0,3600.0
701,701,3450,1915,FITfiles/2024-06-15/UMICH_20240615_181500_59.fit,2024-06-15 18:15:00,0,0,10442.900390625,http://soleil80.cs.technik.fhnw.ch/solarradio/data/2002-20yy_Callisto/2024/06/15/MEXART_20240615_221500_59.fit.gz,train,190.0,3592.0
702,702,8478,1169,FITfiles/2024-10-08/UMICH_20241008_190000_59.fit,2024-10-08 19:00:00,0,0,35222.26953125,http://soleil80.cs.technik.fhnw.ch/solarradio/data/2002-20yy_Callisto/2024/10/08/ALASKA-HAARP_20241008_230000_63.fit.gz,train,190.0,3600.0
703,703,6152,5767,FITfiles/2024-08-07/Beelink1_20240807_184500_59.fit,2024-08-07 18:45:00,0,0,10063.0009765625,http://soleil80.cs.technik.fhnw.ch/solarradio/data/2002-20yy_Callisto/2024/08/07/GREENLAND_20240807_224500_63.fit.gz,test,190.0,3600.0
704,704,7399,1660,FITfiles/2024-09-19/UMICH_20240919_200000_59.fit,2024-09-19 20:00:00,0,0,10861.61328125,http://soleil80.cs.technik.fhnw.ch/solarradio/data/2002-20yy_Callisto/2024/09/20/MEXART_20240920_000000_59.fit.gz,train,190.0,3600.0
705,705,4453,8724,FITfiles/2024-07-03/Beelink1_20240703_170000_59.fit,2024-07-03 17:00:00,0,0,10010.3330078125,http://soleil80.cs.technik.fhnw.ch/solarradio/data/2002-20yy_Callisto/2024/07/03/MEXICO-LANCE-A_20240703_210000_63.fit.gz,test,190.0,3600.0
706,706,4221,2450,FITfiles/2024-06-29/UMICH_20240629_074500_59.fit,2024-06-29 07:45:00,0,0,10784.6455078125,http://soleil80.cs.technik.fhnw.ch/solarradio/data/2002-20yy_Callisto/2024/06/29/USA-BOSTON_20240629_114500_01.fit.gz,train,190.0,3600.0
707,707,6372,9522,FITfiles/2024-08-11/Beelink1_20240811_154500_59.fit,2024-08-11 15:45:00,0,0,9991.2431640625,http://soleil80.cs.technik.fhnw.ch/solarradio/data/2002-20yy_Callisto/2024/08/11/MEXICO-LANCE-B_20240811_194500_62.fit.gz,test,190.0,3600.0
708,708,3600,6886,FITfiles/2024-06-18/UMICH_20240618_121459_59.fit,2024-06-18 12:14:59,0,0,10545.78125,http://soleil80.cs.technik.fhnw.ch/solarradio/data/2002-20yy_Callisto/2024/06/18/USA-BOSTON_20240618_161500_01.fit.gz,test,190.0,3595.0
709,709,1494,5617,FITfiles/2024-04-27/Beelink1_20240427_113000_59.fit,2024-04-27 11:30:00,0,0,22111.931640625,http://soleil80.cs.technik.fhnw.ch/solarradio/data/2002-20yy_Callisto/2024/04/27/USA-BOSTON_20240427_153000_01.fit.gz,valid,190.0,3600.0
710,710,584,5573,FITfiles/2024-04-09/Beelink1_20240409_064500_59.fit,2024-04-09 06:45:00,0,0,23213.27734375,http://soleil80.cs.technik.fhnw.ch/solarradio/data/2002-20yy_Callisto/2024/04/09/USA-BOSTON_20240409_104500_63.fit.gz,train,190.0,3600.0
711,711,4457,8722,FITfiles/2024-07-03/Beelink1_20240703_180000_59.fit,2024-07-03 18:00:00,0,0,10034.421875,http://soleil80.cs.technik.fhnw.ch/solarradio/data/2002-20yy_Callisto/2024/07/03/USA-BOSTON_20240703_220000_63.fit.gz,train,190.0,3600.0
712,712,6289,9185,FITfiles/2024-08-10/Beelink1_20240810_093000_59.fit,2024-08-10 09:30:00,0,0,10094.0908203125,http://soleil80.cs.technik.fhnw.ch/solarradio/data/2002-20yy_Callisto/2024/08/10/MEXICO-LANCE-B_20240810_133000_62.fit.gz,valid,190.0,3600.0
713,713,3526,6993,FITfiles/2024-06-17/UMICH_20240617_081500_59.fit,2024-06-17 08:15:00,0,0,11086.75,http://soleil80.cs.technik.fhnw.ch/solarradio/data/2002-20yy_Callisto/2024/06/17/MEXART_20240617_121500_59.fit.gz,valid,190.0,3593.0
714,714,1839,4555,FITfiles/2024-05-18/UMICH_20240518_203000_59.fit,2024-05-18 20:30:00,0,0,11804.2001953125,http://soleil80.cs.technik.fhnw.ch/solarradio/data/2002-20yy_Callisto/2024/05/19/MEXART_20240519_003000_59.fit.gz,train,190.0,3600.0
715,715,5104,7596,FITfiles/2024-07-20/Beelink1_20240720_193000_59.fit,2024-07-20 19:30:00,0,0,10051.9677734375,http://soleil80.cs.technik.fhnw.ch/solarradio/data/2002-20yy_Callisto/2024/07/20/MEXART_20240720_233000_59.fit.gz,valid,190.0,3600.0
716,716,76,3746,FITfiles/2024-03-10/Beelink1_20240310_084500_59.fit,2024-03-10 08:45:00,0,0,11822.02734375,http://soleil80.cs.technik.fhnw.ch/solarradio/data/2002-20yy_Callisto/2024/03/10/MEXICO-LANCE-B_20240310_124500_62.fit.gz,valid,190.0,3600.0
717,717,9679,1271,FITfiles/2024-11-12/Beelink1_20241112_101500_59.fit,2024-11-12 10:15:00,0,0,34182.7421875,http://soleil80.cs.technik.fhnw.ch/solarradio/data/2002-20yy_Callisto/2024/11/12/GREENLAND_20241112_151500_63.fit.gz,train,190.0,3600.0
718,718,4411,8764,FITfiles/2024-07-03/Beelink1_20240703_063000_59.fit,2024-07-03 06:30:00,0,0,10155.533203125,http://soleil80.cs.technik.fhnw.ch/solarradio/data/2002-20yy_Callisto/2024/07/03/USA-BOSTON_20240703_103000_63.fit.gz,valid,190.0,3600.0
719,719,9354,9110,FITfiles/2024-11-06/Beelink1_20241106_150000_59.fit,2024-11-06 15:00:00,0,0,35976.78125,http://soleil80.cs.technik.fhnw.ch/solarradio/data/2002-20yy_Callisto/2024/11/06/GREENLAND_20241106_200000_63.fit.gz,valid,190.0,3600.0
720,720,6013,4145,FITfiles/2024-08-05/Beelink1_20240805_130000_59.fit,2024-08-05 13:00:00,0,0,10020.849609375,http://soleil80.cs.technik.fhnw.ch/solarradio/data/2002-20yy_Callisto/2024/08/05/USA-BOSTON_20240805_170000_01.fit.gz,valid,190.0,3600.0
721,721,594,5553,FITfiles/2024-04-09/Beelink1_20240409_091500_59.fit,2024-04-09 09:15:00,0,0,23020.73046875,http://soleil80.cs.technik.fhnw.ch/solarradio/data/2002-20yy_Callisto/2024/04/09/MEXICO-LANCE-B_20240409_131500_62.fit.gz,train,190.0,3600.0
722,722,1308,6055,FITfiles/2024-04-24/Beelink1_20240424_083000_59.fit,2024-04-24 08:30:00,0,0,22512.3671875,http://soleil80.cs.technik.fhnw.ch/solarradio/data/2002-20yy_Callisto/2024/04/24/MEXICO-LANCE-B_20240424_123000_62.fit.gz,valid,190.0,3600.0
723,723,5293,6169,FITfiles/2024-07-24/Beelink1_20240724_070000_59.fit,2024-07-24 07:00:00,0,0,10117.9931640625,http://soleil80.cs.technik.fhnw.ch/solarradio/data/2002-20yy_Callisto/2024/07/24/USA-BOSTON_20240724_110000_63.fit.gz,train,190.0,3600.0
724,724,9050,120,FITfiles/2024-11-01/Beelink1_20241101_113000_59.fit,2024-11-01 11:30:00,0,0,37032.8671875,http://soleil80.cs.technik.fhnw.ch/solarradio/data/2002-20yy_Callisto/2024/11/01/USA-BOSTON_20241101_153000_63.fit.gz,train,190.0,3600.0
725,725,5644,3943,FITfiles/2024-07-30/Beelink1_20240730_074500_59.fit,2024-07-30 07:45:00,0,0,10094.8447265625,http://soleil80.cs.technik.fhnw.ch/solarradio/data/2002-20yy_Callisto/2024/07/30/USA-BOSTON_20240730_114500_01.fit.gz,train,190.0,3600.0
726,726,5228,3514,FITfiles/2024-07-22/Beelink1_20240722_194500_59.fit,2024-07-22 19:45:00,0,0,10107.0771484375,http://soleil80.cs.technik.fhnw.ch/solarradio/data/2002-20yy_Callisto/2024/07/22/MEXART_20240722_234500_59.fit.gz,train,190.0,3600.0
727,727,9703,1367,FITfiles/2024-11-12/Beelink1_20241112_161500_59.fit,2024-11-12 16:15:00,0,0,33975.890625,http://soleil80.cs.technik.fhnw.ch/solarradio/data/2002-20yy_Callisto/2024/11/12/ALASKA-HAARP_20241112_211500_63.fit.gz,valid,190.0,3590.0
728,728,4553,2867,FITfiles/2024-07-05/Beelink1_20240705_130000_59.fit,2024-07-05 13:00:00,0,0,10128.77734375,http://soleil80.cs.technik.fhnw.ch/solarradio/data/2002-20yy_Callisto/2024/07/05/USA-BOSTON_20240705_170000_01.fit.gz,train,190.0,3600.0
729,729,7448,1053,FITfiles/2024-09-20/UMICH_20240920_174500_59.fit,2024-09-20 17:45:00,0,0,10898.0439453125,http://soleil80.cs.technik.fhnw.ch/solarradio/data/2002-20yy_Callisto/2024/09/20/GREENLAND_20240920_214500_63.fit.gz,train,190.0,3600.0
730,730,4455,8720,FITfiles/2024-07-03/Beelink1_20240703_173000_59.fit,2024-07-03 17:30:00,0,0,10019.0888671875,http://soleil80.cs.technik.fhnw.ch/solarradio/data/2002-20yy_Callisto/2024/07/03/USA-BOSTON_20240703_213000_63.fit.gz,train,190.0,3600.0
731,731,6257,7887,FITfiles/2024-08-09/Beelink1_20240809_160000_59.fit,2024-08-09 16:00:00,0,0,9935.0419921875,http://soleil80.cs.technik.fhnw.ch/solarradio/data/2002-20yy_Callisto/2024/08/09/MEXICO-LANCE-B_20240809_200000_62.fit.gz,train,190.0,3600.0
732,732,8347,1154,FITfiles/2024-10-06/UMICH_20241006_151500_59.fit,2024-10-06 15:15:00,0,0,30890.158203125,http://soleil80.cs.technik.fhnw.ch/solarradio/data/2002-20yy_Callisto/2024/10/06/ALASKA-HAARP_20241006_191500_63.fit.gz,train,190.0,3600.0
733,733,8381,714,FITfiles/2024-10-07/UMICH_20241007_091500_59.fit,2024-10-07 09:15:00,0,0,35056.01171875,http://soleil80.cs.technik.fhnw.ch/solarradio/data/2002-20yy_Callisto/2024/10/07/USA-BOSTON_20241007_131500_63.fit.gz,valid,190.0,3600.0
734,734,5396,6508,FITfiles/2024-07-25/Beelink1_20240725_181500_59.fit,2024-07-25 18:15:00,0,0,10012.09765625,http://soleil80.cs.technik.fhnw.ch/solarradio/data/2002-20yy_Callisto/2024/07/25/MEXART_20240725_221500_59.fit.gz,train,190.0,3593.0
735,735,4038,4587,FITfiles/2024-06-25/UMICH_20240625_200000_59.fit,2024-06-25 20:00:00,0,0,10667.36328125,http://soleil80.cs.technik.fhnw.ch/solarradio/data/2002-20yy_Callisto/2024/06/26/MEXART_20240626_000000_59.fit.gz,train,190.0,3600.0
736,736,2441,4111,FITfiles/2024-05-29/UMICH_20240529_111459_59.fit,2024-05-29 11:14:59,0,0,10830.654296875,http://soleil80.cs.technik.fhnw.ch/solarradio/data/2002-20yy_Callisto/2024/05/29/MEXICO-LANCE-B_20240529_151459_62.fit.gz,train,190.0,3600.0
737,737,8196,8257,FITfiles/2024-10-04/UMICH_20241004_063000_59.fit,2024-10-04 06:30:00,0,0,34970.88671875,http://soleil80.cs.technik.fhnw.ch/solarradio/data/2002-20yy_Callisto/2024/10/04/USA-BOSTON_20241004_103000_63.fit.gz,train,190.0,3600.0
738,738,7055,9458,FITfiles/2024-09-14/UMICH_20240914_063000_59.fit,2024-09-14 06:30:00,0,0,11228.3271484375,http://soleil80.cs.technik.fhnw.ch/solarradio/data/2002-20yy_Callisto/2024/09/14/GREENLAND_20240914_103000_63.fit.gz,train,190.0,3600.0
739,739,1292,3771,FITfiles/2024-04-23/Beelink1_20240423_190000_59.fit,2024-04-23 19:00:00,0,0,22466.529296875,http://soleil80.cs.technik.fhnw.ch/solarradio/data/2002-20yy_Callisto/2024/04/23/USA-BOSTON_20240423_230000_63.fit.gz,train,190.0,3600.0
740,740,1147,2340,FITfiles/2024-04-21/Beelink1_20240421_114500_59.fit,2024-04-21 11:45:00,0,0,22423.302734375,http://soleil80.cs.technik.fhnw.ch/solarradio/data/2002-20yy_Callisto/2024/04/21/USA-BOSTON_20240421_154500_63.fit.gz,train,190.0,3600.0
741,741,4778,5009,FITfiles/2024-07-15/Beelink1_20240715_103000_59.fit,2024-07-15 10:30:00,0,0,10102.6865234375,http://soleil80.cs.technik.fhnw.ch/solarradio/data/2002-20yy_Callisto/2024/07/15/ALASKA-HAARP_20240715_143000_63.fit.gz,test,190.0,3600.0
742,742,5912,4340,FITfiles/2024-08-03/Beelink1_20240803_164500_59.fit,2024-08-03 16:45:00,0,0,9950.3759765625,http://soleil80.cs.technik.fhnw.ch/solarradio/data/2002-20yy_Callisto/2024/08/03/MEXICO-LANCE-A_20240803_204500_63.fit.gz,train,190.0,3600.0
743,743,2583,3620,FITfiles/2024-06-01/UMICH_20240601_083000_59.fit,2024-06-01 08:30:00,0,0,11543.5341796875,http://soleil80.cs.technik.fhnw.ch/solarradio/data/2002-20yy_Callisto/2024/06/01/MEXICO-LANCE-B_20240601_123000_62.fit.gz,valid,190.0,3600.0
744,744,8625,32,FITfiles/2024-10-25/Beelink1_20241025_064500_59.fit,2024-10-25 06:45:00,0,0,35099.4140625,http://soleil80.cs.technik.fhnw.ch/solarradio/data/2002-20yy_Callisto/2024/10/25/GREENLAND_20241025_104500_63.fit.gz,test,190.0,3600.0
745,745,8809,464,FITfiles/2024-10-28/Beelink1_20241028_091500_59.fit,2024-10-28 09:15:00,0,0,37073.97265625,http://soleil80.cs.technik.fhnw.ch/solarradio/data/2002-20yy_Callisto/2024/10/28/USA-BOSTON_20241028_131500_63.fit.gz,test,190.0,3600.0
746,746,5851,4243,FITfiles/2024-08-02/Beelink1_20240802_160000_59.fit,2024-08-02 16:00:00,0,0,9977.263671875,http://soleil80.cs.technik.fhnw.ch/solarradio/data/2002-20yy_Callisto/2024/08/02/MEXICO-LANCE-B_20240802_200000_62.fit.gz,train,190.0,3600.0
747,747,2190,3234,FITfiles/2024-05-25/UMICH_20240525_064500_59.fit,2024-05-25 06:45:00,0,0,11145.662109375,http://soleil80.cs.technik.fhnw.ch/solarradio/data/2002-20yy_Callisto/2024/05/25/USA-BOSTON_20240525_104500_63.fit.gz,test,190.0,3600.0
748,748,9376,9132,FITfiles/2024-11-06/Beelink1_20241106_203000_59.fit,2024-11-06 20:30:00,0,0,37371.59375,http://soleil80.cs.technik.fhnw.ch/solarradio/data/2002-20yy_Callisto/2024/11/07/ALASKA-HAARP_20241107_013000_63.fit.gz,valid,190.0,3600.0
749,749,8843,545,FITfiles/2024-10-28/Beelink1_20241028_174500_59.fit,2024-10-28 17:45:00,0,0,37265.78515625,http://soleil80.cs.technik.fhnw.ch/solarradio/data/2002-20yy_Callisto/2024/10/28/GREENLAND_20241028_214500_63.fit.gz,train,190.0,3600.0
750,750,2656,7177,FITfiles/2024-06-02/UMICH_20240602_080000_59.fit,2024-06-02 08:00:00,0,0,10704.8623046875,http://soleil80.cs.technik.fhnw.ch/solarradio/data/2002-20yy_Callisto/2024/06/02/MEXICO-LANCE-B_20240602_120000_62.fit.gz,train,190.0,3600.0
751,751,8060,7407,FITfiles/2024-10-01/UMICH_20241001_160000_59.fit,2024-10-01 16:00:00,0,0,34154.98828125,http://soleil80.cs.technik.fhnw.ch/solarradio/data/2002-20yy_Callisto/2024/10/01/ALASKA-HAARP_20241001_200000_63.fit.gz,test,190.0,3600.0
752,752,8201,8275,FITfiles/2024-10-04/UMICH_20241004_074500_59.fit,2024-10-04 07:45:00,0,0,36877.8515625,http://soleil80.cs.technik.fhnw.ch/solarradio/data/2002-20yy_Callisto/2024/10/04/USA-BOSTON_20241004_114500_63.fit.gz,train,190.0,3600.0
753,753,2972,7216,FITfiles/2024-06-07/UMICH_20240607_143000_59.fit,2024-06-07 14:30:00,0,0,10764.208984375,http://soleil80.cs.technik.fhnw.ch/solarradio/data/2002-20yy_Callisto/2024/06/07/MEXICO-LANCE-B_20240607_183000_62.fit.gz,train,190.0,3600.0
754,754,93,3732,FITfiles/2024-03-10/Beelink1_20240310_124500_59.fit,2024-03-10 12:45:00,0,0,11611.28515625,http://soleil80.cs.technik.fhnw.ch/solarradio/data/2002-20yy_Callisto/2024/03/10/USA-BOSTON_20240310_164500_63.fit.gz,train,190.0,3600.0
755,755,9118,500,FITfiles/2024-11-02/Beelink1_20241102_140000_59.fit,2024-11-02 14:00:00,0,0,35279.921875,http://soleil80.cs.technik.fhnw.ch/solarradio/data/2002-20yy_Callisto/2024/11/02/ALASKA-HAARP_20241102_180000_63.fit.gz,train,190.0,3600.0
756,756,4045,2825,FITfiles/2024-06-26/UMICH_20240626_071500_59.fit,2024-06-26 07:15:00,0,0,10876.62890625,http://soleil80.cs.technik.fhnw.ch/solarradio/data/2002-20yy_Callisto/2024/06/26/USA-BOSTON_20240626_111500_01.fit.gz,valid,190.0,3600.0
757,757,6076,4197,FITfiles/2024-08-06/Beelink1_20240806_141500_59.fit,2024-08-06 14:15:00,0,0,10119.810546875,http://soleil80.cs.technik.fhnw.ch/solarradio/data/2002-20yy_Callisto/2024/08/06/MEXART_20240806_181500_59.fit.gz,valid,190.0,3593.0
758,758,8113,7306,FITfiles/2024-10-02/UMICH_20241002_144500_59.fit,2024-10-02 14:45:00,0,0,32719.7578125,http://soleil80.cs.technik.fhnw.ch/solarradio/data/2002-20yy_Callisto/2024/10/02/ALASKA-HAARP_20241002_184500_63.fit.gz,valid,190.0,3600.0
759,759,4123,7826,FITfiles/2024-06-27/UMICH_20240627_121459_59.fit,2024-06-27 12:14:59,0,0,10707.9169921875,http://soleil80.cs.technik.fhnw.ch/solarradio/data/2002-20yy_Callisto/2024/06/27/MEXICO-LANCE-B_20240627_161459_62.fit.gz,train,190.0,3595.0
760,760,1907,5128,FITfiles/2024-05-20/UMICH_20240520_083000_59.fit,2024-05-20 08:30:00,0,0,11408.54296875,http://soleil80.cs.technik.fhnw.ch/solarradio/data/2002-20yy_Callisto/2024/05/20/MEXICO-LANCE-B_20240520_123000_62.fit.gz,valid,190.0,3600.0
761,761,5341,6102,FITfiles/2024-07-24/Beelink1_20240724_190000_59.fit,2024-07-24 19:00:00,0,0,10037.4560546875,http://soleil80.cs.technik.fhnw.ch/solarradio/data/2002-20yy_Callisto/2024/07/24/MEXART_20240724_230000_59.fit.gz,train,190.0,3600.0
762,762,1889,2250,FITfiles/2024-05-19/UMICH_20240519_183000_59.fit,2024-05-19 18:30:00,0,0,10759.3623046875,http://soleil80.cs.technik.fhnw.ch/solarradio/data/2002-20yy_Callisto/2024/05/19/USA-BOSTON_20240519_223000_63.fit.gz,train,190.0,3600.0
763,763,9715,1407,FITfiles/2024-11-12/Beelink1_20241112_191500_59.fit,2024-11-12 19:15:00,0,0,34113.27734375,http://soleil80.cs.technik.fhnw.ch/solarradio/data/2002-20yy_Callisto/2024/11/13/ALASKA-HAARP_20241113_001500_63.fit.gz,valid,190.0,3600.0
764,764,8855,592,FITfiles/2024-10-28/Beelink1_20241028_204500_59.fit,2024-10-28 20:45:00,0,0,37817.3828125,http://soleil80.cs.technik.fhnw.ch/solarradio/data/2002-20yy_Callisto/2024/10/29/ALASKA-HAARP_20241029_004500_63.fit.gz,test,190.0,3590.0
765,765,8690,1382,FITfiles/2024-10-26/Beelink1_20241026_083000_59.fit,2024-10-26 08:30:00,0,0,36840.875,http://soleil80.cs.technik.fhnw.ch/solarradio/data/2002-20yy_Callisto/2024/10/26/USA-BOSTON_20241026_123000_63.fit.gz,valid,190.0,3600.0
766,766,7603,7346,FITfiles/2024-09-23/UMICH_20240923_174500_59.fit,2024-09-23 17:45:00,0,0,35510.2578125,http://soleil80.cs.technik.fhnw.ch/solarradio/data/2002-20yy_Callisto/2024/09/23/GREENLAND_20240923_214500_63.fit.gz,train,190.0,3600.0
767,767,7033,1534,FITfiles/2024-09-13/UMICH_20240913_154324_01.fit,2024-09-13 15:43:24,0,0,10301.1669921875,http://soleil80.cs.technik.fhnw.ch/solarradio/data/2002-20yy_Callisto/2024/09/13/MEXICO-LANCE-B_20240913_194500_62.fit.gz,valid,190.0,3600.0
768,768,8386,723,FITfiles/2024-10-07/UMICH_20241007_103000_59.fit,2024-10-07 10:30:00,0,0,35234.38671875,http://soleil80.cs.technik.fhnw.ch/solarradio/data/2002-20yy_Callisto/2024/10/07/USA-BOSTON_20241007_143000_63.fit.gz,test,190.0,3600.0
769,769,7710,6918,FITfiles/2024-09-25/UMICH_20240925_153000_59.fit,2024-09-25 15:30:00,0,0,33612.8359375,http://soleil80.cs.technik.fhnw.ch/solarradio/data/2002-20yy_Callisto/2024/09/25/MEXICO-LANCE-B_20240925_193000_62.fit.gz,train,190.0,3600.0
770,770,7269,994,FITfiles/2024-09-17/UMICH_20240917_163000_59.fit,2024-09-17 16:30:00,0,0,10256.001953125,http://soleil80.cs.technik.fhnw.ch/solarradio/data/2002-20yy_Callisto/2024/09/17/MEXICO-LANCE-A_20240917_203000_63.fit.gz,train,190.0,3600.0
771,771,8640,76,FITfiles/2024-10-25/Beelink1_20241025_103000_59.fit,2024-10-25 10:30:00,0,0,36410.25,http://soleil80.cs.technik.fhnw.ch/solarradio/data/2002-20yy_Callisto/2024/10/25/USA-BOSTON_20241025_143000_63.fit.gz,train,190.0,3600.0
772,772,8147,7084,FITfiles/2024-10-03/UMICH_20241003_084500_59.fit,2024-10-03 08:45:00,0,0,36970.50390625,http://soleil80.cs.technik.fhnw.ch/solarradio/data/2002-20yy_Callisto/2024/10/03/USA-BOSTON_20241003_124500_63.fit.gz,test,190.0,3600.0
773,773,1361,6313,FITfiles/2024-04-25/Beelink1_20240425_071500_59.fit,2024-04-25 07:15:00,0,0,23063.8359375,http://soleil80.cs.technik.fhnw.ch/solarradio/data/2002-20yy_Callisto/2024/04/25/USA-BOSTON_20240425_111500_63.fit.gz,train,190.0,3600.0
774,774,4890,5914,FITfiles/2024-07-17/Beelink1_20240717_093000_59.fit,2024-07-17 09:30:00,0,0,10082.6845703125,http://soleil80.cs.technik.fhnw.ch/solarradio/data/2002-20yy_Callisto/2024/07/17/MEXICO-LANCE-B_20240717_133000_62.fit.gz,train,190.0,3600.0
775,775,9123,506,FITfiles/2024-11-02/Beelink1_20241102_151500_59.fit,2024-11-02 15:15:00,0,0,36002.0703125,http://soleil80.cs.technik.fhnw.ch/solarradio/data/2002-20yy_Callisto/2024/11/02/ALASKA-HAARP_20241102_191500_63.fit.gz,valid,190.0,3600.0
776,776,4568,2849,FITfiles/2024-07-05/Beelink1_20240705_164500_59.fit,2024-07-05 16:45:00,0,0,10013.3056640625,http://soleil80.cs.technik.fhnw.ch/solarradio/data/2002-20yy_Callisto/2024/07/05/USA-BOSTON_20240705_204500_63.fit.gz,train,190.0,3600.0
777,777,3984,4647,FITfiles/2024-06-25/UMICH_20240625_063000_59.fit,2024-06-25 06:30:00,0,0,11191.998046875,http://soleil80.cs.technik.fhnw.ch/solarradio/data/2002-20yy_Callisto/2024/06/25/USA-BOSTON_20240625_103000_63.fit.gz,train,190.0,3600.0
778,778,3068,8850,FITfiles/2024-06-09/UMICH_20240609_094500_59.fit,2024-06-09 09:45:00,0,0,10955.34375,http://soleil80.cs.technik.fhnw.ch/solarradio/data/2002-20yy_Callisto/2024/06/09/MEXICO-LANCE-B_20240609_134500_62.fit.gz,train,190.0,3600.0
779,779,4780,5010,FITfiles/2024-07-15/Beelink1_20240715_105959_59.fit,2024-07-15 10:59:59,0,0,10079.5771484375,http://soleil80.cs.technik.fhnw.ch/solarradio/data/2002-20yy_Callisto/2024/07/15/MEXICO-LANCE-B_20240715_145959_62.fit.gz,train,190.0,3600.0
780,780,5985,2885,FITfiles/2024-08-04/Beelink1_20240804_203000_59.fit,2024-08-04 20:30:00,0,0,10059.669921875,http://soleil80.cs.technik.fhnw.ch/solarradio/data/2002-20yy_Callisto/2024/08/05/MEXART_20240805_003000_59.fit.gz,train,190.0,3600.0
781,781,8994,514,FITfiles/2024-10-31/Beelink1_20241031_120000_59.fit,2024-10-31 12:00:00,0,0,36716.390625,http://soleil80.cs.technik.fhnw.ch/solarradio/data/2002-20yy_Callisto/2024/10/31/USA-BOSTON_20241031_160000_63.fit.gz,test,190.0,3600.0
782,782,1036,5316,FITfiles/2024-04-19/Beelink1_20240419_130000_59.fit,2024-04-19 13:00:00,0,0,22378.017578125,http://soleil80.cs.technik.fhnw.ch/solarradio/data/2002-20yy_Callisto/2024/04/19/USA-BOSTON_20240419_170000_63.fit.gz,test,190.0,3600.0
783,783,6799,8972,FITfiles/2024-09-07/UMICH_20240907_174500_59.fit,2024-09-07 17:45:00,0,0,10128.158203125,http://soleil80.cs.technik.fhnw.ch/solarradio/data/2002-20yy_Callisto/2024/09/07/GREENLAND_20240907_214500_63.fit.gz,train,190.0,3600.0
784,784,1180,2305,FITfiles/2024-04-21/Beelink1_20240421_200000_59.fit,2024-04-21 20:00:00,0,0,22468.478515625,http://soleil80.cs.technik.fhnw.ch/solarradio/data/2002-20yy_Callisto/2024/04/22/ALASKA-HAARP_20240422_000000_63.fit.gz,train,190.0,3600.0
785,785,2715,2029,FITfiles/2024-06-03/UMICH_20240603_081500_59.fit,2024-06-03 08:15:00,0,0,11107.4365234375,http://soleil80.cs.technik.fhnw.ch/solarradio/data/2002-20yy_Callisto/2024/06/03/MEXICO-LANCE-B_20240603_121500_62.fit.gz,train,190.0,3593.0
786,786,7301,358,FITfiles/2024-09-18/UMICH_20240918_100000_59.fit,2024-09-18 10:00:00,0,0,10848.8251953125,http://soleil80.cs.technik.fhnw.ch/solarradio/data/2002-20yy_Callisto/2024/09/18/USA-BOSTON_20240918_140000_63.fit.gz,train,190.0,3600.0
787,787,5619,6682,FITfiles/2024-07-29/Beelink1_20240729_160000_59.fit,2024-07-29 16:00:00,0,0,9963.830078125,http://soleil80.cs.technik.fhnw.ch/solarradio/data/2002-20yy_Callisto/2024/07/29/MEXICO-LANCE-B_20240729_200000_62.fit.gz,valid,190.0,3600.0
788,788,9059,146,FITfiles/2024-11-01/Beelink1_20241101_134500_59.fit,2024-11-01 13:45:00,0,0,37247.18359375,http://soleil80.cs.technik.fhnw.ch/solarradio/data/2002-20yy_Callisto/2024/11/01/ALASKA-HAARP_20241101_174500_63.fit.gz,train,190.0,3600.0
789,789,4670,4722,FITfiles/2024-07-07/Beelink1_20240707_131500_59.fit,2024-07-07 13:15:00,0,0,10022.017578125,http://soleil80.cs.technik.fhnw.ch/solarradio/data/2002-20yy_Callisto/2024/07/07/USA-BOSTON_20240707_171500_01.fit.gz,train,190.0,3600.0
790,790,7522,180,FITfiles/2024-09-22/UMICH_20240922_071500_59.fit,2024-09-22 07:15:00,0,0,11082.1318359375,http://soleil80.cs.technik.fhnw.ch/solarradio/data/2002-20yy_Callisto/2024/09/22/USA-BOSTON_20240922_111500_01.fit.gz,test,190.0,3600.0
791,791,4436,8745,FITfiles/2024-07-03/Beelink1_20240703_124500_59.fit,2024-07-03 12:45:00,0,0,10081.7138671875,http://soleil80.cs.technik.fhnw.ch/solarradio/data/2002-20yy_Callisto/2024/07/03/USA-BOSTON_20240703_164500_63.fit.gz,train,190.0,3600.0
792,792,7213,1092,FITfiles/2024-09-16/UMICH_20240916_170000_59.fit,2024-09-16 17:00:00,0,0,10275.26171875,http://soleil80.cs.technik.fhnw.ch/solarradio/data/2002-20yy_Callisto/2024/09/16/MEXICO-LANCE-A_20240916_210000_63.fit.gz,train,190.0,3600.0
793,793,6949,8387,FITfiles/2024-09-10/UMICH_20240910_114459_59.fit,2024-09-10 11:44:59,0,0,10128.802734375,http://soleil80.cs.technik.fhnw.ch/solarradio/data/2002-20yy_Callisto/2024/09/10/MEXICO-LANCE-A_20240910_154500_63.fit.gz,test,190.0,3600.0
794,794,2071,4323,FITfiles/2024-05-22/UMICH_20240522_203000_59.fit,2024-05-22 20:30:00,0,0,10771.7509765625,http://soleil80.cs.technik.fhnw.ch/solarradio/data/2002-20yy_Callisto/2024/05/23/ALASKA-HAARP_20240523_003000_63.fit.gz,test,190.0,3600.0
795,795,7851,5248,FITfiles/2024-09-28/UMICH_20240928_071500_59.fit,2024-09-28 07:15:00,0,0,35134.7890625,http://soleil80.cs.technik.fhnw.ch/solarradio/data/2002-20yy_Callisto/2024/09/28/USA-BOSTON_20240928_111500_63.fit.gz,train,190.0,3600.0
796,796,939,7762,FITfiles/2024-04-17/Beelink1_20240417_174500_59.fit,2024-04-17 17:45:00,0,0,22460.279296875,http://soleil80.cs.technik.fhnw.ch/solarradio/data/2002-20yy_Callisto/2024/04/17/ALASKA-HAARP_20240417_214500_63.fit.gz,valid,190.0,3600.0
797,797,7002,8466,FITfiles/2024-09-11/UMICH_20240911_103000_59.fit,2024-09-11 10:30:00,0,0,10126.9560546875,http://soleil80.cs.technik.fhnw.ch/solarradio/data/2002-20yy_Callisto/2024/09/11/USA-BOSTON_20240911_143000_63.fit.gz,train,190.0,3600.0
798,798,2941,7249,FITfiles/2024-06-07/UMICH_20240607_064500_59.fit,2024-06-07 06:45:00,0,0,10890.3369140625,http://soleil80.cs.technik.fhnw.ch/solarradio/data/2002-20yy_Callisto/2024/06/07/USA-BOSTON_20240607_104500_63.fit.gz,valid,190.0,3600.0
799,799,7810,3112,FITfiles/2024-09-27/UMICH_20240927_113000_59.fit,2024-09-27 11:30:00,0,0,35689.70703125,http://soleil80.cs.technik.fhnw.ch/solarradio/data/2002-20yy_Callisto/2024/09/27/USA-BOSTON_20240927_153000_63.fit.gz,train,190.0,3600.0
800,800,107,3748,FITfiles/2024-03-10/Beelink1_20240310_161500_59.fit,2024-03-10 16:15:00,0,0,11586.0634765625,http://soleil80.cs.technik.fhnw.ch/solarradio/data/2002-20yy_Callisto/2024/03/10/MEXICO-LANCE-B_20240310_201500_62.fit.gz,valid,190.0,3592.0
801,801,9160,872,FITfiles/2024-11-03/Beelink1_20241103_100000_59.fit,2024-11-03 10:00:00,0,0,37757.6875,http://soleil80.cs.technik.fhnw.ch/solarradio/data/2002-20yy_Callisto/2024/11/03/USA-BOSTON_20241103_150000_63.fit.gz,train,190.0,3600.0
802,802,4475,6482,FITfiles/2024-07-04/Beelink1_20240704_080000_59.fit,2024-07-04 08:00:00,0,0,10132.7158203125,http://soleil80.cs.technik.fhnw.ch/solarradio/data/2002-20yy_Callisto/2024/07/04/MEXICO-LANCE-B_20240704_120000_62.fit.gz,valid,190.0,3600.0
803,803,766,8477,FITfiles/2024-04-14/Beelink1_20240414_180000_59.fit,2024-04-14 18:00:00,0,0,21844.072265625,http://soleil80.cs.technik.fhnw.ch/solarradio/data/2002-20yy_Callisto/2024/04/14/ALASKA-HAARP_20240414_220000_63.fit.gz,train,190.0,3600.0
804,804,2738,2004,FITfiles/2024-06-03/UMICH_20240603_140000_59.fit,2024-06-03 14:00:00,0,0,10418.7607421875,http://soleil80.cs.technik.fhnw.ch/solarradio/data/2002-20yy_Callisto/2024/06/03/USA-BOSTON_20240603_180000_62.fit.gz,train,190.0,3600.0
805,805,5419,8691,FITfiles/2024-07-26/Beelink1_20240726_093000_59.fit,2024-07-26 09:30:00,0,0,10106.94921875,http://soleil80.cs.technik.fhnw.ch/solarradio/data/2002-20yy_Callisto/2024/07/26/MEXICO-LANCE-B_20240726_133000_62.fit.gz,train,190.0,3600.0
806,806,5042,2959,FITfiles/2024-07-19/Beelink1_20240719_183000_59.fit,2024-07-19 18:30:00,0,0,10023.9130859375,http://soleil80.cs.technik.fhnw.ch/solarradio/data/2002-20yy_Callisto/2024/07/19/USA-BOSTON_20240719_223000_63.fit.gz,train,190.0,3600.0
807,807,1148,2329,FITfiles/2024-04-21/Beelink1_20240421_120000_59.fit,2024-04-21 12:00:00,0,0,22422.9609375,http://soleil80.cs.technik.fhnw.ch/solarradio/data/2002-20yy_Callisto/2024/04/21/USA-BOSTON_20240421_160000_63.fit.gz,test,190.0,3600.0
808,808,2230,3173,FITfiles/2024-05-25/UMICH_20240525_164500_59.fit,2024-05-25 16:45:00,0,0,10421.2041015625,http://soleil80.cs.technik.fhnw.ch/solarradio/data/2002-20yy_Callisto/2024/05/25/MEXICO-LANCE-A_20240525_204500_63.fit.gz,test,190.0,3600.0
809,809,1359,6321,FITfiles/2024-04-25/Beelink1_20240425_064500_59.fit,2024-04-25 06:45:00,0,0,22868.513671875,http://soleil80.cs.technik.fhnw.ch/solarradio/data/2002-20yy_Callisto/2024/04/25/USA-BOSTON_20240425_104500_63.fit.gz,train,190.0,3600.0
810,810,1664,6802,FITfiles/2024-04-30/Beelink1_20240430_103000_59.fit,2024-04-30 10:30:00,0,0,22251.2109375,http://soleil80.cs.technik.fhnw.ch/solarradio/data/2002-20yy_Callisto/2024/04/30/MEXICO-LANCE-A_20240430_143000_63.fit.gz,valid,190.0,3600.0
811,811,702,6603,FITfiles/2024-04-13/Beelink1_20240413_163000_59.fit,2024-04-13 16:30:00,0,0,21836.275390625,http://soleil80.cs.technik.fhnw.ch/solarradio/data/2002-20yy_Callisto/2024/04/13/MEXICO-LANCE-B_20240413_203000_62.fit.gz,train,190.0,3600.0
812,812,9590,677,FITfiles/2024-11-10/Beelink1_20241110_170000_59.fit,2024-11-10 17:00:00,0,0,34633.3125,http://soleil80.cs.technik.fhnw.ch/solarradio/data/2002-20yy_Callisto/2024/11/10/GREENLAND_20241110_220000_63.fit.gz,train,190.0,3600.0
813,813,3593,6868,FITfiles/2024-06-18/UMICH_20240618_103000_59.fit,2024-06-18 10:30:00,0,0,10604.828125,http://soleil80.cs.technik.fhnw.ch/solarradio/data/2002-20yy_Callisto/2024/06/18/MEXART_20240618_143000_59.fit.gz,train,190.0,3600.0
814,814,9567,633,FITfiles/2024-11-10/Beelink1_20241110_101500_59.fit,2024-11-10 10:15:00,0,0,37603.9375,http://soleil80.cs.technik.fhnw.ch/solarradio/data/2002-20yy_Callisto/2024/11/10/GREENLAND_20241110_151500_63.fit.gz,valid,190.0,3600.0
815,815,859,7681,FITfiles/2024-04-16/Beelink1_20240416_121500_59.fit,2024-04-16 12:15:00,0,0,22252.0625,http://soleil80.cs.technik.fhnw.ch/solarradio/data/2002-20yy_Callisto/2024/04/16/USA-BOSTON_20240416_161500_63.fit.gz,train,190.0,3590.0
816,816,4927,5896,FITfiles/2024-07-17/Beelink1_20240717_184500_59.fit,2024-07-17 18:45:00,0,0,10034.94140625,http://soleil80.cs.technik.fhnw.ch/solarradio/data/2002-20yy_Callisto/2024/07/17/USA-BOSTON_20240717_224500_63.fit.gz,valid,190.0,3600.0
817,817,3157,1744,FITfiles/2024-06-10/UMICH_20240610_173000_59.fit,2024-06-10 17:30:00,0,0,10413.4462890625,http://soleil80.cs.technik.fhnw.ch/solarradio/data/2002-20yy_Callisto/2024/06/10/USA-BOSTON_20240610_213000_63.fit.gz,test,190.0,3600.0
818,818,2949,7238,FITfiles/2024-06-07/UMICH_20240607_084500_59.fit,2024-06-07 08:45:00,0,0,10844.8525390625,http://soleil80.cs.technik.fhnw.ch/solarradio/data/2002-20yy_Callisto/2024/06/07/MEXICO-LANCE-B_20240607_124500_62.fit.gz,train,190.0,3600.0
819,819,33,2390,FITfiles/2024-03-09/Beelink1_20240309_124500_59.fit,2024-03-09 12:45:00,0,0,13920.83984375,http://soleil80.cs.technik.fhnw.ch/solarradio/data/2002-20yy_Callisto/2024/03/09/MEXART_20240309_174500_59.fit.gz,train,190.0,3600.0
820,820,5016,2969,FITfiles/2024-07-19/Beelink1_20240719_115959_59.fit,2024-07-19 11:59:59,0,0,10089.93359375,http://soleil80.cs.technik.fhnw.ch/solarradio/data/2002-20yy_Callisto/2024/07/19/MEXICO-LANCE-B_20240719_160000_62.fit.gz,train,190.0,3600.0
821,821,1617,5938,FITfiles/2024-04-29/Beelink1_20240429_131500_59.fit,2024-04-29 13:15:00,0,0,21863.9765625,http://soleil80.cs.technik.fhnw.ch/solarradio/data/2002-20yy_Callisto/2024/04/29/USA-BOSTON_20240429_171500_63.fit.gz,valid,190.0,3600.0
822,822,8997,531,FITfiles/2024-10-31/Beelink1_20241031_124500_59.fit,2024-10-31 12:45:00,0,0,36650.5859375,http://soleil80.cs.technik.fhnw.ch/solarradio/data/2002-20yy_Callisto/2024/10/31/USA-BOSTON_20241031_164500_63.fit.gz,train,190.0,3600.0
823,823,103,3726,FITfiles/2024-03-10/Beelink1_20240310_151500_59.fit,2024-03-10 15:15:00,0,0,11628.4599609375,http://soleil80.cs.technik.fhnw.ch/solarradio/data/2002-20yy_Callisto/2024/03/10/MEXICO-LANCE-B_20240310_191500_62.fit.gz,train,190.0,3600.0
824,824,332,3229,FITfiles/2024-03-30/Beelink1_20240330_184500_59.fit,2024-03-30 18:45:00,0,0,11575.255859375,http://soleil80.cs.technik.fhnw.ch/solarradio/data/2002-20yy_Callisto/2024/03/30/MEXART_20240330_224500_59.fit.gz,train,190.0,3600.0
825,825,7388,1680,FITfiles/2024-09-19/UMICH_20240919_171500_59.fit,2024-09-19 17:15:00,0,0,10290.87890625,http://soleil80.cs.technik.fhnw.ch/solarradio/data/2002-20yy_Callisto/2024/09/19/MEXICO-LANCE-A_20240919_211500_63.fit.gz,test,190.0,3600.0
826,826,9451,1337,FITfiles/2024-11-08/Beelink1_20241108_101500_59.fit,2024-11-08 10:15:00,0,0,37832.265625,http://soleil80.cs.technik.fhnw.ch/solarradio/data/2002-20yy_Callisto/2024/11/08/ALASKA-HAARP_20241108_151500_63.fit.gz,train,190.0,3600.0
827,827,293,3269,FITfiles/2024-03-30/Beelink1_20240330_090000_59.fit,2024-03-30 09:00:00,0,0,11529.13671875,http://soleil80.cs.technik.fhnw.ch/solarradio/data/2002-20yy_Callisto/2024/03/30/MEXICO-LANCE-B_20240330_130000_62.fit.gz,valid,190.0,3600.0
828,828,3838,2204,FITfiles/2024-06-22/UMICH_20240622_133000_59.fit,2024-06-22 13:30:00,0,0,10344.794921875,http://soleil80.cs.technik.fhnw.ch/solarradio/data/2002-20yy_Callisto/2024/06/22/MEXART_20240622_173000_59.fit.gz,train,190.0,3600.0
829,829,335,3217,FITfiles/2024-03-30/Beelink1_20240330_193000_59.fit,2024-03-30 19:30:00,0,0,11548.7685546875,http://soleil80.cs.technik.fhnw.ch/solarradio/data/2002-20yy_Callisto/2024/03/30/ALASKA-COHOE_20240330_233000_62.fit.gz,valid,190.0,3600.0
830,830,5280,8604,FITfiles/2024-07-23/Beelink1_20240723_181500_59.fit,2024-07-23 18:15:00,0,0,9979.501953125,http://soleil80.cs.technik.fhnw.ch/solarradio/data/2002-20yy_Callisto/2024/07/23/MEXICO-LANCE-A_20240723_221500_63.fit.gz,train,190.0,3593.0
831,831,1064,5274,FITfiles/2024-04-19/Beelink1_20240419_200000_59.fit,2024-04-19 20:00:00,0,0,22467.681640625,http://soleil80.cs.technik.fhnw.ch/solarradio/data/2002-20yy_Callisto/2024/04/20/ALASKA-HAARP_20240420_000000_63.fit.gz,train,190.0,3600.0
832,832,8096,7261,FITfiles/2024-10-02/UMICH_20241002_103000_59.fit,2024-10-02 10:30:00,0,0,36170.08984375,http://soleil80.cs.technik.fhnw.ch/solarradio/data/2002-20yy_Callisto/2024/10/02/USA-BOSTON_20241002_143000_63.fit.gz,train,190.0,3600.0
833,833,9069,187,FITfiles/2024-11-01/Beelink1_20241101_161500_59.fit,2024-11-01 16:15:00,0,0,37183.94140625,http://soleil80.cs.technik.fhnw.ch/solarradio/data/2002-20yy_Callisto/2024/11/01/ALASKA-HAARP_20241101_201500_63.fit.gz,test,190.0,3590.0
834,834,4636,5710,FITfiles/2024-07-06/Beelink1_20240706_191500_59.fit,2024-07-06 19:15:00,0,0,10105.12890625,http://soleil80.cs.technik.fhnw.ch/solarradio/data/2002-20yy_Callisto/2024/07/06/USA-BOSTON_20240706_231500_63.fit.gz,train,190.0,3600.0
835,835,9602,706,FITfiles/2024-11-10/Beelink1_20241110_200000_59.fit,2024-11-10 20:00:00,0,0,33483.28515625,http://soleil80.cs.technik.fhnw.ch/solarradio/data/2002-20yy_Callisto/2024/11/11/ALASKA-HAARP_20241111_010000_63.fit.gz,test,190.0,3600.0
836,836,9298,406,FITfiles/2024-11-05/Beelink1_20241105_153000_59.fit,2024-11-05 15:30:00,0,0,36942.546875,http://soleil80.cs.technik.fhnw.ch/solarradio/data/2002-20yy_Callisto/2024/11/05/GREENLAND_20241105_203000_63.fit.gz,valid,190.0,3600.0
837,837,8930,9619,FITfiles/2024-10-30/Beelink1_20241030_103000_59.fit,2024-10-30 10:30:00,0,0,36188.44921875,http://soleil80.cs.technik.fhnw.ch/solarradio/data/2002-20yy_Callisto/2024/10/30/USA-BOSTON_20241030_143000_63.fit.gz,train,190.0,3600.0
838,838,4688,4775,FITfiles/2024-07-13/Beelink1_20240713_170700_01.fit,2024-07-13 17:07:00,0,0,9994.796875,http://soleil80.cs.technik.fhnw.ch/solarradio/data/2002-20yy_Callisto/2024/07/13/MEXICO-LANCE-A_20240713_210000_63.fit.gz,train,190.0,3600.0
839,839,8427,765,FITfiles/2024-10-07/UMICH_20241007_204500_59.fit,2024-10-07 20:45:00,0,0,35178.01171875,http://soleil80.cs.technik.fhnw.ch/solarradio/data/2002-20yy_Callisto/2024/10/08/ALASKA-HAARP_20241008_004500_63.fit.gz,train,190.0,3590.0
840,840,2195,3213,FITfiles/2024-05-25/UMICH_20240525_080000_59.fit,2024-05-25 08:00:00,0,0,10998.388671875,http://soleil80.cs.technik.fhnw.ch/solarradio/data/2002-20yy_Callisto/2024/05/25/MEXICO-LANCE-B_20240525_120000_62.fit.gz,train,190.0,3600.0
841,841,8174,7101,FITfiles/2024-10-03/UMICH_20241003_153000_59.fit,2024-10-03 15:30:00,0,0,31018.666015625,http://soleil80.cs.technik.fhnw.ch/solarradio/data/2002-20yy_Callisto/2024/10/03/ALASKA-HAARP_20241003_193000_63.fit.gz,train,190.0,3600.0
842,842,605,5555,FITfiles/2024-04-09/Beelink1_20240409_120000_59.fit,2024-04-09 12:00:00,0,0,21960.8984375,http://soleil80.cs.technik.fhnw.ch/solarradio/data/2002-20yy_Callisto/2024/04/09/USA-BOSTON_20240409_160000_63.fit.gz,train,190.0,3600.0
843,843,502,3034,FITfiles/2024-04-07/Beelink1_20240407_151500_59.fit,2024-04-07 15:15:00,0,0,22004.029296875,http://soleil80.cs.technik.fhnw.ch/solarradio/data/2002-20yy_Callisto/2024/04/07/MEXICO-LANCE-B_20240407_191500_62.fit.gz,train,190.0,3600.0
844,844,7638,5849,FITfiles/2024-09-24/UMICH_20240924_120000_59.fit,2024-09-24 12:00:00,0,0,34688.51953125,http://soleil80.cs.technik.fhnw.ch/solarradio/data/2002-20yy_Callisto/2024/09/24/USA-BOSTON_20240924_160000_63.fit.gz,valid,190.0,3600.0
845,845,8539,877,FITfiles/2024-10-23/Beelink1_20241023_141500_59.fit,2024-10-23 14:15:00,0,0,34730.9375,http://soleil80.cs.technik.fhnw.ch/solarradio/data/2002-20yy_Callisto/2024/10/23/ALASKA-HAARP_20241023_181500_63.fit.gz,train,190.0,3590.0
846,846,7668,5893,FITfiles/2024-09-24/UMICH_20240924_193000_59.fit,2024-09-24 19:30:00,0,0,35796.3125,http://soleil80.cs.technik.fhnw.ch/solarradio/data/2002-20yy_Callisto/2024/09/24/ALASKA-COHOE_20240924_233000_62.fit.gz,valid,190.0,3600.0
847,847,5372,6540,FITfiles/2024-07-25/Beelink1_20240725_121459_59.fit,2024-07-25 12:14:59,0,0,10055.814453125,http://soleil80.cs.technik.fhnw.ch/solarradio/data/2002-20yy_Callisto/2024/07/25/MEXICO-LANCE-B_20240725_161459_62.fit.gz,train,190.0,3595.0
848,848,7700,6941,FITfiles/2024-09-25/UMICH_20240925_130000_59.fit,2024-09-25 13:00:00,0,0,34063.609375,http://soleil80.cs.technik.fhnw.ch/solarradio/data/2002-20yy_Callisto/2024/09/25/USA-BOSTON_20240925_170000_63.fit.gz,train,190.0,3600.0
849,849,7480,1566,FITfiles/2024-09-21/UMICH_20240921_111500_59.fit,2024-09-21 11:15:00,0,0,10814.37109375,http://soleil80.cs.technik.fhnw.ch/solarradio/data/2002-20yy_Callisto/2024/09/21/USA-BOSTON_20240921_151500_63.fit.gz,train,190.0,3600.0
850,850,95,3744,FITfiles/2024-03-10/Beelink1_20240310_131500_59.fit,2024-03-10 13:15:00,0,0,11602.97265625,http://soleil80.cs.technik.fhnw.ch/solarradio/data/2002-20yy_Callisto/2024/03/10/MEXART_20240310_171500_59.fit.gz,test,190.0,3600.0
851,851,4690,4758,FITfiles/2024-07-13/Beelink1_20240713_173704_01.fit,2024-07-13 17:37:04,0,0,10026.10546875,http://soleil80.cs.technik.fhnw.ch/solarradio/data/2002-20yy_Callisto/2024/07/13/USA-BOSTON_20240713_213000_63.fit.gz,valid,190.0,3600.0
852,852,6643,9576,FITfiles/2024-09-05/UMICH_20240905_074500_59.fit,2024-09-05 07:45:00,0,0,10129.34765625,http://soleil80.cs.technik.fhnw.ch/solarradio/data/2002-20yy_Callisto/2024/09/05/USA-BOSTON_20240905_114500_63.fit.gz,train,190.0,3600.0
853,853,2400,6727,FITfiles/2024-05-28/UMICH_20240528_154500_59.fit,2024-05-28 15:45:00,0,0,10776.9990234375,http://soleil80.cs.technik.fhnw.ch/solarradio/data/2002-20yy_Callisto/2024/05/28/MEXICO-LANCE-B_20240528_194500_62.fit.gz,train,190.0,3600.0
854,854,4029,4606,FITfiles/2024-06-25/UMICH_20240625_174500_59.fit,2024-06-25 17:45:00,0,0,10503.9580078125,http://soleil80.cs.technik.fhnw.ch/solarradio/data/2002-20yy_Callisto/2024/06/25/MEXART_20240625_214500_59.fit.gz,train,190.0,3600.0
855,855,249,5584,FITfiles/2024-03-16/Beelink1_20240316_170000_59.fit,2024-03-16 17:00:00,0,0,11401.8251953125,http://soleil80.cs.technik.fhnw.ch/solarradio/data/2002-20yy_Callisto/2024/03/16/MEXICO-LANCE-A_20240316_210000_63.fit.gz,train,190.0,3600.0
856,856,4511,6445,FITfiles/2024-07-04/Beelink1_20240704_170000_59.fit,2024-07-04 17:00:00,0,0,10036.490234375,http://soleil80.cs.technik.fhnw.ch/solarradio/data/2002-20yy_Callisto/2024/07/04/MEXICO-LANCE-A_20240704_210000_63.fit.gz,train,190.0,3600.0
857,857,5540,7051,FITfiles/2024-07-28/Beelink1_20240728_104500_59.fit,2024-07-28 10:45:00,0,0,10078.4404296875,http://soleil80.cs.technik.fhnw.ch/solarradio/data/2002-20yy_Callisto/2024/07/28/USA-BOSTON_20240728_144500_01.fit.gz,valid,190.0,3600.0
858,858,8602,1287,FITfiles/2024-10-24/Beelink1_20241024_153000_59.fit,2024-10-24 15:30:00,0,0,34535.75390625,http://soleil80.cs.technik.fhnw.ch/solarradio/data/2002-20yy_Callisto/2024/10/24/ALASKA-HAARP_20241024_193000_63.fit.gz,test,190.0,3600.0
859,859,8341,1131,FITfiles/2024-10-06/UMICH_20241006_134500_59.fit,2024-10-06 13:45:00,0,0,34160.98828125,http://soleil80.cs.technik.fhnw.ch/solarradio/data/2002-20yy_Callisto/2024/10/06/ALASKA-HAARP_20241006_174500_63.fit.gz,train,190.0,3600.0
860,860,1536,7568,FITfiles/2024-04-28/Beelink1_20240428_073000_59.fit,2024-04-28 07:30:00,0,0,22594.080078125,http://soleil80.cs.technik.fhnw.ch/solarradio/data/2002-20yy_Callisto/2024/04/28/USA-BOSTON_20240428_113000_01.fit.gz,train,190.0,3600.0
861,861,9524,285,FITfiles/2024-11-09/Beelink1_20241109_140000_59.fit,2024-11-09 14:00:00,0,0,36833.7578125,http://soleil80.cs.technik.fhnw.ch/solarradio/data/2002-20yy_Callisto/2024/11/09/GREENLAND_20241109_190000_63.fit.gz,valid,190.0,3600.0
862,862,6797,8973,FITfiles/2024-09-07/UMICH_20240907_171500_59.fit,2024-09-07 17:15:00,0,0,10091.2958984375,http://soleil80.cs.technik.fhnw.ch/solarradio/data/2002-20yy_Callisto/2024/09/07/MEXICO-LANCE-A_20240907_211500_63.fit.gz,train,190.0,3600.0
863,863,9217,98,FITfiles/2024-11-04/Beelink1_20241104_094500_59.fit,2024-11-04 09:45:00,0,0,37235.99609375,http://soleil80.cs.technik.fhnw.ch/solarradio/data/2002-20yy_Callisto/2024/11/04/USA-BOSTON_20241104_144500_63.fit.gz,train,190.0,3600.0
864,864,6735,9385,FITfiles/2024-09-06/UMICH_20240906_161500_59.fit,2024-09-06 16:15:00,0,0,10030.35546875,http://soleil80.cs.technik.fhnw.ch/solarradio/data/2002-20yy_Callisto/2024/09/06/MEXICO-LANCE-B_20240906_201500_62.fit.gz,train,190.0,3593.0
865,865,8235,8288,FITfiles/2024-10-04/UMICH_20241004_161500_59.fit,2024-10-04 16:15:00,0,0,31744.197265625,http://soleil80.cs.technik.fhnw.ch/solarradio/data/2002-20yy_Callisto/2024/10/04/ALASKA-HAARP_20241004_201500_63.fit.gz,valid,190.0,3590.0
866,866,4209,2531,FITfiles/2024-06-28/UMICH_20240628_191500_59.fit,2024-06-28 19:15:00,0,0,11012.494140625,http://soleil80.cs.technik.fhnw.ch/solarradio/data/2002-20yy_Callisto/2024/06/28/USA-BOSTON_20240628_231500_63.fit.gz,valid,190.0,3600.0
867,867,979,7494,FITfiles/2024-04-18/Beelink1_20240418_131500_59.fit,2024-04-18 13:15:00,0,0,22248.927734375,http://soleil80.cs.technik.fhnw.ch/solarradio/data/2002-20yy_Callisto/2024/04/18/USA-BOSTON_20240418_171500_63.fit.gz,train,190.0,3600.0
868,868,2971,7221,FITfiles/2024-06-07/UMICH_20240607_141500_59.fit,2024-06-07 14:15:00,0,0,10782.767578125,http://soleil80.cs.technik.fhnw.ch/solarradio/data/2002-20yy_Callisto/2024/06/07/USA-BOSTON_20240607_181500_63.fit.gz,valid,190.0,3593.0
869,869,8307,5208,FITfiles/2024-10-05/UMICH_20241005_194500_59.fit,2024-10-05 19:45:00,0,0,35640.68359375,http://soleil80.cs.technik.fhnw.ch/solarradio/data/2002-20yy_Callisto/2024/10/05/ALASKA-HAARP_20241005_234500_63.fit.gz,train,190.0,3600.0
870,870,4898,5903,FITfiles/2024-07-17/Beelink1_20240717_112959_59.fit,2024-07-17 11:29:59,0,0,10054.1728515625,http://soleil80.cs.technik.fhnw.ch/solarradio/data/2002-20yy_Callisto/2024/07/17/MEXICO-LANCE-B_20240717_152959_62.fit.gz,test,190.0,3600.0
871,871,5705,2763,FITfiles/2024-07-31/Beelink1_20240731_083000_59.fit,2024-07-31 08:30:00,0,0,10078.728515625,http://soleil80.cs.technik.fhnw.ch/solarradio/data/2002-20yy_Callisto/2024/07/31/MEXICO-LANCE-B_20240731_123000_62.fit.gz,train,190.0,3600.0
872,872,4853,3484,FITfiles/2024-07-16/Beelink1_20240716_144500_59.fit,2024-07-16 14:45:00,0,0,9965.4599609375,http://soleil80.cs.technik.fhnw.ch/solarradio/data/2002-20yy_Callisto/2024/07/16/MEXICO-LANCE-B_20240716_184500_62.fit.gz,train,190.0,3600.0
873,873,6472,9347,FITfiles/2024-09-02/UMICH_20240902_083000_59.fit,2024-09-02 08:30:00,0,0,10137.6376953125,http://soleil80.cs.technik.fhnw.ch/solarradio/data/2002-20yy_Callisto/2024/09/02/MEXICO-LANCE-B_20240902_123000_62.fit.gz,test,190.0,3600.0
874,874,6144,5773,FITfiles/2024-08-07/Beelink1_20240807_164500_59.fit,2024-08-07 16:45:00,0,0,9934.7607421875,http://soleil80.cs.technik.fhnw.ch/solarradio/data/2002-20yy_Callisto/2024/08/07/MEXICO-LANCE-A_20240807_204500_63.fit.gz,valid,190.0,3600.0
875,875,968,7523,FITfiles/2024-04-18/Beelink1_20240418_103000_59.fit,2024-04-18 10:30:00,0,0,22390.1484375,http://soleil80.cs.technik.fhnw.ch/solarradio/data/2002-20yy_Callisto/2024/04/18/ALASKA-HAARP_20240418_143000_63.fit.gz,train,190.0,3600.0
876,876,4934,5878,FITfiles/2024-07-17/Beelink1_20240717_203000_59.fit,2024-07-17 20:30:00,0,0,10092.4921875,http://soleil80.cs.technik.fhnw.ch/solarradio/data/2002-20yy_Callisto/2024/07/18/ALASKA-HAARP_20240718_003000_63.fit.gz,test,190.0,3600.0
877,877,8607,1307,FITfiles/2024-10-24/Beelink1_20241024_164500_59.fit,2024-10-24 16:45:00,0,0,34865.67578125,http://soleil80.cs.technik.fhnw.ch/solarradio/data/2002-20yy_Callisto/2024/10/24/GREENLAND_20241024_204500_63.fit.gz,train,190.0,3600.0
878,878,1403,6271,FITfiles/2024-04-25/Beelink1_20240425_174500_59.fit,2024-04-25 17:45:00,0,0,22088.19140625,http://soleil80.cs.technik.fhnw.ch/solarradio/data/2002-20yy_Callisto/2024/04/25/USA-BOSTON_20240425_214500_63.fit.gz,test,190.0,3600.0
879,879,1788,1863,FITfiles/2024-05-15/Beelink1_20240515_141500_59.fit,2024-05-15 14:15:00,0,0,10514.6474609375,http://soleil80.cs.technik.fhnw.ch/solarradio/data/2002-20yy_Callisto/2024/05/15/USA-BOSTON_20240515_181500_01.fit.gz,train,190.0,3593.0
880,880,5898,4341,FITfiles/2024-08-03/Beelink1_20240803_131500_59.fit,2024-08-03 13:15:00,0,0,9988.48828125,http://soleil80.cs.technik.fhnw.ch/solarradio/data/2002-20yy_Callisto/2024/08/03/MEXART_20240803_171500_59.fit.gz,valid,190.0,3600.0
881,881,2365,6796,FITfiles/2024-05-28/UMICH_20240528_070000_59.fit,2024-05-28 07:00:00,0,0,10974.8251953125,http://soleil80.cs.technik.fhnw.ch/solarradio/data/2002-20yy_Callisto/2024/05/28/USA-BOSTON_20240528_110000_63.fit.gz,train,190.0,3600.0
882,882,4108,7846,FITfiles/2024-06-27/UMICH_20240627_083000_59.fit,2024-06-27 08:30:00,0,0,10844.3291015625,http://soleil80.cs.technik.fhnw.ch/solarradio/data/2002-20yy_Callisto/2024/06/27/MEXICO-LANCE-B_20240627_123000_62.fit.gz,train,190.0,3600.0
883,883,7794,3102,FITfiles/2024-09-27/UMICH_20240927_073000_59.fit,2024-09-27 07:30:00,0,0,35937.640625,http://soleil80.cs.technik.fhnw.ch/solarradio/data/2002-20yy_Callisto/2024/09/27/USA-BOSTON_20240927_113000_63.fit.gz,train,190.0,3600.0
884,884,2831,6366,FITfiles/2024-06-05/UMICH_20240605_081500_59.fit,2024-06-05 08:15:00,0,0,10729.0048828125,http://soleil80.cs.technik.fhnw.ch/solarradio/data/2002-20yy_Callisto/2024/06/05/MEXICO-LANCE-B_20240605_121500_62.fit.gz,train,190.0,3593.0
885,885,2015,4697,FITfiles/2024-05-22/UMICH_20240522_063000_59.fit,2024-05-22 06:30:00,0,0,10832.63671875,http://soleil80.cs.technik.fhnw.ch/solarradio/data/2002-20yy_Callisto/2024/05/22/USA-BOSTON_20240522_103000_01.fit.gz,train,190.0,3600.0
886,886,145,7454,FITfiles/2024-03-11/Beelink1_20240311_111459_59.fit,2024-03-11 11:14:59,0,0,11714.13671875,http://soleil80.cs.technik.fhnw.ch/solarradio/data/2002-20yy_Callisto/2024/03/11/MEXICO-LANCE-B_20240311_151459_62.fit.gz,train,190.0,3600.0
887,887,5980,2887,FITfiles/2024-08-04/Beelink1_20240804_191500_59.fit,2024-08-04 19:15:00,0,0,10028.4580078125,http://soleil80.cs.technik.fhnw.ch/solarradio/data/2002-20yy_Callisto/2024/08/04/MEXART_20240804_231500_59.fit.gz,train,190.0,3600.0
888,888,19,1905,FITfiles/2024-02-02/Beelink1_20240202_180000_59.fit,2024-02-02 18:00:00,0,0,21556.27734375,http://soleil80.cs.technik.fhnw.ch/solarradio/data/2002-20yy_Callisto/2024/02/02/ALASKA-HAARP_20240202_230000_63.fit.gz,test,190.0,3600.0
889,889,6991,8935,FITfiles/2024-09-11/UMICH_20240911_074500_59.fit,2024-09-11 07:45:00,0,0,10109.7333984375,http://soleil80.cs.technik.fhnw.ch/solarradio/data/2002-20yy_Callisto/2024/09/11/USA-BOSTON_20240911_114500_63.fit.gz,train,190.0,3600.0
890,890,7799,3109,FITfiles/2024-09-27/UMICH_20240927_084500_59.fit,2024-09-27 08:45:00,0,0,36234.48828125,http://soleil80.cs.technik.fhnw.ch/solarradio/data/2002-20yy_Callisto/2024/09/27/MEXICO-LANCE-A_20240927_124500_63.fit.gz,train,190.0,3600.0
891,891,2556,8544,FITfiles/2024-05-31/UMICH_20240531_105959_59.fit,2024-05-31 10:59:59,0,0,10819.2041015625,http://soleil80.cs.technik.fhnw.ch/solarradio/data/2002-20yy_Callisto/2024/05/31/MEXICO-LANCE-B_20240531_145959_62.fit.gz,test,190.0,3600.0
892,892,6939,8568,FITfiles/2024-09-10/UMICH_20240910_091500_59.fit,2024-09-10 09:15:00,0,0,10113.7275390625,http://soleil80.cs.technik.fhnw.ch/solarradio/data/2002-20yy_Callisto/2024/09/10/USA-BOSTON_20240910_131500_63.fit.gz,train,190.0,3600.0
893,893,1643,3071,FITfiles/2024-04-29/Beelink1_20240429_194500_59.fit,2024-04-29 19:45:00,0,0,22306.7734375,http://soleil80.cs.technik.fhnw.ch/solarradio/data/2002-20yy_Callisto/2024/04/29/MEXART_20240429_234500_59.fit.gz,train,190.0,3600.0
894,894,1598,5961,FITfiles/2024-04-29/Beelink1_20240429_083000_59.fit,2024-04-29 08:30:00,0,0,22208.283203125,http://soleil80.cs.technik.fhnw.ch/solarradio/data/2002-20yy_Callisto/2024/04/29/USA-BOSTON_20240429_123000_63.fit.gz,train,190.0,3600.0
895,895,3365,4547,FITfiles/2024-06-14/UMICH_20240614_112959_59.fit,2024-06-14 11:29:59,0,0,10705.4375,http://soleil80.cs.technik.fhnw.ch/solarradio/data/2002-20yy_Callisto/2024/06/14/MEXICO-LANCE-B_20240614_152959_62.fit.gz,train,190.0,3600.0
896,896,1732,5342,FITfiles/2024-05-01/Beelink1_20240501_130000_59.fit,2024-05-01 13:00:00,0,0,21844.55078125,http://soleil80.cs.technik.fhnw.ch/solarradio/data/2002-20yy_Callisto/2024/05/01/GREENLAND_20240501_170000_63.fit.gz,test,190.0,3600.0
897,897,1919,5119,FITfiles/2024-05-20/UMICH_20240520_112959_59.fit,2024-05-20 11:29:59,0,0,10712.6552734375,http://soleil80.cs.technik.fhnw.ch/solarradio/data/2002-20yy_Callisto/2024/05/20/MEXICO-LANCE-B_20240520_152959_62.fit.gz,train,190.0,3600.0
898,898,6729,9384,FITfiles/2024-09-06/UMICH_20240906_144500_59.fit,2024-09-06 14:45:00,0,0,10093.6337890625,http://soleil80.cs.technik.fhnw.ch/solarradio/data/2002-20yy_Callisto/2024/09/06/MEXICO-LANCE-B_20240906_184500_62.fit.gz,valid,190.0,3600.0
899,899,5506,2601,FITfiles/2024-07-27/Beelink1_20240727_164500_59.fit,2024-07-27 16:45:00,0,0,9949.4765625,http://soleil80.cs.technik.fhnw.ch/solarradio/data/2002-20yy_Callisto/2024/07/27/MEXICO-LANCE-A_20240727_204500_63.fit.gz,test,190.0,3600.0
900,900,5542,7045,FITfiles/2024-07-28/Beelink1_20240728_111459_59.fit,2024-07-28 11:14:59,0,0,10045.2705078125,http://soleil80.cs.technik.fhnw.ch/solarradio/data/2002-20yy_Callisto/2024/07/28/MEXICO-LANCE-B_20240728_151459_62.fit.gz,valid,190.0,3600.0
901,901,5034,2977,FITfiles/2024-07-19/Beelink1_20240719_163000_59.fit,2024-07-19 16:30:00,0,0,9975.6533203125,http://soleil80.cs.technik.fhnw.ch/solarradio/data/2002-20yy_Callisto/2024/07/19/MEXICO-LANCE-B_20240719_203000_62.fit.gz,valid,190.0,3600.0
902,902,9137,554,FITfiles/2024-11-02/Beelink1_20241102_184500_59.fit,2024-11-02 18:45:00,0,0,38291.03515625,http://soleil80.cs.technik.fhnw.ch/solarradio/data/2002-20yy_Callisto/2024/11/02/GREENLAND_20241102_224500_63.fit.gz,valid,190.0,3600.0
903,903,1666,6805,FITfiles/2024-04-30/Beelink1_20240430_110000_59.fit,2024-04-30 11:00:00,0,0,22273.638671875,http://soleil80.cs.technik.fhnw.ch/solarradio/data/2002-20yy_Callisto/2024/04/30/USA-BOSTON_20240430_150000_01.fit.gz,train,190.0,3600.0
904,904,5987,4166,FITfiles/2024-08-05/Beelink1_20240805_063000_59.fit,2024-08-05 06:30:00,0,0,10096.3076171875,http://soleil80.cs.technik.fhnw.ch/solarradio/data/2002-20yy_Callisto/2024/08/05/USA-BOSTON_20240805_103000_01.fit.gz,train,190.0,3600.0
905,905,4692,4754,FITfiles/2024-07-13/Beelink1_20240713_180704_01.fit,2024-07-13 18:07:04,0,0,10012.1025390625,http://soleil80.cs.technik.fhnw.ch/solarradio/data/2002-20yy_Callisto/2024/07/13/USA-BOSTON_20240713_220000_63.fit.gz,train,190.0,3600.0
906,906,1041,5306,FITfiles/2024-04-19/Beelink1_20240419_141500_59.fit,2024-04-19 14:15:00,0,0,22242.0546875,http://soleil80.cs.technik.fhnw.ch/solarradio/data/2002-20yy_Callisto/2024/04/19/USA-BOSTON_20240419_181500_63.fit.gz,train,190.0,3590.0
907,907,1945,5100,FITfiles/2024-05-20/UMICH_20240520_180000_59.fit,2024-05-20 18:00:00,0,0,10680.90234375,http://soleil80.cs.technik.fhnw.ch/solarradio/data/2002-20yy_Callisto/2024/05/20/MEXICO-LANCE-B_20240520_220000_62.fit.gz,train,190.0,3600.0
908,908,9457,1355,FITfiles/2024-11-08/Beelink1_20241108_114500_59.fit,2024-11-08 11:45:00,0,0,37218.22265625,http://soleil80.cs.technik.fhnw.ch/solarradio/data/2002-20yy_Callisto/2024/11/08/ALASKA-HAARP_20241108_164500_63.fit.gz,train,190.0,3600.0
909,909,8456,1022,FITfiles/2024-10-08/UMICH_20241008_133000_59.fit,2024-10-08 13:30:00,0,0,34279.60546875,http://soleil80.cs.technik.fhnw.ch/solarradio/data/2002-20yy_Callisto/2024/10/08/GREENLAND_20241008_173000_63.fit.gz,test,190.0,3600.0
910,910,383,4870,FITfiles/2024-04-05/Beelink1_20240405_140000_59.fit,2024-04-05 14:00:00,0,0,11508.466796875,http://soleil80.cs.technik.fhnw.ch/solarradio/data/2002-20yy_Callisto/2024/04/05/USA-BOSTON_20240405_180000_63.fit.gz,train,190.0,3600.0
911,911,9299,397,FITfiles/2024-11-05/Beelink1_20241105_154500_59.fit,2024-11-05 15:45:00,0,0,37009.76171875,http://soleil80.cs.technik.fhnw.ch/solarradio/data/2002-20yy_Callisto/2024/11/05/GREENLAND_20241105_204500_63.fit.gz,train,190.0,3600.0
912,912,1575,7716,FITfiles/2024-04-28/Beelink1_20240428_171500_59.fit,2024-04-28 17:15:00,0,0,21799.548828125,http://soleil80.cs.technik.fhnw.ch/solarradio/data/2002-20yy_Callisto/2024/04/28/USA-BOSTON_20240428_211500_63.fit.gz,test,190.0,3600.0
913,913,3216,2652,FITfiles/2024-06-11/UMICH_20240611_174500_59.fit,2024-06-11 17:45:00,0,0,10393.353515625,http://soleil80.cs.technik.fhnw.ch/solarradio/data/2002-20yy_Callisto/2024/06/11/USA-BOSTON_20240611_214500_63.fit.gz,test,190.0,3600.0
914,914,8895,684,FITfiles/2024-10-29/Beelink1_20241029_161500_59.fit,2024-10-29 16:15:00,0,0,34398.33984375,http://soleil80.cs.technik.fhnw.ch/solarradio/data/2002-20yy_Callisto/2024/10/29/MEXICO-LANCE-B_20241029_201500_62.fit.gz,train,190.0,3590.0
915,915,108,3722,FITfiles/2024-03-10/Beelink1_20240310_163000_59.fit,2024-03-10 16:30:00,0,0,11600.91015625,http://soleil80.cs.technik.fhnw.ch/solarradio/data/2002-20yy_Callisto/2024/03/10/MEXICO-LANCE-A_20240310_203000_63.fit.gz,train,190.0,3600.0
916,916,4852,3500,FITfiles/2024-07-16/Beelink1_20240716_143000_59.fit,2024-07-16 14:30:00,0,0,9967.51171875,http://soleil80.cs.technik.fhnw.ch/solarradio/data/2002-20yy_Callisto/2024/07/16/MEXICO-LANCE-B_20240716_183000_62.fit.gz,test,190.0,3600.0
917,917,8771,9703,FITfiles/2024-10-27/Beelink1_20241027_141500_59.fit,2024-10-27 14:15:00,0,0,35713.4375,http://soleil80.cs.technik.fhnw.ch/solarradio/data/2002-20yy_Callisto/2024/10/27/ALASKA-HAARP_20241027_181500_63.fit.gz,test,190.0,3590.0
918,918,7650,5851,FITfiles/2024-09-24/UMICH_20240924_150000_59.fit,2024-09-24 15:00:00,0,0,35198.64453125,http://soleil80.cs.technik.fhnw.ch/solarradio/data/2002-20yy_Callisto/2024/09/24/MEXICO-LANCE-B_20240924_190000_62.fit.gz,train,190.0,3600.0
919,919,7971,8417,FITfiles/2024-09-30/UMICH_20240930_081500_59.fit,2024-09-30 08:15:00,0,0,34609.3359375,http://soleil80.cs.technik.fhnw.ch/solarradio/data/2002-20yy_Callisto/2024/09/30/MEXICO-LANCE-A_20240930_121500_63.fit.gz,train,190.0,3589.0
920,920,1641,3076,FITfiles/2024-04-29/Beelink1_20240429_191500_59.fit,2024-04-29 19:15:00,0,0,22233.857421875,http://soleil80.cs.technik.fhnw.ch/solarradio/data/2002-20yy_Callisto/2024/04/29/GREENLAND_20240429_231500_63.fit.gz,valid,190.0,3600.0
921,921,2510,3673,FITfiles/2024-05-30/UMICH_20240530_140000_59.fit,2024-05-30 14:00:00,0,0,10446.1513671875,http://soleil80.cs.technik.fhnw.ch/solarradio/data/2002-20yy_Callisto/2024/05/30/USA-BOSTON_20240530_180000_63.fit.gz,train,190.0,3600.0
922,922,3820,2236,FITfiles/2024-06-22/UMICH_20240622_090000_59.fit,2024-06-22 09:00:00,0,0,11017.2412109375,http://soleil80.cs.technik.fhnw.ch/solarradio/data/2002-20yy_Callisto/2024/06/22/MEXICO-LANCE-A_20240622_130000_63.fit.gz,valid,190.0,3600.0
923,923,8701,1371,FITfiles/2024-10-26/Beelink1_20241026_111500_59.fit,2024-10-26 11:15:00,0,0,37217.72265625,http://soleil80.cs.technik.fhnw.ch/solarradio/data/2002-20yy_Callisto/2024/10/26/ALASKA-HAARP_20241026_151500_63.fit.gz,valid,190.0,3600.0
924,924,9654,1598,FITfiles/2024-11-11/Beelink1_20241111_183000_59.fit,2024-11-11 18:30:00,0,0,33913.23046875,http://soleil80.cs.technik.fhnw.ch/solarradio/data/2002-20yy_Callisto/2024/11/11/ALASKA-HAARP_20241111_233000_63.fit.gz,train,190.0,3600.0
925,925,7435,1120,FITfiles/2024-09-20/UMICH_20240920_143000_59.fit,2024-09-20 14:30:00,0,0,10530.6962890625,http://soleil80.cs.technik.fhnw.ch/solarradio/data/2002-20yy_Callisto/2024/09/20/MEXICO-LANCE-B_20240920_183000_62.fit.gz,train,190.0,3600.0
926,926,390,4856,FITfiles/2024-04-05/Beelink1_20240405_154500_59.fit,2024-04-05 15:45:00,0,0,11500.9501953125,http://soleil80.cs.technik.fhnw.ch/solarradio/data/2002-20yy_Callisto/2024/04/05/MEXICO-LANCE-B_20240405_194500_62.fit.gz,train,190.0,3600.0
927,927,5697,2768,FITfiles/2024-07-31/Beelink1_20240731_063000_59.fit,2024-07-31 06:30:00,0,0,10113.1953125,http://soleil80.cs.technik.fhnw.ch/solarradio/data/2002-20yy_Callisto/2024/07/31/GREENLAND_20240731_103000_63.fit.gz,test,190.0,3600.0
928,928,8418,766,FITfiles/2024-10-07/UMICH_20241007_183000_59.fit,2024-10-07 18:30:00,0,0,35157.6953125,http://soleil80.cs.technik.fhnw.ch/solarradio/data/2002-20yy_Callisto/2024/10/07/GREENLAND_20241007_223000_63.fit.gz,train,190.0,3600.0
929,929,6641,9583,FITfiles/2024-09-05/UMICH_20240905_071500_59.fit,2024-09-05 07:15:00,0,0,10138.42578125,http://soleil80.cs.technik.fhnw.ch/solarradio/data/2002-20yy_Callisto/2024/09/05/USA-BOSTON_20240905_111500_63.fit.gz,valid,190.0,3600.0
930,930,2587,3626,FITfiles/2024-06-01/UMICH_20240601_093000_59.fit,2024-06-01 09:30:00,0,0,11010.6455078125,http://soleil80.cs.technik.fhnw.ch/solarradio/data/2002-20yy_Callisto/2024/06/01/MEXICO-LANCE-B_20240601_133000_62.fit.gz,test,190.0,3600.0
931,931,2762,1977,FITfiles/2024-06-03/UMICH_20240603_200000_59.fit,2024-06-03 20:00:00,0,0,10731.6318359375,http://soleil80.cs.technik.fhnw.ch/solarradio/data/2002-20yy_Callisto/2024/06/04/USA-BOSTON_20240604_000000_62.fit.gz,valid,190.0,3600.0
932,932,622,5527,FITfiles/2024-04-09/Beelink1_20240409_161500_59.fit,2024-04-09 16:15:00,0,0,21394.193359375,http://soleil80.cs.technik.fhnw.ch/solarradio/data/2002-20yy_Callisto/2024/04/09/MEXICO-LANCE-B_20240409_201500_62.fit.gz,test,190.0,3590.0
933,933,3156,1789,FITfiles/2024-06-10/UMICH_20240610_171500_59.fit,2024-06-10 17:15:00,0,0,10406.5556640625,http://soleil80.cs.technik.fhnw.ch/solarradio/data/2002-20yy_Callisto/2024/06/10/USA-BOSTON_20240610_211500_63.fit.gz,valid,190.0,3600.0
934,934,3832,2214,FITfiles/2024-06-22/UMICH_20240622_115959_59.fit,2024-06-22 11:59:59,0,0,10537.21875,http://soleil80.cs.technik.fhnw.ch/solarradio/data/2002-20yy_Callisto/2024/06/22/MEXICO-LANCE-A_20240622_155959_63.fit.gz,train,190.0,3600.0
935,935,7074,9463,FITfiles/2024-09-14/UMICH_20240914_111459_59.fit,2024-09-14 11:14:59,0,0,10986.0439453125,http://soleil80.cs.technik.fhnw.ch/solarradio/data/2002-20yy_Callisto/2024/09/14/MEXICO-LANCE-B_20240914_151459_62.fit.gz,train,190.0,3600.0
936,936,7828,3135,FITfiles/2024-09-27/UMICH_20240927_160000_59.fit,2024-09-27 16:00:00,0,0,34927.4140625,http://soleil80.cs.technik.fhnw.ch/solarradio/data/2002-20yy_Callisto/2024/09/27/MEXICO-LANCE-B_20240927_200000_62.fit.gz,valid,190.0,3600.0
937,937,7900,5273,FITfiles/2024-09-28/UMICH_20240928_193000_59.fit,2024-09-28 19:30:00,0,0,35985.35546875,http://soleil80.cs.technik.fhnw.ch/solarradio/data/2002-20yy_Callisto/2024/09/28/MEXART_20240928_233000_59.fit.gz,valid,190.0,3600.0
938,938,7185,1263,FITfiles/2024-09-16/UMICH_20240916_100000_59.fit,2024-09-16 10:00:00,0,0,11438.728515625,http://soleil80.cs.technik.fhnw.ch/solarradio/data/2002-20yy_Callisto/2024/09/16/MEXICO-LANCE-B_20240916_140000_62.fit.gz,train,190.0,3600.0
939,939,6401,9316,FITfiles/2024-08-12/Beelink1_20240812_083000_59.fit,2024-08-12 08:30:00,0,0,10115.2353515625,http://soleil80.cs.technik.fhnw.ch/solarradio/data/2002-20yy_Callisto/2024/08/12/MEXICO-LANCE-B_20240812_123000_62.fit.gz,train,190.0,3600.0
940,940,1795,1865,FITfiles/2024-05-15/Beelink1_20240515_160000_59.fit,2024-05-15 16:00:00,0,0,10511.62109375,http://soleil80.cs.technik.fhnw.ch/solarradio/data/2002-20yy_Callisto/2024/05/15/MEXICO-LANCE-B_20240515_200000_62.fit.gz,train,190.0,3600.0
941,941,3608,6863,FITfiles/2024-06-18/UMICH_20240618_141500_59.fit,2024-06-18 14:15:00,0,0,10476.0244140625,http://soleil80.cs.technik.fhnw.ch/solarradio/data/2002-20yy_Callisto/2024/06/18/USA-BOSTON_20240618_181500_01.fit.gz,train,190.0,3592.0
942,942,3858,2175,FITfiles/2024-06-22/UMICH_20240622_183000_59.fit,2024-06-22 18:30:00,0,0,10603.01953125,http://soleil80.cs.technik.fhnw.ch/solarradio/data/2002-20yy_Callisto/2024/06/22/USA-BOSTON_20240622_223000_63.fit.gz,train,190.0,3600.0
943,943,8263,5158,FITfiles/2024-10-05/UMICH_20241005_084500_59.fit,2024-10-05 08:45:00,0,0,35879.99609375,http://soleil80.cs.technik.fhnw.ch/solarradio/data/2002-20yy_Callisto/2024/10/05/GREENLAND_20241005_124500_63.fit.gz,valid,190.0,3600.0
944,944,2500,3683,FITfiles/2024-05-30/UMICH_20240530_112959_59.fit,2024-05-30 11:29:59,0,0,10846.2607421875,http://soleil80.cs.technik.fhnw.ch/solarradio/data/2002-20yy_Callisto/2024/05/30/MEXICO-LANCE-B_20240530_152959_62.fit.gz,train,190.0,3600.0
945,945,7543,210,FITfiles/2024-09-22/UMICH_20240922_121459_59.fit,2024-09-22 12:14:59,0,0,10652.392578125,http://soleil80.cs.technik.fhnw.ch/solarradio/data/2002-20yy_Callisto/2024/09/22/MEXICO-LANCE-B_20240922_161459_62.fit.gz,train,190.0,3595.0
946,946,745,8491,FITfiles/2024-04-14/Beelink1_20240414_124500_59.fit,2024-04-14 12:45:00,0,0,22080.556640625,http://soleil80.cs.technik.fhnw.ch/solarradio/data/2002-20yy_Callisto/2024/04/14/ALASKA-HAARP_20240414_164500_63.fit.gz,test,190.0,3600.0
947,947,223,6025,FITfiles/2024-03-12/Beelink1_20240312_161500_59.fit,2024-03-12 16:15:00,0,0,11003.0322265625,http://soleil80.cs.technik.fhnw.ch/solarradio/data/2002-20yy_Callisto/2024/03/12/MEXICO-LANCE-B_20240312_201500_62.fit.gz,train,190.0,3592.0
948,948,1466,6571,FITfiles/2024-04-26/Beelink1_20240426_190000_59.fit,2024-04-26 19:00:00,0,0,22212.96875,http://soleil80.cs.technik.fhnw.ch/solarradio/data/2002-20yy_Callisto/2024/04/26/USA-BOSTON_20240426_230000_63.fit.gz,train,190.0,3600.0
949,949,8103,7274,FITfiles/2024-10-02/UMICH_20241002_121500_59.fit,2024-10-02 12:15:00,0,0,35399.81640625,http://soleil80.cs.technik.fhnw.ch/solarradio/data/2002-20yy_Callisto/2024/10/02/ALASKA-HAARP_20241002_161500_63.fit.gz,train,190.0,3590.0
950,950,5250,8642,FITfiles/2024-07-23/Beelink1_20240723_104500_59.fit,2024-07-23 10:45:00,0,0,10093.353515625,http://soleil80.cs.technik.fhnw.ch/solarradio/data/2002-20yy_Callisto/2024/07/23/ALASKA-HAARP_20240723_144500_63.fit.gz,valid,190.0,3600.0
951,951,2077,1832,FITfiles/2024-05-23/UMICH_20240523_073000_59.fit,2024-05-23 07:30:00,0,0,11014.2080078125,http://soleil80.cs.technik.fhnw.ch/solarradio/data/2002-20yy_Callisto/2024/05/23/USA-BOSTON_20240523_113000_63.fit.gz,train,190.0,3600.0
952,952,7430,1125,FITfiles/2024-09-20/UMICH_20240920_131500_59.fit,2024-09-20 13:15:00,0,0,10642.9609375,http://soleil80.cs.technik.fhnw.ch/solarradio/data/2002-20yy_Callisto/2024/09/20/USA-BOSTON_20240920_171500_63.fit.gz,test,190.0,3600.0
953,953,8910,687,FITfiles/2024-10-29/Beelink1_20241029_200000_59.fit,2024-10-29 20:00:00,0,0,36827.5625,http://soleil80.cs.technik.fhnw.ch/solarradio/data/2002-20yy_Callisto/2024/10/30/ALASKA-HAARP_20241030_000000_63.fit.gz,valid,190.0,3600.0
954,954,5812,8210,FITfiles/2024-08-01/Beelink1_20240801_204500_59.fit,2024-08-01 20:45:00,0,0,10046.1376953125,http://soleil80.cs.technik.fhnw.ch/solarradio/data/2002-20yy_Callisto/2024/08/02/MEXART_20240802_004500_59.fit.gz,train,190.0,3590.0
955,955,4926,5886,FITfiles/2024-07-17/Beelink1_20240717_183000_59.fit,2024-07-17 18:30:00,0,0,10031.9189453125,http://soleil80.cs.technik.fhnw.ch/solarradio/data/2002-20yy_Callisto/2024/07/17/USA-BOSTON_20240717_223000_63.fit.gz,train,190.0,3600.0
956,956,2859,6345,FITfiles/2024-06-05/UMICH_20240605_151500_59.fit,2024-06-05 15:15:00,0,0,11025.818359375,http://soleil80.cs.technik.fhnw.ch/solarradio/data/2002-20yy_Callisto/2024/06/05/MEXICO-LANCE-B_20240605_191500_62.fit.gz,test,190.0,3600.0
957,957,7083,9444,FITfiles/2024-09-14/UMICH_20240914_133000_59.fit,2024-09-14 13:30:00,0,0,10715.5107421875,http://soleil80.cs.technik.fhnw.ch/solarradio/data/2002-20yy_Callisto/2024/09/14/GREENLAND_20240914_173000_63.fit.gz,train,190.0,3600.0
958,958,3404,1964,FITfiles/2024-06-15/UMICH_20240615_064500_59.fit,2024-06-15 06:45:00,0,0,11014.0205078125,http://soleil80.cs.technik.fhnw.ch/solarradio/data/2002-20yy_Callisto/2024/06/15/USA-BOSTON_20240615_104500_63.fit.gz,train,190.0,3600.0
959,959,6995,8928,FITfiles/2024-09-11/UMICH_20240911_084500_59.fit,2024-09-11 08:45:00,0,0,10100.390625,http://soleil80.cs.technik.fhnw.ch/solarradio/data/2002-20yy_Callisto/2024/09/11/MEXICO-LANCE-B_20240911_124500_62.fit.gz,test,190.0,3600.0
960,960,5339,6094,FITfiles/2024-07-24/Beelink1_20240724_183000_59.fit,2024-07-24 18:30:00,0,0,10027.1171875,http://soleil80.cs.technik.fhnw.ch/solarradio/data/2002-20yy_Callisto/2024/07/24/USA-BOSTON_20240724_223000_63.fit.gz,train,190.0,3600.0
961,961,9102,454,FITfiles/2024-11-02/Beelink1_20241102_100000_59.fit,2024-11-02 10:00:00,0,0,37385.5234375,http://soleil80.cs.technik.fhnw.ch/solarradio/data/2002-20yy_Callisto/2024/11/02/USA-BOSTON_20241102_140000_63.fit.gz,train,190.0,3600.0
962,962,2948,7244,FITfiles/2024-06-07/UMICH_20240607_083000_59.fit,2024-06-07 08:30:00,0,0,10843.8818359375,http://soleil80.cs.technik.fhnw.ch/solarradio/data/2002-20yy_Callisto/2024/06/07/MEXICO-LANCE-B_20240607_123000_62.fit.gz,train,190.0,3600.0
963,963,355,4884,FITfiles/2024-04-05/Beelink1_20240405_070000_59.fit,2024-04-05 07:00:00,0,0,11547.375,http://soleil80.cs.technik.fhnw.ch/solarradio/data/2002-20yy_Callisto/2024/04/05/USA-BOSTON_20240405_110000_63.fit.gz,test,190.0,3600.0
964,964,4889,5930,FITfiles/2024-07-17/Beelink1_20240717_091500_59.fit,2024-07-17 09:15:00,0,0,10087.0185546875,http://soleil80.cs.technik.fhnw.ch/solarradio/data/2002-20yy_Callisto/2024/07/17/MEXICO-LANCE-B_20240717_131500_62.fit.gz,train,190.0,3600.0
965,965,9252,167,FITfiles/2024-11-04/Beelink1_20241104_183000_59.fit,2024-11-04 18:30:00,0,0,37111.83984375,http://soleil80.cs.technik.fhnw.ch/solarradio/data/2002-20yy_Callisto/2024/11/04/ALASKA-HAARP_20241104_233000_63.fit.gz,test,190.0,3600.0
966,966,4985,5035,FITfiles/2024-07-18/Beelink1_20240718_184500_59.fit,2024-07-18 18:45:00,0,0,10049.9072265625,http://soleil80.cs.technik.fhnw.ch/solarradio/data/2002-20yy_Callisto/2024/07/18/USA-BOSTON_20240718_224500_63.fit.gz,valid,190.0,3600.0
967,967,7966,8405,FITfiles/2024-09-30/UMICH_20240930_070000_59.fit,2024-09-30 07:00:00,0,0,33942.0625,http://soleil80.cs.technik.fhnw.ch/solarradio/data/2002-20yy_Callisto/2024/09/30/USA-BOSTON_20240930_110000_63.fit.gz,valid,190.0,3600.0
968,968,240,5984,FITfiles/2024-03-12/Beelink1_20240312_203000_59.fit,2024-03-12 20:30:00,0,0,11597.2021484375,http://soleil80.cs.technik.fhnw.ch/solarradio/data/2002-20yy_Callisto/2024/03/13/MEXART_20240313_003000_59.fit.gz,train,190.0,3600.0
969,969,9437,1308,FITfiles/2024-11-08/Beelink1_20241108_064500_59.fit,2024-11-08 06:45:00,0,0,36714.33203125,http://soleil80.cs.technik.fhnw.ch/solarradio/data/2002-20yy_Callisto/2024/11/08/GREENLAND_20241108_114500_63.fit.gz,valid,190.0,3600.0
970,970,9487,1449,FITfiles/2024-11-08/Beelink1_20241108_191500_59.fit,2024-11-08 19:15:00,0,0,37540.31640625,http://soleil80.cs.technik.fhnw.ch/solarradio/data/2002-20yy_Callisto/2024/11/09/ALASKA-HAARP_20241109_001500_63.fit.gz,train,190.0,3600.0
971,971,9152,782,FITfiles/2024-11-03/Beelink1_20241103_080000_59.fit,2024-11-03 08:00:00,0,0,37896.59765625,http://soleil80.cs.technik.fhnw.ch/solarradio/data/2002-20yy_Callisto/2024/11/03/USA-BOSTON_20241103_130000_63.fit.gz,valid,190.0,3600.0
972,972,4588,5761,FITfiles/2024-07-06/Beelink1_20240706_071500_59.fit,2024-07-06 07:15:00,0,0,10146.443359375,http://soleil80.cs.technik.fhnw.ch/solarradio/data/2002-20yy_Callisto/2024/07/06/USA-BOSTON_20240706_111500_01.fit.gz,test,190.0,3600.0
973,973,2169,6180,FITfiles/2024-05-24/UMICH_20240524_160000_59.fit,2024-05-24 16:00:00,0,0,10403.7900390625,http://soleil80.cs.technik.fhnw.ch/solarradio/data/2002-20yy_Callisto/2024/05/24/MEXICO-LANCE-B_20240524_200000_62.fit.gz,test,190.0,3600.0
974,974,3761,2211,FITfiles/2024-06-21/UMICH_20240621_084500_59.fit,2024-06-21 08:45:00,0,0,11518.4482421875,http://soleil80.cs.technik.fhnw.ch/solarradio/data/2002-20yy_Callisto/2024/06/21/MEXICO-LANCE-A_20240621_124500_63.fit.gz,train,190.0,3600.0
975,975,6535,9247,FITfiles/2024-09-03/UMICH_20240903_094500_59.fit,2024-09-03 09:45:00,0,0,10145.603515625,http://soleil80.cs.technik.fhnw.ch/solarradio/data/2002-20yy_Callisto/2024/09/03/MEXICO-LANCE-B_20240903_134500_62.fit.gz,valid,190.0,3600.0
976,976,3442,1929,FITfiles/2024-06-15/UMICH_20240615_161500_59.fit,2024-06-15 16:15:00,0,0,10355.46875,http://soleil80.cs.technik.fhnw.ch/solarradio/data/2002-20yy_Callisto/2024/06/15/MEXART_20240615_201500_59.fit.gz,train,190.0,3592.0
977,977,8935,9609,FITfiles/2024-10-30/Beelink1_20241030_114500_59.fit,2024-10-30 11:45:00,0,0,36128.41796875,http://soleil80.cs.technik.fhnw.ch/solarradio/data/2002-20yy_Callisto/2024/10/30/USA-BOSTON_20241030_154500_63.fit.gz,valid,190.0,3600.0
978,978,92,3761,FITfiles/2024-03-10/Beelink1_20240310_123000_59.fit,2024-03-10 12:30:00,0,0,11548.984375,http://soleil80.cs.technik.fhnw.ch/solarradio/data/2002-20yy_Callisto/2024/03/10/USA-BOSTON_20240310_163000_63.fit.gz,train,190.0,3600.0
979,979,3311,8002,FITfiles/2024-06-13/UMICH_20240613_123000_59.fit,2024-06-13 12:30:00,0,0,10471.59375,http://soleil80.cs.technik.fhnw.ch/solarradio/data/2002-20yy_Callisto/2024/06/13/MEXART_20240613_163000_59.fit.gz,train,190.0,3600.0
980,980,6422,9268,FITfiles/2024-08-12/Beelink1_20240812_134500_59.fit,2024-08-12 13:45:00,0,0,9969.4765625,http://soleil80.cs.technik.fhnw.ch/solarradio/data/2002-20yy_Callisto/2024/08/12/USA-BOSTON_20240812_174500_01.fit.gz,test,190.0,3600.0
981,981,5885,4787,FITfiles/2024-08-03/Beelink1_20240803_100000_59.fit,2024-08-03 10:00:00,0,0,10077.4326171875,http://soleil80.cs.technik.fhnw.ch/solarradio/data/2002-20yy_Callisto/2024/08/03/MEXICO-LANCE-B_20240803_140000_62.fit.gz,train,190.0,3600.0
982,982,8480,1165,FITfiles/2024-10-08/UMICH_20241008_193000_59.fit,2024-10-08 19:30:00,0,0,35136.01953125,http://soleil80.cs.technik.fhnw.ch/solarradio/data/2002-20yy_Callisto/2024/10/08/ALASKA-HAARP_20241008_233000_63.fit.gz,train,190.0,3600.0
983,983,8579,1142,FITfiles/2024-10-24/Beelink1_20241024_094500_59.fit,2024-10-24 09:45:00,0,0,36722.9140625,http://soleil80.cs.technik.fhnw.ch/solarradio/data/2002-20yy_Callisto/2024/10/24/MEXICO-LANCE-B_20241024_134500_62.fit.gz,train,190.0,3600.0
984,984,8249,8306,FITfiles/2024-10-04/UMICH_20241004_194500_59.fit,2024-10-04 19:45:00,0,0,35782.53125,http://soleil80.cs.technik.fhnw.ch/solarradio/data/2002-20yy_Callisto/2024/10/04/ALASKA-HAARP_20241004_234500_63.fit.gz,valid,190.0,3600.0
985,985,7368,1704,FITfiles/2024-09-19/UMICH_20240919_121459_59.fit,2024-09-19 12:14:59,0,0,10764.6796875,http://soleil80.cs.technik.fhnw.ch/solarradio/data/2002-20yy_Callisto/2024/09/19/USA-BOSTON_20240919_161500_63.fit.gz,train,190.0,3595.0
986,986,2379,6754,FITfiles/2024-05-28/UMICH_20240528_103000_59.fit,2024-05-28 10:30:00,0,0,10830.49609375,http://soleil80.cs.technik.fhnw.ch/solarradio/data/2002-20yy_Callisto/2024/05/28/MEXICO-LANCE-A_20240528_143000_63.fit.gz,train,190.0,3600.0
987,987,3251,8901,FITfiles/2024-06-12/UMICH_20240612_115959_59.fit,2024-06-12 11:59:59,0,0,10648.2021484375,http://soleil80.cs.technik.fhnw.ch/solarradio/data/2002-20yy_Callisto/2024/06/12/MEXICO-LANCE-B_20240612_155959_62.fit.gz,test,190.0,3600.0
988,988,2763,1975,FITfiles/2024-06-03/UMICH_20240603_201500_59.fit,2024-06-03 20:15:00,0,0,10759.5537109375,http://soleil80.cs.technik.fhnw.ch/solarradio/data/2002-20yy_Callisto/2024/06/04/ALASKA-HAARP_20240604_001500_63.fit.gz,valid,190.0,3592.0
989,989,6693,9556,FITfiles/2024-09-05/UMICH_20240905_201500_59.fit,2024-09-05 20:15:00,0,0,10117.4970703125,http://soleil80.cs.technik.fhnw.ch/solarradio/data/2002-20yy_Callisto/2024/09/06/MEXART_20240906_001500_59.fit.gz,train,190.0,3593.0
990,990,1654,6816,FITfiles/2024-04-30/Beelink1_20240430_080000_59.fit,2024-04-30 08:00:00,0,0,22388.1796875,http://soleil80.cs.technik.fhnw.ch/solarradio/data/2002-20yy_Callisto/2024/04/30/MEXICO-LANCE-B_20240430_120000_62.fit.gz,test,190.0,3600.0
991,991,7167,1615,FITfiles/2024-09-15/UMICH_20240915_200000_59.fit,2024-09-15 20:00:00,0,0,11056.560546875,http://soleil80.cs.technik.fhnw.ch/solarradio/data/2002-20yy_Callisto/2024/09/16/MEXART_20240916_000000_59.fit.gz,train,190.0,3600.0
992,992,3609,6861,FITfiles/2024-06-18/UMICH_20240618_143000_59.fit,2024-06-18 14:30:00,0,0,10449.3564453125,http://soleil80.cs.technik.fhnw.ch/solarradio/data/2002-20yy_Callisto/2024/06/18/MEXART_20240618_183000_59.fit.gz,train,190.0,3600.0
993,993,2189,3215,FITfiles/2024-05-25/UMICH_20240525_063000_59.fit,2024-05-25 06:30:00,0,0,10946.2763671875,http://soleil80.cs.technik.fhnw.ch/solarradio/data/2002-20yy_Callisto/2024/05/25/USA-BOSTON_20240525_103000_63.fit.gz,train,190.0,3600.0
994,994,1972,3337,FITfiles/2024-05-21/UMICH_20240521_101500_59.fit,2024-05-21 10:15:00,0,0,10843.1806640625,http://soleil80.cs.technik.fhnw.ch/solarradio/data/2002-20yy_Callisto/2024/05/21/MEXICO-LANCE-A_20240521_141500_63.fit.gz,train,190.0,3600.0
995,995,6243,7880,FITfiles/2024-08-09/Beelink1_20240809_123000_59.fit,2024-08-09 12:30:00,0,0,10078.443359375,http://soleil80.cs.technik.fhnw.ch/solarradio/data/2002-20yy_Callisto/2024/08/09/USA-BOSTON_20240809_163000_01.fit.gz,test,190.0,3600.0
996,996,8785,9710,FITfiles/2024-10-27/Beelink1_20241027_174500_59.fit,2024-10-27 17:45:00,0,0,37255.3359375,http://soleil80.cs.technik.fhnw.ch/solarradio/data/2002-20yy_Callisto/2024/10/27/GREENLAND_20241027_214500_63.fit.gz,valid,190.0,3600.0
997,997,2823,8045,FITfiles/2024-06-04/UMICH_20240604_204500_59.fit,2024-06-04 20:45:00,0,0,10731.052734375,http://soleil80.cs.technik.fhnw.ch/solarradio/data/2002-20yy_Callisto/2024/06/05/ALASKA-HAARP_20240605_004500_63.fit.gz,test,190.0,3591.0
998,998,8018,8447,FITfiles/2024-09-30/UMICH_20240930_200000_59.fit,2024-09-30 20:00:00,0,0,35401.953125,http://soleil80.cs.technik.fhnw.ch/solarradio/data/2002-20yy_Callisto/2024/10/01/ALASKA-COHOE_20241001_000000_62.fit.gz,train,190.0,3600.0
999,999,7981,8442,FITfiles/2024-09-30/UMICH_20240930_104500_59.fit,2024-09-30 10:45:00,0,0,34895.69921875,http://soleil80.cs.technik.fhnw.ch/solarradio/data/2002-20yy_Callisto/2024/09/30/USA-BOSTON_20240930_144500_63.fit.gz,train,190.0,3600.0
1000,1000,5371,6529,FITfiles/2024-07-25/Beelink1_20240725_115959_59.fit,2024-07-25 11:59:59,0,0,10058.7314453125,http://soleil80.cs.technik.fhnw.ch/solarradio/data/2002-20yy_Callisto/2024/07/25/MEXICO-LANCE-B_20240725_155959_62.fit.gz,train,190.0,3600.0
1001,1001,4381,8153,FITfiles/2024-07-02/Beelink1_20240702_133000_59.fit,2024-07-02 13:30:00,0,0,10004.1240234375,http://soleil80.cs.technik.fhnw.ch/solarradio/data/2002-20yy_Callisto/2024/07/02/USA-BOSTON_20240702_173000_01.fit.gz,train,190.0,3600.0
1002,1002,9093,445,FITfiles/2024-11-02/Beelink1_20241102_074500_59.fit,2024-11-02 07:45:00,0,0,36674.0859375,http://soleil80.cs.technik.fhnw.ch/solarradio/data/2002-20yy_Callisto/2024/11/02/USA-BOSTON_20241102_114500_63.fit.gz,train,190.0,3600.0
1003,1003,4502,6458,FITfiles/2024-07-04/Beelink1_20240704_144500_59.fit,2024-07-04 14:45:00,0,0,10071.3828125,http://soleil80.cs.technik.fhnw.ch/solarradio/data/2002-20yy_Callisto/2024/07/04/MEXICO-LANCE-B_20240704_184500_62.fit.gz,train,190.0,3600.0
1004,1004,9165,825,FITfiles/2024-11-03/Beelink1_20241103_111500_59.fit,2024-11-03 11:15:00,0,0,37792.72265625,http://soleil80.cs.technik.fhnw.ch/solarradio/data/2002-20yy_Callisto/2024/11/03/USA-BOSTON_20241103_161500_63.fit.gz,train,190.0,3600.0
1005,1005,3092,2119,FITfiles/2024-06-09/UMICH_20240609_154500_59.fit,2024-06-09 15:45:00,0,0,10503.4228515625,http://soleil80.cs.technik.fhnw.ch/solarradio/data/2002-20yy_Callisto/2024/06/09/MEXICO-LANCE-B_20240609_194500_62.fit.gz,train,190.0,3600.0
1006,1006,8344,1136,FITfiles/2024-10-06/UMICH_20241006_143000_59.fit,2024-10-06 14:30:00,0,0,32244.89453125,http://soleil80.cs.technik.fhnw.ch/solarradio/data/2002-20yy_Callisto/2024/10/06/ALASKA-HAARP_20241006_183000_63.fit.gz,train,190.0,3600.0
1007,1007,2666,7180,FITfiles/2024-06-02/UMICH_20240602_103000_59.fit,2024-06-02 10:30:00,0,0,10857.6630859375,http://soleil80.cs.technik.fhnw.ch/solarradio/data/2002-20yy_Callisto/2024/06/02/ALASKA-HAARP_20240602_143000_63.fit.gz,valid,190.0,3600.0
1008,1008,6410,9296,FITfiles/2024-08-12/Beelink1_20240812_104459_59.fit,2024-08-12 10:44:59,0,0,10077.068359375,http://soleil80.cs.technik.fhnw.ch/solarradio/data/2002-20yy_Callisto/2024/08/12/MEXICO-LANCE-B_20240812_144459_62.fit.gz,train,190.0,3600.0
1009,1009,5461,8656,FITfiles/2024-07-26/Beelink1_20240726_200000_59.fit,2024-07-26 20:00:00,0,0,10077.1435546875,http://soleil80.cs.technik.fhnw.ch/solarradio/data/2002-20yy_Callisto/2024/07/27/ALASKA-HAARP_20240727_000000_63.fit.gz,test,190.0,3600.0
1010,1010,8093,7262,FITfiles/2024-10-02/UMICH_20241002_094500_59.fit,2024-10-02 09:45:00,0,0,36388.55859375,http://soleil80.cs.technik.fhnw.ch/solarradio/data/2002-20yy_Callisto/2024/10/02/USA-BOSTON_20241002_134500_63.fit.gz,train,190.0,3600.0
1011,1011,1306,6057,FITfiles/2024-04-24/Beelink1_20240424_080000_59.fit,2024-04-24 08:00:00,0,0,22477.494140625,http://soleil80.cs.technik.fhnw.ch/solarradio/data/2002-20yy_Callisto/2024/04/24/MEXICO-LANCE-B_20240424_120000_62.fit.gz,valid,190.0,3600.0
1012,1012,10,4288,FITfiles/2024-01-21/Beelink1_20240121_161100_01.fit,2024-01-21 16:11:00,0,0,22106.00390625,http://soleil80.cs.technik.fhnw.ch/solarradio/data/2002-20yy_Callisto/2024/01/21/ALASKA-HAARP_20240121_211500_63.fit.gz,train,190.0,377.0
1013,1013,6194,4960,FITfiles/2024-08-08/Beelink1_20240808_144500_59.fit,2024-08-08 14:45:00,0,0,9963.126953125,http://soleil80.cs.technik.fhnw.ch/solarradio/data/2002-20yy_Callisto/2024/08/08/MEXICO-LANCE-B_20240808_184500_62.fit.gz,train,190.0,3600.0
1014,1014,2595,3616,FITfiles/2024-06-01/UMICH_20240601_112959_59.fit,2024-06-01 11:29:59,0,0,10742.1787109375,http://soleil80.cs.technik.fhnw.ch/solarradio/data/2002-20yy_Callisto/2024/06/01/MEXICO-LANCE-B_20240601_152959_62.fit.gz,valid,190.0,3600.0
1015,1015,3460,1912,FITfiles/2024-06-15/UMICH_20240615_204500_59.fit,2024-06-15 20:45:00,0,0,10751.7919921875,http://soleil80.cs.technik.fhnw.ch/solarradio/data/2002-20yy_Callisto/2024/06/16/MEXART_20240616_004500_59.fit.gz,test,190.0,3590.0
1016,1016,6133,5784,FITfiles/2024-08-07/Beelink1_20240807_140000_59.fit,2024-08-07 14:00:00,0,0,9975.939453125,http://soleil80.cs.technik.fhnw.ch/solarradio/data/2002-20yy_Callisto/2024/08/07/USA-BOSTON_20240807_180000_01.fit.gz,test,190.0,3600.0
1017,1017,9683,1299,FITfiles/2024-11-12/Beelink1_20241112_111500_59.fit,2024-11-12 11:15:00,0,0,34503.54296875,http://soleil80.cs.technik.fhnw.ch/solarradio/data/2002-20yy_Callisto/2024/11/12/GREENLAND_20241112_161500_63.fit.gz,train,190.0,3600.0
1018,1018,5346,6096,FITfiles/2024-07-24/Beelink1_20240724_201500_59.fit,2024-07-24 20:15:00,0,0,10074.36328125,http://soleil80.cs.technik.fhnw.ch/solarradio/data/2002-20yy_Callisto/2024/07/25/ALASKA-HAARP_20240725_001500_63.fit.gz,train,190.0,3592.0
1019,1019,909,7801,FITfiles/2024-04-17/Beelink1_20240417_101500_59.fit,2024-04-17 10:15:00,0,0,22329.154296875,http://soleil80.cs.technik.fhnw.ch/solarradio/data/2002-20yy_Callisto/2024/04/17/MEXICO-LANCE-A_20240417_141500_63.fit.gz,valid,190.0,3600.0
1020,1020,4141,7824,FITfiles/2024-06-27/UMICH_20240627_164500_59.fit,2024-06-27 16:45:00,0,0,10311.2685546875,http://soleil80.cs.technik.fhnw.ch/solarradio/data/2002-20yy_Callisto/2024/06/27/MEXICO-LANCE-A_20240627_204500_63.fit.gz,train,190.0,3600.0
1021,1021,1518,5605,FITfiles/2024-04-27/Beelink1_20240427_173000_59.fit,2024-04-27 17:30:00,0,0,21522.951171875,http://soleil80.cs.technik.fhnw.ch/solarradio/data/2002-20yy_Callisto/2024/04/27/USA-BOSTON_20240427_213000_63.fit.gz,train,190.0,3600.0
1022,1022,7077,9468,FITfiles/2024-09-14/UMICH_20240914_115959_59.fit,2024-09-14 11:59:59,0,0,10699.3193359375,http://soleil80.cs.technik.fhnw.ch/solarradio/data/2002-20yy_Callisto/2024/09/14/MEXICO-LANCE-B_20240914_155959_62.fit.gz,test,190.0,3600.0
1023,1023,7254,1065,FITfiles/2024-09-17/UMICH_20240917_124500_59.fit,2024-09-17 12:45:00,0,0,10819.8681640625,http://soleil80.cs.technik.fhnw.ch/solarradio/data/2002-20yy_Callisto/2024/09/17/USA-BOSTON_20240917_164500_63.fit.gz,train,190.0,3600.0
1024,1024,2684,7187,FITfiles/2024-06-02/UMICH_20240602_150000_59.fit,2024-06-02 15:00:00,0,0,10662.5869140625,http://soleil80.cs.technik.fhnw.ch/solarradio/data/2002-20yy_Callisto/2024/06/02/MEXICO-LANCE-B_20240602_190000_62.fit.gz,valid,190.0,3600.0
1025,1025,3350,4562,FITfiles/2024-06-14/UMICH_20240614_074500_59.fit,2024-06-14 07:45:00,0,0,11572.5400390625,http://soleil80.cs.technik.fhnw.ch/solarradio/data/2002-20yy_Callisto/2024/06/14/USA-BOSTON_20240614_114500_01.fit.gz,train,190.0,3600.0
1026,1026,8000,8439,FITfiles/2024-09-30/UMICH_20240930_153000_59.fit,2024-09-30 15:30:00,0,0,32418.310546875,http://soleil80.cs.technik.fhnw.ch/solarradio/data/2002-20yy_Callisto/2024/09/30/GREENLAND_20240930_193000_63.fit.gz,train,190.0,3600.0
1027,1027,1377,6297,FITfiles/2024-04-25/Beelink1_20240425_111500_59.fit,2024-04-25 11:15:00,0,0,22354.462890625,http://soleil80.cs.technik.fhnw.ch/solarradio/data/2002-20yy_Callisto/2024/04/25/USA-BOSTON_20240425_151500_63.fit.gz,valid,190.0,3600.0
1028,1028,8442,968,FITfiles/2024-10-08/UMICH_20241008_100000_59.fit,2024-10-08 10:00:00,0,0,36422.65234375,http://soleil80.cs.technik.fhnw.ch/solarradio/data/2002-20yy_Callisto/2024/10/08/GREENLAND_20241008_140000_63.fit.gz,train,190.0,3600.0
1029,1029,7943,6421,FITfiles/2024-09-29/UMICH_20240929_154500_59.fit,2024-09-29 15:45:00,0,0,34749.54296875,http://soleil80.cs.technik.fhnw.ch/solarradio/data/2002-20yy_Callisto/2024/09/29/MEXICO-LANCE-A_20240929_194500_63.fit.gz,test,190.0,3600.0
1030,1030,1520,5604,FITfiles/2024-04-27/Beelink1_20240427_180000_59.fit,2024-04-27 18:00:00,0,0,21661.646484375,http://soleil80.cs.technik.fhnw.ch/solarradio/data/2002-20yy_Callisto/2024/04/27/USA-BOSTON_20240427_220000_63.fit.gz,train,190.0,3600.0
1031,1031,7902,5279,FITfiles/2024-09-28/UMICH_20240928_200000_59.fit,2024-09-28 20:00:00,0,0,35969.91796875,http://soleil80.cs.technik.fhnw.ch/solarradio/data/2002-20yy_Callisto/2024/09/29/MEXART_20240929_000000_59.fit.gz,valid,190.0,3600.0
1032,1032,8185,7108,FITfiles/2024-10-03/UMICH_20241003_181500_59.fit,2024-10-03 18:15:00,0,0,34054.66015625,http://soleil80.cs.technik.fhnw.ch/solarradio/data/2002-20yy_Callisto/2024/10/03/ALASKA-HAARP_20241003_221500_63.fit.gz,train,190.0,3590.0
1033,1033,6543,9228,FITfiles/2024-09-03/UMICH_20240903_114459_59.fit,2024-09-03 11:44:59,0,0,10125.59765625,http://soleil80.cs.technik.fhnw.ch/solarradio/data/2002-20yy_Callisto/2024/09/03/MEXICO-LANCE-B_20240903_154459_62.fit.gz,train,190.0,3600.0
1034,1034,2766,8072,FITfiles/2024-06-04/UMICH_20240604_063000_59.fit,2024-06-04 06:30:00,0,0,11076.865234375,http://soleil80.cs.technik.fhnw.ch/solarradio/data/2002-20yy_Callisto/2024/06/04/USA-BOSTON_20240604_103000_63.fit.gz,train,190.0,3600.0
1035,1035,2807,7669,FITfiles/2024-06-04/UMICH_20240604_164500_59.fit,2024-06-04 16:45:00,0,0,10475.8896484375,http://soleil80.cs.technik.fhnw.ch/solarradio/data/2002-20yy_Callisto/2024/06/04/MEXICO-LANCE-A_20240604_204500_63.fit.gz,train,190.0,3600.0
1036,1036,4427,8751,FITfiles/2024-07-03/Beelink1_20240703_102959_59.fit,2024-07-03 10:29:59,0,0,10100.25,http://soleil80.cs.technik.fhnw.ch/solarradio/data/2002-20yy_Callisto/2024/07/03/MEXICO-LANCE-B_20240703_142959_62.fit.gz,train,190.0,3600.0
1037,1037,7102,9421,FITfiles/2024-09-14/UMICH_20240914_181500_59.fit,2024-09-14 18:15:00,0,0,10615.064453125,http://soleil80.cs.technik.fhnw.ch/solarradio/data/2002-20yy_Callisto/2024/09/14/GREENLAND_20240914_221500_63.fit.gz,train,190.0,3592.0
1038,1038,7597,7337,FITfiles/2024-09-23/UMICH_20240923_161500_59.fit,2024-09-23 16:15:00,0,0,35227.5859375,http://soleil80.cs.technik.fhnw.ch/solarradio/data/2002-20yy_Callisto/2024/09/23/MEXICO-LANCE-B_20240923_201500_62.fit.gz,valid,190.0,3590.0
1039,1039,4908,5902,FITfiles/2024-07-17/Beelink1_20240717_140000_59.fit,2024-07-17 14:00:00,0,0,9994.0009765625,http://soleil80.cs.technik.fhnw.ch/solarradio/data/2002-20yy_Callisto/2024/07/17/USA-BOSTON_20240717_180000_01.fit.gz,test,190.0,3600.0
1040,1040,5142,3957,FITfiles/2024-07-21/Beelink1_20240721_143000_59.fit,2024-07-21 14:30:00,0,0,9981.5234375,http://soleil80.cs.technik.fhnw.ch/solarradio/data/2002-20yy_Callisto/2024/07/21/MEXICO-LANCE-B_20240721_183000_62.fit.gz,train,190.0,3600.0
1041,1041,5747,2727,FITfiles/2024-07-31/Beelink1_20240731_190000_59.fit,2024-07-31 19:00:00,0,0,10014.8251953125,http://soleil80.cs.technik.fhnw.ch/solarradio/data/2002-20yy_Callisto/2024/07/31/MEXART_20240731_230000_59.fit.gz,valid,190.0,3600.0
1042,1042,4838,3504,FITfiles/2024-07-16/Beelink1_20240716_105959_59.fit,2024-07-16 10:59:59,0,0,10086.490234375,http://soleil80.cs.technik.fhnw.ch/solarradio/data/2002-20yy_Callisto/2024/07/16/MEXICO-LANCE-B_20240716_145959_62.fit.gz,train,190.0,3600.0
1043,1043,5629,6658,FITfiles/2024-07-29/Beelink1_20240729_183000_59.fit,2024-07-29 18:30:00,0,0,10007.1337890625,http://soleil80.cs.technik.fhnw.ch/solarradio/data/2002-20yy_Callisto/2024/07/29/USA-BOSTON_20240729_223000_63.fit.gz,test,190.0,3600.0
1044,1044,5712,2764,FITfiles/2024-07-31/Beelink1_20240731_101500_59.fit,2024-07-31 10:15:00,0,0,10062.1142578125,http://soleil80.cs.technik.fhnw.ch/solarradio/data/2002-20yy_Callisto/2024/07/31/MEXICO-LANCE-B_20240731_141500_62.fit.gz,train,190.0,3600.0
1045,1045,6598,8933,FITfiles/2024-09-04/UMICH_20240904_105959_59.fit,2024-09-04 10:59:59,0,0,10133.1875,http://soleil80.cs.technik.fhnw.ch/solarradio/data/2002-20yy_Callisto/2024/09/04/USA-BOSTON_20240904_150000_01.fit.gz,train,190.0,3600.0
1046,1046,3766,2197,FITfiles/2024-06-21/UMICH_20240621_100000_59.fit,2024-06-21 10:00:00,0,0,11385.2890625,http://soleil80.cs.technik.fhnw.ch/solarradio/data/2002-20yy_Callisto/2024/06/21/MEXICO-LANCE-A_20240621_140000_63.fit.gz,train,190.0,3600.0
1047,1047,4592,5756,FITfiles/2024-07-06/Beelink1_20240706_081500_59.fit,2024-07-06 08:15:00,0,0,10130.345703125,http://soleil80.cs.technik.fhnw.ch/solarradio/data/2002-20yy_Callisto/2024/07/06/MEXICO-LANCE-B_20240706_121500_62.fit.gz,test,190.0,3593.0
1048,1048,7380,1693,FITfiles/2024-09-19/UMICH_20240919_151500_59.fit,2024-09-19 15:15:00,0,0,10262.55078125,http://soleil80.cs.technik.fhnw.ch/solarradio/data/2002-20yy_Callisto/2024/09/19/MEXICO-LANCE-B_20240919_191500_62.fit.gz,train,190.0,3600.0
1049,1049,8878,671,FITfiles/2024-10-29/Beelink1_20241029_120000_59.fit,2024-10-29 12:00:00,0,0,36110.57421875,http://soleil80.cs.technik.fhnw.ch/solarradio/data/2002-20yy_Callisto/2024/10/29/USA-BOSTON_20241029_160000_63.fit.gz,valid,190.0,3600.0
1050,1050,7746,8790,FITfiles/2024-09-26/UMICH_20240926_100000_59.fit,2024-09-26 10:00:00,0,0,37556.15625,http://soleil80.cs.technik.fhnw.ch/solarradio/data/2002-20yy_Callisto/2024/09/26/MEXICO-LANCE-B_20240926_140000_62.fit.gz,train,190.0,3600.0
1051,1051,5485,2619,FITfiles/2024-07-27/Beelink1_20240727_112959_59.fit,2024-07-27 11:29:59,0,0,10079.2958984375,http://soleil80.cs.technik.fhnw.ch/solarradio/data/2002-20yy_Callisto/2024/07/27/MEXICO-LANCE-B_20240727_152959_62.fit.gz,test,190.0,3600.0
1052,1052,3103,2098,FITfiles/2024-06-09/UMICH_20240609_183000_59.fit,2024-06-09 18:30:00,0,0,10726.6103515625,http://soleil80.cs.technik.fhnw.ch/solarradio/data/2002-20yy_Callisto/2024/06/09/USA-BOSTON_20240609_223000_63.fit.gz,train,190.0,3600.0
1053,1053,749,8493,FITfiles/2024-04-14/Beelink1_20240414_134500_59.fit,2024-04-14 13:45:00,0,0,22023.1796875,http://soleil80.cs.technik.fhnw.ch/solarradio/data/2002-20yy_Callisto/2024/04/14/ALASKA-HAARP_20240414_174500_63.fit.gz,train,190.0,3600.0
1054,1054,6083,4191,FITfiles/2024-08-06/Beelink1_20240806_160000_59.fit,2024-08-06 16:00:00,0,0,10082.04296875,http://soleil80.cs.technik.fhnw.ch/solarradio/data/2002-20yy_Callisto/2024/08/06/MEXICO-LANCE-B_20240806_200000_62.fit.gz,train,190.0,3600.0
1055,1055,9603,696,FITfiles/2024-11-10/Beelink1_20241110_201500_59.fit,2024-11-10 20:15:00,0,0,33152.94921875,http://soleil80.cs.technik.fhnw.ch/solarradio/data/2002-20yy_Callisto/2024/11/11/ALASKA-HAARP_20241111_011500_63.fit.gz,train,190.0,3590.0
1056,1056,3166,1729,FITfiles/2024-06-10/UMICH_20240610_194500_59.fit,2024-06-10 19:45:00,0,0,10805.0009765625,http://soleil80.cs.technik.fhnw.ch/solarradio/data/2002-20yy_Callisto/2024/06/10/MEXART_20240610_234500_59.fit.gz,valid,190.0,3600.0
1057,1057,4424,8752,FITfiles/2024-07-03/Beelink1_20240703_094500_59.fit,2024-07-03 09:45:00,0,0,10110.6328125,http://soleil80.cs.technik.fhnw.ch/solarradio/data/2002-20yy_Callisto/2024/07/03/MEXICO-LANCE-B_20240703_134500_62.fit.gz,test,190.0,3600.0
1058,1058,3898,4476,FITfiles/2024-06-23/UMICH_20240623_140000_59.fit,2024-06-23 14:00:00,0,0,10412.3720703125,http://soleil80.cs.technik.fhnw.ch/solarradio/data/2002-20yy_Callisto/2024/06/23/USA-BOSTON_20240623_180000_63.fit.gz,test,190.0,3600.0
1059,1059,2529,3650,FITfiles/2024-05-30/UMICH_20240530_184500_59.fit,2024-05-30 18:45:00,0,0,10749.005859375,http://soleil80.cs.technik.fhnw.ch/solarradio/data/2002-20yy_Callisto/2024/05/30/USA-BOSTON_20240530_224500_63.fit.gz,train,190.0,3600.0
1060,1060,2535,3654,FITfiles/2024-05-30/UMICH_20240530_201500_59.fit,2024-05-30 20:15:00,0,0,10853.6923828125,http://soleil80.cs.technik.fhnw.ch/solarradio/data/2002-20yy_Callisto/2024/05/31/ALASKA-HAARP_20240531_001500_63.fit.gz,train,190.0,3593.0
1061,1061,3757,2205,FITfiles/2024-06-21/UMICH_20240621_074500_59.fit,2024-06-21 07:45:00,0,0,10997.171875,http://soleil80.cs.technik.fhnw.ch/solarradio/data/2002-20yy_Callisto/2024/06/21/USA-BOSTON_20240621_114500_01.fit.gz,train,190.0,3600.0
1062,1062,136,7457,FITfiles/2024-03-11/Beelink1_20240311_090000_59.fit,2024-03-11 09:00:00,0,0,12358.263671875,http://soleil80.cs.technik.fhnw.ch/solarradio/data/2002-20yy_Callisto/2024/03/11/MEXICO-LANCE-B_20240311_130000_62.fit.gz,train,190.0,3600.0
1063,1063,5085,7625,FITfiles/2024-07-20/Beelink1_20240720_144500_59.fit,2024-07-20 14:45:00,0,0,9981.6708984375,http://soleil80.cs.technik.fhnw.ch/solarradio/data/2002-20yy_Callisto/2024/07/20/MEXICO-LANCE-B_20240720_184500_62.fit.gz,train,190.0,3600.0
1064,1064,8063,7387,FITfiles/2024-10-01/UMICH_20241001_164500_59.fit,2024-10-01 16:45:00,0,0,34912.140625,http://soleil80.cs.technik.fhnw.ch/solarradio/data/2002-20yy_Callisto/2024/10/01/ALASKA-HAARP_20241001_204500_63.fit.gz,train,190.0,3600.0
1065,1065,3753,2217,FITfiles/2024-06-21/UMICH_20240621_064500_59.fit,2024-06-21 06:45:00,0,0,10850.7646484375,http://soleil80.cs.technik.fhnw.ch/solarradio/data/2002-20yy_Callisto/2024/06/21/USA-BOSTON_20240621_104500_63.fit.gz,train,190.0,3600.0
1066,1066,3161,1722,FITfiles/2024-06-10/UMICH_20240610_183000_59.fit,2024-06-10 18:30:00,0,0,10700.1484375,http://soleil80.cs.technik.fhnw.ch/solarradio/data/2002-20yy_Callisto/2024/06/10/MEXART_20240610_223000_59.fit.gz,train,190.0,3600.0
1067,1067,3480,5466,FITfiles/2024-06-16/UMICH_20240616_111459_59.fit,2024-06-16 11:14:59,0,0,10728.49609375,http://soleil80.cs.technik.fhnw.ch/solarradio/data/2002-20yy_Callisto/2024/06/16/MEXART_20240616_151500_59.fit.gz,train,190.0,3600.0
1068,1068,8484,1191,FITfiles/2024-10-08/UMICH_20241008_203000_59.fit,2024-10-08 20:30:00,0,0,34974.1875,http://soleil80.cs.technik.fhnw.ch/solarradio/data/2002-20yy_Callisto/2024/10/09/ALASKA-HAARP_20241009_003000_63.fit.gz,train,190.0,3600.0
1069,1069,4494,6470,FITfiles/2024-07-04/Beelink1_20240704_124500_59.fit,2024-07-04 12:45:00,0,0,10079.2783203125,http://soleil80.cs.technik.fhnw.ch/solarradio/data/2002-20yy_Callisto/2024/07/04/USA-BOSTON_20240704_164500_63.fit.gz,valid,190.0,3600.0
1070,1070,7195,1206,FITfiles/2024-09-16/UMICH_20240916_123000_59.fit,2024-09-16 12:30:00,0,0,10771.8212890625,http://soleil80.cs.technik.fhnw.ch/solarradio/data/2002-20yy_Callisto/2024/09/16/USA-BOSTON_20240916_163000_63.fit.gz,valid,190.0,3600.0
1071,1071,9239,141,FITfiles/2024-11-04/Beelink1_20241104_151500_59.fit,2024-11-04 15:15:00,0,0,36833.96875,http://soleil80.cs.technik.fhnw.ch/solarradio/data/2002-20yy_Callisto/2024/11/04/ALASKA-HAARP_20241104_201500_63.fit.gz,train,190.0,3600.0
1072,1072,5199,3548,FITfiles/2024-07-22/Beelink1_20240722_123000_59.fit,2024-07-22 12:30:00,0,0,10016.28125,http://soleil80.cs.technik.fhnw.ch/solarradio/data/2002-20yy_Callisto/2024/07/22/USA-BOSTON_20240722_163000_01.fit.gz,train,190.0,3600.0
1073,1073,5734,2731,FITfiles/2024-07-31/Beelink1_20240731_154500_59.fit,2024-07-31 15:45:00,0,0,9938.3740234375,http://soleil80.cs.technik.fhnw.ch/solarradio/data/2002-20yy_Callisto/2024/07/31/MEXICO-LANCE-B_20240731_194500_62.fit.gz,train,190.0,3600.0
1074,1074,5139,3952,FITfiles/2024-07-21/Beelink1_20240721_134500_59.fit,2024-07-21 13:45:00,0,0,9996.12890625,http://soleil80.cs.technik.fhnw.ch/solarradio/data/2002-20yy_Callisto/2024/07/21/USA-BOSTON_20240721_174500_01.fit.gz,train,190.0,3600.0
1075,1075,6102,4189,FITfiles/2024-08-06/Beelink1_20240806_204500_59.fit,2024-08-06 20:45:00,0,0,10123.32421875,http://soleil80.cs.technik.fhnw.ch/solarradio/data/2002-20yy_Callisto/2024/08/07/ALASKA-HAARP_20240807_004500_63.fit.gz,train,190.0,3591.0
1076,1076,4609,5739,FITfiles/2024-07-06/Beelink1_20240706_123000_59.fit,2024-07-06 12:30:00,0,0,10125.41796875,http://soleil80.cs.technik.fhnw.ch/solarradio/data/2002-20yy_Callisto/2024/07/06/USA-BOSTON_20240706_163000_01.fit.gz,train,190.0,3600.0
1077,1077,9200,910,FITfiles/2024-11-03/Beelink1_20241103_200000_59.fit,2024-11-03 20:00:00,0,0,37640.87890625,http://soleil80.cs.technik.fhnw.ch/solarradio/data/2002-20yy_Callisto/2024/11/04/ALASKA-HAARP_20241104_010000_63.fit.gz,valid,190.0,3600.0
1078,1078,765,8479,FITfiles/2024-04-14/Beelink1_20240414_174500_59.fit,2024-04-14 17:45:00,0,0,21792.041015625,http://soleil80.cs.technik.fhnw.ch/solarradio/data/2002-20yy_Callisto/2024/04/14/ALASKA-HAARP_20240414_214500_63.fit.gz,valid,190.0,3600.0
1079,1079,1831,4576,FITfiles/2024-05-18/UMICH_20240518_183000_59.fit,2024-05-18 18:30:00,0,0,10677.9501953125,http://soleil80.cs.technik.fhnw.ch/solarradio/data/2002-20yy_Callisto/2024/05/18/USA-BOSTON_20240518_223000_63.fit.gz,test,190.0,3600.0
1080,1080,7695,6923,FITfiles/2024-09-25/UMICH_20240925_114500_59.fit,2024-09-25 11:45:00,0,0,34681.77734375,http://soleil80.cs.technik.fhnw.ch/solarradio/data/2002-20yy_Callisto/2024/09/25/USA-BOSTON_20240925_154500_63.fit.gz,test,190.0,3600.0
1081,1081,1779,1887,FITfiles/2024-05-15/Beelink1_20240515_115959_59.fit,2024-05-15 11:59:59,0,0,10863.28515625,http://soleil80.cs.technik.fhnw.ch/solarradio/data/2002-20yy_Callisto/2024/05/15/MEXICO-LANCE-B_20240515_155959_62.fit.gz,train,190.0,3600.0
1082,1082,6742,9361,FITfiles/2024-09-06/UMICH_20240906_180000_59.fit,2024-09-06 18:00:00,0,0,10132.1484375,http://soleil80.cs.technik.fhnw.ch/solarradio/data/2002-20yy_Callisto/2024/09/06/USA-BOSTON_20240906_220000_63.fit.gz,valid,190.0,3600.0
1083,1083,9320,9061,FITfiles/2024-11-06/Beelink1_20241106_063000_59.fit,2024-11-06 06:30:00,0,0,36166.12890625,http://soleil80.cs.technik.fhnw.ch/solarradio/data/2002-20yy_Callisto/2024/11/06/USA-BOSTON_20241106_113000_01.fit.gz,train,190.0,3600.0
1084,1084,6714,9399,FITfiles/2024-09-06/UMICH_20240906_105959_59.fit,2024-09-06 10:59:59,0,0,10103.2958984375,http://soleil80.cs.technik.fhnw.ch/solarradio/data/2002-20yy_Callisto/2024/09/06/MEXICO-LANCE-B_20240906_145959_62.fit.gz,test,190.0,3600.0
1085,1085,1214,3401,FITfiles/2024-04-22/Beelink1_20240422_140000_59.fit,2024-04-22 14:00:00,0,0,22125.763671875,http://soleil80.cs.technik.fhnw.ch/solarradio/data/2002-20yy_Callisto/2024/04/22/USA-BOSTON_20240422_180000_63.fit.gz,train,190.0,3600.0
1086,1086,6621,8575,FITfiles/2024-09-04/UMICH_20240904_164500_59.fit,2024-09-04 16:45:00,0,0,9953.412109375,http://soleil80.cs.technik.fhnw.ch/solarradio/data/2002-20yy_Callisto/2024/09/04/USA-BOSTON_20240904_204500_63.fit.gz,train,190.0,3600.0
1087,1087,3188,2689,FITfiles/2024-06-11/UMICH_20240611_104459_59.fit,2024-06-11 10:44:59,0,0,10815.9873046875,http://soleil80.cs.technik.fhnw.ch/solarradio/data/2002-20yy_Callisto/2024/06/11/MEXICO-LANCE-B_20240611_144459_62.fit.gz,test,190.0,3600.0
1088,1088,2295,7915,FITfiles/2024-05-26/UMICH_20240526_183000_59.fit,2024-05-26 18:30:00,0,0,10878.572265625,http://soleil80.cs.technik.fhnw.ch/solarradio/data/2002-20yy_Callisto/2024/05/26/USA-BOSTON_20240526_223000_63.fit.gz,valid,190.0,3600.0
1089,1089,2133,4832,FITfiles/2024-05-24/UMICH_20240524_070000_59.fit,2024-05-24 07:00:00,0,0,10857.87890625,http://soleil80.cs.technik.fhnw.ch/solarradio/data/2002-20yy_Callisto/2024/05/24/USA-BOSTON_20240524_110000_01.fit.gz,train,190.0,3600.0
1090,1090,3346,4569,FITfiles/2024-06-14/UMICH_20240614_064500_59.fit,2024-06-14 06:45:00,0,0,11272.619140625,http://soleil80.cs.technik.fhnw.ch/solarradio/data/2002-20yy_Callisto/2024/06/14/USA-BOSTON_20240614_104500_63.fit.gz,valid,190.0,3600.0
1091,1091,7781,8820,FITfiles/2024-09-26/UMICH_20240926_184500_59.fit,2024-09-26 18:45:00,0,0,36095.51171875,http://soleil80.cs.technik.fhnw.ch/solarradio/data/2002-20yy_Callisto/2024/09/26/ALASKA-COHOE_20240926_224500_62.fit.gz,train,190.0,3600.0
1092,1092,4106,7852,FITfiles/2024-06-27/UMICH_20240627_080000_59.fit,2024-06-27 08:00:00,0,0,10783.904296875,http://soleil80.cs.technik.fhnw.ch/solarradio/data/2002-20yy_Callisto/2024/06/27/MEXICO-LANCE-B_20240627_120000_62.fit.gz,train,190.0,3600.0
1093,1093,4202,2532,FITfiles/2024-06-28/UMICH_20240628_173000_59.fit,2024-06-28 17:30:00,0,0,10682.5673828125,http://soleil80.cs.technik.fhnw.ch/solarradio/data/2002-20yy_Callisto/2024/06/28/MEXICO-LANCE-A_20240628_213000_63.fit.gz,train,190.0,3600.0
1094,1094,570,6228,FITfiles/2024-04-08/Beelink1_20240408_174500_59.fit,2024-04-08 17:45:00,0,0,21869.3203125,http://soleil80.cs.technik.fhnw.ch/solarradio/data/2002-20yy_Callisto/2024/04/08/ALASKA-HAARP_20240408_214500_63.fit.gz,test,190.0,3600.0
1095,1095,1998,3292,FITfiles/2024-05-21/UMICH_20240521_164500_59.fit,2024-05-21 16:45:00,0,0,10436.916015625,http://soleil80.cs.technik.fhnw.ch/solarradio/data/2002-20yy_Callisto/2024/05/21/USA-BOSTON_20240521_204500_63.fit.gz,valid,190.0,3600.0
1096,1096,3300,7659,FITfiles/2024-06-13/UMICH_20240613_094500_59.fit,2024-06-13 09:45:00,0,0,10895.22265625,http://soleil80.cs.technik.fhnw.ch/solarradio/data/2002-20yy_Callisto/2024/06/13/MEXICO-LANCE-B_20240613_134500_62.fit.gz,train,190.0,3600.0
1097,1097,3477,5470,FITfiles/2024-06-16/UMICH_20240616_103000_59.fit,2024-06-16 10:30:00,0,0,10755.3515625,http://soleil80.cs.technik.fhnw.ch/solarradio/data/2002-20yy_Callisto/2024/06/16/MEXART_20240616_143000_59.fit.gz,test,190.0,3600.0
1098,1098,710,6599,FITfiles/2024-04-13/Beelink1_20240413_183000_59.fit,2024-04-13 18:30:00,0,0,22305.326171875,http://soleil80.cs.technik.fhnw.ch/solarradio/data/2002-20yy_Callisto/2024/04/13/ALASKA-HAARP_20240413_223000_63.fit.gz,train,190.0,3600.0
1099,1099,9251,155,FITfiles/2024-11-04/Beelink1_20241104_181500_59.fit,2024-11-04 18:15:00,0,0,37115.7421875,http://soleil80.cs.technik.fhnw.ch/solarradio/data/2002-20yy_Callisto/2024/11/04/ALASKA-HAARP_20241104_231500_63.fit.gz,train,190.0,3590.0
1100,1100,6629,8464,FITfiles/2024-09-04/UMICH_20240904_184500_59.fit,2024-09-04 18:45:00,0,0,10121.4716796875,http://soleil80.cs.technik.fhnw.ch/solarradio/data/2002-20yy_Callisto/2024/09/04/USA-BOSTON_20240904_224500_63.fit.gz,train,190.0,3600.0
1101,1101,511,3022,FITfiles/2024-04-07/Beelink1_20240407_173000_59.fit,2024-04-07 17:30:00,0,0,22176.185546875,http://soleil80.cs.technik.fhnw.ch/solarradio/data/2002-20yy_Callisto/2024/04/07/MEXART_20240407_213000_59.fit.gz,train,190.0,3600.0
1102,1102,9163,809,FITfiles/2024-11-03/Beelink1_20241103_104500_59.fit,2024-11-03 10:45:00,0,0,37876.74609375,http://soleil80.cs.technik.fhnw.ch/solarradio/data/2002-20yy_Callisto/2024/11/03/USA-BOSTON_20241103_154500_63.fit.gz,train,190.0,3600.0
1103,1103,7035,1529,FITfiles/2024-09-13/UMICH_20240913_161324_01.fit,2024-09-13 16:13:24,0,0,10315.630859375,http://soleil80.cs.technik.fhnw.ch/solarradio/data/2002-20yy_Callisto/2024/09/13/MEXICO-LANCE-B_20240913_201500_62.fit.gz,test,190.0,3600.0
1104,1104,7157,1626,FITfiles/2024-09-15/UMICH_20240915_173000_59.fit,2024-09-15 17:30:00,0,0,10376.3115234375,http://soleil80.cs.technik.fhnw.ch/solarradio/data/2002-20yy_Callisto/2024/09/15/GREENLAND_20240915_213000_63.fit.gz,train,190.0,3600.0
1105,1105,3789,2160,FITfiles/2024-06-21/UMICH_20240621_154500_59.fit,2024-06-21 15:45:00,0,0,10327.5849609375,http://soleil80.cs.technik.fhnw.ch/solarradio/data/2002-20yy_Callisto/2024/06/21/MEXICO-LANCE-A_20240621_194500_63.fit.gz,valid,190.0,3600.0
1106,1106,5436,8680,FITfiles/2024-07-26/Beelink1_20240726_134500_59.fit,2024-07-26 13:45:00,0,0,9992.44921875,http://soleil80.cs.technik.fhnw.ch/solarradio/data/2002-20yy_Callisto/2024/07/26/USA-BOSTON_20240726_174500_01.fit.gz,train,190.0,3600.0
1107,1107,2176,6153,FITfiles/2024-05-24/UMICH_20240524_174500_59.fit,2024-05-24 17:45:00,0,0,10458.5068359375,http://soleil80.cs.technik.fhnw.ch/solarradio/data/2002-20yy_Callisto/2024/05/24/USA-BOSTON_20240524_214500_63.fit.gz,valid,190.0,3600.0
1108,1108,3364,4540,FITfiles/2024-06-14/UMICH_20240614_111459_59.fit,2024-06-14 11:14:59,0,0,10713.5859375,http://soleil80.cs.technik.fhnw.ch/solarradio/data/2002-20yy_Callisto/2024/06/14/MEXICO-LANCE-B_20240614_151459_62.fit.gz,valid,190.0,3600.0
1109,1109,7475,1575,FITfiles/2024-09-21/UMICH_20240921_100000_59.fit,2024-09-21 10:00:00,0,0,12656.6494140625,http://soleil80.cs.technik.fhnw.ch/solarradio/data/2002-20yy_Callisto/2024/09/21/MEXICO-LANCE-B_20240921_140000_62.fit.gz,train,190.0,3600.0
1110,1110,713,6593,FITfiles/2024-04-13/Beelink1_20240413_191500_59.fit,2024-04-13 19:15:00,0,0,22316.85546875,http://soleil80.cs.technik.fhnw.ch/solarradio/data/2002-20yy_Callisto/2024/04/13/ALASKA-HAARP_20240413_231500_63.fit.gz,valid,190.0,3600.0
1111,1111,6062,4224,FITfiles/2024-08-06/Beelink1_20240806_104459_59.fit,2024-08-06 10:44:59,0,0,10092.71875,http://soleil80.cs.technik.fhnw.ch/solarradio/data/2002-20yy_Callisto/2024/08/06/MEXICO-LANCE-B_20240806_144459_62.fit.gz,train,190.0,3600.0
1112,1112,4241,2453,FITfiles/2024-06-29/UMICH_20240629_124500_59.fit,2024-06-29 12:45:00,0,0,10525.181640625,http://soleil80.cs.technik.fhnw.ch/solarradio/data/2002-20yy_Callisto/2024/06/29/MEXART_20240629_164500_59.fit.gz,test,190.0,3600.0
1113,1113,3083,2122,FITfiles/2024-06-09/UMICH_20240609_133000_59.fit,2024-06-09 13:30:00,0,0,10513.1396484375,http://soleil80.cs.technik.fhnw.ch/solarradio/data/2002-20yy_Callisto/2024/06/09/USA-BOSTON_20240609_173000_01.fit.gz,train,190.0,3600.0
1114,1114,2237,3181,FITfiles/2024-05-25/UMICH_20240525_183000_59.fit,2024-05-25 18:30:00,0,0,10655.1083984375,http://soleil80.cs.technik.fhnw.ch/solarradio/data/2002-20yy_Callisto/2024/05/25/USA-BOSTON_20240525_223000_63.fit.gz,train,190.0,3600.0
1115,1115,714,6619,FITfiles/2024-04-13/Beelink1_20240413_193000_59.fit,2024-04-13 19:30:00,0,0,22342.46484375,http://soleil80.cs.technik.fhnw.ch/solarradio/data/2002-20yy_Callisto/2024/04/13/ALASKA-HAARP_20240413_233000_63.fit.gz,train,190.0,3600.0
1116,1116,2172,6143,FITfiles/2024-05-24/UMICH_20240524_164500_59.fit,2024-05-24 16:45:00,0,0,10406.5634765625,http://soleil80.cs.technik.fhnw.ch/solarradio/data/2002-20yy_Callisto/2024/05/24/MEXICO-LANCE-A_20240524_204500_63.fit.gz,train,190.0,3600.0
1117,1117,1891,2257,FITfiles/2024-05-19/UMICH_20240519_190000_59.fit,2024-05-19 19:00:00,0,0,10793.330078125,http://soleil80.cs.technik.fhnw.ch/solarradio/data/2002-20yy_Callisto/2024/05/19/MEXART_20240519_230000_59.fit.gz,train,190.0,3600.0
1118,1118,6411,9300,FITfiles/2024-08-12/Beelink1_20240812_105959_59.fit,2024-08-12 10:59:59,0,0,10074.8115234375,http://soleil80.cs.technik.fhnw.ch/solarradio/data/2002-20yy_Callisto/2024/08/12/MEXICO-LANCE-B_20240812_145959_62.fit.gz,train,190.0,3600.0
1119,1119,1160,2321,FITfiles/2024-04-21/Beelink1_20240421_150000_59.fit,2024-04-21 15:00:00,0,0,22236.1796875,http://soleil80.cs.technik.fhnw.ch/solarradio/data/2002-20yy_Callisto/2024/04/21/MEXICO-LANCE-B_20240421_190000_62.fit.gz,train,190.0,3600.0
1120,1120,9193,882,FITfiles/2024-11-03/Beelink1_20241103_181500_59.fit,2024-11-03 18:15:00,0,0,37945.30078125,http://soleil80.cs.technik.fhnw.ch/solarradio/data/2002-20yy_Callisto/2024/11/03/GREENLAND_20241103_231500_63.fit.gz,train,190.0,3590.0
1121,1121,8564,979,FITfiles/2024-10-23/Beelink1_20241023_203000_59.fit,2024-10-23 20:30:00,0,0,36932.328125,http://soleil80.cs.technik.fhnw.ch/solarradio/data/2002-20yy_Callisto/2024/10/24/ALASKA-HAARP_20241024_003000_63.fit.gz,train,190.0,3600.0
1122,1122,2667,7165,FITfiles/2024-06-02/UMICH_20240602_104459_59.fit,2024-06-02 10:44:59,0,0,10832.5947265625,http://soleil80.cs.technik.fhnw.ch/solarradio/data/2002-20yy_Callisto/2024/06/02/MEXICO-LANCE-B_20240602_144459_62.fit.gz,train,190.0,3600.0
1123,1123,4920,5897,FITfiles/2024-07-17/Beelink1_20240717_170000_59.fit,2024-07-17 17:00:00,0,0,9958.1220703125,http://soleil80.cs.technik.fhnw.ch/solarradio/data/2002-20yy_Callisto/2024/07/17/MEXICO-LANCE-A_20240717_210000_63.fit.gz,train,190.0,3600.0
1124,1124,213,6052,FITfiles/2024-03-12/Beelink1_20240312_134500_59.fit,2024-03-12 13:45:00,0,0,11495.2177734375,http://soleil80.cs.technik.fhnw.ch/solarradio/data/2002-20yy_Callisto/2024/03/12/MEXART_20240312_174500_59.fit.gz,train,190.0,3600.0
1125,1125,2511,3666,FITfiles/2024-05-30/UMICH_20240530_141500_59.fit,2024-05-30 14:15:00,0,0,10434.607421875,http://soleil80.cs.technik.fhnw.ch/solarradio/data/2002-20yy_Callisto/2024/05/30/USA-BOSTON_20240530_181500_63.fit.gz,test,190.0,3592.0
1126,1126,1022,5321,FITfiles/2024-04-19/Beelink1_20240419_093000_59.fit,2024-04-19 09:30:00,0,0,22416.525390625,http://soleil80.cs.technik.fhnw.ch/solarradio/data/2002-20yy_Callisto/2024/04/19/MEXICO-LANCE-B_20240419_133000_62.fit.gz,train,190.0,3600.0
1127,1127,325,3242,FITfiles/2024-03-30/Beelink1_20240330_170000_59.fit,2024-03-30 17:00:00,0,0,11597.6064453125,http://soleil80.cs.technik.fhnw.ch/solarradio/data/2002-20yy_Callisto/2024/03/30/MEXICO-LANCE-A_20240330_210000_63.fit.gz,valid,190.0,3600.0
1128,1128,8966,9643,FITfiles/2024-10-30/Beelink1_20241030_193000_59.fit,2024-10-30 19:30:00,0,0,36333.2734375,http://soleil80.cs.technik.fhnw.ch/solarradio/data/2002-20yy_Callisto/2024/10/30/ALASKA-HAARP_20241030_233000_63.fit.gz,train,190.0,3600.0
1129,1129,3099,2109,FITfiles/2024-06-09/UMICH_20240609_173000_59.fit,2024-06-09 17:30:00,0,0,10655.8251953125,http://soleil80.cs.technik.fhnw.ch/solarradio/data/2002-20yy_Callisto/2024/06/09/USA-BOSTON_20240609_213000_63.fit.gz,test,190.0,3600.0
1130,1130,1461,6569,FITfiles/2024-04-26/Beelink1_20240426_174500_59.fit,2024-04-26 17:45:00,0,0,22191.2265625,http://soleil80.cs.technik.fhnw.ch/solarradio/data/2002-20yy_Callisto/2024/04/26/USA-BOSTON_20240426_214500_63.fit.gz,train,190.0,3600.0
1131,1131,1450,6575,FITfiles/2024-04-26/Beelink1_20240426_150000_59.fit,2024-04-26 15:00:00,0,0,21860.330078125,http://soleil80.cs.technik.fhnw.ch/solarradio/data/2002-20yy_Callisto/2024/04/26/MEXICO-LANCE-B_20240426_190000_62.fit.gz,test,190.0,3600.0
1132,1132,3839,2196,FITfiles/2024-06-22/UMICH_20240622_134500_59.fit,2024-06-22 13:45:00,0,0,10322.81640625,http://soleil80.cs.technik.fhnw.ch/solarradio/data/2002-20yy_Callisto/2024/06/22/MEXART_20240622_174500_59.fit.gz,train,190.0,3600.0
1133,1133,3478,5481,FITfiles/2024-06-16/UMICH_20240616_104500_59.fit,2024-06-16 10:45:00,0,0,10757.486328125,http://soleil80.cs.technik.fhnw.ch/solarradio/data/2002-20yy_Callisto/2024/06/16/MEXART_20240616_144500_59.fit.gz,train,190.0,3600.0
1134,1134,2261,7653,FITfiles/2024-05-26/UMICH_20240526_100000_59.fit,2024-05-26 10:00:00,0,0,10831.748046875,http://soleil80.cs.technik.fhnw.ch/solarradio/data/2002-20yy_Callisto/2024/05/26/MEXART_20240526_140000_59.fit.gz,train,190.0,3600.0
1135,1135,7415,1232,FITfiles/2024-09-20/UMICH_20240920_093000_59.fit,2024-09-20 09:30:00,0,0,11176.6591796875,http://soleil80.cs.technik.fhnw.ch/solarradio/data/2002-20yy_Callisto/2024/09/20/MEXICO-LANCE-B_20240920_133000_62.fit.gz,train,190.0,3600.0
1136,1136,8464,1093,FITfiles/2024-10-08/UMICH_20241008_153000_59.fit,2024-10-08 15:30:00,0,0,31408.904296875,http://soleil80.cs.technik.fhnw.ch/solarradio/data/2002-20yy_Callisto/2024/10/08/GREENLAND_20241008_193000_63.fit.gz,train,190.0,3600.0
1137,1137,9179,847,FITfiles/2024-11-03/Beelink1_20241103_144500_59.fit,2024-11-03 14:45:00,0,0,36202.5390625,http://soleil80.cs.technik.fhnw.ch/solarradio/data/2002-20yy_Callisto/2024/11/03/GREENLAND_20241103_194500_63.fit.gz,valid,190.0,3600.0
1138,1138,1219,3366,FITfiles/2024-04-22/Beelink1_20240422_151500_59.fit,2024-04-22 15:15:00,0,0,21802.595703125,http://soleil80.cs.technik.fhnw.ch/solarradio/data/2002-20yy_Callisto/2024/04/22/MEXICO-LANCE-B_20240422_191500_62.fit.gz,valid,190.0,3600.0
1139,1139,2872,6331,FITfiles/2024-06-05/UMICH_20240605_183000_59.fit,2024-06-05 18:30:00,0,0,10744.568359375,http://soleil80.cs.technik.fhnw.ch/solarradio/data/2002-20yy_Callisto/2024/06/05/USA-BOSTON_20240605_223000_63.fit.gz,test,190.0,3600.0
1140,1140,5480,2607,FITfiles/2024-07-27/Beelink1_20240727_101500_59.fit,2024-07-27 10:15:00,0,0,10103.818359375,http://soleil80.cs.technik.fhnw.ch/solarradio/data/2002-20yy_Callisto/2024/07/27/MEXICO-LANCE-A_20240727_141500_63.fit.gz,train,190.0,3600.0
1141,1141,7285,935,FITfiles/2024-09-17/UMICH_20240917_203000_59.fit,2024-09-17 20:30:00,0,0,11107.818359375,http://soleil80.cs.technik.fhnw.ch/solarradio/data/2002-20yy_Callisto/2024/09/18/ALASKA-COHOE_20240918_003000_63.fit.gz,test,190.0,3600.0
1142,1142,776,8483,FITfiles/2024-04-14/Beelink1_20240414_203000_59.fit,2024-04-14 20:30:00,0,0,22347.28515625,http://soleil80.cs.technik.fhnw.ch/solarradio/data/2002-20yy_Callisto/2024/04/15/ALASKA-HAARP_20240415_003000_63.fit.gz,train,190.0,3600.0
1143,1143,1101,8337,FITfiles/2024-04-20/Beelink1_20240420_144500_59.fit,2024-04-20 14:45:00,0,0,22423.71875,http://soleil80.cs.technik.fhnw.ch/solarradio/data/2002-20yy_Callisto/2024/04/20/MEXICO-LANCE-B_20240420_184500_62.fit.gz,train,190.0,3600.0
1144,1144,874,7555,FITfiles/2024-04-16/Beelink1_20240416_160000_59.fit,2024-04-16 16:00:00,0,0,21429.390625,http://soleil80.cs.technik.fhnw.ch/solarradio/data/2002-20yy_Callisto/2024/04/16/MEXICO-LANCE-B_20240416_200000_62.fit.gz,test,190.0,3600.0
1145,1145,5894,4776,FITfiles/2024-08-03/Beelink1_20240803_121459_59.fit,2024-08-03 12:14:59,0,0,10026.841796875,http://soleil80.cs.technik.fhnw.ch/solarradio/data/2002-20yy_Callisto/2024/08/03/MEXICO-LANCE-B_20240803_161459_62.fit.gz,train,190.0,3595.0
1146,1146,4536,2886,FITfiles/2024-07-05/Beelink1_20240705_084500_59.fit,2024-07-05 08:45:00,0,0,10130.947265625,http://soleil80.cs.technik.fhnw.ch/solarradio/data/2002-20yy_Callisto/2024/07/05/MEXICO-LANCE-B_20240705_124500_62.fit.gz,valid,190.0,3600.0
1147,1147,1838,4558,FITfiles/2024-05-18/UMICH_20240518_201500_59.fit,2024-05-18 20:15:00,0,0,11594.7744140625,http://soleil80.cs.technik.fhnw.ch/solarradio/data/2002-20yy_Callisto/2024/05/19/MEXART_20240519_001500_59.fit.gz,test,190.0,3592.0
1148,1148,3672,8101,FITfiles/2024-06-19/UMICH_20240619_154500_59.fit,2024-06-19 15:45:00,0,0,10310.4775390625,http://soleil80.cs.technik.fhnw.ch/solarradio/data/2002-20yy_Callisto/2024/06/19/MEXICO-LANCE-B_20240619_194500_62.fit.gz,train,190.0,3600.0
1149,1149,1193,3385,FITfiles/2024-04-22/Beelink1_20240422_084500_59.fit,2024-04-22 08:45:00,0,0,22613.615234375,http://soleil80.cs.technik.fhnw.ch/solarradio/data/2002-20yy_Callisto/2024/04/22/MEXICO-LANCE-B_20240422_124500_62.fit.gz,train,190.0,3600.0
1150,1150,9022,590,FITfiles/2024-10-31/Beelink1_20241031_190000_59.fit,2024-10-31 19:00:00,0,0,36725.6171875,http://soleil80.cs.technik.fhnw.ch/solarradio/data/2002-20yy_Callisto/2024/10/31/GREENLAND_20241031_230000_63.fit.gz,valid,190.0,3600.0
1151,1151,9480,1435,FITfiles/2024-11-08/Beelink1_20241108_173000_59.fit,2024-11-08 17:30:00,0,0,37859.22265625,http://soleil80.cs.technik.fhnw.ch/solarradio/data/2002-20yy_Callisto/2024/11/08/GREENLAND_20241108_223000_63.fit.gz,train,190.0,3600.0
1152,1152,1112,8324,FITfiles/2024-04-20/Beelink1_20240420_173000_59.fit,2024-04-20 17:30:00,0,0,22580.294921875,http://soleil80.cs.technik.fhnw.ch/solarradio/data/2002-20yy_Callisto/2024/04/20/USA-BOSTON_20240420_213000_63.fit.gz,train,190.0,3600.0
1153,1153,410,4827,FITfiles/2024-04-05/Beelink1_20240405_204500_59.fit,2024-04-05 20:45:00,0,0,11610.04296875,http://soleil80.cs.technik.fhnw.ch/solarradio/data/2002-20yy_Callisto/2024/04/06/ALASKA-HAARP_20240406_004500_63.fit.gz,valid,190.0,3591.0
1154,1154,2702,7136,FITfiles/2024-06-02/UMICH_20240602_193000_59.fit,2024-06-02 19:30:00,0,0,10791.3955078125,http://soleil80.cs.technik.fhnw.ch/solarradio/data/2002-20yy_Callisto/2024/06/02/USA-BOSTON_20240602_233000_62.fit.gz,valid,190.0,3600.0
1155,1155,7876,5251,FITfiles/2024-09-28/UMICH_20240928_133000_59.fit,2024-09-28 13:30:00,0,0,35196.92578125,http://soleil80.cs.technik.fhnw.ch/solarradio/data/2002-20yy_Callisto/2024/09/28/USA-BOSTON_20240928_173000_63.fit.gz,train,190.0,3600.0
1156,1156,1228,3354,FITfiles/2024-04-22/Beelink1_20240422_173000_59.fit,2024-04-22 17:30:00,0,0,22016.98046875,http://soleil80.cs.technik.fhnw.ch/solarradio/data/2002-20yy_Callisto/2024/04/22/USA-BOSTON_20240422_213000_63.fit.gz,train,190.0,3600.0
1157,1157,8259,5160,FITfiles/2024-10-05/UMICH_20241005_074500_59.fit,2024-10-05 07:45:00,0,0,35669.79296875,http://soleil80.cs.technik.fhnw.ch/solarradio/data/2002-20yy_Callisto/2024/10/05/GREENLAND_20241005_114500_63.fit.gz,test,190.0,3600.0
1158,1158,5766,8248,FITfiles/2024-08-01/Beelink1_20240801_091500_59.fit,2024-08-01 09:15:00,0,0,10061.0087890625,http://soleil80.cs.technik.fhnw.ch/solarradio/data/2002-20yy_Callisto/2024/08/01/MEXICO-LANCE-B_20240801_131500_62.fit.gz,train,190.0,3600.0
1159,1159,4749,5675,FITfiles/2024-07-14/Beelink1_20240714_174500_59.fit,2024-07-14 17:45:00,0,0,10024.7890625,http://soleil80.cs.technik.fhnw.ch/solarradio/data/2002-20yy_Callisto/2024/07/14/USA-BOSTON_20240714_214500_63.fit.gz,valid,190.0,3600.0
1160,1160,1290,3774,FITfiles/2024-04-23/Beelink1_20240423_183000_59.fit,2024-04-23 18:30:00,0,0,22461.4375,http://soleil80.cs.technik.fhnw.ch/solarradio/data/2002-20yy_Callisto/2024/04/23/USA-BOSTON_20240423_223000_63.fit.gz,train,190.0,3600.0
1161,1161,7081,9433,FITfiles/2024-09-14/UMICH_20240914_130000_59.fit,2024-09-14 13:00:00,0,0,10710.2041015625,http://soleil80.cs.technik.fhnw.ch/solarradio/data/2002-20yy_Callisto/2024/09/14/GREENLAND_20240914_170000_63.fit.gz,valid,190.0,3600.0
1162,1162,5147,3971,FITfiles/2024-07-21/Beelink1_20240721_154500_59.fit,2024-07-21 15:45:00,0,0,9958.8564453125,http://soleil80.cs.technik.fhnw.ch/solarradio/data/2002-20yy_Callisto/2024/07/21/MEXICO-LANCE-B_20240721_194500_62.fit.gz,valid,190.0,3600.0
1163,1163,5255,8625,FITfiles/2024-07-23/Beelink1_20240723_115959_59.fit,2024-07-23 11:59:59,0,0,10051.5791015625,http://soleil80.cs.technik.fhnw.ch/solarradio/data/2002-20yy_Callisto/2024/07/23/MEXICO-LANCE-B_20240723_155959_62.fit.gz,train,190.0,3600.0
1164,1164,2754,1984,FITfiles/2024-06-03/UMICH_20240603_180000_59.fit,2024-06-03 18:00:00,0,0,10507.5419921875,http://soleil80.cs.technik.fhnw.ch/solarradio/data/2002-20yy_Callisto/2024/06/03/USA-BOSTON_20240603_220000_63.fit.gz,train,190.0,3600.0
1165,1165,5347,6093,FITfiles/2024-07-24/Beelink1_20240724_203000_59.fit,2024-07-24 20:30:00,0,0,10083.775390625,http://soleil80.cs.technik.fhnw.ch/solarradio/data/2002-20yy_Callisto/2024/07/25/ALASKA-HAARP_20240725_003000_63.fit.gz,train,190.0,3600.0
1166,1166,1266,3796,FITfiles/2024-04-23/Beelink1_20240423_123000_59.fit,2024-04-23 12:30:00,0,0,22326.029296875,http://soleil80.cs.technik.fhnw.ch/solarradio/data/2002-20yy_Callisto/2024/04/23/USA-BOSTON_20240423_163000_63.fit.gz,test,190.0,3600.0
1167,1167,7584,7320,FITfiles/2024-09-23/UMICH_20240923_130000_59.fit,2024-09-23 13:00:00,0,0,35134.76171875,http://soleil80.cs.technik.fhnw.ch/solarradio/data/2002-20yy_Callisto/2024/09/23/USA-BOSTON_20240923_170000_63.fit.gz,train,190.0,3600.0
1168,1168,1222,3363,FITfiles/2024-04-22/Beelink1_20240422_160000_59.fit,2024-04-22 16:00:00,0,0,21669.388671875,http://soleil80.cs.technik.fhnw.ch/solarradio/data/2002-20yy_Callisto/2024/04/22/MEXICO-LANCE-B_20240422_200000_62.fit.gz,test,190.0,3600.0
1169,1169,2598,3609,FITfiles/2024-06-01/UMICH_20240601_121459_59.fit,2024-06-01 12:14:59,0,0,10692.4853515625,http://soleil80.cs.technik.fhnw.ch/solarradio/data/2002-20yy_Callisto/2024/06/01/MEXICO-LANCE-B_20240601_161459_62.fit.gz,train,190.0,3595.0
1170,1170,9105,460,FITfiles/2024-11-02/Beelink1_20241102_104500_59.fit,2024-11-02 10:45:00,0,0,36184.6484375,http://soleil80.cs.technik.fhnw.ch/solarradio/data/2002-20yy_Callisto/2024/11/02/USA-BOSTON_20241102_144500_63.fit.gz,train,190.0,3600.0
1171,1171,2350,3841,FITfiles/2024-05-27/UMICH_20240527_174500_59.fit,2024-05-27 17:45:00,0,0,10853.3076171875,http://soleil80.cs.technik.fhnw.ch/solarradio/data/2002-20yy_Callisto/2024/05/27/USA-BOSTON_20240527_214500_63.fit.gz,test,190.0,3600.0
1172,1172,6534,9239,FITfiles/2024-09-03/UMICH_20240903_093000_59.fit,2024-09-03 09:30:00,0,0,10165.5595703125,http://soleil80.cs.technik.fhnw.ch/solarradio/data/2002-20yy_Callisto/2024/09/03/MEXICO-LANCE-B_20240903_133000_62.fit.gz,valid,190.0,3600.0
1173,1173,5177,3574,FITfiles/2024-07-22/Beelink1_20240722_070000_59.fit,2024-07-22 07:00:00,0,0,10134.9423828125,http://soleil80.cs.technik.fhnw.ch/solarradio/data/2002-20yy_Callisto/2024/07/22/USA-BOSTON_20240722_110000_63.fit.gz,train,190.0,3600.0
1174,1174,1431,6673,FITfiles/2024-04-26/Beelink1_20240426_101500_59.fit,2024-04-26 10:15:00,0,0,22246.744140625,http://soleil80.cs.technik.fhnw.ch/solarradio/data/2002-20yy_Callisto/2024/04/26/MEXICO-LANCE-B_20240426_141500_62.fit.gz,valid,190.0,3600.0
1175,1175,2150,6174,FITfiles/2024-05-24/UMICH_20240524_111459_59.fit,2024-05-24 11:14:59,0,0,10753.947265625,http://soleil80.cs.technik.fhnw.ch/solarradio/data/2002-20yy_Callisto/2024/05/24/MEXICO-LANCE-B_20240524_151459_62.fit.gz,train,190.0,3600.0
1176,1176,1766,1897,FITfiles/2024-05-15/Beelink1_20240515_084500_59.fit,2024-05-15 08:45:00,0,0,11128.2802734375,http://soleil80.cs.technik.fhnw.ch/solarradio/data/2002-20yy_Callisto/2024/05/15/MEXICO-LANCE-B_20240515_124500_62.fit.gz,train,190.0,3600.0
1177,1177,3199,2680,FITfiles/2024-06-11/UMICH_20240611_133000_59.fit,2024-06-11 13:30:00,0,0,10430.8994140625,http://soleil80.cs.technik.fhnw.ch/solarradio/data/2002-20yy_Callisto/2024/06/11/USA-BOSTON_20240611_173000_01.fit.gz,train,190.0,3600.0
1178,1178,8431,918,FITfiles/2024-10-08/UMICH_20241008_071500_59.fit,2024-10-08 07:15:00,0,0,35670.9296875,http://soleil80.cs.technik.fhnw.ch/solarradio/data/2002-20yy_Callisto/2024/10/08/GREENLAND_20241008_111500_63.fit.gz,test,190.0,3600.0
1179,1179,747,8492,FITfiles/2024-04-14/Beelink1_20240414_131500_59.fit,2024-04-14 13:15:00,0,0,22083.232421875,http://soleil80.cs.technik.fhnw.ch/solarradio/data/2002-20yy_Callisto/2024/04/14/ALASKA-HAARP_20240414_171500_63.fit.gz,train,190.0,3600.0
1180,1180,712,6594,FITfiles/2024-04-13/Beelink1_20240413_190000_59.fit,2024-04-13 19:00:00,0,0,22319.908203125,http://soleil80.cs.technik.fhnw.ch/solarradio/data/2002-20yy_Callisto/2024/04/13/ALASKA-HAARP_20240413_230000_63.fit.gz,test,190.0,3600.0
1181,1181,381,4359,FITfiles/2024-04-05/Beelink1_20240405_133000_59.fit,2024-04-05 13:30:00,0,0,11524.9765625,http://soleil80.cs.technik.fhnw.ch/solarradio/data/2002-20yy_Callisto/2024/04/05/USA-BOSTON_20240405_173000_63.fit.gz,test,190.0,3600.0
1182,1182,3848,2202,FITfiles/2024-06-22/UMICH_20240622_160000_59.fit,2024-06-22 16:00:00,0,0,10388.6015625,http://soleil80.cs.technik.fhnw.ch/solarradio/data/2002-20yy_Callisto/2024/06/22/MEXICO-LANCE-A_20240622_200000_63.fit.gz,train,190.0,3600.0
1183,1183,6499,9324,FITfiles/2024-09-02/UMICH_20240902_151500_59.fit,2024-09-02 15:15:00,0,0,9950.59765625,http://soleil80.cs.technik.fhnw.ch/solarradio/data/2002-20yy_Callisto/2024/09/02/MEXICO-LANCE-B_20240902_191500_62.fit.gz,valid,190.0,3600.0
1184,1184,7305,344,FITfiles/2024-09-18/UMICH_20240918_110000_59.fit,2024-09-18 11:00:00,0,0,10749.5966796875,http://soleil80.cs.technik.fhnw.ch/solarradio/data/2002-20yy_Callisto/2024/09/18/MEXICO-LANCE-B_20240918_150000_62.fit.gz,valid,190.0,3600.0
1185,1185,5110,3988,FITfiles/2024-07-21/Beelink1_20240721_063000_59.fit,2024-07-21 06:30:00,0,0,10134.4873046875,http://soleil80.cs.technik.fhnw.ch/solarradio/data/2002-20yy_Callisto/2024/07/21/USA-BOSTON_20240721_103000_63.fit.gz,train,190.0,3600.0
1186,1186,8820,482,FITfiles/2024-10-28/Beelink1_20241028_120000_59.fit,2024-10-28 12:00:00,0,0,37530.33203125,http://soleil80.cs.technik.fhnw.ch/solarradio/data/2002-20yy_Callisto/2024/10/28/USA-BOSTON_20241028_160000_63.fit.gz,valid,190.0,3600.0
1187,1187,5326,6110,FITfiles/2024-07-24/Beelink1_20240724_151500_59.fit,2024-07-24 15:15:00,0,0,9985.0419921875,http://soleil80.cs.technik.fhnw.ch/solarradio/data/2002-20yy_Callisto/2024/07/24/MEXICO-LANCE-B_20240724_191500_62.fit.gz,valid,190.0,3600.0
1188,1188,9441,1293,FITfiles/2024-11-08/Beelink1_20241108_074500_59.fit,2024-11-08 07:45:00,0,0,37411.4140625,http://soleil80.cs.technik.fhnw.ch/solarradio/data/2002-20yy_Callisto/2024/11/08/GREENLAND_20241108_124500_63.fit.gz,train,190.0,3600.0
1189,1189,3466,5482,FITfiles/2024-06-16/UMICH_20240616_074500_59.fit,2024-06-16 07:45:00,0,0,11218.9453125,http://soleil80.cs.technik.fhnw.ch/solarradio/data/2002-20yy_Callisto/2024/06/16/USA-BOSTON_20240616_114500_01.fit.gz,valid,190.0,3600.0
1190,1190,2528,3649,FITfiles/2024-05-30/UMICH_20240530_183000_59.fit,2024-05-30 18:30:00,0,0,10718.6904296875,http://soleil80.cs.technik.fhnw.ch/solarradio/data/2002-20yy_Callisto/2024/05/30/USA-BOSTON_20240530_223000_63.fit.gz,test,190.0,3600.0
1191,1191,2289,7652,FITfiles/2024-05-26/UMICH_20240526_170000_59.fit,2024-05-26 17:00:00,0,0,10733.6552734375,http://soleil80.cs.technik.fhnw.ch/solarradio/data/2002-20yy_Callisto/2024/05/26/MEXICO-LANCE-A_20240526_210000_63.fit.gz,train,190.0,3600.0
1192,1192,4178,2567,FITfiles/2024-06-28/UMICH_20240628_112959_59.fit,2024-06-28 11:29:59,0,0,10741.9833984375,http://soleil80.cs.technik.fhnw.ch/solarradio/data/2002-20yy_Callisto/2024/06/28/MEXICO-LANCE-B_20240628_152959_62.fit.gz,test,190.0,3600.0
1193,1193,6128,5791,FITfiles/2024-08-07/Beelink1_20240807_124500_59.fit,2024-08-07 12:45:00,0,0,10105.2578125,http://soleil80.cs.technik.fhnw.ch/solarradio/data/2002-20yy_Callisto/2024/08/07/MEXART_20240807_164500_59.fit.gz,train,190.0,3600.0
1194,1194,7984,8431,FITfiles/2024-09-30/UMICH_20240930_113000_59.fit,2024-09-30 11:30:00,0,0,34828.07421875,http://soleil80.cs.technik.fhnw.ch/solarradio/data/2002-20yy_Callisto/2024/09/30/USA-BOSTON_20240930_153000_63.fit.gz,train,190.0,3600.0
1195,1195,4464,8729,FITfiles/2024-07-03/Beelink1_20240703_194500_59.fit,2024-07-03 19:45:00,0,0,10120.3603515625,http://soleil80.cs.technik.fhnw.ch/solarradio/data/2002-20yy_Callisto/2024/07/03/MEXART_20240703_234500_59.fit.gz,train,190.0,3600.0
1196,1196,4483,6478,FITfiles/2024-07-04/Beelink1_20240704_100000_59.fit,2024-07-04 10:00:00,0,0,10111.240234375,http://soleil80.cs.technik.fhnw.ch/solarradio/data/2002-20yy_Callisto/2024/07/04/MEXICO-LANCE-B_20240704_140000_62.fit.gz,test,190.0,3600.0
1197,1197,2040,4660,FITfiles/2024-05-22/UMICH_20240522_124500_59.fit,2024-05-22 12:45:00,0,0,10556.04296875,http://soleil80.cs.technik.fhnw.ch/solarradio/data/2002-20yy_Callisto/2024/05/22/USA-BOSTON_20240522_164500_63.fit.gz,train,190.0,3600.0
1198,1198,3072,8845,FITfiles/2024-06-09/UMICH_20240609_104459_59.fit,2024-06-09 10:44:59,0,0,10910.3486328125,http://soleil80.cs.technik.fhnw.ch/solarradio/data/2002-20yy_Callisto/2024/06/09/MEXICO-LANCE-B_20240609_144459_62.fit.gz,test,190.0,3600.0
1199,1199,429,5418,FITfiles/2024-04-06/Beelink1_20240406_105959_59.fit,2024-04-06 10:59:59,0,0,11610.3916015625,http://soleil80.cs.technik.fhnw.ch/solarradio/data/2002-20yy_Callisto/2024/04/06/MEXICO-LANCE-B_20240406_145959_62.fit.gz,test,190.0,3600.0
1200,1200,655,4815,FITfiles/2024-04-10/Beelink1_20240410_100000_59.fit,2024-04-10 10:00:00,0,0,22226.681640625,http://soleil80.cs.technik.fhnw.ch/solarradio/data/2002-20yy_Callisto/2024/04/10/MEXICO-LANCE-B_20240410_140000_62.fit.gz,test,190.0,3600.0
1201,1201,2251,7969,FITfiles/2024-05-26/UMICH_20240526_073000_59.fit,2024-05-26 07:30:00,0,0,12121.3154296875,http://soleil80.cs.technik.fhnw.ch/solarradio/data/2002-20yy_Callisto/2024/05/26/USA-BOSTON_20240526_113000_01.fit.gz,train,190.0,3600.0
1202,1202,9086,239,FITfiles/2024-11-01/Beelink1_20241101_203000_59.fit,2024-11-01 20:30:00,0,0,37422.66796875,http://soleil80.cs.technik.fhnw.ch/solarradio/data/2002-20yy_Callisto/2024/11/02/ALASKA-HAARP_20241102_003000_63.fit.gz,train,190.0,3600.0
1203,1203,9314,419,FITfiles/2024-11-05/Beelink1_20241105_193000_59.fit,2024-11-05 19:30:00,0,0,36800.48046875,http://soleil80.cs.technik.fhnw.ch/solarradio/data/2002-20yy_Callisto/2024/11/06/MEXART_20241106_003000_59.fit.gz,train,190.0,3600.0
1204,1204,4454,8723,FITfiles/2024-07-03/Beelink1_20240703_171500_59.fit,2024-07-03 17:15:00,0,0,10020.9609375,http://soleil80.cs.technik.fhnw.ch/solarradio/data/2002-20yy_Callisto/2024/07/03/USA-BOSTON_20240703_211500_63.fit.gz,train,190.0,3600.0
1205,1205,2362,3809,FITfiles/2024-05-27/UMICH_20240527_204500_59.fit,2024-05-27 20:45:00,0,0,10881.275390625,http://soleil80.cs.technik.fhnw.ch/solarradio/data/2002-20yy_Callisto/2024/05/28/MEXART_20240528_004500_59.fit.gz,train,190.0,3590.0
1206,1206,1739,5373,FITfiles/2024-05-01/Beelink1_20240501_144500_59.fit,2024-05-01 14:45:00,0,0,21459.0546875,http://soleil80.cs.technik.fhnw.ch/solarradio/data/2002-20yy_Callisto/2024/05/01/MEXICO-LANCE-B_20240501_184500_62.fit.gz,valid,190.0,3600.0
1207,1207,613,5533,FITfiles/2024-04-09/Beelink1_20240409_140000_59.fit,2024-04-09 14:00:00,0,0,21894.033203125,http://soleil80.cs.technik.fhnw.ch/solarradio/data/2002-20yy_Callisto/2024/04/09/USA-BOSTON_20240409_180000_63.fit.gz,train,190.0,3600.0
1208,1208,9063,163,FITfiles/2024-11-01/Beelink1_20241101_144500_59.fit,2024-11-01 14:45:00,0,0,37613.703125,http://soleil80.cs.technik.fhnw.ch/solarradio/data/2002-20yy_Callisto/2024/11/01/ALASKA-HAARP_20241101_184500_63.fit.gz,valid,190.0,3600.0
1209,1209,9090,438,FITfiles/2024-11-02/Beelink1_20241102_070000_59.fit,2024-11-02 07:00:00,0,0,36486.28125,http://soleil80.cs.technik.fhnw.ch/solarradio/data/2002-20yy_Callisto/2024/11/02/USA-BOSTON_20241102_110000_63.fit.gz,train,190.0,3600.0
1210,1210,4260,2415,FITfiles/2024-06-29/UMICH_20240629_173000_59.fit,2024-06-29 17:30:00,0,0,10346.3056640625,http://soleil80.cs.technik.fhnw.ch/solarradio/data/2002-20yy_Callisto/2024/06/29/USA-BOSTON_20240629_213000_63.fit.gz,train,190.0,3600.0
1211,1211,8219,8284,FITfiles/2024-10-04/UMICH_20241004_121500_59.fit,2024-10-04 12:15:00,0,0,35119.0703125,http://soleil80.cs.technik.fhnw.ch/solarradio/data/2002-20yy_Callisto/2024/10/04/ALASKA-HAARP_20241004_161500_63.fit.gz,valid,190.0,3590.0
1212,1212,3931,4046,FITfiles/2024-06-24/UMICH_20240624_074500_59.fit,2024-06-24 07:45:00,0,0,11087.87890625,http://soleil80.cs.technik.fhnw.ch/solarradio/data/2002-20yy_Callisto/2024/06/24/USA-BOSTON_20240624_114500_01.fit.gz,train,190.0,3600.0
1213,1213,7106,9428,FITfiles/2024-09-14/UMICH_20240914_191500_59.fit,2024-09-14 19:15:00,0,0,10717.2353515625,http://soleil80.cs.technik.fhnw.ch/solarradio/data/2002-20yy_Callisto/2024/09/14/GREENLAND_20240914_231500_63.fit.gz,train,190.0,3600.0
1214,1214,556,6217,FITfiles/2024-04-08/Beelink1_20240408_141500_59.fit,2024-04-08 14:15:00,0,0,21918.7109375,http://soleil80.cs.technik.fhnw.ch/solarradio/data/2002-20yy_Callisto/2024/04/08/USA-BOSTON_20240408_181500_63.fit.gz,test,190.0,3590.0
1215,1215,3605,6848,FITfiles/2024-06-18/UMICH_20240618_133000_59.fit,2024-06-18 13:30:00,0,0,10462.68359375,http://soleil80.cs.technik.fhnw.ch/solarradio/data/2002-20yy_Callisto/2024/06/18/USA-BOSTON_20240618_173000_01.fit.gz,train,190.0,3600.0
1216,1216,513,3024,FITfiles/2024-04-07/Beelink1_20240407_180000_59.fit,2024-04-07 18:00:00,0,0,22134.94921875,http://soleil80.cs.technik.fhnw.ch/solarradio/data/2002-20yy_Callisto/2024/04/07/MEXART_20240407_220000_59.fit.gz,test,190.0,3600.0
1217,1217,5958,2913,FITfiles/2024-08-04/Beelink1_20240804_134500_59.fit,2024-08-04 13:45:00,0,0,9947.6962890625,http://soleil80.cs.technik.fhnw.ch/solarradio/data/2002-20yy_Callisto/2024/08/04/MEXICO-LANCE-B_20240804_174500_62.fit.gz,valid,190.0,3600.0
1218,1218,6035,4128,FITfiles/2024-08-05/Beelink1_20240805_183000_59.fit,2024-08-05 18:30:00,0,0,10023.0185546875,http://soleil80.cs.technik.fhnw.ch/solarradio/data/2002-20yy_Callisto/2024/08/05/USA-BOSTON_20240805_223000_63.fit.gz,train,190.0,3600.0
1219,1219,975,7499,FITfiles/2024-04-18/Beelink1_20240418_121500_59.fit,2024-04-18 12:15:00,0,0,22349.265625,http://soleil80.cs.technik.fhnw.ch/solarradio/data/2002-20yy_Callisto/2024/04/18/USA-BOSTON_20240418_161500_63.fit.gz,train,190.0,3591.0
1220,1220,5659,3891,FITfiles/2024-07-30/Beelink1_20240730_112959_59.fit,2024-07-30 11:29:59,0,0,10025.6826171875,http://soleil80.cs.technik.fhnw.ch/solarradio/data/2002-20yy_Callisto/2024/07/30/MEXICO-LANCE-B_20240730_152959_62.fit.gz,train,190.0,3600.0
1221,1221,3239,8916,FITfiles/2024-06-12/UMICH_20240612_090000_59.fit,2024-06-12 09:00:00,0,0,11313.4287109375,http://soleil80.cs.technik.fhnw.ch/solarradio/data/2002-20yy_Callisto/2024/06/12/MEXICO-LANCE-B_20240612_130000_62.fit.gz,train,190.0,3600.0
1222,1222,3395,4518,FITfiles/2024-06-14/UMICH_20240614_190000_59.fit,2024-06-14 19:00:00,0,0,10622.3466796875,http://soleil80.cs.technik.fhnw.ch/solarradio/data/2002-20yy_Callisto/2024/06/14/MEXART_20240614_230000_59.fit.gz,train,190.0,3600.0
1223,1223,3917,4450,FITfiles/2024-06-23/UMICH_20240623_184500_59.fit,2024-06-23 18:45:00,0,0,10590.212890625,http://soleil80.cs.technik.fhnw.ch/solarradio/data/2002-20yy_Callisto/2024/06/23/MEXICO-LANCE-B_20240623_224500_62.fit.gz,train,190.0,3600.0
1224,1224,5785,8219,FITfiles/2024-08-01/Beelink1_20240801_140000_59.fit,2024-08-01 14:00:00,0,0,9959.9462890625,http://soleil80.cs.technik.fhnw.ch/solarradio/data/2002-20yy_Callisto/2024/08/01/USA-BOSTON_20240801_180000_01.fit.gz,valid,190.0,3600.0
1225,1225,4053,2809,FITfiles/2024-06-26/UMICH_20240626_091500_59.fit,2024-06-26 09:15:00,0,0,10952.0703125,http://soleil80.cs.technik.fhnw.ch/solarradio/data/2002-20yy_Callisto/2024/06/26/MEXICO-LANCE-B_20240626_131500_62.fit.gz,train,190.0,3600.0
1226,1226,4884,5996,FITfiles/2024-07-17/Beelink1_20240717_080000_59.fit,2024-07-17 08:00:00,0,0,10108.228515625,http://soleil80.cs.technik.fhnw.ch/solarradio/data/2002-20yy_Callisto/2024/07/17/MEXICO-LANCE-B_20240717_120000_62.fit.gz,train,190.0,3600.0
1227,1227,2106,1812,FITfiles/2024-05-23/UMICH_20240523_144500_59.fit,2024-05-23 14:45:00,0,0,10402.5029296875,http://soleil80.cs.technik.fhnw.ch/solarradio/data/2002-20yy_Callisto/2024/05/23/MEXICO-LANCE-B_20240523_184500_62.fit.gz,test,190.0,3600.0
1228,1228,4005,4628,FITfiles/2024-06-25/UMICH_20240625_114459_59.fit,2024-06-25 11:44:59,0,0,11434.017578125,http://soleil80.cs.technik.fhnw.ch/solarradio/data/2002-20yy_Callisto/2024/06/25/MEXART_20240625_154500_59.fit.gz,train,190.0,3600.0
1229,1229,5365,6544,FITfiles/2024-07-25/Beelink1_20240725_102959_59.fit,2024-07-25 10:29:59,0,0,10079.27734375,http://soleil80.cs.technik.fhnw.ch/solarradio/data/2002-20yy_Callisto/2024/07/25/MEXICO-LANCE-B_20240725_142959_62.fit.gz,train,190.0,3600.0
1230,1230,1068,8367,FITfiles/2024-04-20/Beelink1_20240420_063000_59.fit,2024-04-20 06:30:00,0,0,22579.41796875,http://soleil80.cs.technik.fhnw.ch/solarradio/data/2002-20yy_Callisto/2024/04/20/USA-BOSTON_20240420_103000_63.fit.gz,train,190.0,3600.0
1231,1231,7861,5235,FITfiles/2024-09-28/UMICH_20240928_094500_59.fit,2024-09-28 09:45:00,0,0,35903.71484375,http://soleil80.cs.technik.fhnw.ch/solarradio/data/2002-20yy_Callisto/2024/09/28/MEXICO-LANCE-A_20240928_134500_63.fit.gz,train,190.0,3600.0
1232,1232,4784,5028,FITfiles/2024-07-15/Beelink1_20240715_115959_59.fit,2024-07-15 11:59:59,0,0,10048.771484375,http://soleil80.cs.technik.fhnw.ch/solarradio/data/2002-20yy_Callisto/2024/07/15/MEXICO-LANCE-B_20240715_155959_62.fit.gz,train,190.0,3600.0
1233,1233,2476,4057,FITfiles/2024-05-29/UMICH_20240529_200000_59.fit,2024-05-29 20:00:00,0,0,10874.26953125,http://soleil80.cs.technik.fhnw.ch/solarradio/data/2002-20yy_Callisto/2024/05/30/USA-BOSTON_20240530_000000_62.fit.gz,train,190.0,3600.0
1234,1234,9173,837,FITfiles/2024-11-03/Beelink1_20241103_131500_59.fit,2024-11-03 13:15:00,0,0,36193.83203125,http://soleil80.cs.technik.fhnw.ch/solarradio/data/2002-20yy_Callisto/2024/11/03/ALASKA-HAARP_20241103_181500_63.fit.gz,valid,190.0,3600.0
1235,1235,2229,3204,FITfiles/2024-05-25/UMICH_20240525_163000_59.fit,2024-05-25 16:30:00,0,0,10411.0341796875,http://soleil80.cs.technik.fhnw.ch/solarradio/data/2002-20yy_Callisto/2024/05/25/MEXICO-LANCE-B_20240525_203000_62.fit.gz,valid,190.0,3600.0
1236,1236,941,7574,FITfiles/2024-04-17/Beelink1_20240417_181500_59.fit,2024-04-17 18:15:00,0,0,22443.935546875,http://soleil80.cs.technik.fhnw.ch/solarradio/data/2002-20yy_Callisto/2024/04/17/ALASKA-HAARP_20240417_221500_63.fit.gz,train,190.0,3590.0
1237,1237,4410,8140,FITfiles/2024-07-02/Beelink1_20240702_204500_59.fit,2024-07-02 20:45:00,0,0,10134.0859375,http://soleil80.cs.technik.fhnw.ch/solarradio/data/2002-20yy_Callisto/2024/07/03/ALASKA-HAARP_20240703_004500_63.fit.gz,train,190.0,3591.0
1238,1238,396,4358,FITfiles/2024-04-05/Beelink1_20240405_171500_59.fit,2024-04-05 17:15:00,0,0,11533.677734375,http://soleil80.cs.technik.fhnw.ch/solarradio/data/2002-20yy_Callisto/2024/04/05/USA-BOSTON_20240405_211500_63.fit.gz,train,190.0,3600.0
1239,1239,3468,5491,FITfiles/2024-06-16/UMICH_20240616_081500_59.fit,2024-06-16 08:15:00,0,0,11526.8994140625,http://soleil80.cs.technik.fhnw.ch/solarradio/data/2002-20yy_Callisto/2024/06/16/USA-BOSTON_20240616_121500_01.fit.gz,train,190.0,3592.0
1240,1240,6614,8590,FITfiles/2024-09-04/UMICH_20240904_150000_59.fit,2024-09-04 15:00:00,0,0,9947.19140625,http://soleil80.cs.technik.fhnw.ch/solarradio/data/2002-20yy_Callisto/2024/09/04/MEXICO-LANCE-B_20240904_190000_62.fit.gz,test,190.0,3600.0
1241,1241,9506,283,FITfiles/2024-11-09/Beelink1_20241109_093000_59.fit,2024-11-09 09:30:00,0,0,36825.43359375,http://soleil80.cs.technik.fhnw.ch/solarradio/data/2002-20yy_Callisto/2024/11/09/GREENLAND_20241109_143000_63.fit.gz,test,190.0,3600.0
1242,1242,9669,1235,FITfiles/2024-11-12/Beelink1_20241112_074500_59.fit,2024-11-12 07:45:00,0,0,34024.20703125,http://soleil80.cs.technik.fhnw.ch/solarradio/data/2002-20yy_Callisto/2024/11/12/GREENLAND_20241112_124500_63.fit.gz,train,190.0,3600.0
1243,1243,2913,4905,FITfiles/2024-06-06/UMICH_20240606_141500_59.fit,2024-06-06 14:15:00,0,0,10489.9931640625,http://soleil80.cs.technik.fhnw.ch/solarradio/data/2002-20yy_Callisto/2024/06/06/USA-BOSTON_20240606_181500_63.fit.gz,train,190.0,3593.0
1244,1244,6341,9520,FITfiles/2024-08-11/Beelink1_20240811_080000_59.fit,2024-08-11 08:00:00,0,0,10112.4853515625,http://soleil80.cs.technik.fhnw.ch/solarradio/data/2002-20yy_Callisto/2024/08/11/MEXICO-LANCE-B_20240811_120000_62.fit.gz,valid,190.0,3600.0
1245,1245,4750,5655,FITfiles/2024-07-14/Beelink1_20240714_180000_59.fit,2024-07-14 18:00:00,0,0,10026.1640625,http://soleil80.cs.technik.fhnw.ch/solarradio/data/2002-20yy_Callisto/2024/07/14/USA-BOSTON_20240714_220000_63.fit.gz,test,190.0,3600.0
1246,1246,6334,9142,FITfiles/2024-08-10/Beelink1_20240810_204500_59.fit,2024-08-10 20:45:00,0,0,10100.103515625,http://soleil80.cs.technik.fhnw.ch/solarradio/data/2002-20yy_Callisto/2024/08/11/ALASKA-HAARP_20240811_004500_63.fit.gz,test,190.0,3591.0
1247,1247,2816,7666,FITfiles/2024-06-04/UMICH_20240604_190000_59.fit,2024-06-04 19:00:00,0,0,10607.9697265625,http://soleil80.cs.technik.fhnw.ch/solarradio/data/2002-20yy_Callisto/2024/06/04/USA-BOSTON_20240604_230000_63.fit.gz,train,190.0,3600.0
1248,1248,58,2373,FITfiles/2024-03-09/Beelink1_20240309_184500_59.fit,2024-03-09 18:45:00,0,0,11649.6767578125,http://soleil80.cs.technik.fhnw.ch/solarradio/data/2002-20yy_Callisto/2024/03/09/ALASKA-HAARP_20240309_234500_63.fit.gz,train,190.0,3600.0
1249,1249,4212,2521,FITfiles/2024-06-28/UMICH_20240628_200000_59.fit,2024-06-28 20:00:00,0,0,10952.3896484375,http://soleil80.cs.technik.fhnw.ch/solarradio/data/2002-20yy_Callisto/2024/06/29/USA-BOSTON_20240629_000000_63.fit.gz,valid,190.0,3600.0
1250,1250,4777,5024,FITfiles/2024-07-15/Beelink1_20240715_101500_59.fit,2024-07-15 10:15:00,0,0,10113.1953125,http://soleil80.cs.technik.fhnw.ch/solarradio/data/2002-20yy_Callisto/2024/07/15/ALASKA-HAARP_20240715_141500_63.fit.gz,valid,190.0,3600.0
1251,1251,8458,1032,FITfiles/2024-10-08/UMICH_20241008_140000_59.fit,2024-10-08 14:00:00,0,0,33546.71484375,http://soleil80.cs.technik.fhnw.ch/solarradio/data/2002-20yy_Callisto/2024/10/08/GREENLAND_20241008_180000_63.fit.gz,train,190.0,3600.0
1252,1252,5210,3537,FITfiles/2024-07-22/Beelink1_20240722_151500_59.fit,2024-07-22 15:15:00,0,0,10024.0634765625,http://soleil80.cs.technik.fhnw.ch/solarradio/data/2002-20yy_Callisto/2024/07/22/MEXICO-LANCE-B_20240722_191500_62.fit.gz,test,190.0,3600.0
1253,1253,9147,771,FITfiles/2024-11-03/Beelink1_20241103_064500_59.fit,2024-11-03 06:45:00,0,0,36916.78515625,http://soleil80.cs.technik.fhnw.ch/solarradio/data/2002-20yy_Callisto/2024/11/03/USA-BOSTON_20241103_114500_63.fit.gz,train,190.0,3600.0
1254,1254,5645,3925,FITfiles/2024-07-30/Beelink1_20240730_080000_59.fit,2024-07-30 08:00:00,0,0,10078.763671875,http://soleil80.cs.technik.fhnw.ch/solarradio/data/2002-20yy_Callisto/2024/07/30/MEXICO-LANCE-B_20240730_120000_62.fit.gz,valid,190.0,3600.0
1255,1255,2283,7650,FITfiles/2024-05-26/UMICH_20240526_153000_59.fit,2024-05-26 15:30:00,0,0,10647.62109375,http://soleil80.cs.technik.fhnw.ch/solarradio/data/2002-20yy_Callisto/2024/05/26/MEXICO-LANCE-B_20240526_193000_62.fit.gz,test,190.0,3600.0
1256,1256,4182,2552,FITfiles/2024-06-28/UMICH_20240628_123000_59.fit,2024-06-28 12:30:00,0,0,10649.0712890625,http://soleil80.cs.technik.fhnw.ch/solarradio/data/2002-20yy_Callisto/2024/06/28/MEXART_20240628_163000_59.fit.gz,train,190.0,3600.0
1257,1257,1258,3801,FITfiles/2024-04-23/Beelink1_20240423_103000_59.fit,2024-04-23 10:30:00,0,0,22305.494140625,http://soleil80.cs.technik.fhnw.ch/solarradio/data/2002-20yy_Callisto/2024/04/23/USA-BOSTON_20240423_143000_63.fit.gz,valid,190.0,3600.0
1258,1258,678,4799,FITfiles/2024-04-10/Beelink1_20240410_154500_59.fit,2024-04-10 15:45:00,0,0,21647.025390625,http://soleil80.cs.technik.fhnw.ch/solarradio/data/2002-20yy_Callisto/2024/04/10/MEXICO-LANCE-B_20240410_194500_62.fit.gz,test,190.0,3600.0
1259,1259,3137,1750,FITfiles/2024-06-10/UMICH_20240610_123000_59.fit,2024-06-10 12:30:00,0,0,10791.2470703125,http://soleil80.cs.technik.fhnw.ch/solarradio/data/2002-20yy_Callisto/2024/06/10/USA-BOSTON_20240610_163000_63.fit.gz,train,190.0,3600.0
1260,1260,3194,2683,FITfiles/2024-06-11/UMICH_20240611_121459_59.fit,2024-06-11 12:14:59,0,0,10752.73046875,http://soleil80.cs.technik.fhnw.ch/solarradio/data/2002-20yy_Callisto/2024/06/11/MEXICO-LANCE-B_20240611_161459_62.fit.gz,train,190.0,3595.0
1261,1261,9241,144,FITfiles/2024-11-04/Beelink1_20241104_154500_59.fit,2024-11-04 15:45:00,0,0,36965.8359375,http://soleil80.cs.technik.fhnw.ch/solarradio/data/2002-20yy_Callisto/2024/11/04/ALASKA-HAARP_20241104_204500_63.fit.gz,test,190.0,3600.0
1262,1262,4236,2431,FITfiles/2024-06-29/UMICH_20240629_112959_59.fit,2024-06-29 11:29:59,0,0,10698.4296875,http://soleil80.cs.technik.fhnw.ch/solarradio/data/2002-20yy_Callisto/2024/06/29/MEXICO-LANCE-B_20240629_152959_62.fit.gz,train,190.0,3600.0
1263,1263,2933,4896,FITfiles/2024-06-06/UMICH_20240606_191500_59.fit,2024-06-06 19:15:00,0,0,10739.255859375,http://soleil80.cs.technik.fhnw.ch/solarradio/data/2002-20yy_Callisto/2024/06/06/ALASKA-HAARP_20240606_231500_63.fit.gz,valid,190.0,3600.0
1264,1264,2245,3167,FITfiles/2024-05-25/UMICH_20240525_203000_59.fit,2024-05-25 20:30:00,0,0,10819.5625,http://soleil80.cs.technik.fhnw.ch/solarradio/data/2002-20yy_Callisto/2024/05/26/MEXART_20240526_003000_59.fit.gz,train,190.0,3600.0
1265,1265,9076,203,FITfiles/2024-11-01/Beelink1_20241101_180000_59.fit,2024-11-01 18:00:00,0,0,38044.8828125,http://soleil80.cs.technik.fhnw.ch/solarradio/data/2002-20yy_Callisto/2024/11/01/ALASKA-HAARP_20241101_220000_63.fit.gz,valid,190.0,3600.0
1266,1266,9269,375,FITfiles/2024-11-05/Beelink1_20241105_081500_59.fit,2024-11-05 08:15:00,0,0,36451.3984375,http://soleil80.cs.technik.fhnw.ch/solarradio/data/2002-20yy_Callisto/2024/11/05/USA-BOSTON_20241105_131500_63.fit.gz,train,190.0,3589.0
1267,1267,9236,122,FITfiles/2024-11-04/Beelink1_20241104_143000_59.fit,2024-11-04 14:30:00,0,0,36877.390625,http://soleil80.cs.technik.fhnw.ch/solarradio/data/2002-20yy_Callisto/2024/11/04/ALASKA-HAARP_20241104_193000_63.fit.gz,test,190.0,3600.0
1268,1268,869,7687,FITfiles/2024-04-16/Beelink1_20240416_144500_59.fit,2024-04-16 14:45:00,0,0,21687.51953125,http://soleil80.cs.technik.fhnw.ch/solarradio/data/2002-20yy_Callisto/2024/04/16/MEXICO-LANCE-B_20240416_184500_62.fit.gz,train,190.0,3600.0
1269,1269,9622,1538,FITfiles/2024-11-11/Beelink1_20241111_103000_59.fit,2024-11-11 10:30:00,0,0,33646.70703125,http://soleil80.cs.technik.fhnw.ch/solarradio/data/2002-20yy_Callisto/2024/11/11/GREENLAND_20241111_153000_63.fit.gz,train,190.0,3600.0
1270,1270,4722,5706,FITfiles/2024-07-14/Beelink1_20240714_105959_59.fit,2024-07-14 10:59:59,0,0,10029.7880859375,http://soleil80.cs.technik.fhnw.ch/solarradio/data/2002-20yy_Callisto/2024/07/14/MEXICO-LANCE-B_20240714_145959_62.fit.gz,train,190.0,3600.0
1271,1271,5899,4769,FITfiles/2024-08-03/Beelink1_20240803_133000_59.fit,2024-08-03 13:30:00,0,0,9980.8447265625,http://soleil80.cs.technik.fhnw.ch/solarradio/data/2002-20yy_Callisto/2024/08/03/MEXART_20240803_173000_59.fit.gz,train,190.0,3600.0
1272,1272,2652,7186,FITfiles/2024-06-02/UMICH_20240602_070000_59.fit,2024-06-02 07:00:00,0,0,10729.4775390625,http://soleil80.cs.technik.fhnw.ch/solarradio/data/2002-20yy_Callisto/2024/06/02/USA-BOSTON_20240602_110000_63.fit.gz,train,190.0,3600.0
1273,1273,7076,9447,FITfiles/2024-09-14/UMICH_20240914_114459_59.fit,2024-09-14 11:44:59,0,0,10787.3095703125,http://soleil80.cs.technik.fhnw.ch/solarradio/data/2002-20yy_Callisto/2024/09/14/MEXICO-LANCE-B_20240914_154459_62.fit.gz,test,190.0,3600.0
1274,1274,7064,9465,FITfiles/2024-09-14/UMICH_20240914_084500_59.fit,2024-09-14 08:45:00,0,0,11132.7333984375,http://soleil80.cs.technik.fhnw.ch/solarradio/data/2002-20yy_Callisto/2024/09/14/MEXICO-LANCE-B_20240914_124500_62.fit.gz,train,190.0,3600.0
1275,1275,4063,2802,FITfiles/2024-06-26/UMICH_20240626_114459_59.fit,2024-06-26 11:44:59,0,0,10615.375,http://soleil80.cs.technik.fhnw.ch/solarradio/data/2002-20yy_Callisto/2024/06/26/MEXICO-LANCE-B_20240626_154459_62.fit.gz,train,190.0,3600.0
1276,1276,5771,8230,FITfiles/2024-08-01/Beelink1_20240801_103000_59.fit,2024-08-01 10:30:00,0,0,10062.8955078125,http://soleil80.cs.technik.fhnw.ch/solarradio/data/2002-20yy_Callisto/2024/08/01/MEXART_20240801_143000_59.fit.gz,train,190.0,3600.0
1277,1277,3986,4638,FITfiles/2024-06-25/UMICH_20240625_070000_59.fit,2024-06-25 07:00:00,0,0,11093.66015625,http://soleil80.cs.technik.fhnw.ch/solarradio/data/2002-20yy_Callisto/2024/06/25/USA-BOSTON_20240625_110000_63.fit.gz,train,190.0,3600.0
1278,1278,9438,1297,FITfiles/2024-11-08/Beelink1_20241108_070000_59.fit,2024-11-08 07:00:00,0,0,36970.265625,http://soleil80.cs.technik.fhnw.ch/solarradio/data/2002-20yy_Callisto/2024/11/08/GREENLAND_20241108_120000_63.fit.gz,train,190.0,3600.0
1279,1279,8382,727,FITfiles/2024-10-07/UMICH_20241007_093000_59.fit,2024-10-07 09:30:00,0,0,35046.34765625,http://soleil80.cs.technik.fhnw.ch/solarradio/data/2002-20yy_Callisto/2024/10/07/USA-BOSTON_20241007_133000_63.fit.gz,test,190.0,3600.0
1280,1280,5508,2586,FITfiles/2024-07-27/Beelink1_20240727_171500_59.fit,2024-07-27 17:15:00,0,0,9939.9130859375,http://soleil80.cs.technik.fhnw.ch/solarradio/data/2002-20yy_Callisto/2024/07/27/MEXICO-LANCE-A_20240727_211500_63.fit.gz,train,190.0,3600.0
1281,1281,6140,5776,FITfiles/2024-08-07/Beelink1_20240807_154500_59.fit,2024-08-07 15:45:00,0,0,9933.7705078125,http://soleil80.cs.technik.fhnw.ch/solarradio/data/2002-20yy_Callisto/2024/08/07/MEXICO-LANCE-A_20240807_194500_63.fit.gz,train,190.0,3600.0
1282,1282,4097,2753,FITfiles/2024-06-26/UMICH_20240626_201500_59.fit,2024-06-26 20:15:00,0,0,10782.15625,http://soleil80.cs.technik.fhnw.ch/solarradio/data/2002-20yy_Callisto/2024/06/27/USA-BOSTON_20240627_001500_63.fit.gz,train,190.0,3593.0
1283,1283,2294,7921,FITfiles/2024-05-26/UMICH_20240526_181500_59.fit,2024-05-26 18:15:00,0,0,10844.7080078125,http://soleil80.cs.technik.fhnw.ch/solarradio/data/2002-20yy_Callisto/2024/05/26/USA-BOSTON_20240526_221500_63.fit.gz,test,190.0,3592.0
1284,1284,6182,4969,FITfiles/2024-08-08/Beelink1_20240808_114459_59.fit,2024-08-08 11:44:59,0,0,9998.974609375,http://soleil80.cs.technik.fhnw.ch/solarradio/data/2002-20yy_Callisto/2024/08/08/MEXICO-LANCE-B_20240808_154459_62.fit.gz,valid,190.0,3600.0
1285,1285,5063,7860,FITfiles/2024-07-20/Beelink1_20240720_091500_59.fit,2024-07-20 09:15:00,0,0,10114.0439453125,http://soleil80.cs.technik.fhnw.ch/solarradio/data/2002-20yy_Callisto/2024/07/20/MEXICO-LANCE-B_20240720_131500_62.fit.gz,train,190.0,3600.0
1286,1286,8406,742,FITfiles/2024-10-07/UMICH_20241007_153000_59.fit,2024-10-07 15:30:00,0,0,30386.259765625,http://soleil80.cs.technik.fhnw.ch/solarradio/data/2002-20yy_Callisto/2024/10/07/GREENLAND_20241007_193000_63.fit.gz,valid,190.0,3600.0
1287,1287,8689,1350,FITfiles/2024-10-26/Beelink1_20241026_081500_59.fit,2024-10-26 08:15:00,0,0,37057.65234375,http://soleil80.cs.technik.fhnw.ch/solarradio/data/2002-20yy_Callisto/2024/10/26/USA-BOSTON_20241026_121500_63.fit.gz,train,190.0,3589.0
1288,1288,2818,7664,FITfiles/2024-06-04/UMICH_20240604_193000_59.fit,2024-06-04 19:30:00,0,0,10644.0283203125,http://soleil80.cs.technik.fhnw.ch/solarradio/data/2002-20yy_Callisto/2024/06/04/USA-BOSTON_20240604_233000_63.fit.gz,test,190.0,3600.0
1289,1289,619,5528,FITfiles/2024-04-09/Beelink1_20240409_153000_59.fit,2024-04-09 15:30:00,0,0,21389.189453125,http://soleil80.cs.technik.fhnw.ch/solarradio/data/2002-20yy_Callisto/2024/04/09/MEXICO-LANCE-B_20240409_193000_62.fit.gz,train,190.0,3600.0
1290,1290,5482,2614,FITfiles/2024-07-27/Beelink1_20240727_104500_59.fit,2024-07-27 10:45:00,0,0,10111.560546875,http://soleil80.cs.technik.fhnw.ch/solarradio/data/2002-20yy_Callisto/2024/07/27/USA-BOSTON_20240727_144500_01.fit.gz,valid,190.0,3600.0
1291,1291,8080,7254,FITfiles/2024-10-02/UMICH_20241002_063000_59.fit,2024-10-02 06:30:00,0,0,34683.40625,http://soleil80.cs.technik.fhnw.ch/solarradio/data/2002-20yy_Callisto/2024/10/02/USA-BOSTON_20241002_103000_63.fit.gz,train,190.0,3600.0
1292,1292,768,8486,FITfiles/2024-04-14/Beelink1_20240414_183000_59.fit,2024-04-14 18:30:00,0,0,21957.603515625,http://soleil80.cs.technik.fhnw.ch/solarradio/data/2002-20yy_Callisto/2024/04/14/ALASKA-HAARP_20240414_223000_63.fit.gz,train,190.0,3600.0
1293,1293,2200,3202,FITfiles/2024-05-25/UMICH_20240525_091500_59.fit,2024-05-25 09:15:00,0,0,10782.26953125,http://soleil80.cs.technik.fhnw.ch/solarradio/data/2002-20yy_Callisto/2024/05/25/MEXICO-LANCE-B_20240525_131500_62.fit.gz,train,190.0,3600.0
1294,1294,6839,9025,FITfiles/2024-09-08/UMICH_20240908_131500_59.fit,2024-09-08 13:15:00,0,0,10128.392578125,http://soleil80.cs.technik.fhnw.ch/solarradio/data/2002-20yy_Callisto/2024/09/08/USA-BOSTON_20240908_171500_63.fit.gz,valid,190.0,3600.0
1295,1295,4614,5747,FITfiles/2024-07-06/Beelink1_20240706_134500_59.fit,2024-07-06 13:45:00,0,0,10038.943359375,http://soleil80.cs.technik.fhnw.ch/solarradio/data/2002-20yy_Callisto/2024/07/06/USA-BOSTON_20240706_174500_01.fit.gz,train,190.0,3600.0
1296,1296,1182,2301,FITfiles/2024-04-21/Beelink1_20240421_203000_59.fit,2024-04-21 20:30:00,0,0,22495.55859375,http://soleil80.cs.technik.fhnw.ch/solarradio/data/2002-20yy_Callisto/2024/04/22/ALASKA-HAARP_20240422_003000_63.fit.gz,train,190.0,3600.0
1297,1297,4901,5913,FITfiles/2024-07-17/Beelink1_20240717_121459_59.fit,2024-07-17 12:14:59,0,0,10044.4716796875,http://soleil80.cs.technik.fhnw.ch/solarradio/data/2002-20yy_Callisto/2024/07/17/MEXICO-LANCE-B_20240717_161459_62.fit.gz,train,190.0,3594.0
1298,1298,7418,1197,FITfiles/2024-09-20/UMICH_20240920_101500_59.fit,2024-09-20 10:15:00,0,0,11194.0556640625,http://soleil80.cs.technik.fhnw.ch/solarradio/data/2002-20yy_Callisto/2024/09/20/MEXICO-LANCE-A_20240920_141500_63.fit.gz,train,190.0,3600.0
1299,1299,464,5379,FITfiles/2024-04-06/Beelink1_20240406_201500_59.fit,2024-04-06 20:15:00,0,0,22328.48046875,http://soleil80.cs.technik.fhnw.ch/solarradio/data/2002-20yy_Callisto/2024/04/07/MEXART_20240407_001500_59.fit.gz,train,190.0,3590.0
1300,1300,6161,5085,FITfiles/2024-08-08/Beelink1_20240808_063000_59.fit,2024-08-08 06:30:00,0,0,10121.291015625,http://soleil80.cs.technik.fhnw.ch/solarradio/data/2002-20yy_Callisto/2024/08/08/USA-BOSTON_20240808_103000_01.fit.gz,valid,190.0,3600.0
1301,1301,4983,5049,FITfiles/2024-07-18/Beelink1_20240718_181500_59.fit,2024-07-18 18:15:00,0,0,10027.7109375,http://soleil80.cs.technik.fhnw.ch/solarradio/data/2002-20yy_Callisto/2024/07/18/USA-BOSTON_20240718_221500_63.fit.gz,valid,190.0,3592.0
1302,1302,8349,1158,FITfiles/2024-10-06/UMICH_20241006_154500_59.fit,2024-10-06 15:45:00,0,0,30877.35546875,http://soleil80.cs.technik.fhnw.ch/solarradio/data/2002-20yy_Callisto/2024/10/06/ALASKA-HAARP_20241006_194500_63.fit.gz,train,190.0,3600.0
1303,1303,4132,7834,FITfiles/2024-06-27/UMICH_20240627_143000_59.fit,2024-06-27 14:30:00,0,0,10330.7119140625,http://soleil80.cs.technik.fhnw.ch/solarradio/data/2002-20yy_Callisto/2024/06/27/MEXICO-LANCE-B_20240627_183000_62.fit.gz,test,190.0,3600.0
1304,1304,3777,2156,FITfiles/2024-06-21/UMICH_20240621_124500_59.fit,2024-06-21 12:45:00,0,0,10457.1376953125,http://soleil80.cs.technik.fhnw.ch/solarradio/data/2002-20yy_Callisto/2024/06/21/MEXART_20240621_164500_59.fit.gz,train,190.0,3600.0
1305,1305,4972,5079,FITfiles/2024-07-18/Beelink1_20240718_153000_59.fit,2024-07-18 15:30:00,0,0,9965.623046875,http://soleil80.cs.technik.fhnw.ch/solarradio/data/2002-20yy_Callisto/2024/07/18/MEXICO-LANCE-B_20240718_193000_62.fit.gz,test,190.0,3600.0
1306,1306,4006,4618,FITfiles/2024-06-25/UMICH_20240625_115959_59.fit,2024-06-25 11:59:59,0,0,11131.10546875,http://soleil80.cs.technik.fhnw.ch/solarradio/data/2002-20yy_Callisto/2024/06/25/MEXART_20240625_160000_59.fit.gz,train,190.0,3600.0
1307,1307,7332,320,FITfiles/2024-09-18/UMICH_20240918_174500_59.fit,2024-09-18 17:45:00,0,0,10413.453125,http://soleil80.cs.technik.fhnw.ch/solarradio/data/2002-20yy_Callisto/2024/09/18/GREENLAND_20240918_214500_63.fit.gz,test,190.0,3600.0
1308,1308,3569,6944,FITfiles/2024-06-17/UMICH_20240617_190000_59.fit,2024-06-17 19:00:00,0,0,10499.822265625,http://soleil80.cs.technik.fhnw.ch/solarradio/data/2002-20yy_Callisto/2024/06/17/MEXART_20240617_230000_59.fit.gz,train,190.0,3600.0
1309,1309,7848,5222,FITfiles/2024-09-28/UMICH_20240928_063000_59.fit,2024-09-28 06:30:00,0,0,34670.04296875,http://soleil80.cs.technik.fhnw.ch/solarradio/data/2002-20yy_Callisto/2024/09/28/USA-BOSTON_20240928_103000_63.fit.gz,test,190.0,3600.0
1310,1310,831,4277,FITfiles/2024-04-15/Beelink1_20240415_194500_59.fit,2024-04-15 19:45:00,0,0,22281.99609375,http://soleil80.cs.technik.fhnw.ch/solarradio/data/2002-20yy_Callisto/2024/04/15/ALASKA-HAARP_20240415_234500_63.fit.gz,train,190.0,3600.0
1311,1311,6069,4202,FITfiles/2024-08-06/Beelink1_20240806_123000_59.fit,2024-08-06 12:30:00,0,0,10123.990234375,http://soleil80.cs.technik.fhnw.ch/solarradio/data/2002-20yy_Callisto/2024/08/06/MEXART_20240806_163000_59.fit.gz,valid,190.0,3600.0
1312,1312,7032,1536,FITfiles/2024-09-13/UMICH_20240913_152824_01.fit,2024-09-13 15:28:24,0,0,10307.283203125,http://soleil80.cs.technik.fhnw.ch/solarradio/data/2002-20yy_Callisto/2024/09/13/MEXICO-LANCE-B_20240913_193000_62.fit.gz,valid,190.0,3600.0
1313,1313,4764,5031,FITfiles/2024-07-15/Beelink1_20240715_070000_59.fit,2024-07-15 07:00:00,0,0,10120.03515625,http://soleil80.cs.technik.fhnw.ch/solarradio/data/2002-20yy_Callisto/2024/07/15/USA-BOSTON_20240715_110000_63.fit.gz,train,190.0,3600.0
1314,1314,2750,1989,FITfiles/2024-06-03/UMICH_20240603_170000_59.fit,2024-06-03 17:00:00,0,0,10397.5595703125,http://soleil80.cs.technik.fhnw.ch/solarradio/data/2002-20yy_Callisto/2024/06/03/USA-BOSTON_20240603_210000_63.fit.gz,train,190.0,3600.0
1315,1315,8521,807,FITfiles/2024-10-23/Beelink1_20241023_094500_59.fit,2024-10-23 09:45:00,0,0,35724.546875,http://soleil80.cs.technik.fhnw.ch/solarradio/data/2002-20yy_Callisto/2024/10/23/MEXICO-LANCE-B_20241023_134500_62.fit.gz,train,190.0,3600.0
1316,1316,2072,4320,FITfiles/2024-05-22/UMICH_20240522_204500_59.fit,2024-05-22 20:45:00,0,0,10775.1474609375,http://soleil80.cs.technik.fhnw.ch/solarradio/data/2002-20yy_Callisto/2024/05/23/ALASKA-HAARP_20240523_004500_63.fit.gz,train,190.0,3590.0
1317,1317,3091,2115,FITfiles/2024-06-09/UMICH_20240609_153000_59.fit,2024-06-09 15:30:00,0,0,10501.37890625,http://soleil80.cs.technik.fhnw.ch/solarradio/data/2002-20yy_Callisto/2024/06/09/MEXICO-LANCE-B_20240609_193000_62.fit.gz,train,190.0,3600.0
1318,1318,4848,3506,FITfiles/2024-07-16/Beelink1_20240716_133000_59.fit,2024-07-16 13:30:00,0,0,10003.2490234375,http://soleil80.cs.technik.fhnw.ch/solarradio/data/2002-20yy_Callisto/2024/07/16/USA-BOSTON_20240716_173000_01.fit.gz,train,190.0,3600.0
1319,1319,1506,5620,FITfiles/2024-04-27/Beelink1_20240427_143000_59.fit,2024-04-27 14:30:00,0,0,21794.484375,http://soleil80.cs.technik.fhnw.ch/solarradio/data/2002-20yy_Callisto/2024/04/27/USA-BOSTON_20240427_183000_63.fit.gz,train,190.0,3600.0
1320,1320,8197,8258,FITfiles/2024-10-04/UMICH_20241004_064500_59.fit,2024-10-04 06:45:00,0,0,35374.64453125,http://soleil80.cs.technik.fhnw.ch/solarradio/data/2002-20yy_Callisto/2024/10/04/USA-BOSTON_20241004_104500_63.fit.gz,train,190.0,3600.0
1321,1321,8556,943,FITfiles/2024-10-23/Beelink1_20241023_183000_59.fit,2024-10-23 18:30:00,0,0,36933.7109375,http://soleil80.cs.technik.fhnw.ch/solarradio/data/2002-20yy_Callisto/2024/10/23/ALASKA-HAARP_20241023_223000_63.fit.gz,train,190.0,3600.0
1322,1322,8643,55,FITfiles/2024-10-25/Beelink1_20241025_111500_59.fit,2024-10-25 11:15:00,0,0,36823.265625,http://soleil80.cs.technik.fhnw.ch/solarradio/data/2002-20yy_Callisto/2024/10/25/ALASKA-HAARP_20241025_151500_63.fit.gz,test,190.0,3600.0
1323,1323,3271,8880,FITfiles/2024-06-12/UMICH_20240612_170000_59.fit,2024-06-12 17:00:00,0,0,10364.9208984375,http://soleil80.cs.technik.fhnw.ch/solarradio/data/2002-20yy_Callisto/2024/06/12/MEXICO-LANCE-A_20240612_210000_63.fit.gz,valid,190.0,3600.0
1324,1324,593,5566,FITfiles/2024-04-09/Beelink1_20240409_090000_59.fit,2024-04-09 09:00:00,0,0,23120.126953125,http://soleil80.cs.technik.fhnw.ch/solarradio/data/2002-20yy_Callisto/2024/04/09/MEXICO-LANCE-B_20240409_130000_62.fit.gz,train,190.0,3600.0
1325,1325,222,6038,FITfiles/2024-03-12/Beelink1_20240312_160000_59.fit,2024-03-12 16:00:00,0,0,11028.30859375,http://soleil80.cs.technik.fhnw.ch/solarradio/data/2002-20yy_Callisto/2024/03/12/MEXICO-LANCE-B_20240312_200000_62.fit.gz,train,190.0,3600.0
1326,1326,8735,1470,FITfiles/2024-10-26/Beelink1_20241026_194500_59.fit,2024-10-26 19:45:00,0,0,37424.3046875,http://soleil80.cs.technik.fhnw.ch/solarradio/data/2002-20yy_Callisto/2024/10/26/ALASKA-HAARP_20241026_234500_63.fit.gz,train,190.0,3600.0
1327,1327,8842,541,FITfiles/2024-10-28/Beelink1_20241028_173000_59.fit,2024-10-28 17:30:00,0,0,37157.0859375,http://soleil80.cs.technik.fhnw.ch/solarradio/data/2002-20yy_Callisto/2024/10/28/GREENLAND_20241028_213000_63.fit.gz,test,190.0,3600.0
1328,1328,861,7556,FITfiles/2024-04-16/Beelink1_20240416_124500_59.fit,2024-04-16 12:45:00,0,0,22225.130859375,http://soleil80.cs.technik.fhnw.ch/solarradio/data/2002-20yy_Callisto/2024/04/16/USA-BOSTON_20240416_164500_63.fit.gz,train,190.0,3600.0
1329,1329,5152,3948,FITfiles/2024-07-21/Beelink1_20240721_170000_59.fit,2024-07-21 17:00:00,0,0,9970.8359375,http://soleil80.cs.technik.fhnw.ch/solarradio/data/2002-20yy_Callisto/2024/07/21/USA-BOSTON_20240721_210000_63.fit.gz,train,190.0,3600.0
1330,1330,7103,9448,FITfiles/2024-09-14/UMICH_20240914_183000_59.fit,2024-09-14 18:30:00,0,0,10667.853515625,http://soleil80.cs.technik.fhnw.ch/solarradio/data/2002-20yy_Callisto/2024/09/14/GREENLAND_20240914_223000_63.fit.gz,train,190.0,3600.0
1331,1331,8558,981,FITfiles/2024-10-23/Beelink1_20241023_190000_59.fit,2024-10-23 19:00:00,0,0,37294.203125,http://soleil80.cs.technik.fhnw.ch/solarradio/data/2002-20yy_Callisto/2024/10/23/ALASKA-HAARP_20241023_230000_63.fit.gz,test,190.0,3600.0
1332,1332,3312,8004,FITfiles/2024-06-13/UMICH_20240613_124500_59.fit,2024-06-13 12:45:00,0,0,10413.21875,http://soleil80.cs.technik.fhnw.ch/solarradio/data/2002-20yy_Callisto/2024/06/13/MEXART_20240613_164500_59.fit.gz,test,190.0,3600.0
1333,1333,4126,7825,FITfiles/2024-06-27/UMICH_20240627_130000_59.fit,2024-06-27 13:00:00,0,0,10536.1435546875,http://soleil80.cs.technik.fhnw.ch/solarradio/data/2002-20yy_Callisto/2024/06/27/USA-BOSTON_20240627_170000_01.fit.gz,test,190.0,3600.0
1334,1334,5453,8665,FITfiles/2024-07-26/Beelink1_20240726_180000_59.fit,2024-07-26 18:00:00,0,0,9987.5087890625,http://soleil80.cs.technik.fhnw.ch/solarradio/data/2002-20yy_Callisto/2024/07/26/MEXART_20240726_220000_59.fit.gz,valid,190.0,3600.0
1335,1335,6822,9046,FITfiles/2024-09-08/UMICH_20240908_090000_59.fit,2024-09-08 09:00:00,0,0,10094.6416015625,http://soleil80.cs.technik.fhnw.ch/solarradio/data/2002-20yy_Callisto/2024/09/08/MEXICO-LANCE-B_20240908_130000_62.fit.gz,train,190.0,3600.0
1336,1336,1005,7487,FITfiles/2024-04-18/Beelink1_20240418_194500_59.fit,2024-04-18 19:45:00,0,0,22447.970703125,http://soleil80.cs.technik.fhnw.ch/solarradio/data/2002-20yy_Callisto/2024/04/18/ALASKA-HAARP_20240418_234500_63.fit.gz,train,190.0,3600.0
1337,1337,3276,8867,FITfiles/2024-06-12/UMICH_20240612_181500_59.fit,2024-06-12 18:15:00,0,0,10460.4423828125,http://soleil80.cs.technik.fhnw.ch/solarradio/data/2002-20yy_Callisto/2024/06/12/USA-BOSTON_20240612_221500_63.fit.gz,test,190.0,3593.0
1338,1338,732,8505,FITfiles/2024-04-14/Beelink1_20240414_093000_59.fit,2024-04-14 09:30:00,0,0,22328.361328125,http://soleil80.cs.technik.fhnw.ch/solarradio/data/2002-20yy_Callisto/2024/04/14/MEXICO-LANCE-B_20240414_133000_62.fit.gz,train,190.0,3600.0
1339,1339,4306,2498,FITfiles/2024-07-01/UMICH_20240701_094500_59.fit,2024-07-01 09:45:00,0,0,10838.7109375,http://soleil80.cs.technik.fhnw.ch/solarradio/data/2002-20yy_Callisto/2024/07/01/MEXICO-LANCE-B_20240701_134500_62.fit.gz,train,190.0,3600.0
1340,1340,5180,3570,FITfiles/2024-07-22/Beelink1_20240722_074500_59.fit,2024-07-22 07:45:00,0,0,10122.17578125,http://soleil80.cs.technik.fhnw.ch/solarradio/data/2002-20yy_Callisto/2024/07/22/USA-BOSTON_20240722_114500_01.fit.gz,train,190.0,3600.0
1341,1341,4954,5167,FITfiles/2024-07-18/Beelink1_20240718_105959_59.fit,2024-07-18 10:59:59,0,0,10075.2587890625,http://soleil80.cs.technik.fhnw.ch/solarradio/data/2002-20yy_Callisto/2024/07/18/MEXICO-LANCE-B_20240718_145959_62.fit.gz,test,190.0,3600.0
1342,1342,3496,5454,FITfiles/2024-06-16/UMICH_20240616_151500_59.fit,2024-06-16 15:15:00,0,0,10361.826171875,http://soleil80.cs.technik.fhnw.ch/solarradio/data/2002-20yy_Callisto/2024/06/16/MEXART_20240616_191500_59.fit.gz,train,190.0,3600.0
1343,1343,8005,8436,FITfiles/2024-09-30/UMICH_20240930_164500_59.fit,2024-09-30 16:45:00,0,0,33690.1640625,http://soleil80.cs.technik.fhnw.ch/solarradio/data/2002-20yy_Callisto/2024/09/30/GREENLAND_20240930_204500_63.fit.gz,train,190.0,3600.0
1344,1344,467,3074,FITfiles/2024-04-07/Beelink1_20240407_063000_59.fit,2024-04-07 06:30:00,0,0,22732.6171875,http://soleil80.cs.technik.fhnw.ch/solarradio/data/2002-20yy_Callisto/2024/04/07/USA-BOSTON_20240407_103000_63.fit.gz,train,190.0,3600.0
1345,1345,3681,8108,FITfiles/2024-06-19/UMICH_20240619_180000_59.fit,2024-06-19 18:00:00,0,0,10339.025390625,http://soleil80.cs.technik.fhnw.ch/solarradio/data/2002-20yy_Callisto/2024/06/19/USA-BOSTON_20240619_220000_63.fit.gz,train,190.0,3600.0
1346,1346,158,7450,FITfiles/2024-03-11/Beelink1_20240311_143000_59.fit,2024-03-11 14:30:00,0,0,11562.6337890625,http://soleil80.cs.technik.fhnw.ch/solarradio/data/2002-20yy_Callisto/2024/03/11/MEXICO-LANCE-B_20240311_183000_62.fit.gz,valid,190.0,3600.0
1347,1347,3924,4456,FITfiles/2024-06-23/UMICH_20240623_203000_59.fit,2024-06-23 20:30:00,0,0,10711.8154296875,http://soleil80.cs.technik.fhnw.ch/solarradio/data/2002-20yy_Callisto/2024/06/24/MEXART_20240624_003000_59.fit.gz,train,190.0,3600.0
1348,1348,3856,2177,FITfiles/2024-06-22/UMICH_20240622_180000_59.fit,2024-06-22 18:00:00,0,0,10555.966796875,http://soleil80.cs.technik.fhnw.ch/solarradio/data/2002-20yy_Callisto/2024/06/22/USA-BOSTON_20240622_220000_63.fit.gz,train,190.0,3600.0
1349,1349,6405,9302,FITfiles/2024-08-12/Beelink1_20240812_093000_59.fit,2024-08-12 09:30:00,0,0,10096.1162109375,http://soleil80.cs.technik.fhnw.ch/solarradio/data/2002-20yy_Callisto/2024/08/12/MEXICO-LANCE-B_20240812_133000_62.fit.gz,train,190.0,3600.0
1350,1350,186,6074,FITfiles/2024-03-12/Beelink1_20240312_070000_59.fit,2024-03-12 07:00:00,0,0,11719.828125,http://soleil80.cs.technik.fhnw.ch/solarradio/data/2002-20yy_Callisto/2024/03/12/GREENLAND_20240312_110000_63.fit.gz,test,190.0,3600.0
1351,1351,1013,5339,FITfiles/2024-04-19/Beelink1_20240419_071500_59.fit,2024-04-19 07:15:00,0,0,22539.19921875,http://soleil80.cs.technik.fhnw.ch/solarradio/data/2002-20yy_Callisto/2024/04/19/USA-BOSTON_20240419_111500_63.fit.gz,train,190.0,3600.0
1352,1352,2574,8566,FITfiles/2024-05-31/UMICH_20240531_153000_59.fit,2024-05-31 15:30:00,0,0,10410.12109375,http://soleil80.cs.technik.fhnw.ch/solarradio/data/2002-20yy_Callisto/2024/05/31/MEXICO-LANCE-B_20240531_193000_62.fit.gz,test,190.0,3600.0
1353,1353,402,4357,FITfiles/2024-04-05/Beelink1_20240405_184500_59.fit,2024-04-05 18:45:00,0,0,11567.41796875,http://soleil80.cs.technik.fhnw.ch/solarradio/data/2002-20yy_Callisto/2024/04/05/MEXART_20240405_224500_59.fit.gz,valid,190.0,3600.0
1354,1354,3061,8855,FITfiles/2024-06-09/UMICH_20240609_080000_59.fit,2024-06-09 08:00:00,0,0,11021.337890625,http://soleil80.cs.technik.fhnw.ch/solarradio/data/2002-20yy_Callisto/2024/06/09/MEXICO-LANCE-B_20240609_120000_62.fit.gz,train,190.0,3600.0
1355,1355,7882,5249,FITfiles/2024-09-28/UMICH_20240928_150000_59.fit,2024-09-28 15:00:00,0,0,34987.65234375,http://soleil80.cs.technik.fhnw.ch/solarradio/data/2002-20yy_Callisto/2024/09/28/MEXICO-LANCE-A_20240928_190000_63.fit.gz,train,190.0,3600.0
1356,1356,7291,386,FITfiles/2024-09-18/UMICH_20240918_073000_59.fit,2024-09-18 07:30:00,0,0,11013.1875,http://soleil80.cs.technik.fhnw.ch/solarradio/data/2002-20yy_Callisto/2024/09/18/USA-BOSTON_20240918_113000_63.fit.gz,train,190.0,3600.0
1357,1357,7877,5244,FITfiles/2024-09-28/UMICH_20240928_134500_59.fit,2024-09-28 13:45:00,0,0,35279.15234375,http://soleil80.cs.technik.fhnw.ch/solarradio/data/2002-20yy_Callisto/2024/09/28/USA-BOSTON_20240928_174500_63.fit.gz,train,190.0,3600.0
1358,1358,3143,1742,FITfiles/2024-06-10/UMICH_20240610_140000_59.fit,2024-06-10 14:00:00,0,0,10512.751953125,http://soleil80.cs.technik.fhnw.ch/solarradio/data/2002-20yy_Callisto/2024/06/10/USA-BOSTON_20240610_180000_63.fit.gz,train,190.0,3600.0
1359,1359,5200,3550,FITfiles/2024-07-22/Beelink1_20240722_124500_59.fit,2024-07-22 12:45:00,0,0,10006.6396484375,http://soleil80.cs.technik.fhnw.ch/solarradio/data/2002-20yy_Callisto/2024/07/22/USA-BOSTON_20240722_164500_01.fit.gz,train,190.0,3600.0
1360,1360,4598,5755,FITfiles/2024-07-06/Beelink1_20240706_094500_59.fit,2024-07-06 09:45:00,0,0,10138.1630859375,http://soleil80.cs.technik.fhnw.ch/solarradio/data/2002-20yy_Callisto/2024/07/06/MEXICO-LANCE-B_20240706_134500_62.fit.gz,test,190.0,3600.0
1361,1361,1295,3772,FITfiles/2024-04-23/Beelink1_20240423_194500_59.fit,2024-04-23 19:45:00,0,0,22445.396484375,http://soleil80.cs.technik.fhnw.ch/solarradio/data/2002-20yy_Callisto/2024/04/23/ALASKA-HAARP_20240423_234500_63.fit.gz,train,190.0,3600.0
1362,1362,7148,1635,FITfiles/2024-09-15/UMICH_20240915_151500_59.fit,2024-09-15 15:15:00,0,0,10264.5595703125,http://soleil80.cs.technik.fhnw.ch/solarradio/data/2002-20yy_Callisto/2024/09/15/MEXICO-LANCE-B_20240915_191500_62.fit.gz,valid,190.0,3600.0
1363,1363,59,2365,FITfiles/2024-03-09/Beelink1_20240309_190000_59.fit,2024-03-09 19:00:00,0,0,11646.8701171875,http://soleil80.cs.technik.fhnw.ch/solarradio/data/2002-20yy_Callisto/2024/03/10/ALASKA-HAARP_20240310_000000_63.fit.gz,train,190.0,3600.0
1364,1364,8802,443,FITfiles/2024-10-28/Beelink1_20241028_073000_59.fit,2024-10-28 07:30:00,0,0,36374.78515625,http://soleil80.cs.technik.fhnw.ch/solarradio/data/2002-20yy_Callisto/2024/10/28/USA-BOSTON_20241028_113000_63.fit.gz,train,190.0,3600.0
1365,1365,9443,1315,FITfiles/2024-11-08/Beelink1_20241108_081500_59.fit,2024-11-08 08:15:00,0,0,37262.625,http://soleil80.cs.technik.fhnw.ch/solarradio/data/2002-20yy_Callisto/2024/11/08/GREENLAND_20241108_131500_63.fit.gz,valid,190.0,3590.0
1366,1366,5399,6521,FITfiles/2024-07-25/Beelink1_20240725_190000_59.fit,2024-07-25 19:00:00,0,0,10029.5693359375,http://soleil80.cs.technik.fhnw.ch/solarradio/data/2002-20yy_Callisto/2024/07/25/MEXART_20240725_230000_59.fit.gz,train,190.0,3600.0
1367,1367,5388,6520,FITfiles/2024-07-25/Beelink1_20240725_161500_59.fit,2024-07-25 16:15:00,0,0,9936.478515625,http://soleil80.cs.technik.fhnw.ch/solarradio/data/2002-20yy_Callisto/2024/07/25/MEXICO-LANCE-A_20240725_201500_63.fit.gz,train,190.0,3593.0
1368,1368,5661,3888,FITfiles/2024-07-30/Beelink1_20240730_115959_59.fit,2024-07-30 11:59:59,0,0,10016.6474609375,http://soleil80.cs.technik.fhnw.ch/solarradio/data/2002-20yy_Callisto/2024/07/30/MEXICO-LANCE-B_20240730_155959_62.fit.gz,train,190.0,3600.0
1369,1369,7602,7349,FITfiles/2024-09-23/UMICH_20240923_173000_59.fit,2024-09-23 17:30:00,0,0,35248.34375,http://soleil80.cs.technik.fhnw.ch/solarradio/data/2002-20yy_Callisto/2024/09/23/GREENLAND_20240923_213000_63.fit.gz,train,190.0,3600.0
1370,1370,3644,8122,FITfiles/2024-06-19/UMICH_20240619_084500_59.fit,2024-06-19 08:45:00,0,0,10700.1416015625,http://soleil80.cs.technik.fhnw.ch/solarradio/data/2002-20yy_Callisto/2024/06/19/MEXICO-LANCE-A_20240619_124500_63.fit.gz,valid,190.0,3600.0
1371,1371,6739,9360,FITfiles/2024-09-06/UMICH_20240906_171500_59.fit,2024-09-06 17:15:00,0,0,10078.3701171875,http://soleil80.cs.technik.fhnw.ch/solarradio/data/2002-20yy_Callisto/2024/09/06/USA-BOSTON_20240906_211500_63.fit.gz,train,190.0,3600.0
1372,1372,7065,9472,FITfiles/2024-09-14/UMICH_20240914_090000_59.fit,2024-09-14 09:00:00,0,0,11117.345703125,http://soleil80.cs.technik.fhnw.ch/solarradio/data/2002-20yy_Callisto/2024/09/14/MEXICO-LANCE-B_20240914_130000_62.fit.gz,train,190.0,3600.0
1373,1373,2484,3687,FITfiles/2024-05-30/UMICH_20240530_073000_59.fit,2024-05-30 07:30:00,0,0,11019.6572265625,http://soleil80.cs.technik.fhnw.ch/solarradio/data/2002-20yy_Callisto/2024/05/30/USA-BOSTON_20240530_113000_63.fit.gz,valid,190.0,3600.0
1374,1374,1021,5327,FITfiles/2024-04-19/Beelink1_20240419_091500_59.fit,2024-04-19 09:15:00,0,0,22438.953125,http://soleil80.cs.technik.fhnw.ch/solarradio/data/2002-20yy_Callisto/2024/04/19/MEXICO-LANCE-B_20240419_131500_62.fit.gz,train,190.0,3600.0
1375,1375,6064,4218,FITfiles/2024-08-06/Beelink1_20240806_111459_59.fit,2024-08-06 11:14:59,0,0,10095.8125,http://soleil80.cs.technik.fhnw.ch/solarradio/data/2002-20yy_Callisto/2024/08/06/MEXICO-LANCE-B_20240806_151459_62.fit.gz,train,190.0,3600.0
1376,1376,7789,8829,FITfiles/2024-09-26/UMICH_20240926_204500_59.fit,2024-09-26 20:45:00,0,0,37028.84375,http://soleil80.cs.technik.fhnw.ch/solarradio/data/2002-20yy_Callisto/2024/09/27/ALASKA-COHOE_20240927_004500_62.fit.gz,valid,190.0,3590.0
1377,1377,6546,9218,FITfiles/2024-09-03/UMICH_20240903_123000_59.fit,2024-09-03 12:30:00,0,0,10155.9658203125,http://soleil80.cs.technik.fhnw.ch/solarradio/data/2002-20yy_Callisto/2024/09/03/USA-BOSTON_20240903_163000_63.fit.gz,train,190.0,3600.0
1378,1378,3988,4317,FITfiles/2024-06-25/UMICH_20240625_073000_59.fit,2024-06-25 07:30:00,0,0,10872.5869140625,http://soleil80.cs.technik.fhnw.ch/solarradio/data/2002-20yy_Callisto/2024/06/25/USA-BOSTON_20240625_113000_01.fit.gz,train,190.0,3600.0
1379,1379,3273,8877,FITfiles/2024-06-12/UMICH_20240612_173000_59.fit,2024-06-12 17:30:00,0,0,10340.0634765625,http://soleil80.cs.technik.fhnw.ch/solarradio/data/2002-20yy_Callisto/2024/06/12/USA-BOSTON_20240612_213000_63.fit.gz,train,190.0,3600.0
1380,1380,5477,2627,FITfiles/2024-07-27/Beelink1_20240727_093000_59.fit,2024-07-27 09:30:00,0,0,10109.392578125,http://soleil80.cs.technik.fhnw.ch/solarradio/data/2002-20yy_Callisto/2024/07/27/MEXICO-LANCE-B_20240727_133000_62.fit.gz,train,190.0,3600.0
1382,1382,7209,1110,FITfiles/2024-09-16/UMICH_20240916_160000_59.fit,2024-09-16 16:00:00,0,0,10256.9453125,http://soleil80.cs.technik.fhnw.ch/solarradio/data/2002-20yy_Callisto/2024/09/16/MEXICO-LANCE-B_20240916_200000_62.fit.gz,train,190.0,3600.0
1383,1383,8804,441,FITfiles/2024-10-28/Beelink1_20241028_080000_59.fit,2024-10-28 08:00:00,0,0,36685.77734375,http://soleil80.cs.technik.fhnw.ch/solarradio/data/2002-20yy_Callisto/2024/10/28/USA-BOSTON_20241028_120000_63.fit.gz,test,190.0,3600.0
1384,1384,882,7531,FITfiles/2024-04-16/Beelink1_20240416_180000_59.fit,2024-04-16 18:00:00,0,0,21961.12109375,http://soleil80.cs.technik.fhnw.ch/solarradio/data/2002-20yy_Callisto/2024/04/16/ALASKA-HAARP_20240416_220000_63.fit.gz,valid,190.0,3600.0
1385,1385,7607,7350,FITfiles/2024-09-23/UMICH_20240923_184500_59.fit,2024-09-23 18:45:00,0,0,35741.01171875,http://soleil80.cs.technik.fhnw.ch/solarradio/data/2002-20yy_Callisto/2024/09/23/GREENLAND_20240923_224500_63.fit.gz,train,190.0,3600.0
1386,1386,2214,3210,FITfiles/2024-05-25/UMICH_20240525_124500_59.fit,2024-05-25 12:45:00,0,0,10669.3046875,http://soleil80.cs.technik.fhnw.ch/solarradio/data/2002-20yy_Callisto/2024/05/25/MEXART_20240525_164500_59.fit.gz,valid,190.0,3600.0
1387,1387,5696,3814,FITfiles/2024-07-30/Beelink1_20240730_204500_59.fit,2024-07-30 20:45:00,0,0,10052.3525390625,http://soleil80.cs.technik.fhnw.ch/solarradio/data/2002-20yy_Callisto/2024/07/31/MEXART_20240731_004500_59.fit.gz,test,190.0,3590.0
1388,1388,8415,764,FITfiles/2024-10-07/UMICH_20241007_174500_59.fit,2024-10-07 17:45:00,0,0,34027.32421875,http://soleil80.cs.technik.fhnw.ch/solarradio/data/2002-20yy_Callisto/2024/10/07/GREENLAND_20241007_214500_63.fit.gz,train,190.0,3600.0
1389,1389,3736,3412,FITfiles/2024-06-20/UMICH_20240620_170000_59.fit,2024-06-20 17:00:00,0,0,10303.1318359375,http://soleil80.cs.technik.fhnw.ch/solarradio/data/2002-20yy_Callisto/2024/06/20/MEXART_20240620_210000_59.fit.gz,train,190.0,3600.0
1390,1390,2212,3209,FITfiles/2024-05-25/UMICH_20240525_121459_59.fit,2024-05-25 12:14:59,0,0,10726.3251953125,http://soleil80.cs.technik.fhnw.ch/solarradio/data/2002-20yy_Callisto/2024/05/25/MEXICO-LANCE-B_20240525_161459_62.fit.gz,test,190.0,3595.0
1391,1391,6719,9392,FITfiles/2024-09-06/UMICH_20240906_121459_59.fit,2024-09-06 12:14:59,0,0,10103.240234375,http://soleil80.cs.technik.fhnw.ch/solarradio/data/2002-20yy_Callisto/2024/09/06/MEXICO-LANCE-B_20240906_161459_62.fit.gz,train,190.0,3594.0
1392,1392,886,7538,FITfiles/2024-04-16/Beelink1_20240416_190000_59.fit,2024-04-16 19:00:00,0,0,22151.646484375,http://soleil80.cs.technik.fhnw.ch/solarradio/data/2002-20yy_Callisto/2024/04/16/ALASKA-HAARP_20240416_230000_63.fit.gz,train,190.0,3600.0
1393,1393,8286,5176,FITfiles/2024-10-05/UMICH_20241005_143000_59.fit,2024-10-05 14:30:00,0,0,33211.37890625,http://soleil80.cs.technik.fhnw.ch/solarradio/data/2002-20yy_Callisto/2024/10/05/ALASKA-HAARP_20241005_183000_63.fit.gz,valid,190.0,3600.0
1394,1394,5156,3949,FITfiles/2024-07-21/Beelink1_20240721_180000_59.fit,2024-07-21 18:00:00,0,0,9993.7412109375,http://soleil80.cs.technik.fhnw.ch/solarradio/data/2002-20yy_Callisto/2024/07/21/USA-BOSTON_20240721_220000_63.fit.gz,train,190.0,3600.0
1395,1395,212,6042,FITfiles/2024-03-12/Beelink1_20240312_133000_59.fit,2024-03-12 13:30:00,0,0,11519.1357421875,http://soleil80.cs.technik.fhnw.ch/solarradio/data/2002-20yy_Callisto/2024/03/12/MEXART_20240312_173000_59.fit.gz,test,190.0,3600.0
1396,1396,3399,4516,FITfiles/2024-06-14/UMICH_20240614_200000_59.fit,2024-06-14 20:00:00,0,0,10708.94921875,http://soleil80.cs.technik.fhnw.ch/solarradio/data/2002-20yy_Callisto/2024/06/15/MEXART_20240615_000000_59.fit.gz,train,190.0,3600.0
1397,1397,2118,1801,FITfiles/2024-05-23/UMICH_20240523_174500_59.fit,2024-05-23 17:45:00,0,0,10479.2900390625,http://soleil80.cs.technik.fhnw.ch/solarradio/data/2002-20yy_Callisto/2024/05/23/USA-BOSTON_20240523_214500_63.fit.gz,test,190.0,3600.0
1398,1398,3601,6869,FITfiles/2024-06-18/UMICH_20240618_123000_59.fit,2024-06-18 12:30:00,0,0,10527.7314453125,http://soleil80.cs.technik.fhnw.ch/solarradio/data/2002-20yy_Callisto/2024/06/18/USA-BOSTON_20240618_163000_01.fit.gz,train,190.0,3600.0
1399,1399,4373,8180,FITfiles/2024-07-02/UMICH_20240702_115959_59.fit,2024-07-02 11:59:59,0,0,10517.3115234375,http://soleil80.cs.technik.fhnw.ch/solarradio/data/2002-20yy_Callisto/2024/07/02/MEXICO-LANCE-B_20240702_155959_62.fit.gz,train,190.0,3600.0
1400,1400,2186,6124,FITfiles/2024-05-24/UMICH_20240524_201500_59.fit,2024-05-24 20:15:00,0,0,10807.775390625,http://soleil80.cs.technik.fhnw.ch/solarradio/data/2002-20yy_Callisto/2024/05/25/MEXART_20240525_001500_59.fit.gz,train,190.0,3592.0
1401,1401,9668,1244,FITfiles/2024-11-12/Beelink1_20241112_073000_59.fit,2024-11-12 07:30:00,0,0,33836.70703125,http://soleil80.cs.technik.fhnw.ch/solarradio/data/2002-20yy_Callisto/2024/11/12/GREENLAND_20241112_123000_63.fit.gz,train,190.0,3600.0
1402,1402,5954,2918,FITfiles/2024-08-04/Beelink1_20240804_124500_59.fit,2024-08-04 12:45:00,0,0,9985.3076171875,http://soleil80.cs.technik.fhnw.ch/solarradio/data/2002-20yy_Callisto/2024/08/04/MEXICO-LANCE-B_20240804_164500_62.fit.gz,train,190.0,3600.0
1403,1403,3020,2078,FITfiles/2024-06-08/UMICH_20240608_121459_59.fit,2024-06-08 12:14:59,0,0,10663.22265625,http://soleil80.cs.technik.fhnw.ch/solarradio/data/2002-20yy_Callisto/2024/06/08/MEXICO-LANCE-B_20240608_161500_62.fit.gz,valid,190.0,3595.0
1404,1404,8303,5218,FITfiles/2024-10-05/UMICH_20241005_184500_59.fit,2024-10-05 18:45:00,0,0,35873.5546875,http://soleil80.cs.technik.fhnw.ch/solarradio/data/2002-20yy_Callisto/2024/10/05/ALASKA-HAARP_20241005_224500_63.fit.gz,train,190.0,3600.0
1405,1405,8375,751,FITfiles/2024-10-07/UMICH_20241007_074500_59.fit,2024-10-07 07:45:00,0,0,34471.38671875,http://soleil80.cs.technik.fhnw.ch/solarradio/data/2002-20yy_Callisto/2024/10/07/USA-BOSTON_20241007_114500_63.fit.gz,test,190.0,3600.0
1406,1406,8960,9640,FITfiles/2024-10-30/Beelink1_20241030_180000_59.fit,2024-10-30 18:00:00,0,0,36400.53515625,http://soleil80.cs.technik.fhnw.ch/solarradio/data/2002-20yy_Callisto/2024/10/30/ALASKA-HAARP_20241030_220000_63.fit.gz,valid,190.0,3600.0
1407,1407,6049,4267,FITfiles/2024-08-06/Beelink1_20240806_073000_59.fit,2024-08-06 07:30:00,0,0,10136.4521484375,http://soleil80.cs.technik.fhnw.ch/solarradio/data/2002-20yy_Callisto/2024/08/06/USA-BOSTON_20240806_113000_01.fit.gz,train,190.0,3600.0
1408,1408,9501,244,FITfiles/2024-11-09/Beelink1_20241109_081500_59.fit,2024-11-09 08:15:00,0,0,36388.4609375,http://soleil80.cs.technik.fhnw.ch/solarradio/data/2002-20yy_Callisto/2024/11/09/GREENLAND_20241109_131500_63.fit.gz,train,190.0,3590.0
1409,1409,5566,7019,FITfiles/2024-07-28/Beelink1_20240728_171500_59.fit,2024-07-28 17:15:00,0,0,9952.30078125,http://soleil80.cs.technik.fhnw.ch/solarradio/data/2002-20yy_Callisto/2024/07/28/MEXART_20240728_211500_59.fit.gz,train,190.0,3600.0
1410,1410,8990,502,FITfiles/2024-10-31/Beelink1_20241031_110000_59.fit,2024-10-31 11:00:00,0,0,36836.92578125,http://soleil80.cs.technik.fhnw.ch/solarradio/data/2002-20yy_Callisto/2024/10/31/USA-BOSTON_20241031_150000_63.fit.gz,train,190.0,3600.0
1411,1411,8453,1046,FITfiles/2024-10-08/UMICH_20241008_124500_59.fit,2024-10-08 12:45:00,0,0,34489.8515625,http://soleil80.cs.technik.fhnw.ch/solarradio/data/2002-20yy_Callisto/2024/10/08/ALASKA-HAARP_20241008_164500_63.fit.gz,test,190.0,3600.0
1412,1412,4899,5908,FITfiles/2024-07-17/Beelink1_20240717_114459_59.fit,2024-07-17 11:44:59,0,0,10055.8076171875,http://soleil80.cs.technik.fhnw.ch/solarradio/data/2002-20yy_Callisto/2024/07/17/MEXICO-LANCE-B_20240717_154459_62.fit.gz,train,190.0,3600.0
1413,1413,7770,8822,FITfiles/2024-09-26/UMICH_20240926_160000_59.fit,2024-09-26 16:00:00,0,0,34465.578125,http://soleil80.cs.technik.fhnw.ch/solarradio/data/2002-20yy_Callisto/2024/09/26/MEXICO-LANCE-B_20240926_200000_62.fit.gz,test,190.0,3600.0
1414,1414,917,7780,FITfiles/2024-04-17/Beelink1_20240417_121500_59.fit,2024-04-17 12:15:00,0,0,22253.884765625,http://soleil80.cs.technik.fhnw.ch/solarradio/data/2002-20yy_Callisto/2024/04/17/ALASKA-HAARP_20240417_161500_63.fit.gz,train,190.0,3590.0
1415,1415,12,4497,FITfiles/2024-01-21/Beelink1_20240121_173000_59.fit,2024-01-21 17:30:00,0,0,21581.384765625,http://soleil80.cs.technik.fhnw.ch/solarradio/data/2002-20yy_Callisto/2024/01/21/ALASKA-HAARP_20240121_223000_63.fit.gz,test,190.0,3600.0
1416,1416,1623,5933,FITfiles/2024-04-29/Beelink1_20240429_144500_59.fit,2024-04-29 14:45:00,0,0,21925.92578125,http://soleil80.cs.technik.fhnw.ch/solarradio/data/2002-20yy_Callisto/2024/04/29/MEXICO-LANCE-B_20240429_184500_62.fit.gz,valid,190.0,3600.0
1417,1417,6687,9558,FITfiles/2024-09-05/UMICH_20240905_184500_59.fit,2024-09-05 18:45:00,0,0,10105.2919921875,http://soleil80.cs.technik.fhnw.ch/solarradio/data/2002-20yy_Callisto/2024/09/05/GREENLAND_20240905_224500_63.fit.gz,train,190.0,3600.0
1418,1418,738,8533,FITfiles/2024-04-14/Beelink1_20240414_110000_59.fit,2024-04-14 11:00:00,0,0,22171.265625,http://soleil80.cs.technik.fhnw.ch/solarradio/data/2002-20yy_Callisto/2024/04/14/ALASKA-HAARP_20240414_150000_63.fit.gz,train,190.0,3600.0
1419,1419,455,5394,FITfiles/2024-04-06/Beelink1_20240406_180000_59.fit,2024-04-06 18:00:00,0,0,22144.70703125,http://soleil80.cs.technik.fhnw.ch/solarradio/data/2002-20yy_Callisto/2024/04/06/MEXART_20240406_220000_59.fit.gz,train,190.0,3600.0
1420,1420,4691,4750,FITfiles/2024-07-13/Beelink1_20240713_175204_01.fit,2024-07-13 17:52:04,0,0,10015.4208984375,http://soleil80.cs.technik.fhnw.ch/solarradio/data/2002-20yy_Callisto/2024/07/13/USA-BOSTON_20240713_214500_63.fit.gz,train,190.0,3600.0
1421,1421,934,7767,FITfiles/2024-04-17/Beelink1_20240417_163000_59.fit,2024-04-17 16:30:00,0,0,22393.435546875,http://soleil80.cs.technik.fhnw.ch/solarradio/data/2002-20yy_Callisto/2024/04/17/ALASKA-HAARP_20240417_203000_63.fit.gz,train,190.0,3600.0
1422,1422,8758,9675,FITfiles/2024-10-27/Beelink1_20241027_110000_59.fit,2024-10-27 11:00:00,0,0,37393.234375,http://soleil80.cs.technik.fhnw.ch/solarradio/data/2002-20yy_Callisto/2024/10/27/USA-BOSTON_20241027_150000_63.fit.gz,train,190.0,3600.0
1423,1423,37,2378,FITfiles/2024-03-09/Beelink1_20240309_134459_59.fit,2024-03-09 13:44:59,0,0,13777.2626953125,http://soleil80.cs.technik.fhnw.ch/solarradio/data/2002-20yy_Callisto/2024/03/09/MEXICO-LANCE-B_20240309_184500_62.fit.gz,valid,190.0,360.0
1424,1424,4930,5879,FITfiles/2024-07-17/Beelink1_20240717_193000_59.fit,2024-07-17 19:30:00,0,0,10059.8955078125,http://soleil80.cs.technik.fhnw.ch/solarradio/data/2002-20yy_Callisto/2024/07/17/MEXART_20240717_233000_59.fit.gz,train,190.0,3600.0
1425,1425,9470,1409,FITfiles/2024-11-08/Beelink1_20241108_150000_59.fit,2024-11-08 15:00:00,0,0,35273.078125,http://soleil80.cs.technik.fhnw.ch/solarradio/data/2002-20yy_Callisto/2024/11/08/GREENLAND_20241108_200000_63.fit.gz,valid,190.0,3600.0
1426,1426,9500,256,FITfiles/2024-11-09/Beelink1_20241109_080000_59.fit,2024-11-09 08:00:00,0,0,36277.6640625,http://soleil80.cs.technik.fhnw.ch/solarradio/data/2002-20yy_Callisto/2024/11/09/USA-BOSTON_20241109_130000_01.fit.gz,valid,190.0,3600.0
1427,1427,9724,1207,FITfiles/2024-11-12/Beelink1_20241112_233800_01.fit,2024-11-12 23:38:00,0,0,33433.53515625,http://soleil80.cs.technik.fhnw.ch/solarradio/data/2002-20yy_Callisto/2024/11/13/SWISS-HEITERSWIL_20241113_044500_59.fit.gz,valid,190.0,3600.0
1428,1428,4228,2441,FITfiles/2024-06-29/UMICH_20240629_093000_59.fit,2024-06-29 09:30:00,0,0,10968.2626953125,http://soleil80.cs.technik.fhnw.ch/solarradio/data/2002-20yy_Callisto/2024/06/29/MEXICO-LANCE-B_20240629_133000_62.fit.gz,train,190.0,3600.0
1429,1429,948,7573,FITfiles/2024-04-17/Beelink1_20240417_200000_59.fit,2024-04-17 20:00:00,0,0,22420.263671875,http://soleil80.cs.technik.fhnw.ch/solarradio/data/2002-20yy_Callisto/2024/04/18/ALASKA-HAARP_20240418_000000_63.fit.gz,train,190.0,3600.0
1430,1430,1789,1883,FITfiles/2024-05-15/Beelink1_20240515_143000_59.fit,2024-05-15 14:30:00,0,0,10514.9990234375,http://soleil80.cs.technik.fhnw.ch/solarradio/data/2002-20yy_Callisto/2024/05/15/MEXICO-LANCE-B_20240515_183000_62.fit.gz,valid,190.0,3600.0
1431,1431,9103,507,FITfiles/2024-11-02/Beelink1_20241102_101500_59.fit,2024-11-02 10:15:00,0,0,36101.23046875,http://soleil80.cs.technik.fhnw.ch/solarradio/data/2002-20yy_Callisto/2024/11/02/USA-BOSTON_20241102_141500_63.fit.gz,test,190.0,3600.0
1432,1432,8016,8459,FITfiles/2024-09-30/UMICH_20240930_193000_59.fit,2024-09-30 19:30:00,0,0,35138.4296875,http://soleil80.cs.technik.fhnw.ch/solarradio/data/2002-20yy_Callisto/2024/09/30/GREENLAND_20240930_233000_63.fit.gz,test,190.0,3600.0
1433,1433,9546,307,FITfiles/2024-11-09/Beelink1_20241109_193000_59.fit,2024-11-09 19:30:00,0,0,37056.40234375,http://soleil80.cs.technik.fhnw.ch/solarradio/data/2002-20yy_Callisto/2024/11/10/ALASKA-HAARP_20241110_003000_63.fit.gz,train,190.0,3600.0
1434,1434,4461,8717,FITfiles/2024-07-03/Beelink1_20240703_190000_59.fit,2024-07-03 19:00:00,0,0,10098.017578125,http://soleil80.cs.technik.fhnw.ch/solarradio/data/2002-20yy_Callisto/2024/07/03/MEXART_20240703_230000_59.fit.gz,train,190.0,3600.0
1435,1435,740,8499,FITfiles/2024-04-14/Beelink1_20240414_113000_59.fit,2024-04-14 11:30:00,0,0,22155.203125,http://soleil80.cs.technik.fhnw.ch/solarradio/data/2002-20yy_Callisto/2024/04/14/ALASKA-HAARP_20240414_153000_63.fit.gz,train,190.0,3600.0
1436,1436,540,6242,FITfiles/2024-04-08/Beelink1_20240408_101500_59.fit,2024-04-08 10:15:00,0,0,22212.220703125,http://soleil80.cs.technik.fhnw.ch/solarradio/data/2002-20yy_Callisto/2024/04/08/MEXICO-LANCE-B_20240408_141500_62.fit.gz,test,190.0,3600.0
1437,1437,7919,6392,FITfiles/2024-09-29/UMICH_20240929_094500_59.fit,2024-09-29 09:45:00,0,0,35425.953125,http://soleil80.cs.technik.fhnw.ch/solarradio/data/2002-20yy_Callisto/2024/09/29/MEXICO-LANCE-A_20240929_134500_63.fit.gz,train,190.0,3600.0
1438,1438,5447,8667,FITfiles/2024-07-26/Beelink1_20240726_163000_59.fit,2024-07-26 16:30:00,0,0,9938.78125,http://soleil80.cs.technik.fhnw.ch/solarradio/data/2002-20yy_Callisto/2024/07/26/MEXICO-LANCE-B_20240726_203000_62.fit.gz,test,190.0,3600.0
1439,1439,4274,7986,FITfiles/2024-06-30/UMICH_20240630_161500_59.fit,2024-06-30 16:15:00,0,0,10430.2744140625,http://soleil80.cs.technik.fhnw.ch/solarradio/data/2002-20yy_Callisto/2024/06/30/MEXICO-LANCE-B_20240630_201500_62.fit.gz,train,190.0,3593.0
1440,1440,3713,3439,FITfiles/2024-06-20/UMICH_20240620_111459_59.fit,2024-06-20 11:14:59,0,0,10577.974609375,http://soleil80.cs.technik.fhnw.ch/solarradio/data/2002-20yy_Callisto/2024/06/20/MEXICO-LANCE-A_20240620_151459_63.fit.gz,valid,190.0,3600.0
1441,1441,4332,2476,FITfiles/2024-07-01/UMICH_20240701_161500_59.fit,2024-07-01 16:15:00,0,0,10266.7431640625,http://soleil80.cs.technik.fhnw.ch/solarradio/data/2002-20yy_Callisto/2024/07/01/MEXICO-LANCE-B_20240701_201500_62.fit.gz,train,190.0,3593.0
1442,1442,7567,238,FITfiles/2024-09-22/UMICH_20240922_183000_59.fit,2024-09-22 18:30:00,0,0,35763.61328125,http://soleil80.cs.technik.fhnw.ch/solarradio/data/2002-20yy_Callisto/2024/09/22/GREENLAND_20240922_223000_63.fit.gz,valid,190.0,3600.0
1443,1443,8472,1145,FITfiles/2024-10-08/UMICH_20241008_173000_59.fit,2024-10-08 17:30:00,0,0,33546.8671875,http://soleil80.cs.technik.fhnw.ch/solarradio/data/2002-20yy_Callisto/2024/10/08/GREENLAND_20241008_213000_63.fit.gz,test,190.0,3600.0
1444,1444,7027,6648,FITfiles/2024-09-11/UMICH_20240911_164500_59.fit,2024-09-11 16:45:00,0,0,9938.9091796875,http://soleil80.cs.technik.fhnw.ch/solarradio/data/2002-20yy_Callisto/2024/09/11/MEXICO-LANCE-A_20240911_204500_63.fit.gz,test,190.0,3600.0
1445,1445,4529,2890,FITfiles/2024-07-05/Beelink1_20240705_070000_59.fit,2024-07-05 07:00:00,0,0,10151.6142578125,http://soleil80.cs.technik.fhnw.ch/solarradio/data/2002-20yy_Callisto/2024/07/05/USA-BOSTON_20240705_110000_63.fit.gz,valid,190.0,3600.0
1446,1446,1828,4575,FITfiles/2024-05-18/UMICH_20240518_174500_59.fit,2024-05-18 17:45:00,0,0,10520.1806640625,http://soleil80.cs.technik.fhnw.ch/solarradio/data/2002-20yy_Callisto/2024/05/18/USA-BOSTON_20240518_214500_63.fit.gz,train,190.0,3600.0
1447,1447,4441,8763,FITfiles/2024-07-03/Beelink1_20240703_140000_59.fit,2024-07-03 14:00:00,0,0,10016.5126953125,http://soleil80.cs.technik.fhnw.ch/solarradio/data/2002-20yy_Callisto/2024/07/03/USA-BOSTON_20240703_180000_63.fit.gz,train,190.0,3600.0
1448,1448,7119,1674,FITfiles/2024-09-15/UMICH_20240915_080000_59.fit,2024-09-15 08:00:00,0,0,11235.9248046875,http://soleil80.cs.technik.fhnw.ch/solarradio/data/2002-20yy_Callisto/2024/09/15/MEXICO-LANCE-B_20240915_120000_62.fit.gz,test,190.0,3600.0
1449,1449,1731,5347,FITfiles/2024-05-01/Beelink1_20240501_124500_59.fit,2024-05-01 12:45:00,0,0,21896.12109375,http://soleil80.cs.technik.fhnw.ch/solarradio/data/2002-20yy_Callisto/2024/05/01/GREENLAND_20240501_164500_63.fit.gz,valid,190.0,3600.0
1450,1450,3952,4032,FITfiles/2024-06-24/UMICH_20240624_130000_59.fit,2024-06-24 13:00:00,0,0,10421.4775390625,http://soleil80.cs.technik.fhnw.ch/solarradio/data/2002-20yy_Callisto/2024/06/24/USA-BOSTON_20240624_170000_01.fit.gz,test,190.0,3600.0
1451,1451,3057,8863,FITfiles/2024-06-09/UMICH_20240609_070000_59.fit,2024-06-09 07:00:00,0,0,11022.0947265625,http://soleil80.cs.technik.fhnw.ch/solarradio/data/2002-20yy_Callisto/2024/06/09/USA-BOSTON_20240609_110000_01.fit.gz,test,190.0,3600.0
1452,1452,5843,4260,FITfiles/2024-08-02/Beelink1_20240802_140000_59.fit,2024-08-02 14:00:00,0,0,9979.837890625,http://soleil80.cs.technik.fhnw.ch/solarradio/data/2002-20yy_Callisto/2024/08/02/USA-BOSTON_20240802_180000_01.fit.gz,train,190.0,3600.0
1453,1453,7118,1676,FITfiles/2024-09-15/UMICH_20240915_074500_59.fit,2024-09-15 07:45:00,0,0,11286.345703125,http://soleil80.cs.technik.fhnw.ch/solarradio/data/2002-20yy_Callisto/2024/09/15/USA-BOSTON_20240915_114500_01.fit.gz,train,190.0,3600.0
1454,1454,3500,5475,FITfiles/2024-06-16/UMICH_20240616_161500_59.fit,2024-06-16 16:15:00,0,0,10353.06640625,http://soleil80.cs.technik.fhnw.ch/solarradio/data/2002-20yy_Callisto/2024/06/16/MEXART_20240616_201500_59.fit.gz,train,190.0,3593.0
1455,1455,8536,876,FITfiles/2024-10-23/Beelink1_20241023_133000_59.fit,2024-10-23 13:30:00,0,0,35528.6875,http://soleil80.cs.technik.fhnw.ch/solarradio/data/2002-20yy_Callisto/2024/10/23/ALASKA-HAARP_20241023_173000_63.fit.gz,train,190.0,3600.0
1456,1456,8416,752,FITfiles/2024-10-07/UMICH_20241007_180000_59.fit,2024-10-07 18:00:00,0,0,34760.2109375,http://soleil80.cs.technik.fhnw.ch/solarradio/data/2002-20yy_Callisto/2024/10/07/GREENLAND_20241007_220000_63.fit.gz,train,190.0,3600.0
1457,1457,7224,1021,FITfiles/2024-09-16/UMICH_20240916_194500_59.fit,2024-09-16 19:45:00,0,0,10793.177734375,http://soleil80.cs.technik.fhnw.ch/solarradio/data/2002-20yy_Callisto/2024/09/16/ALASKA-COHOE_20240916_234500_62.fit.gz,test,190.0,3600.0
1458,1458,4754,5658,FITfiles/2024-07-14/Beelink1_20240714_190000_59.fit,2024-07-14 19:00:00,0,0,10033.396484375,http://soleil80.cs.technik.fhnw.ch/solarradio/data/2002-20yy_Callisto/2024/07/14/USA-BOSTON_20240714_230000_63.fit.gz,train,190.0,3600.0
1459,1459,8754,9667,FITfiles/2024-10-27/Beelink1_20241027_100000_59.fit,2024-10-27 10:00:00,0,0,37294.6953125,http://soleil80.cs.technik.fhnw.ch/solarradio/data/2002-20yy_Callisto/2024/10/27/USA-BOSTON_20241027_140000_63.fit.gz,train,190.0,3600.0
1460,1460,5310,6121,FITfiles/2024-07-24/Beelink1_20240724_111459_59.fit,2024-07-24 11:14:59,0,0,10075.2119140625,http://soleil80.cs.technik.fhnw.ch/solarradio/data/2002-20yy_Callisto/2024/07/24/MEXICO-LANCE-B_20240724_151459_62.fit.gz,train,190.0,3600.0
1461,1461,4315,2490,FITfiles/2024-07-01/UMICH_20240701_115959_59.fit,2024-07-01 11:59:59,0,0,10760.1630859375,http://soleil80.cs.technik.fhnw.ch/solarradio/data/2002-20yy_Callisto/2024/07/01/MEXICO-LANCE-B_20240701_155959_62.fit.gz,train,190.0,3600.0
1462,1462,2756,1983,FITfiles/2024-06-03/UMICH_20240603_183000_59.fit,2024-06-03 18:30:00,0,0,10607.919921875,http://soleil80.cs.technik.fhnw.ch/solarradio/data/2002-20yy_Callisto/2024/06/03/USA-BOSTON_20240603_223000_63.fit.gz,train,190.0,3600.0
1463,1463,4289,7954,FITfiles/2024-06-30/UMICH_20240630_200000_59.fit,2024-06-30 20:00:00,0,0,10763.6015625,http://soleil80.cs.technik.fhnw.ch/solarradio/data/2002-20yy_Callisto/2024/07/01/MEXART_20240701_000000_59.fit.gz,train,190.0,3600.0
1464,1464,3485,5468,FITfiles/2024-06-16/UMICH_20240616_123000_59.fit,2024-06-16 12:30:00,0,0,10597.3017578125,http://soleil80.cs.technik.fhnw.ch/solarradio/data/2002-20yy_Callisto/2024/06/16/MEXART_20240616_163000_59.fit.gz,test,190.0,3600.0
1465,1465,6207,4953,FITfiles/2024-08-08/Beelink1_20240808_180000_59.fit,2024-08-08 18:00:00,0,0,9999.751953125,http://soleil80.cs.technik.fhnw.ch/solarradio/data/2002-20yy_Callisto/2024/08/08/MEXART_20240808_220000_59.fit.gz,train,190.0,3600.0
1466,1466,6163,5063,FITfiles/2024-08-08/Beelink1_20240808_070000_59.fit,2024-08-08 07:00:00,0,0,10125.0341796875,http://soleil80.cs.technik.fhnw.ch/solarradio/data/2002-20yy_Callisto/2024/08/08/GREENLAND_20240808_110000_63.fit.gz,test,190.0,3600.0
1467,1467,2335,3875,FITfiles/2024-05-27/UMICH_20240527_140000_59.fit,2024-05-27 14:00:00,0,0,10904.63671875,http://soleil80.cs.technik.fhnw.ch/solarradio/data/2002-20yy_Callisto/2024/05/27/USA-BOSTON_20240527_180000_63.fit.gz,train,190.0,3600.0
1468,1468,2272,7939,FITfiles/2024-05-26/UMICH_20240526_124500_59.fit,2024-05-26 12:45:00,0,0,10628.5087890625,http://soleil80.cs.technik.fhnw.ch/solarradio/data/2002-20yy_Callisto/2024/05/26/USA-BOSTON_20240526_164500_01.fit.gz,train,190.0,3600.0
1469,1469,9632,1557,FITfiles/2024-11-11/Beelink1_20241111_130000_59.fit,2024-11-11 13:00:00,0,0,32779.375,http://soleil80.cs.technik.fhnw.ch/solarradio/data/2002-20yy_Callisto/2024/11/11/GREENLAND_20241111_180000_63.fit.gz,train,190.0,3600.0
1470,1470,6302,9165,FITfiles/2024-08-10/Beelink1_20240810_124500_59.fit,2024-08-10 12:45:00,0,0,10064.884765625,http://soleil80.cs.technik.fhnw.ch/solarradio/data/2002-20yy_Callisto/2024/08/10/MEXART_20240810_164500_59.fit.gz,test,190.0,3600.0
1471,1471,5284,8595,FITfiles/2024-07-23/Beelink1_20240723_191500_59.fit,2024-07-23 19:15:00,0,0,10018.521484375,http://soleil80.cs.technik.fhnw.ch/solarradio/data/2002-20yy_Callisto/2024/07/23/MEXICO-LANCE-A_20240723_231500_63.fit.gz,valid,190.0,3600.0
1472,1472,6012,4148,FITfiles/2024-08-05/Beelink1_20240805_124500_59.fit,2024-08-05 12:45:00,0,0,10056.912109375,http://soleil80.cs.technik.fhnw.ch/solarradio/data/2002-20yy_Callisto/2024/08/05/USA-BOSTON_20240805_164500_01.fit.gz,test,190.0,3600.0
1473,1473,4679,4700,FITfiles/2024-07-07/Beelink1_20240707_153000_59.fit,2024-07-07 15:30:00,0,0,9992.779296875,http://soleil80.cs.technik.fhnw.ch/solarradio/data/2002-20yy_Callisto/2024/07/07/MEXICO-LANCE-B_20240707_193000_62.fit.gz,train,190.0,3600.0
1474,1474,4705,5699,FITfiles/2024-07-14/Beelink1_20240714_064500_59.fit,2024-07-14 06:45:00,0,0,10123.70703125,http://soleil80.cs.technik.fhnw.ch/solarradio/data/2002-20yy_Callisto/2024/07/14/USA-BOSTON_20240714_104500_63.fit.gz,test,190.0,3600.0
1475,1475,2191,3222,FITfiles/2024-05-25/UMICH_20240525_070000_59.fit,2024-05-25 07:00:00,0,0,11429.3681640625,http://soleil80.cs.technik.fhnw.ch/solarradio/data/2002-20yy_Callisto/2024/05/25/USA-BOSTON_20240525_110000_01.fit.gz,valid,190.0,3600.0
1476,1476,1448,6578,FITfiles/2024-04-26/Beelink1_20240426_143000_59.fit,2024-04-26 14:30:00,0,0,21894.068359375,http://soleil80.cs.technik.fhnw.ch/solarradio/data/2002-20yy_Callisto/2024/04/26/MEXICO-LANCE-B_20240426_183000_62.fit.gz,train,190.0,3600.0
1477,1477,1857,2282,FITfiles/2024-05-19/UMICH_20240519_103000_59.fit,2024-05-19 10:30:00,0,0,10761.5478515625,http://soleil80.cs.technik.fhnw.ch/solarradio/data/2002-20yy_Callisto/2024/05/19/MEXICO-LANCE-B_20240519_143000_62.fit.gz,train,190.0,3600.0
1478,1478,8216,8265,FITfiles/2024-10-04/UMICH_20241004_113000_59.fit,2024-10-04 11:30:00,0,0,35896.9375,http://soleil80.cs.technik.fhnw.ch/solarradio/data/2002-20yy_Callisto/2024/10/04/ALASKA-HAARP_20241004_153000_63.fit.gz,train,190.0,3600.0
1479,1479,2932,4903,FITfiles/2024-06-06/UMICH_20240606_190000_59.fit,2024-06-06 19:00:00,0,0,10727.2705078125,http://soleil80.cs.technik.fhnw.ch/solarradio/data/2002-20yy_Callisto/2024/06/06/ALASKA-HAARP_20240606_230000_63.fit.gz,train,190.0,3600.0
1480,1480,3993,4644,FITfiles/2024-06-25/UMICH_20240625_084500_59.fit,2024-06-25 08:45:00,0,0,11021.9365234375,http://soleil80.cs.technik.fhnw.ch/solarradio/data/2002-20yy_Callisto/2024/06/25/MEXICO-LANCE-A_20240625_124500_63.fit.gz,train,190.0,3600.0
1481,1481,1394,6273,FITfiles/2024-04-25/Beelink1_20240425_153000_59.fit,2024-04-25 15:30:00,0,0,21850.6953125,http://soleil80.cs.technik.fhnw.ch/solarradio/data/2002-20yy_Callisto/2024/04/25/MEXICO-LANCE-B_20240425_193000_62.fit.gz,train,190.0,3600.0
1482,1482,8704,1403,FITfiles/2024-10-26/Beelink1_20241026_120000_59.fit,2024-10-26 12:00:00,0,0,36998.13671875,http://soleil80.cs.technik.fhnw.ch/solarradio/data/2002-20yy_Callisto/2024/10/26/ALASKA-HAARP_20241026_160000_63.fit.gz,valid,190.0,3600.0
1483,1483,5296,6170,FITfiles/2024-07-24/Beelink1_20240724_074500_59.fit,2024-07-24 07:45:00,0,0,10109.9306640625,http://soleil80.cs.technik.fhnw.ch/solarradio/data/2002-20yy_Callisto/2024/07/24/USA-BOSTON_20240724_114500_01.fit.gz,test,190.0,3600.0
1484,1484,7540,154,FITfiles/2024-09-22/UMICH_20240922_112959_59.fit,2024-09-22 11:29:59,0,0,10853.48828125,http://soleil80.cs.technik.fhnw.ch/solarradio/data/2002-20yy_Callisto/2024/09/22/MEXICO-LANCE-B_20240922_152959_62.fit.gz,test,190.0,3600.0
1485,1485,2789,8053,FITfiles/2024-06-04/UMICH_20240604_121459_59.fit,2024-06-04 12:14:59,0,0,10618.3857421875,http://soleil80.cs.technik.fhnw.ch/solarradio/data/2002-20yy_Callisto/2024/06/04/MEXICO-LANCE-B_20240604_161459_62.fit.gz,train,190.0,3595.0
1486,1486,1736,5335,FITfiles/2024-05-01/Beelink1_20240501_140000_59.fit,2024-05-01 14:00:00,0,0,21531.2890625,http://soleil80.cs.technik.fhnw.ch/solarradio/data/2002-20yy_Callisto/2024/05/01/USA-BOSTON_20240501_180000_63.fit.gz,valid,190.0,3600.0
1487,1487,8448,980,FITfiles/2024-10-08/UMICH_20241008_113000_59.fit,2024-10-08 11:30:00,0,0,34648.83984375,http://soleil80.cs.technik.fhnw.ch/solarradio/data/2002-20yy_Callisto/2024/10/08/ALASKA-HAARP_20241008_153000_63.fit.gz,valid,190.0,3600.0
1488,1488,5281,8601,FITfiles/2024-07-23/Beelink1_20240723_183000_59.fit,2024-07-23 18:30:00,0,0,9992.0869140625,http://soleil80.cs.technik.fhnw.ch/solarradio/data/2002-20yy_Callisto/2024/07/23/MEXICO-LANCE-A_20240723_223000_63.fit.gz,train,190.0,3600.0
1489,1489,5794,8226,FITfiles/2024-08-01/Beelink1_20240801_161500_59.fit,2024-08-01 16:15:00,0,0,9967.978515625,http://soleil80.cs.technik.fhnw.ch/solarradio/data/2002-20yy_Callisto/2024/08/01/MEXICO-LANCE-B_20240801_201500_62.fit.gz,train,190.0,3592.0
1490,1490,7679,6907,FITfiles/2024-09-25/UMICH_20240925_074500_59.fit,2024-09-25 07:45:00,0,0,34729.8828125,http://soleil80.cs.technik.fhnw.ch/solarradio/data/2002-20yy_Callisto/2024/09/25/USA-BOSTON_20240925_114500_63.fit.gz,train,190.0,3600.0
1491,1491,5844,4254,FITfiles/2024-08-02/Beelink1_20240802_141500_59.fit,2024-08-02 14:15:00,0,0,9982.013671875,http://soleil80.cs.technik.fhnw.ch/solarradio/data/2002-20yy_Callisto/2024/08/02/USA-BOSTON_20240802_181500_01.fit.gz,train,190.0,3593.0
1492,1492,3754,2220,FITfiles/2024-06-21/UMICH_20240621_070000_59.fit,2024-06-21 07:00:00,0,0,11122.0908203125,http://soleil80.cs.technik.fhnw.ch/solarradio/data/2002-20yy_Callisto/2024/06/21/USA-BOSTON_20240621_110000_63.fit.gz,train,190.0,3600.0
1493,1493,6038,4117,FITfiles/2024-08-05/Beelink1_20240805_191500_59.fit,2024-08-05 19:15:00,0,0,10037.0283203125,http://soleil80.cs.technik.fhnw.ch/solarradio/data/2002-20yy_Callisto/2024/08/05/GREENLAND_20240805_231500_63.fit.gz,train,190.0,3600.0
1494,1494,9700,1363,FITfiles/2024-11-12/Beelink1_20241112_153000_59.fit,2024-11-12 15:30:00,0,0,33763.37109375,http://soleil80.cs.technik.fhnw.ch/solarradio/data/2002-20yy_Callisto/2024/11/12/ALASKA-HAARP_20241112_203000_63.fit.gz,test,190.0,3600.0
1495,1495,2748,1987,FITfiles/2024-06-03/UMICH_20240603_163000_59.fit,2024-06-03 16:30:00,0,0,10371.390625,http://soleil80.cs.technik.fhnw.ch/solarradio/data/2002-20yy_Callisto/2024/06/03/MEXICO-LANCE-B_20240603_203000_62.fit.gz,test,190.0,3600.0
1496,1496,6653,9560,FITfiles/2024-09-05/UMICH_20240905_101500_59.fit,2024-09-05 10:15:00,0,0,10117.05078125,http://soleil80.cs.technik.fhnw.ch/solarradio/data/2002-20yy_Callisto/2024/09/05/MEXICO-LANCE-A_20240905_141500_63.fit.gz,train,190.0,3600.0
1497,1497,1934,5109,FITfiles/2024-05-20/UMICH_20240520_151500_59.fit,2024-05-20 15:15:00,0,0,10444.201171875,http://soleil80.cs.technik.fhnw.ch/solarradio/data/2002-20yy_Callisto/2024/05/20/USA-BOSTON_20240520_191500_63.fit.gz,train,190.0,3600.0
1498,1498,2116,1804,FITfiles/2024-05-23/UMICH_20240523_171500_59.fit,2024-05-23 17:15:00,0,0,10404.02734375,http://soleil80.cs.technik.fhnw.ch/solarradio/data/2002-20yy_Callisto/2024/05/23/USA-BOSTON_20240523_211500_63.fit.gz,train,190.0,3600.0
1499,1499,8797,9713,FITfiles/2024-10-27/Beelink1_20241027_204500_59.fit,2024-10-27 20:45:00,0,0,37528.0,http://soleil80.cs.technik.fhnw.ch/solarradio/data/2002-20yy_Callisto/2024/10/28/ALASKA-HAARP_20241028_004500_63.fit.gz,train,190.0,3590.0
1500,1500,6491,9312,FITfiles/2024-09-02/UMICH_20240902_131500_59.fit,2024-09-02 13:15:00,0,0,10155.673828125,http://soleil80.cs.technik.fhnw.ch/solarradio/data/2002-20yy_Callisto/2024/09/02/MEXART_20240902_171500_59.fit.gz,train,190.0,3600.0
1501,1501,3248,8905,FITfiles/2024-06-12/UMICH_20240612_111459_59.fit,2024-06-12 11:14:59,0,0,10668.234375,http://soleil80.cs.technik.fhnw.ch/solarradio/data/2002-20yy_Callisto/2024/06/12/MEXICO-LANCE-B_20240612_151459_62.fit.gz,valid,190.0,3600.0
1502,1502,4769,5018,FITfiles/2024-07-15/Beelink1_20240715_081500_59.fit,2024-07-15 08:15:00,0,0,10100.8779296875,http://soleil80.cs.technik.fhnw.ch/solarradio/data/2002-20yy_Callisto/2024/07/15/MEXICO-LANCE-B_20240715_121500_62.fit.gz,valid,190.0,3592.0
1503,1503,6713,9394,FITfiles/2024-09-06/UMICH_20240906_104459_59.fit,2024-09-06 10:44:59,0,0,10099.111328125,http://soleil80.cs.technik.fhnw.ch/solarradio/data/2002-20yy_Callisto/2024/09/06/MEXICO-LANCE-B_20240906_144459_62.fit.gz,valid,190.0,3600.0
1504,1504,7445,1087,FITfiles/2024-09-20/UMICH_20240920_170000_59.fit,2024-09-20 17:00:00,0,0,10784.556640625,http://soleil80.cs.technik.fhnw.ch/solarradio/data/2002-20yy_Callisto/2024/09/20/GREENLAND_20240920_210000_63.fit.gz,train,190.0,3600.0
1505,1505,2003,3304,FITfiles/2024-05-21/UMICH_20240521_180000_59.fit,2024-05-21 18:00:00,0,0,10551.4921875,http://soleil80.cs.technik.fhnw.ch/solarradio/data/2002-20yy_Callisto/2024/05/21/USA-BOSTON_20240521_220000_63.fit.gz,train,190.0,3600.0
1506,1506,7526,177,FITfiles/2024-09-22/UMICH_20240922_080000_59.fit,2024-09-22 08:00:00,0,0,11066.583984375,http://soleil80.cs.technik.fhnw.ch/solarradio/data/2002-20yy_Callisto/2024/09/22/MEXICO-LANCE-B_20240922_120000_62.fit.gz,train,190.0,3600.0
1507,1507,5935,2941,FITfiles/2024-08-04/Beelink1_20240804_080000_59.fit,2024-08-04 08:00:00,0,0,10115.9560546875,http://soleil80.cs.technik.fhnw.ch/solarradio/data/2002-20yy_Callisto/2024/08/04/MEXICO-LANCE-B_20240804_120000_62.fit.gz,train,190.0,3600.0
1508,1508,1527,5593,FITfiles/2024-04-27/Beelink1_20240427_194500_59.fit,2024-04-27 19:45:00,0,0,21960.75390625,http://soleil80.cs.technik.fhnw.ch/solarradio/data/2002-20yy_Callisto/2024/04/27/MEXART_20240427_234500_59.fit.gz,train,190.0,3600.0
1509,1509,3191,2690,FITfiles/2024-06-11/UMICH_20240611_112959_59.fit,2024-06-11 11:29:59,0,0,10791.1640625,http://soleil80.cs.technik.fhnw.ch/solarradio/data/2002-20yy_Callisto/2024/06/11/MEXICO-LANCE-B_20240611_152959_62.fit.gz,valid,190.0,3600.0
1510,1510,1626,3085,FITfiles/2024-04-29/Beelink1_20240429_153000_59.fit,2024-04-29 15:30:00,0,0,21972.96875,http://soleil80.cs.technik.fhnw.ch/solarradio/data/2002-20yy_Callisto/2024/04/29/MEXICO-LANCE-B_20240429_193000_62.fit.gz,test,190.0,3600.0
1511,1511,5711,2815,FITfiles/2024-07-31/Beelink1_20240731_100000_59.fit,2024-07-31 10:00:00,0,0,10068.4287109375,http://soleil80.cs.technik.fhnw.ch/solarradio/data/2002-20yy_Callisto/2024/07/31/MEXICO-LANCE-B_20240731_140000_62.fit.gz,train,190.0,3600.0
1512,1512,8529,845,FITfiles/2024-10-23/Beelink1_20241023_114501_59.fit,2024-10-23 11:45:01,0,0,36163.453125,http://soleil80.cs.technik.fhnw.ch/solarradio/data/2002-20yy_Callisto/2024/10/23/USA-BOSTON_20241023_154500_63.fit.gz,train,190.0,3600.0
1513,1513,1191,3407,FITfiles/2024-04-22/Beelink1_20240422_081500_59.fit,2024-04-22 08:15:00,0,0,22710.953125,http://soleil80.cs.technik.fhnw.ch/solarradio/data/2002-20yy_Callisto/2024/04/22/MEXICO-LANCE-B_20240422_121500_62.fit.gz,valid,190.0,3590.0
1514,1514,3716,3436,FITfiles/2024-06-20/UMICH_20240620_115959_59.fit,2024-06-20 11:59:59,0,0,10539.0390625,http://soleil80.cs.technik.fhnw.ch/solarradio/data/2002-20yy_Callisto/2024/06/20/MEXICO-LANCE-A_20240620_155959_63.fit.gz,valid,190.0,3600.0
1515,1515,4117,7841,FITfiles/2024-06-27/UMICH_20240627_104459_59.fit,2024-06-27 10:44:59,0,0,10776.3681640625,http://soleil80.cs.technik.fhnw.ch/solarradio/data/2002-20yy_Callisto/2024/06/27/MEXICO-LANCE-B_20240627_144459_62.fit.gz,train,190.0,3600.0
1516,1516,6905,3012,FITfiles/2024-09-09/UMICH_20240909_151500_59.fit,2024-09-09 15:15:00,0,0,9954.599609375,http://soleil80.cs.technik.fhnw.ch/solarradio/data/2002-20yy_Callisto/2024/09/09/MEXICO-LANCE-A_20240909_191500_63.fit.gz,train,190.0,3600.0
1517,1517,6230,7901,FITfiles/2024-08-09/Beelink1_20240809_091500_59.fit,2024-08-09 09:15:00,0,0,10098.5595703125,http://soleil80.cs.technik.fhnw.ch/solarradio/data/2002-20yy_Callisto/2024/08/09/MEXICO-LANCE-B_20240809_131500_62.fit.gz,train,190.0,3600.0
1518,1518,2951,7237,FITfiles/2024-06-07/UMICH_20240607_091500_59.fit,2024-06-07 09:15:00,0,0,10823.1044921875,http://soleil80.cs.technik.fhnw.ch/solarradio/data/2002-20yy_Callisto/2024/06/07/MEXICO-LANCE-B_20240607_131500_62.fit.gz,train,190.0,3600.0
1519,1519,4174,2558,FITfiles/2024-06-28/UMICH_20240628_103000_59.fit,2024-06-28 10:30:00,0,0,10791.658203125,http://soleil80.cs.technik.fhnw.ch/solarradio/data/2002-20yy_Callisto/2024/06/28/MEXICO-LANCE-A_20240628_143000_63.fit.gz,train,190.0,3600.0
1520,1520,3396,4301,FITfiles/2024-06-14/UMICH_20240614_191500_59.fit,2024-06-14 19:15:00,0,0,10638.900390625,http://soleil80.cs.technik.fhnw.ch/solarradio/data/2002-20yy_Callisto/2024/06/14/MEXART_20240614_231500_59.fit.gz,train,190.0,3600.0
1521,1521,607,5545,FITfiles/2024-04-09/Beelink1_20240409_123000_59.fit,2024-04-09 12:30:00,0,0,21955.904296875,http://soleil80.cs.technik.fhnw.ch/solarradio/data/2002-20yy_Callisto/2024/04/09/USA-BOSTON_20240409_163000_63.fit.gz,valid,190.0,3600.0
1522,1522,5241,8630,FITfiles/2024-07-23/Beelink1_20240723_083000_59.fit,2024-07-23 08:30:00,0,0,10107.4755859375,http://soleil80.cs.technik.fhnw.ch/solarradio/data/2002-20yy_Callisto/2024/07/23/MEXICO-LANCE-B_20240723_123000_62.fit.gz,train,190.0,3600.0
1523,1523,4904,5932,FITfiles/2024-07-17/Beelink1_20240717_130000_59.fit,2024-07-17 13:00:00,0,0,10003.6689453125,http://soleil80.cs.technik.fhnw.ch/solarradio/data/2002-20yy_Callisto/2024/07/17/USA-BOSTON_20240717_170000_01.fit.gz,train,190.0,3600.0
1524,1524,2842,6359,FITfiles/2024-06-05/UMICH_20240605_105959_59.fit,2024-06-05 10:59:59,0,0,10680.0,http://soleil80.cs.technik.fhnw.ch/solarradio/data/2002-20yy_Callisto/2024/06/05/MEXICO-LANCE-B_20240605_145959_62.fit.gz,train,190.0,3600.0
1525,1525,1560,7728,FITfiles/2024-04-28/Beelink1_20240428_133000_59.fit,2024-04-28 13:30:00,0,0,22079.353515625,http://soleil80.cs.technik.fhnw.ch/solarradio/data/2002-20yy_Callisto/2024/04/28/USA-BOSTON_20240428_173000_63.fit.gz,valid,190.0,3600.0
1526,1526,7698,6927,FITfiles/2024-09-25/UMICH_20240925_123000_59.fit,2024-09-25 12:30:00,0,0,34475.046875,http://soleil80.cs.technik.fhnw.ch/solarradio/data/2002-20yy_Callisto/2024/09/25/USA-BOSTON_20240925_163000_63.fit.gz,train,190.0,3600.0
1527,1527,6168,5047,FITfiles/2024-08-08/Beelink1_20240808_081500_59.fit,2024-08-08 08:15:00,0,0,10112.0087890625,http://soleil80.cs.technik.fhnw.ch/solarradio/data/2002-20yy_Callisto/2024/08/08/MEXICO-LANCE-B_20240808_121500_62.fit.gz,train,190.0,3593.0
1528,1528,7441,1080,FITfiles/2024-09-20/UMICH_20240920_160000_59.fit,2024-09-20 16:00:00,0,0,10632.44921875,http://soleil80.cs.technik.fhnw.ch/solarradio/data/2002-20yy_Callisto/2024/09/20/MEXICO-LANCE-B_20240920_200000_62.fit.gz,valid,190.0,3600.0
1529,1529,2307,3928,FITfiles/2024-05-27/UMICH_20240527_070000_59.fit,2024-05-27 07:00:00,0,0,11050.609375,http://soleil80.cs.technik.fhnw.ch/solarradio/data/2002-20yy_Callisto/2024/05/27/USA-BOSTON_20240527_110000_01.fit.gz,valid,190.0,3600.0
1530,1530,3595,6865,FITfiles/2024-06-18/UMICH_20240618_110000_59.fit,2024-06-18 11:00:00,0,0,10589.130859375,http://soleil80.cs.technik.fhnw.ch/solarradio/data/2002-20yy_Callisto/2024/06/18/MEXART_20240618_150000_59.fit.gz,train,190.0,3600.0
1531,1531,1474,5638,FITfiles/2024-04-27/Beelink1_20240427_063000_59.fit,2024-04-27 06:30:00,0,0,22345.71875,http://soleil80.cs.technik.fhnw.ch/solarradio/data/2002-20yy_Callisto/2024/04/27/USA-BOSTON_20240427_103000_01.fit.gz,valid,190.0,3600.0
1532,1532,498,3039,FITfiles/2024-04-07/Beelink1_20240407_141500_59.fit,2024-04-07 14:15:00,0,0,22038.0859375,http://soleil80.cs.technik.fhnw.ch/solarradio/data/2002-20yy_Callisto/2024/04/07/USA-BOSTON_20240407_181500_63.fit.gz,train,190.0,3590.0
1533,1533,2939,4889,FITfiles/2024-06-06/UMICH_20240606_204500_59.fit,2024-06-06 20:45:00,0,0,10806.9091796875,http://soleil80.cs.technik.fhnw.ch/solarradio/data/2002-20yy_Callisto/2024/06/07/ALASKA-HAARP_20240607_004500_63.fit.gz,test,190.0,3590.0
1534,1534,760,8495,FITfiles/2024-04-14/Beelink1_20240414_163000_59.fit,2024-04-14 16:30:00,0,0,21377.017578125,http://soleil80.cs.technik.fhnw.ch/solarradio/data/2002-20yy_Callisto/2024/04/14/ALASKA-HAARP_20240414_203000_63.fit.gz,train,190.0,3600.0
1535,1535,9270,361,FITfiles/2024-11-05/Beelink1_20241105_083000_59.fit,2024-11-05 08:30:00,0,0,36565.35546875,http://soleil80.cs.technik.fhnw.ch/solarradio/data/2002-20yy_Callisto/2024/11/05/USA-BOSTON_20241105_133000_63.fit.gz,train,190.0,3600.0
1536,1536,5507,2592,FITfiles/2024-07-27/Beelink1_20240727_170000_59.fit,2024-07-27 17:00:00,0,0,9954.6611328125,http://soleil80.cs.technik.fhnw.ch/solarradio/data/2002-20yy_Callisto/2024/07/27/MEXICO-LANCE-A_20240727_210000_63.fit.gz,valid,190.0,3600.0
1537,1537,1047,5299,FITfiles/2024-04-19/Beelink1_20240419_154831_59.fit,2024-04-19 15:48:31,0,0,21997.923828125,http://soleil80.cs.technik.fhnw.ch/solarradio/data/2002-20yy_Callisto/2024/04/19/MEXICO-LANCE-B_20240419_194500_62.fit.gz,train,190.0,3600.0
1538,1538,8524,817,FITfiles/2024-10-23/Beelink1_20241023_103000_59.fit,2024-10-23 10:30:00,0,0,35774.6953125,http://soleil80.cs.technik.fhnw.ch/solarradio/data/2002-20yy_Callisto/2024/10/23/USA-BOSTON_20241023_143000_63.fit.gz,test,190.0,3600.0
1539,1539,6947,8393,FITfiles/2024-09-10/UMICH_20240910_111459_59.fit,2024-09-10 11:14:59,0,0,10144.31640625,http://soleil80.cs.technik.fhnw.ch/solarradio/data/2002-20yy_Callisto/2024/09/10/MEXICO-LANCE-A_20240910_151500_63.fit.gz,test,190.0,3600.0
1540,1540,6051,4268,FITfiles/2024-08-06/Beelink1_20240806_080000_59.fit,2024-08-06 08:00:00,0,0,10117.6357421875,http://soleil80.cs.technik.fhnw.ch/solarradio/data/2002-20yy_Callisto/2024/08/06/MEXICO-LANCE-B_20240806_120000_62.fit.gz,train,190.0,3600.0
1541,1541,1089,8354,FITfiles/2024-04-20/Beelink1_20240420_114500_59.fit,2024-04-20 11:45:00,0,0,22449.732421875,http://soleil80.cs.technik.fhnw.ch/solarradio/data/2002-20yy_Callisto/2024/04/20/USA-BOSTON_20240420_154500_63.fit.gz,valid,190.0,3600.0
1542,1542,5776,8233,FITfiles/2024-08-01/Beelink1_20240801_114459_59.fit,2024-08-01 11:44:59,0,0,10015.3837890625,http://soleil80.cs.technik.fhnw.ch/solarradio/data/2002-20yy_Callisto/2024/08/01/MEXICO-LANCE-B_20240801_154459_62.fit.gz,test,190.0,3600.0
1543,1543,4500,6461,FITfiles/2024-07-04/Beelink1_20240704_141500_59.fit,2024-07-04 14:15:00,0,0,10085.1884765625,http://soleil80.cs.technik.fhnw.ch/solarradio/data/2002-20yy_Callisto/2024/07/04/USA-BOSTON_20240704_181500_63.fit.gz,train,190.0,3593.0
1544,1544,5691,3852,FITfiles/2024-07-30/Beelink1_20240730_193000_59.fit,2024-07-30 19:30:00,0,0,10028.32421875,http://soleil80.cs.technik.fhnw.ch/solarradio/data/2002-20yy_Callisto/2024/07/30/GREENLAND_20240730_233000_63.fit.gz,train,190.0,3600.0
1545,1545,7271,991,FITfiles/2024-09-17/UMICH_20240917_170000_59.fit,2024-09-17 17:00:00,0,0,10271.982421875,http://soleil80.cs.technik.fhnw.ch/solarradio/data/2002-20yy_Callisto/2024/09/17/MEXICO-LANCE-A_20240917_210000_63.fit.gz,test,190.0,3600.0
1546,1546,8730,1462,FITfiles/2024-10-26/Beelink1_20241026_183000_59.fit,2024-10-26 18:30:00,0,0,37796.953125,http://soleil80.cs.technik.fhnw.ch/solarradio/data/2002-20yy_Callisto/2024/10/26/ALASKA-HAARP_20241026_223000_63.fit.gz,train,190.0,3600.0
1547,1547,2453,4131,FITfiles/2024-05-29/UMICH_20240529_141500_59.fit,2024-05-29 14:15:00,0,0,10599.5166015625,http://soleil80.cs.technik.fhnw.ch/solarradio/data/2002-20yy_Callisto/2024/05/29/USA-BOSTON_20240529_181500_63.fit.gz,valid,190.0,3592.0
1548,1548,3349,4553,FITfiles/2024-06-14/UMICH_20240614_073000_59.fit,2024-06-14 07:30:00,0,0,11430.845703125,http://soleil80.cs.technik.fhnw.ch/solarradio/data/2002-20yy_Callisto/2024/06/14/USA-BOSTON_20240614_113000_01.fit.gz,test,190.0,3600.0
1549,1549,3417,1949,FITfiles/2024-06-15/UMICH_20240615_100000_59.fit,2024-06-15 10:00:00,0,0,10780.8046875,http://soleil80.cs.technik.fhnw.ch/solarradio/data/2002-20yy_Callisto/2024/06/15/MEXICO-LANCE-B_20240615_140000_62.fit.gz,test,190.0,3600.0
1550,1550,7008,8389,FITfiles/2024-09-11/UMICH_20240911_115959_59.fit,2024-09-11 11:59:59,0,0,10091.9111328125,http://soleil80.cs.technik.fhnw.ch/solarradio/data/2002-20yy_Callisto/2024/09/11/MEXICO-LANCE-B_20240911_155959_62.fit.gz,train,190.0,3600.0
1551,1551,5420,8692,FITfiles/2024-07-26/Beelink1_20240726_094500_59.fit,2024-07-26 09:45:00,0,0,10106.3564453125,http://soleil80.cs.technik.fhnw.ch/solarradio/data/2002-20yy_Callisto/2024/07/26/MEXICO-LANCE-B_20240726_134500_62.fit.gz,valid,190.0,3600.0
1552,1552,6600,8929,FITfiles/2024-09-04/UMICH_20240904_112959_59.fit,2024-09-04 11:29:59,0,0,10126.3232421875,http://soleil80.cs.technik.fhnw.ch/solarradio/data/2002-20yy_Callisto/2024/09/04/MEXICO-LANCE-B_20240904_153000_62.fit.gz,train,190.0,3600.0
1553,1553,726,8519,FITfiles/2024-04-14/Beelink1_20240414_080000_59.fit,2024-04-14 08:00:00,0,0,22472.9453125,http://soleil80.cs.technik.fhnw.ch/solarradio/data/2002-20yy_Callisto/2024/04/14/MEXICO-LANCE-B_20240414_120000_62.fit.gz,train,190.0,3600.0
1554,1554,5005,3018,FITfiles/2024-07-19/Beelink1_20240719_091500_59.fit,2024-07-19 09:15:00,0,0,10124.728515625,http://soleil80.cs.technik.fhnw.ch/solarradio/data/2002-20yy_Callisto/2024/07/19/MEXICO-LANCE-B_20240719_131500_62.fit.gz,train,190.0,3600.0
1555,1555,9414,900,FITfiles/2024-11-07/Beelink1_20241107_153000_59.fit,2024-11-07 15:30:00,0,0,36585.94140625,http://soleil80.cs.technik.fhnw.ch/solarradio/data/2002-20yy_Callisto/2024/11/07/GREENLAND_20241107_203000_63.fit.gz,train,190.0,3600.0
1556,1556,5149,3963,FITfiles/2024-07-21/Beelink1_20240721_161500_59.fit,2024-07-21 16:15:00,0,0,9982.955078125,http://soleil80.cs.technik.fhnw.ch/solarradio/data/2002-20yy_Callisto/2024/07/21/MEXICO-LANCE-B_20240721_201500_62.fit.gz,train,190.0,3592.0
1557,1557,1164,2324,FITfiles/2024-04-21/Beelink1_20240421_160000_59.fit,2024-04-21 16:00:00,0,0,22200.021484375,http://soleil80.cs.technik.fhnw.ch/solarradio/data/2002-20yy_Callisto/2024/04/21/MEXICO-LANCE-B_20240421_200000_62.fit.gz,valid,190.0,3600.0
1558,1558,6434,9250,FITfiles/2024-08-12/Beelink1_20240812_164500_59.fit,2024-08-12 16:45:00,0,0,9925.08203125,http://soleil80.cs.technik.fhnw.ch/solarradio/data/2002-20yy_Callisto/2024/08/12/MEXICO-LANCE-A_20240812_204500_63.fit.gz,valid,190.0,3600.0
1559,1559,5179,3573,FITfiles/2024-07-22/Beelink1_20240722_073000_59.fit,2024-07-22 07:30:00,0,0,10128.236328125,http://soleil80.cs.technik.fhnw.ch/solarradio/data/2002-20yy_Callisto/2024/07/22/USA-BOSTON_20240722_113000_01.fit.gz,train,190.0,3600.0
1560,1560,6451,9669,FITfiles/2024-09-01/UMICH_20240901_175115_01.fit,2024-09-01 17:51:15,0,0,10087.78125,http://soleil80.cs.technik.fhnw.ch/solarradio/data/2002-20yy_Callisto/2024/09/01/USA-BOSTON_20240901_214500_63.fit.gz,test,190.0,3600.0
1561,1561,4161,2572,FITfiles/2024-06-28/UMICH_20240628_071500_59.fit,2024-06-28 07:15:00,0,0,10706.1103515625,http://soleil80.cs.technik.fhnw.ch/solarradio/data/2002-20yy_Callisto/2024/06/28/USA-BOSTON_20240628_111500_01.fit.gz,valid,190.0,3600.0
1562,1562,5066,7866,FITfiles/2024-07-20/Beelink1_20240720_100000_59.fit,2024-07-20 10:00:00,0,0,10094.1669921875,http://soleil80.cs.technik.fhnw.ch/solarradio/data/2002-20yy_Callisto/2024/07/20/MEXICO-LANCE-A_20240720_140000_63.fit.gz,train,190.0,3600.0
1563,1563,8925,9620,FITfiles/2024-10-30/Beelink1_20241030_091500_59.fit,2024-10-30 09:15:00,0,0,36156.66796875,http://soleil80.cs.technik.fhnw.ch/solarradio/data/2002-20yy_Callisto/2024/10/30/USA-BOSTON_20241030_131500_63.fit.gz,valid,190.0,3600.0
1564,1564,150,7439,FITfiles/2024-03-11/Beelink1_20240311_123000_59.fit,2024-03-11 12:30:00,0,0,11714.87890625,http://soleil80.cs.technik.fhnw.ch/solarradio/data/2002-20yy_Callisto/2024/03/11/MEXART_20240311_163000_59.fit.gz,test,190.0,3600.0
1565,1565,9273,369,FITfiles/2024-11-05/Beelink1_20241105_091500_59.fit,2024-11-05 09:15:00,0,0,36733.23046875,http://soleil80.cs.technik.fhnw.ch/solarradio/data/2002-20yy_Callisto/2024/11/05/USA-BOSTON_20241105_141500_63.fit.gz,train,190.0,3600.0
1566,1566,8985,474,FITfiles/2024-10-31/Beelink1_20241031_094500_59.fit,2024-10-31 09:45:00,0,0,36579.3203125,http://soleil80.cs.technik.fhnw.ch/solarradio/data/2002-20yy_Callisto/2024/10/31/USA-BOSTON_20241031_134500_63.fit.gz,train,190.0,3600.0
1567,1567,2391,6743,FITfiles/2024-05-28/UMICH_20240528_133000_59.fit,2024-05-28 13:30:00,0,0,10690.1611328125,http://soleil80.cs.technik.fhnw.ch/solarradio/data/2002-20yy_Callisto/2024/05/28/MEXART_20240528_173000_59.fit.gz,train,190.0,3600.0
1568,1568,7142,1641,FITfiles/2024-09-15/UMICH_20240915_134500_59.fit,2024-09-15 13:45:00,0,0,10681.2939453125,http://soleil80.cs.technik.fhnw.ch/solarradio/data/2002-20yy_Callisto/2024/09/15/USA-BOSTON_20240915_174500_63.fit.gz,train,190.0,3600.0
1569,1569,9716,1410,FITfiles/2024-11-12/Beelink1_20241112_193000_59.fit,2024-11-12 19:30:00,0,0,34033.26953125,http://soleil80.cs.technik.fhnw.ch/solarradio/data/2002-20yy_Callisto/2024/11/13/ALASKA-HAARP_20241113_003000_63.fit.gz,test,190.0,3600.0
1570,1570,3633,6836,FITfiles/2024-06-18/UMICH_20240618_203000_59.fit,2024-06-18 20:30:00,0,0,10673.9931640625,http://soleil80.cs.technik.fhnw.ch/solarradio/data/2002-20yy_Callisto/2024/06/19/MEXART_20240619_003000_59.fit.gz,train,190.0,3600.0
1571,1571,6650,9582,FITfiles/2024-09-05/UMICH_20240905_093000_59.fit,2024-09-05 09:30:00,0,0,10113.2236328125,http://soleil80.cs.technik.fhnw.ch/solarradio/data/2002-20yy_Callisto/2024/09/05/MEXICO-LANCE-B_20240905_133000_62.fit.gz,train,190.0,3600.0
1572,1572,4353,8194,FITfiles/2024-07-02/UMICH_20240702_070000_59.fit,2024-07-02 07:00:00,0,0,11236.56640625,http://soleil80.cs.technik.fhnw.ch/solarradio/data/2002-20yy_Callisto/2024/07/02/USA-BOSTON_20240702_110000_63.fit.gz,test,190.0,3600.0
1573,1573,5493,2628,FITfiles/2024-07-27/Beelink1_20240727_133000_59.fit,2024-07-27 13:30:00,0,0,9980.0908203125,http://soleil80.cs.technik.fhnw.ch/solarradio/data/2002-20yy_Callisto/2024/07/27/USA-BOSTON_20240727_173000_01.fit.gz,test,190.0,3600.0
1574,1574,1564,7724,FITfiles/2024-04-28/Beelink1_20240428_143000_59.fit,2024-04-28 14:30:00,0,0,21926.451171875,http://soleil80.cs.technik.fhnw.ch/solarradio/data/2002-20yy_Callisto/2024/04/28/USA-BOSTON_20240428_183000_63.fit.gz,train,190.0,3600.0
1575,1575,1954,5084,FITfiles/2024-05-20/UMICH_20240520_201500_59.fit,2024-05-20 20:15:00,0,0,10828.4443359375,http://soleil80.cs.technik.fhnw.ch/solarradio/data/2002-20yy_Callisto/2024/05/21/MEXICO-LANCE-B_20240521_001500_62.fit.gz,train,190.0,3592.0
1576,1576,5435,8679,FITfiles/2024-07-26/Beelink1_20240726_133000_59.fit,2024-07-26 13:30:00,0,0,9997.8564453125,http://soleil80.cs.technik.fhnw.ch/solarradio/data/2002-20yy_Callisto/2024/07/26/USA-BOSTON_20240726_173000_01.fit.gz,train,190.0,3600.0
1577,1577,6212,4952,FITfiles/2024-08-08/Beelink1_20240808_191500_59.fit,2024-08-08 19:15:00,0,0,10034.201171875,http://soleil80.cs.technik.fhnw.ch/solarradio/data/2002-20yy_Callisto/2024/08/08/MEXART_20240808_231500_59.fit.gz,valid,190.0,3600.0
1578,1578,6261,7876,FITfiles/2024-08-09/Beelink1_20240809_170000_59.fit,2024-08-09 17:00:00,0,0,9963.4833984375,http://soleil80.cs.technik.fhnw.ch/solarradio/data/2002-20yy_Callisto/2024/08/09/MEXART_20240809_210000_59.fit.gz,valid,190.0,3600.0
1579,1579,9688,1342,FITfiles/2024-11-12/Beelink1_20241112_123000_59.fit,2024-11-12 12:30:00,0,0,33908.2578125,http://soleil80.cs.technik.fhnw.ch/solarradio/data/2002-20yy_Callisto/2024/11/12/GREENLAND_20241112_173000_63.fit.gz,train,190.0,3600.0
1580,1580,7234,1168,FITfiles/2024-09-17/UMICH_20240917_074500_59.fit,2024-09-17 07:45:00,0,0,13011.2744140625,http://soleil80.cs.technik.fhnw.ch/solarradio/data/2002-20yy_Callisto/2024/09/17/USA-BOSTON_20240917_114500_01.fit.gz,train,190.0,3600.0
1581,1581,3167,1723,FITfiles/2024-06-10/UMICH_20240610_200000_59.fit,2024-06-10 20:00:00,0,0,10819.537109375,http://soleil80.cs.technik.fhnw.ch/solarradio/data/2002-20yy_Callisto/2024/06/11/MEXART_20240611_000000_59.fit.gz,train,190.0,3600.0
1582,1582,7402,1652,FITfiles/2024-09-19/UMICH_20240919_204500_59.fit,2024-09-19 20:45:00,0,0,10955.2265625,http://soleil80.cs.technik.fhnw.ch/solarradio/data/2002-20yy_Callisto/2024/09/20/MEXART_20240920_004500_59.fit.gz,train,190.0,3590.0
1583,1583,552,6238,FITfiles/2024-04-08/Beelink1_20240408_131500_59.fit,2024-04-08 13:15:00,0,0,21986.3359375,http://soleil80.cs.technik.fhnw.ch/solarradio/data/2002-20yy_Callisto/2024/04/08/ALASKA-HAARP_20240408_171500_63.fit.gz,train,190.0,3600.0
1584,1584,7759,8800,FITfiles/2024-09-26/UMICH_20240926_131500_59.fit,2024-09-26 13:15:00,0,0,35332.78125,http://soleil80.cs.technik.fhnw.ch/solarradio/data/2002-20yy_Callisto/2024/09/26/USA-BOSTON_20240926_171500_63.fit.gz,train,190.0,3600.0
1585,1585,2316,3907,FITfiles/2024-05-27/UMICH_20240527_091500_59.fit,2024-05-27 09:15:00,0,0,10832.671875,http://soleil80.cs.technik.fhnw.ch/solarradio/data/2002-20yy_Callisto/2024/05/27/MEXICO-LANCE-B_20240527_131500_62.fit.gz,train,190.0,3600.0
1586,1586,5101,7629,FITfiles/2024-07-20/Beelink1_20240720_184500_59.fit,2024-07-20 18:45:00,0,0,10038.779296875,http://soleil80.cs.technik.fhnw.ch/solarradio/data/2002-20yy_Callisto/2024/07/20/USA-BOSTON_20240720_224500_63.fit.gz,train,190.0,3600.0
1587,1587,17,1908,FITfiles/2024-02-02/Beelink1_20240202_173000_59.fit,2024-02-02 17:30:00,0,0,21543.435546875,http://soleil80.cs.technik.fhnw.ch/solarradio/data/2002-20yy_Callisto/2024/02/02/ALASKA-HAARP_20240202_223000_63.fit.gz,test,190.0,3600.0
1588,1588,7977,8413,FITfiles/2024-09-30/UMICH_20240930_094500_59.fit,2024-09-30 09:45:00,0,0,35228.1640625,http://soleil80.cs.technik.fhnw.ch/solarradio/data/2002-20yy_Callisto/2024/09/30/MEXICO-LANCE-A_20240930_134500_63.fit.gz,test,190.0,3600.0
1589,1589,9180,846,FITfiles/2024-11-03/Beelink1_20241103_150000_59.fit,2024-11-03 15:00:00,0,0,36407.3515625,http://soleil80.cs.technik.fhnw.ch/solarradio/data/2002-20yy_Callisto/2024/11/03/GREENLAND_20241103_200000_63.fit.gz,valid,190.0,3600.0
1590,1590,3649,8124,FITfiles/2024-06-19/UMICH_20240619_100000_59.fit,2024-06-19 10:00:00,0,0,10807.013671875,http://soleil80.cs.technik.fhnw.ch/solarradio/data/2002-20yy_Callisto/2024/06/19/MEXART_20240619_140000_59.fit.gz,test,190.0,3600.0
1591,1591,8746,9656,FITfiles/2024-10-27/Beelink1_20241027_080000_59.fit,2024-10-27 08:00:00,0,0,35751.4609375,http://soleil80.cs.technik.fhnw.ch/solarradio/data/2002-20yy_Callisto/2024/10/27/USA-BOSTON_20241027_120000_63.fit.gz,test,190.0,3600.0
1592,1592,9315,418,FITfiles/2024-11-05/Beelink1_20241105_194500_59.fit,2024-11-05 19:45:00,0,0,36942.34375,http://soleil80.cs.technik.fhnw.ch/solarradio/data/2002-20yy_Callisto/2024/11/06/MEXART_20241106_004500_59.fit.gz,valid,190.0,3600.0
1593,1593,535,6260,FITfiles/2024-04-08/Beelink1_20240408_090000_59.fit,2024-04-08 09:00:00,0,0,22290.064453125,http://soleil80.cs.technik.fhnw.ch/solarradio/data/2002-20yy_Callisto/2024/04/08/MEXICO-LANCE-B_20240408_130000_62.fit.gz,valid,190.0,3600.0
1594,1594,133,7459,FITfiles/2024-03-11/Beelink1_20240311_081500_59.fit,2024-03-11 08:15:00,0,0,12501.703125,http://soleil80.cs.technik.fhnw.ch/solarradio/data/2002-20yy_Callisto/2024/03/11/MEXICO-LANCE-B_20240311_121500_62.fit.gz,valid,190.0,3592.0
1595,1595,4565,2852,FITfiles/2024-07-05/Beelink1_20240705_160000_59.fit,2024-07-05 16:00:00,0,0,10048.74609375,http://soleil80.cs.technik.fhnw.ch/solarradio/data/2002-20yy_Callisto/2024/07/05/MEXICO-LANCE-B_20240705_200000_62.fit.gz,valid,190.0,3600.0
1596,1596,4133,7587,FITfiles/2024-06-27/UMICH_20240627_144500_59.fit,2024-06-27 14:45:00,0,0,10327.802734375,http://soleil80.cs.technik.fhnw.ch/solarradio/data/2002-20yy_Callisto/2024/06/27/MEXICO-LANCE-B_20240627_184500_62.fit.gz,train,190.0,3600.0
1597,1597,3467,5486,FITfiles/2024-06-16/UMICH_20240616_080000_59.fit,2024-06-16 08:00:00,0,0,11502.6826171875,http://soleil80.cs.technik.fhnw.ch/solarradio/data/2002-20yy_Callisto/2024/06/16/USA-BOSTON_20240616_120000_01.fit.gz,valid,190.0,3600.0
1598,1598,7822,3117,FITfiles/2024-09-27/UMICH_20240927_143000_59.fit,2024-09-27 14:30:00,0,0,34470.66796875,http://soleil80.cs.technik.fhnw.ch/solarradio/data/2002-20yy_Callisto/2024/09/27/MEXICO-LANCE-B_20240927_183000_62.fit.gz,test,190.0,3600.0
1599,1599,1130,2364,FITfiles/2024-04-21/Beelink1_20240421_073000_59.fit,2024-04-21 07:30:00,0,0,22558.494140625,http://soleil80.cs.technik.fhnw.ch/solarradio/data/2002-20yy_Callisto/2024/04/21/USA-BOSTON_20240421_113000_63.fit.gz,train,190.0,3600.0
1600,1600,6668,9565,FITfiles/2024-09-05/UMICH_20240905_140000_59.fit,2024-09-05 14:00:00,0,0,10038.2734375,http://soleil80.cs.technik.fhnw.ch/solarradio/data/2002-20yy_Callisto/2024/09/05/MEXICO-LANCE-A_20240905_180000_63.fit.gz,train,190.0,3600.0
1601,1601,3336,7977,FITfiles/2024-06-13/UMICH_20240613_184500_59.fit,2024-06-13 18:45:00,0,0,10980.1142578125,http://soleil80.cs.technik.fhnw.ch/solarradio/data/2002-20yy_Callisto/2024/06/13/USA-BOSTON_20240613_224500_63.fit.gz,test,190.0,3600.0
1602,1602,3869,4507,FITfiles/2024-06-23/UMICH_20240623_064500_59.fit,2024-06-23 06:45:00,0,0,10751.119140625,http://soleil80.cs.technik.fhnw.ch/solarradio/data/2002-20yy_Callisto/2024/06/23/USA-BOSTON_20240623_104500_63.fit.gz,test,190.0,3600.0
1603,1603,3615,6846,FITfiles/2024-06-18/UMICH_20240618_160000_59.fit,2024-06-18 16:00:00,0,0,10390.5849609375,http://soleil80.cs.technik.fhnw.ch/solarradio/data/2002-20yy_Callisto/2024/06/18/MEXART_20240618_200000_59.fit.gz,train,190.0,3600.0
1604,1604,3077,8840,FITfiles/2024-06-09/UMICH_20240609_115959_59.fit,2024-06-09 11:59:59,0,0,10890.1494140625,http://soleil80.cs.technik.fhnw.ch/solarradio/data/2002-20yy_Callisto/2024/06/09/MEXICO-LANCE-B_20240609_155959_62.fit.gz,train,190.0,3600.0
1605,1605,169,7452,FITfiles/2024-03-11/Beelink1_20240311_171500_59.fit,2024-03-11 17:15:00,0,0,11249.259765625,http://soleil80.cs.technik.fhnw.ch/solarradio/data/2002-20yy_Callisto/2024/03/11/MEXICO-LANCE-A_20240311_211500_63.fit.gz,test,190.0,3600.0
1606,1606,7920,6400,FITfiles/2024-09-29/UMICH_20240929_100000_59.fit,2024-09-29 10:00:00,0,0,35326.2109375,http://soleil80.cs.technik.fhnw.ch/solarradio/data/2002-20yy_Callisto/2024/09/29/MEXICO-LANCE-A_20240929_140000_63.fit.gz,train,190.0,3600.0
1607,1607,9271,351,FITfiles/2024-11-05/Beelink1_20241105_084500_59.fit,2024-11-05 08:45:00,0,0,36511.77734375,http://soleil80.cs.technik.fhnw.ch/solarradio/data/2002-20yy_Callisto/2024/11/05/USA-BOSTON_20241105_134500_63.fit.gz,valid,190.0,3600.0
1608,1608,4720,5708,FITfiles/2024-07-14/Beelink1_20240714_103000_59.fit,2024-07-14 10:30:00,0,0,10060.0478515625,http://soleil80.cs.technik.fhnw.ch/solarradio/data/2002-20yy_Callisto/2024/07/14/ALASKA-HAARP_20240714_143000_63.fit.gz,train,190.0,3600.0
1609,1609,4352,8185,FITfiles/2024-07-02/UMICH_20240702_064500_59.fit,2024-07-02 06:45:00,0,0,11072.251953125,http://soleil80.cs.technik.fhnw.ch/solarradio/data/2002-20yy_Callisto/2024/07/02/USA-BOSTON_20240702_104500_63.fit.gz,valid,190.0,3600.0
1610,1610,7964,8408,FITfiles/2024-09-30/UMICH_20240930_063000_59.fit,2024-09-30 06:30:00,0,0,33850.62109375,http://soleil80.cs.technik.fhnw.ch/solarradio/data/2002-20yy_Callisto/2024/09/30/USA-BOSTON_20240930_103000_63.fit.gz,train,190.0,3600.0
1611,1611,9660,1608,FITfiles/2024-11-11/Beelink1_20241111_200000_59.fit,2024-11-11 20:00:00,0,0,33587.4140625,http://soleil80.cs.technik.fhnw.ch/solarradio/data/2002-20yy_Callisto/2024/11/12/ALASKA-HAARP_20241112_010000_63.fit.gz,valid,190.0,3600.0
1612,1612,2097,1821,FITfiles/2024-05-23/UMICH_20240523_123000_59.fit,2024-05-23 12:30:00,0,0,10689.3984375,http://soleil80.cs.technik.fhnw.ch/solarradio/data/2002-20yy_Callisto/2024/05/23/MEXART_20240523_163000_59.fit.gz,valid,190.0,3600.0
1613,1613,3454,1924,FITfiles/2024-06-15/UMICH_20240615_191500_59.fit,2024-06-15 19:15:00,0,0,10605.0751953125,http://soleil80.cs.technik.fhnw.ch/solarradio/data/2002-20yy_Callisto/2024/06/15/MEXART_20240615_231500_59.fit.gz,train,190.0,3600.0
1614,1614,6416,9297,FITfiles/2024-08-12/Beelink1_20240812_121459_59.fit,2024-08-12 12:14:59,0,0,10054.705078125,http://soleil80.cs.technik.fhnw.ch/solarradio/data/2002-20yy_Callisto/2024/08/12/MEXICO-LANCE-B_20240812_161459_62.fit.gz,train,190.0,3596.0
1615,1615,1937,5086,FITfiles/2024-05-20/UMICH_20240520_160000_59.fit,2024-05-20 16:00:00,0,0,10474.22265625,http://soleil80.cs.technik.fhnw.ch/solarradio/data/2002-20yy_Callisto/2024/05/20/USA-BOSTON_20240520_200000_63.fit.gz,valid,190.0,3600.0
1616,1616,7326,333,FITfiles/2024-09-18/UMICH_20240918_161500_59.fit,2024-09-18 16:15:00,0,0,10251.90234375,http://soleil80.cs.technik.fhnw.ch/solarradio/data/2002-20yy_Callisto/2024/09/18/MEXICO-LANCE-B_20240918_201500_62.fit.gz,train,190.0,3592.0
1617,1617,3958,4020,FITfiles/2024-06-24/UMICH_20240624_143000_59.fit,2024-06-24 14:30:00,0,0,10331.8935546875,http://soleil80.cs.technik.fhnw.ch/solarradio/data/2002-20yy_Callisto/2024/06/24/MEXICO-LANCE-B_20240624_183000_62.fit.gz,test,190.0,3600.0
1618,1618,720,8514,FITfiles/2024-04-14/Beelink1_20240414_063000_59.fit,2024-04-14 06:30:00,0,0,22533.939453125,http://soleil80.cs.technik.fhnw.ch/solarradio/data/2002-20yy_Callisto/2024/04/14/USA-BOSTON_20240414_103000_63.fit.gz,valid,190.0,3600.0
1619,1619,7962,6446,FITfiles/2024-09-29/UMICH_20240929_203000_59.fit,2024-09-29 20:30:00,0,0,35225.49609375,http://soleil80.cs.technik.fhnw.ch/solarradio/data/2002-20yy_Callisto/2024/09/30/MEXART_20240930_003000_59.fit.gz,test,190.0,3600.0
1620,1620,7313,348,FITfiles/2024-09-18/UMICH_20240918_130000_59.fit,2024-09-18 13:00:00,0,0,10687.3505859375,http://soleil80.cs.technik.fhnw.ch/solarradio/data/2002-20yy_Callisto/2024/09/18/MEXICO-LANCE-B_20240918_170000_62.fit.gz,train,190.0,3600.0
1621,1621,1344,5979,FITfiles/2024-04-24/Beelink1_20240424_173000_59.fit,2024-04-24 17:30:00,0,0,22400.984375,http://soleil80.cs.technik.fhnw.ch/solarradio/data/2002-20yy_Callisto/2024/04/24/USA-BOSTON_20240424_213000_63.fit.gz,train,190.0,3600.0
1622,1622,4346,2454,FITfiles/2024-07-01/UMICH_20240701_194500_59.fit,2024-07-01 19:45:00,0,0,10722.369140625,http://soleil80.cs.technik.fhnw.ch/solarradio/data/2002-20yy_Callisto/2024/07/01/MEXART_20240701_234500_59.fit.gz,test,190.0,3600.0
1623,1623,3121,1768,FITfiles/2024-06-10/UMICH_20240610_083000_59.fit,2024-06-10 08:30:00,0,0,10879.4072265625,http://soleil80.cs.technik.fhnw.ch/solarradio/data/2002-20yy_Callisto/2024/06/10/MEXICO-LANCE-B_20240610_123000_62.fit.gz,train,190.0,3600.0
1624,1624,7013,8374,FITfiles/2024-09-11/UMICH_20240911_131500_59.fit,2024-09-11 13:15:00,0,0,10100.8134765625,http://soleil80.cs.technik.fhnw.ch/solarradio/data/2002-20yy_Callisto/2024/09/11/USA-BOSTON_20240911_171500_63.fit.gz,valid,190.0,3600.0
1625,1625,6922,2126,FITfiles/2024-09-09/UMICH_20240909_193000_59.fit,2024-09-09 19:30:00,0,0,10093.712890625,http://soleil80.cs.technik.fhnw.ch/solarradio/data/2002-20yy_Callisto/2024/09/09/MEXICO-LANCE-B_20240909_233000_62.fit.gz,train,190.0,3600.0
1626,1626,3383,4527,FITfiles/2024-06-14/UMICH_20240614_160000_59.fit,2024-06-14 16:00:00,0,0,10358.33984375,http://soleil80.cs.technik.fhnw.ch/solarradio/data/2002-20yy_Callisto/2024/06/14/MEXICO-LANCE-B_20240614_200000_62.fit.gz,train,190.0,3600.0
1627,1627,9652,1595,FITfiles/2024-11-11/Beelink1_20241111_180000_59.fit,2024-11-11 18:00:00,0,0,34093.375,http://soleil80.cs.technik.fhnw.ch/solarradio/data/2002-20yy_Callisto/2024/11/11/GREENLAND_20241111_230000_63.fit.gz,valid,190.0,3600.0
1628,1628,8858,615,FITfiles/2024-10-29/Beelink1_20241029_070000_59.fit,2024-10-29 07:00:00,0,0,35903.00390625,http://soleil80.cs.technik.fhnw.ch/solarradio/data/2002-20yy_Callisto/2024/10/29/USA-BOSTON_20241029_110000_63.fit.gz,valid,190.0,3600.0
1629,1629,1333,6008,FITfiles/2024-04-24/Beelink1_20240424_144500_59.fit,2024-04-24 14:45:00,0,0,22389.001953125,http://soleil80.cs.technik.fhnw.ch/solarradio/data/2002-20yy_Callisto/2024/04/24/MEXICO-LANCE-B_20240424_184500_62.fit.gz,test,190.0,3600.0
1630,1630,5965,2921,FITfiles/2024-08-04/Beelink1_20240804_153000_59.fit,2024-08-04 15:30:00,0,0,9934.560546875,http://soleil80.cs.technik.fhnw.ch/solarradio/data/2002-20yy_Callisto/2024/08/04/MEXICO-LANCE-B_20240804_193000_62.fit.gz,train,190.0,3600.0
1631,1631,6586,8952,FITfiles/2024-09-04/UMICH_20240904_080000_59.fit,2024-09-04 08:00:00,0,0,10165.923828125,http://soleil80.cs.technik.fhnw.ch/solarradio/data/2002-20yy_Callisto/2024/09/04/MEXICO-LANCE-B_20240904_120000_62.fit.gz,train,190.0,3600.0
1632,1632,5982,2905,FITfiles/2024-08-04/Beelink1_20240804_194500_59.fit,2024-08-04 19:45:00,0,0,10034.1572265625,http://soleil80.cs.technik.fhnw.ch/solarradio/data/2002-20yy_Callisto/2024/08/04/MEXART_20240804_234500_59.fit.gz,test,190.0,3600.0
1633,1633,8124,7310,FITfiles/2024-10-02/UMICH_20241002_173000_59.fit,2024-10-02 17:30:00,0,0,33439.0546875,http://soleil80.cs.technik.fhnw.ch/solarradio/data/2002-20yy_Callisto/2024/10/02/ALASKA-HAARP_20241002_213000_63.fit.gz,train,190.0,3600.0
1634,1634,7817,3138,FITfiles/2024-09-27/UMICH_20240927_131500_59.fit,2024-09-27 13:15:00,0,0,35152.97265625,http://soleil80.cs.technik.fhnw.ch/solarradio/data/2002-20yy_Callisto/2024/09/27/USA-BOSTON_20240927_171500_63.fit.gz,train,190.0,3600.0
1635,1635,2747,1999,FITfiles/2024-06-03/UMICH_20240603_161500_59.fit,2024-06-03 16:15:00,0,0,10383.0673828125,http://soleil80.cs.technik.fhnw.ch/solarradio/data/2002-20yy_Callisto/2024/06/03/MEXICO-LANCE-B_20240603_201500_62.fit.gz,test,190.0,3592.0
1636,1636,3524,6988,FITfiles/2024-06-17/UMICH_20240617_074500_59.fit,2024-06-17 07:45:00,0,0,11088.7734375,http://soleil80.cs.technik.fhnw.ch/solarradio/data/2002-20yy_Callisto/2024/06/17/USA-BOSTON_20240617_114500_01.fit.gz,train,190.0,3600.0
1637,1637,9157,806,FITfiles/2024-11-03/Beelink1_20241103_091500_59.fit,2024-11-03 09:15:00,0,0,38255.953125,http://soleil80.cs.technik.fhnw.ch/solarradio/data/2002-20yy_Callisto/2024/11/03/USA-BOSTON_20241103_141500_63.fit.gz,train,190.0,3600.0
1638,1638,7227,1008,FITfiles/2024-09-16/UMICH_20240916_203000_59.fit,2024-09-16 20:30:00,0,0,10901.66796875,http://soleil80.cs.technik.fhnw.ch/solarradio/data/2002-20yy_Callisto/2024/09/17/ALASKA-COHOE_20240917_003000_63.fit.gz,train,190.0,3600.0
1639,1639,3448,1922,FITfiles/2024-06-15/UMICH_20240615_174500_59.fit,2024-06-15 17:45:00,0,0,10349.306640625,http://soleil80.cs.technik.fhnw.ch/solarradio/data/2002-20yy_Callisto/2024/06/15/MEXART_20240615_214500_59.fit.gz,train,190.0,3600.0
1640,1640,8738,1469,FITfiles/2024-10-26/Beelink1_20241026_203000_59.fit,2024-10-26 20:30:00,0,0,37164.140625,http://soleil80.cs.technik.fhnw.ch/solarradio/data/2002-20yy_Callisto/2024/10/27/ALASKA-HAARP_20241027_003000_63.fit.gz,train,190.0,3600.0
1641,1641,9618,1522,FITfiles/2024-11-11/Beelink1_20241111_093000_59.fit,2024-11-11 09:30:00,0,0,33248.88671875,http://soleil80.cs.technik.fhnw.ch/solarradio/data/2002-20yy_Callisto/2024/11/11/GREENLAND_20241111_143000_63.fit.gz,valid,190.0,3600.0
1642,1642,2883,4958,FITfiles/2024-06-06/UMICH_20240606_064500_59.fit,2024-06-06 06:45:00,0,0,11169.3037109375,http://soleil80.cs.technik.fhnw.ch/solarradio/data/2002-20yy_Callisto/2024/06/06/USA-BOSTON_20240606_104500_63.fit.gz,train,190.0,3600.0
1643,1643,7337,317,FITfiles/2024-09-18/UMICH_20240918_190000_59.fit,2024-09-18 19:00:00,0,0,10690.03515625,http://soleil80.cs.technik.fhnw.ch/solarradio/data/2002-20yy_Callisto/2024/09/18/GREENLAND_20240918_230000_63.fit.gz,train,190.0,3600.0
1644,1644,2354,3829,FITfiles/2024-05-27/UMICH_20240527_184500_59.fit,2024-05-27 18:45:00,0,0,10875.6796875,http://soleil80.cs.technik.fhnw.ch/solarradio/data/2002-20yy_Callisto/2024/05/27/MEXART_20240527_224500_59.fit.gz,train,190.0,3600.0
1645,1645,451,5403,FITfiles/2024-04-06/Beelink1_20240406_170000_59.fit,2024-04-06 17:00:00,0,0,21772.787109375,http://soleil80.cs.technik.fhnw.ch/solarradio/data/2002-20yy_Callisto/2024/04/06/MEXART_20240406_210000_59.fit.gz,test,190.0,3600.0
1646,1646,6303,9168,FITfiles/2024-08-10/Beelink1_20240810_130000_59.fit,2024-08-10 13:00:00,0,0,10057.76171875,http://soleil80.cs.technik.fhnw.ch/solarradio/data/2002-20yy_Callisto/2024/08/10/MEXART_20240810_170000_59.fit.gz,test,190.0,3600.0
1647,1647,8267,5139,FITfiles/2024-10-05/UMICH_20241005_094500_59.fit,2024-10-05 09:45:00,0,0,35505.5546875,http://soleil80.cs.technik.fhnw.ch/solarradio/data/2002-20yy_Callisto/2024/10/05/GREENLAND_20241005_134500_63.fit.gz,train,190.0,3600.0
1648,1648,811,4425,FITfiles/2024-04-15/Beelink1_20240415_144500_59.fit,2024-04-15 14:45:00,0,0,21688.087890625,http://soleil80.cs.technik.fhnw.ch/solarradio/data/2002-20yy_Callisto/2024/04/15/MEXICO-LANCE-B_20240415_184500_62.fit.gz,train,190.0,3600.0
1649,1649,7131,1653,FITfiles/2024-09-15/UMICH_20240915_105959_59.fit,2024-09-15 10:59:59,0,0,10768.34765625,http://soleil80.cs.technik.fhnw.ch/solarradio/data/2002-20yy_Callisto/2024/09/15/MEXICO-LANCE-B_20240915_145959_62.fit.gz,valid,190.0,3600.0
1650,1650,6104,5821,FITfiles/2024-08-07/Beelink1_20240807_064500_59.fit,2024-08-07 06:45:00,0,0,10124.6240234375,http://soleil80.cs.technik.fhnw.ch/solarradio/data/2002-20yy_Callisto/2024/08/07/USA-BOSTON_20240807_104500_01.fit.gz,train,190.0,3600.0
1651,1651,812,4407,FITfiles/2024-04-15/Beelink1_20240415_150000_59.fit,2024-04-15 15:00:00,0,0,21582.76171875,http://soleil80.cs.technik.fhnw.ch/solarradio/data/2002-20yy_Callisto/2024/04/15/MEXICO-LANCE-B_20240415_190000_62.fit.gz,test,190.0,3600.0
1652,1652,2757,1978,FITfiles/2024-06-03/UMICH_20240603_184500_59.fit,2024-06-03 18:45:00,0,0,10641.1328125,http://soleil80.cs.technik.fhnw.ch/solarradio/data/2002-20yy_Callisto/2024/06/03/USA-BOSTON_20240603_224500_63.fit.gz,train,190.0,3600.0
1653,1653,6383,9491,FITfiles/2024-08-11/Beelink1_20240811_183000_59.fit,2024-08-11 18:30:00,0,0,10045.263671875,http://soleil80.cs.technik.fhnw.ch/solarradio/data/2002-20yy_Callisto/2024/08/11/MEXART_20240811_223000_59.fit.gz,valid,190.0,3600.0
1654,1654,2067,4325,FITfiles/2024-05-22/UMICH_20240522_193000_59.fit,2024-05-22 19:30:00,0,0,10725.9033203125,http://soleil80.cs.technik.fhnw.ch/solarradio/data/2002-20yy_Callisto/2024/05/22/USA-BOSTON_20240522_233000_63.fit.gz,train,190.0,3600.0
1655,1655,8226,8314,FITfiles/2024-10-04/UMICH_20241004_140000_59.fit,2024-10-04 14:00:00,0,0,34152.0,http://soleil80.cs.technik.fhnw.ch/solarradio/data/2002-20yy_Callisto/2024/10/04/ALASKA-HAARP_20241004_180000_63.fit.gz,train,190.0,3600.0
1656,1656,3023,2064,FITfiles/2024-06-08/UMICH_20240608_130000_59.fit,2024-06-08 13:00:00,0,0,10548.2998046875,http://soleil80.cs.technik.fhnw.ch/solarradio/data/2002-20yy_Callisto/2024/06/08/MEXICO-LANCE-B_20240608_170000_62.fit.gz,test,190.0,3600.0
1657,1657,7574,245,FITfiles/2024-09-22/UMICH_20240922_201500_59.fit,2024-09-22 20:15:00,0,0,35777.734375,http://soleil80.cs.technik.fhnw.ch/solarradio/data/2002-20yy_Callisto/2024/09/23/ALASKA-COHOE_20240923_001500_62.fit.gz,train,190.0,3590.0
1659,1659,4270,2406,FITfiles/2024-06-29/UMICH_20240629_200000_59.fit,2024-06-29 20:00:00,0,0,10595.18359375,http://soleil80.cs.technik.fhnw.ch/solarradio/data/2002-20yy_Callisto/2024/06/30/USA-BOSTON_20240630_000000_63.fit.gz,valid,190.0,3600.0
1660,1660,7247,1088,FITfiles/2024-09-17/UMICH_20240917_105959_59.fit,2024-09-17 10:59:59,0,0,10797.41796875,http://soleil80.cs.technik.fhnw.ch/solarradio/data/2002-20yy_Callisto/2024/09/17/MEXICO-LANCE-B_20240917_145959_62.fit.gz,train,190.0,3600.0
1661,1661,5552,7033,FITfiles/2024-07-28/Beelink1_20240728_134500_59.fit,2024-07-28 13:45:00,0,0,9972.0068359375,http://soleil80.cs.technik.fhnw.ch/solarradio/data/2002-20yy_Callisto/2024/07/28/USA-BOSTON_20240728_174500_01.fit.gz,train,190.0,3600.0
1662,1662,6619,8580,FITfiles/2024-09-04/UMICH_20240904_161500_59.fit,2024-09-04 16:15:00,0,0,9932.6845703125,http://soleil80.cs.technik.fhnw.ch/solarradio/data/2002-20yy_Callisto/2024/09/04/MEXICO-LANCE-B_20240904_201500_62.fit.gz,test,190.0,3592.0
1663,1663,2562,8555,FITfiles/2024-05-31/UMICH_20240531_123000_59.fit,2024-05-31 12:30:00,0,0,10719.2294921875,http://soleil80.cs.technik.fhnw.ch/solarradio/data/2002-20yy_Callisto/2024/05/31/ALASKA-HAARP_20240531_163000_63.fit.gz,train,190.0,3600.0
1664,1664,3212,2662,FITfiles/2024-06-11/UMICH_20240611_164500_59.fit,2024-06-11 16:45:00,0,0,10372.1435546875,http://soleil80.cs.technik.fhnw.ch/solarradio/data/2002-20yy_Callisto/2024/06/11/MEXICO-LANCE-A_20240611_204500_63.fit.gz,train,190.0,3600.0
1665,1665,1454,6585,FITfiles/2024-04-26/Beelink1_20240426_160000_59.fit,2024-04-26 16:00:00,0,0,21886.55859375,http://soleil80.cs.technik.fhnw.ch/solarradio/data/2002-20yy_Callisto/2024/04/26/USA-BOSTON_20240426_200000_63.fit.gz,train,190.0,3600.0
1666,1666,684,4350,FITfiles/2024-04-10/Beelink1_20240410_171500_59.fit,2024-04-10 17:15:00,0,0,21818.509765625,http://soleil80.cs.technik.fhnw.ch/solarradio/data/2002-20yy_Callisto/2024/04/10/USA-BOSTON_20240410_211500_63.fit.gz,valid,190.0,3600.0
1667,1667,3148,1733,FITfiles/2024-06-10/UMICH_20240610_151500_59.fit,2024-06-10 15:15:00,0,0,10426.3271484375,http://soleil80.cs.technik.fhnw.ch/solarradio/data/2002-20yy_Callisto/2024/06/10/MEXICO-LANCE-B_20240610_191500_62.fit.gz,test,190.0,3600.0
1668,1668,7370,1706,FITfiles/2024-09-19/UMICH_20240919_124500_59.fit,2024-09-19 12:45:00,0,0,10731.6337890625,http://soleil80.cs.technik.fhnw.ch/solarradio/data/2002-20yy_Callisto/2024/09/19/USA-BOSTON_20240919_164500_63.fit.gz,train,190.0,3600.0
1669,1669,3495,5460,FITfiles/2024-06-16/UMICH_20240616_150000_59.fit,2024-06-16 15:00:00,0,0,10371.119140625,http://soleil80.cs.technik.fhnw.ch/solarradio/data/2002-20yy_Callisto/2024/06/16/MEXART_20240616_190000_59.fit.gz,train,190.0,3600.0
1670,1670,2314,3923,FITfiles/2024-05-27/UMICH_20240527_084500_59.fit,2024-05-27 08:45:00,0,0,10917.9306640625,http://soleil80.cs.technik.fhnw.ch/solarradio/data/2002-20yy_Callisto/2024/05/27/MEXICO-LANCE-B_20240527_124500_62.fit.gz,train,190.0,3600.0
1671,1671,3874,4495,FITfiles/2024-06-23/UMICH_20240623_080000_59.fit,2024-06-23 08:00:00,0,0,10796.4755859375,http://soleil80.cs.technik.fhnw.ch/solarradio/data/2002-20yy_Callisto/2024/06/23/MEXICO-LANCE-A_20240623_120000_63.fit.gz,test,190.0,3600.0
1672,1672,7690,6898,FITfiles/2024-09-25/UMICH_20240925_103000_59.fit,2024-09-25 10:30:00,0,0,34780.02734375,http://soleil80.cs.technik.fhnw.ch/solarradio/data/2002-20yy_Callisto/2024/09/25/MEXICO-LANCE-B_20240925_143000_62.fit.gz,train,190.0,3600.0
1673,1673,3891,4474,FITfiles/2024-06-23/UMICH_20240623_121459_59.fit,2024-06-23 12:14:59,0,0,10573.193359375,http://soleil80.cs.technik.fhnw.ch/solarradio/data/2002-20yy_Callisto/2024/06/23/MEXICO-LANCE-A_20240623_161459_63.fit.gz,train,190.0,3595.0
1674,1674,8887,639,FITfiles/2024-10-29/Beelink1_20241029_141500_59.fit,2024-10-29 14:15:00,0,0,35209.25,http://soleil80.cs.technik.fhnw.ch/solarradio/data/2002-20yy_Callisto/2024/10/29/ALASKA-HAARP_20241029_181500_63.fit.gz,valid,190.0,3589.0
1675,1675,2311,3932,FITfiles/2024-05-27/UMICH_20240527_080000_59.fit,2024-05-27 08:00:00,0,0,10969.2060546875,http://soleil80.cs.technik.fhnw.ch/solarradio/data/2002-20yy_Callisto/2024/05/27/MEXICO-LANCE-B_20240527_120000_62.fit.gz,train,190.0,3600.0
1676,1676,5444,8669,FITfiles/2024-07-26/Beelink1_20240726_154500_59.fit,2024-07-26 15:45:00,0,0,9939.2392578125,http://soleil80.cs.technik.fhnw.ch/solarradio/data/2002-20yy_Callisto/2024/07/26/MEXICO-LANCE-B_20240726_194500_62.fit.gz,valid,190.0,3600.0
1677,1677,7896,5258,FITfiles/2024-09-28/UMICH_20240928_183000_59.fit,2024-09-28 18:30:00,0,0,35773.8828125,http://soleil80.cs.technik.fhnw.ch/solarradio/data/2002-20yy_Callisto/2024/09/28/GREENLAND_20240928_223000_63.fit.gz,train,190.0,3600.0
1678,1678,3220,2707,FITfiles/2024-06-11/UMICH_20240611_184500_59.fit,2024-06-11 18:45:00,0,0,10671.5205078125,http://soleil80.cs.technik.fhnw.ch/solarradio/data/2002-20yy_Callisto/2024/06/11/MEXART_20240611_224500_59.fit.gz,train,190.0,3600.0
1679,1679,8913,689,FITfiles/2024-10-29/Beelink1_20241029_204500_59.fit,2024-10-29 20:45:00,0,0,36716.15234375,http://soleil80.cs.technik.fhnw.ch/solarradio/data/2002-20yy_Callisto/2024/10/30/ALASKA-HAARP_20241030_004500_63.fit.gz,train,190.0,3590.0
1680,1680,1516,5610,FITfiles/2024-04-27/Beelink1_20240427_170000_59.fit,2024-04-27 17:00:00,0,0,21395.298828125,http://soleil80.cs.technik.fhnw.ch/solarradio/data/2002-20yy_Callisto/2024/04/27/USA-BOSTON_20240427_210000_63.fit.gz,train,190.0,3600.0
1681,1681,1464,6588,FITfiles/2024-04-26/Beelink1_20240426_183000_59.fit,2024-04-26 18:30:00,0,0,22221.23828125,http://soleil80.cs.technik.fhnw.ch/solarradio/data/2002-20yy_Callisto/2024/04/26/USA-BOSTON_20240426_223000_63.fit.gz,valid,190.0,3600.0
1682,1682,5045,2951,FITfiles/2024-07-19/Beelink1_20240719_191500_59.fit,2024-07-19 19:15:00,0,0,10055.5205078125,http://soleil80.cs.technik.fhnw.ch/solarradio/data/2002-20yy_Callisto/2024/07/19/MEXART_20240719_231500_59.fit.gz,test,190.0,3600.0
1683,1683,9311,410,FITfiles/2024-11-05/Beelink1_20241105_184500_59.fit,2024-11-05 18:45:00,0,0,36880.77734375,http://soleil80.cs.technik.fhnw.ch/solarradio/data/2002-20yy_Callisto/2024/11/05/ALASKA-HAARP_20241105_234500_63.fit.gz,train,190.0,3600.0
1684,1684,8204,8272,FITfiles/2024-10-04/UMICH_20241004_083000_59.fit,2024-10-04 08:30:00,0,0,37471.33203125,http://soleil80.cs.technik.fhnw.ch/solarradio/data/2002-20yy_Callisto/2024/10/04/USA-BOSTON_20241004_123000_63.fit.gz,valid,190.0,3600.0
1685,1685,8581,1162,FITfiles/2024-10-24/Beelink1_20241024_101500_59.fit,2024-10-24 10:15:00,0,0,37260.21484375,http://soleil80.cs.technik.fhnw.ch/solarradio/data/2002-20yy_Callisto/2024/10/24/USA-BOSTON_20241024_141500_63.fit.gz,train,190.0,3600.0
1686,1686,744,8496,FITfiles/2024-04-14/Beelink1_20240414_123000_59.fit,2024-04-14 12:30:00,0,0,22119.353515625,http://soleil80.cs.technik.fhnw.ch/solarradio/data/2002-20yy_Callisto/2024/04/14/ALASKA-HAARP_20240414_163000_63.fit.gz,train,190.0,3600.0
1687,1687,4989,5030,FITfiles/2024-07-18/Beelink1_20240718_194500_59.fit,2024-07-18 19:45:00,0,0,10097.4599609375,http://soleil80.cs.technik.fhnw.ch/solarradio/data/2002-20yy_Callisto/2024/07/18/MEXART_20240718_234500_59.fit.gz,train,190.0,3600.0
1688,1688,3459,1918,FITfiles/2024-06-15/UMICH_20240615_203000_59.fit,2024-06-15 20:30:00,0,0,10729.70703125,http://soleil80.cs.technik.fhnw.ch/solarradio/data/2002-20yy_Callisto/2024/06/16/MEXART_20240616_003000_59.fit.gz,train,190.0,3600.0
1689,1689,5244,8631,FITfiles/2024-07-23/Beelink1_20240723_091500_59.fit,2024-07-23 09:15:00,0,0,10095.3544921875,http://soleil80.cs.technik.fhnw.ch/solarradio/data/2002-20yy_Callisto/2024/07/23/MEXICO-LANCE-B_20240723_131500_62.fit.gz,train,190.0,3600.0
1690,1690,431,5415,FITfiles/2024-04-06/Beelink1_20240406_120200_01.fit,2024-04-06 12:02:00,0,0,22323.025390625,http://soleil80.cs.technik.fhnw.ch/solarradio/data/2002-20yy_Callisto/2024/04/06/MEXART_20240406_160000_59.fit.gz,train,190.0,3600.0
1691,1691,4918,5894,FITfiles/2024-07-17/Beelink1_20240717_163000_59.fit,2024-07-17 16:30:00,0,0,9960.017578125,http://soleil80.cs.technik.fhnw.ch/solarradio/data/2002-20yy_Callisto/2024/07/17/MEXICO-LANCE-B_20240717_203000_62.fit.gz,valid,190.0,3600.0
1692,1692,7187,1252,FITfiles/2024-09-16/UMICH_20240916_103000_59.fit,2024-09-16 10:30:00,0,0,11072.4873046875,http://soleil80.cs.technik.fhnw.ch/solarradio/data/2002-20yy_Callisto/2024/09/16/MEXICO-LANCE-A_20240916_143000_63.fit.gz,train,190.0,3600.0
1693,1693,387,4850,FITfiles/2024-04-05/Beelink1_20240405_150000_59.fit,2024-04-05 15:00:00,0,0,11483.5263671875,http://soleil80.cs.technik.fhnw.ch/solarradio/data/2002-20yy_Callisto/2024/04/05/MEXICO-LANCE-B_20240405_190000_62.fit.gz,train,190.0,3600.0
1694,1694,7478,1569,FITfiles/2024-09-21/UMICH_20240921_104500_59.fit,2024-09-21 10:45:00,0,0,11976.86328125,http://soleil80.cs.technik.fhnw.ch/solarradio/data/2002-20yy_Callisto/2024/09/21/USA-BOSTON_20240921_144500_63.fit.gz,train,190.0,3600.0
1695,1695,253,5577,FITfiles/2024-03-16/Beelink1_20240316_180000_59.fit,2024-03-16 18:00:00,0,0,11674.408203125,http://soleil80.cs.technik.fhnw.ch/solarradio/data/2002-20yy_Callisto/2024/03/16/ALASKA-HAARP_20240316_220000_63.fit.gz,train,190.0,3600.0
1696,1696,2679,7159,FITfiles/2024-06-02/UMICH_20240602_134500_59.fit,2024-06-02 13:45:00,0,0,10692.8779296875,http://soleil80.cs.technik.fhnw.ch/solarradio/data/2002-20yy_Callisto/2024/06/02/USA-BOSTON_20240602_174500_63.fit.gz,train,190.0,3600.0
1697,1697,475,3061,FITfiles/2024-04-07/Beelink1_20240407_083000_59.fit,2024-04-07 08:30:00,0,0,22488.712890625,http://soleil80.cs.technik.fhnw.ch/solarradio/data/2002-20yy_Callisto/2024/04/07/MEXICO-LANCE-B_20240407_123000_62.fit.gz,train,190.0,3600.0
1698,1698,3682,8103,FITfiles/2024-06-19/UMICH_20240619_181500_59.fit,2024-06-19 18:15:00,0,0,10373.95703125,http://soleil80.cs.technik.fhnw.ch/solarradio/data/2002-20yy_Callisto/2024/06/19/USA-BOSTON_20240619_221500_63.fit.gz,train,190.0,3592.0
1699,1699,5172,3618,FITfiles/2024-07-22/Beelink1_20240722_035400_01.fit,2024-07-22 03:54:00,0,0,10123.5400390625,http://soleil80.cs.technik.fhnw.ch/solarradio/data/2002-20yy_Callisto/2024/07/22/USA-BOSTON_20240722_080000_01.fit.gz,train,190.0,3600.0
1700,1700,6225,7902,FITfiles/2024-08-09/Beelink1_20240809_080000_59.fit,2024-08-09 08:00:00,0,0,10115.9267578125,http://soleil80.cs.technik.fhnw.ch/solarradio/data/2002-20yy_Callisto/2024/08/09/MEXICO-LANCE-B_20240809_120000_62.fit.gz,valid,190.0,3600.0
1701,1701,4924,5892,FITfiles/2024-07-17/Beelink1_20240717_180000_59.fit,2024-07-17 18:00:00,0,0,10015.087890625,http://soleil80.cs.technik.fhnw.ch/solarradio/data/2002-20yy_Callisto/2024/07/17/USA-BOSTON_20240717_220000_63.fit.gz,valid,190.0,3600.0
1702,1702,6135,5787,FITfiles/2024-08-07/Beelink1_20240807_143000_59.fit,2024-08-07 14:30:00,0,0,9947.6318359375,http://soleil80.cs.technik.fhnw.ch/solarradio/data/2002-20yy_Callisto/2024/08/07/MEXICO-LANCE-B_20240807_183000_62.fit.gz,train,190.0,3600.0
1703,1703,6544,9214,FITfiles/2024-09-03/UMICH_20240903_115959_59.fit,2024-09-03 11:59:59,0,0,10135.9521484375,http://soleil80.cs.technik.fhnw.ch/solarradio/data/2002-20yy_Callisto/2024/09/03/MEXICO-LANCE-B_20240903_155959_62.fit.gz,train,190.0,3600.0
1704,1704,2145,6194,FITfiles/2024-05-24/UMICH_20240524_100000_59.fit,2024-05-24 10:00:00,0,0,10804.6484375,http://soleil80.cs.technik.fhnw.ch/solarradio/data/2002-20yy_Callisto/2024/05/24/MEXICO-LANCE-B_20240524_140000_62.fit.gz,test,190.0,3600.0
1705,1705,1086,8355,FITfiles/2024-04-20/Beelink1_20240420_110000_59.fit,2024-04-20 11:00:00,0,0,22504.341796875,http://soleil80.cs.technik.fhnw.ch/solarradio/data/2002-20yy_Callisto/2024/04/20/USA-BOSTON_20240420_150000_63.fit.gz,test,190.0,3600.0
1706,1706,234,5989,FITfiles/2024-03-12/Beelink1_20240312_190000_59.fit,2024-03-12 19:00:00,0,0,11436.4306640625,http://soleil80.cs.technik.fhnw.ch/solarradio/data/2002-20yy_Callisto/2024/03/12/MEXICO-LANCE-B_20240312_230000_62.fit.gz,train,190.0,3600.0
1707,1707,5516,2582,FITfiles/2024-07-27/Beelink1_20240727_191500_59.fit,2024-07-27 19:15:00,0,0,10048.1572265625,http://soleil80.cs.technik.fhnw.ch/solarradio/data/2002-20yy_Callisto/2024/07/27/MEXART_20240727_231500_59.fit.gz,train,190.0,3600.0
1708,1708,7893,5271,FITfiles/2024-09-28/UMICH_20240928_174500_59.fit,2024-09-28 17:45:00,0,0,35622.01171875,http://soleil80.cs.technik.fhnw.ch/solarradio/data/2002-20yy_Callisto/2024/09/28/GREENLAND_20240928_214500_63.fit.gz,test,190.0,3600.0
1709,1709,2824,6396,FITfiles/2024-06-05/UMICH_20240605_063000_59.fit,2024-06-05 06:30:00,0,0,11346.072265625,http://soleil80.cs.technik.fhnw.ch/solarradio/data/2002-20yy_Callisto/2024/06/05/USA-BOSTON_20240605_103000_63.fit.gz,train,190.0,3600.0
1710,1710,8807,453,FITfiles/2024-10-28/Beelink1_20241028_084500_59.fit,2024-10-28 08:45:00,0,0,36984.828125,http://soleil80.cs.technik.fhnw.ch/solarradio/data/2002-20yy_Callisto/2024/10/28/USA-BOSTON_20241028_124500_63.fit.gz,train,190.0,3600.0
1711,1711,3773,2158,FITfiles/2024-06-21/UMICH_20240621_114459_59.fit,2024-06-21 11:44:59,0,0,10618.439453125,http://soleil80.cs.technik.fhnw.ch/solarradio/data/2002-20yy_Callisto/2024/06/21/MEXICO-LANCE-A_20240621_154459_63.fit.gz,train,190.0,3600.0
1712,1712,6978,4511,FITfiles/2024-09-10/UMICH_20240910_190000_59.fit,2024-09-10 19:00:00,0,0,10108.3173828125,http://soleil80.cs.technik.fhnw.ch/solarradio/data/2002-20yy_Callisto/2024/09/10/MEXART_20240910_230000_59.fit.gz,test,190.0,3600.0
1713,1713,3734,3408,FITfiles/2024-06-20/UMICH_20240620_163000_59.fit,2024-06-20 16:30:00,0,0,10334.2724609375,http://soleil80.cs.technik.fhnw.ch/solarradio/data/2002-20yy_Callisto/2024/06/20/MEXICO-LANCE-A_20240620_203000_63.fit.gz,valid,190.0,3600.0
1714,1714,813,4404,FITfiles/2024-04-15/Beelink1_20240415_151500_59.fit,2024-04-15 15:15:00,0,0,21504.86328125,http://soleil80.cs.technik.fhnw.ch/solarradio/data/2002-20yy_Callisto/2024/04/15/MEXICO-LANCE-B_20240415_191500_62.fit.gz,valid,190.0,3600.0
1715,1715,4301,2515,FITfiles/2024-07-01/UMICH_20240701_083000_59.fit,2024-07-01 08:30:00,0,0,11289.4326171875,http://soleil80.cs.technik.fhnw.ch/solarradio/data/2002-20yy_Callisto/2024/07/01/MEXICO-LANCE-B_20240701_123000_62.fit.gz,train,190.0,3600.0
1716,1716,3090,2111,FITfiles/2024-06-09/UMICH_20240609_151500_59.fit,2024-06-09 15:15:00,0,0,10562.9638671875,http://soleil80.cs.technik.fhnw.ch/solarradio/data/2002-20yy_Callisto/2024/06/09/MEXICO-LANCE-B_20240609_191500_62.fit.gz,valid,190.0,3600.0
1717,1717,8722,1446,FITfiles/2024-10-26/Beelink1_20241026_163000_59.fit,2024-10-26 16:30:00,0,0,35326.86328125,http://soleil80.cs.technik.fhnw.ch/solarradio/data/2002-20yy_Callisto/2024/10/26/GREENLAND_20241026_203000_63.fit.gz,test,190.0,3600.0
1718,1718,4128,7833,FITfiles/2024-06-27/UMICH_20240627_133000_59.fit,2024-06-27 13:30:00,0,0,10418.9150390625,http://soleil80.cs.technik.fhnw.ch/solarradio/data/2002-20yy_Callisto/2024/06/27/USA-BOSTON_20240627_173000_01.fit.gz,valid,190.0,3600.0
1719,1719,4229,2446,FITfiles/2024-06-29/UMICH_20240629_094500_59.fit,2024-06-29 09:45:00,0,0,10999.5419921875,http://soleil80.cs.technik.fhnw.ch/solarradio/data/2002-20yy_Callisto/2024/06/29/MEXICO-LANCE-A_20240629_134500_63.fit.gz,train,190.0,3600.0
1720,1720,3232,8914,FITfiles/2024-06-12/UMICH_20240612_071500_59.fit,2024-06-12 07:15:00,0,0,11655.8603515625,http://soleil80.cs.technik.fhnw.ch/solarradio/data/2002-20yy_Callisto/2024/06/12/USA-BOSTON_20240612_111500_01.fit.gz,train,190.0,3600.0
1721,1721,9600,707,FITfiles/2024-11-10/Beelink1_20241110_193000_59.fit,2024-11-10 19:30:00,0,0,32339.3203125,http://soleil80.cs.technik.fhnw.ch/solarradio/data/2002-20yy_Callisto/2024/11/11/ALASKA-HAARP_20241111_003000_63.fit.gz,train,190.0,3600.0
