Unnamed: 0,filename,datetime,burst,burst_type,initial_mse,link,split,spectrogram_f,spectrogram_t
7264,FITfiles/2024-01-20/Beelink1_20240120_121507_01.fit,2024-01-20 12:15:07,0,0,, ,train,190.0,3600.0
7251,FITfiles/2024-01-20/Beelink1_20240120_123800_01.fit,2024-01-20 12:38:00,0,0,, ,train,190.0,3600.0
7239,FITfiles/2024-01-20/Beelink1_20240120_125300_01.fit,2024-01-20 12:53:00,0,0,, ,valid,190.0,3600.0
7225,FITfiles/2024-01-20/Beelink1_20240120_130800_01.fit,2024-01-20 13:08:00,0,0,, ,test,190.0,1807.0
4496,FITfiles/2024-01-21/Beelink1_20240121_141700_01.fit,2024-01-21 14:17:00,0,0,, ,train,190.0,3600.0
4491,FITfiles/2024-01-21/Beelink1_20240121_143200_01.fit,2024-01-21 14:32:00,0,0,, ,train,190.0,3600.0
4492,FITfiles/2024-01-21/Beelink1_20240121_144700_01.fit,2024-01-21 14:47:00,0,0,, ,test,190.0,3600.0
4501,FITfiles/2024-01-21/Beelink1_20240121_150200_01.fit,2024-01-21 15:02:00,0,0,, ,train,190.0,3600.0
4494,FITfiles/2024-01-21/Beelink1_20240121_151700_01.fit,2024-01-21 15:17:00,0,0,, ,train,190.0,3040.0
4292,FITfiles/2024-01-21/Beelink1_20240121_153000_59.fit,2024-01-21 15:30:00,0,0,, ,valid,190.0,242.0
4288,FITfiles/2024-01-21/Beelink1_20240121_161100_01.fit,2024-01-21 16:11:00,0,0,, ,train,190.0,377.0
4473,FITfiles/2024-01-21/Beelink1_20240121_164540_01.fit,2024-01-21 16:45:40,0,0,, ,valid,190.0,498.0
4497,FITfiles/2024-01-21/Beelink1_20240121_173000_59.fit,2024-01-21 17:30:00,0,0,, ,test,190.0,3600.0
4287,FITfiles/2024-01-21/Beelink1_20240121_174500_59.fit,2024-01-21 17:45:00,0,0,, ,train,190.0,1460.0
4469,FITfiles/2024-01-21/Beelink1_20240121_180100_01.fit,2024-01-21 18:01:00,0,0,, ,train,190.0,298.0
1906,FITfiles/2024-02-02/Beelink1_20240202_163000_01.fit,2024-02-02 16:30:00,0,0,, ,train,190.0,810.0
1935,FITfiles/2024-02-02/Beelink1_20240202_171900_01.fit,2024-02-02 17:19:00,0,0,, ,train,190.0,2625.0
1908,FITfiles/2024-02-02/Beelink1_20240202_173000_59.fit,2024-02-02 17:30:00,0,0,, ,test,190.0,3600.0
1917,FITfiles/2024-02-02/Beelink1_20240202_174500_59.fit,2024-02-02 17:45:00,0,0,, ,train,190.0,3600.0
1905,FITfiles/2024-02-02/Beelink1_20240202_180000_59.fit,2024-02-02 18:00:00,0,0,, ,test,190.0,3600.0
1904,FITfiles/2024-02-02/Beelink1_20240202_181500_59.fit,2024-02-02 18:15:00,0,0,, ,test,190.0,3590.0
1907,FITfiles/2024-02-02/Beelink1_20240202_191300_01.fit,2024-02-02 19:13:00,0,0,, ,test,190.0,3600.0
1902,FITfiles/2024-02-02/Beelink1_20240202_192804_01.fit,2024-02-02 19:28:04,0,0,, ,train,190.0,455.0
7713,FITfiles/2024-02-04/Beelink1_20240204_164300_01.fit,2024-02-04 16:43:00,0,0,, ,train,190.0,3600.0
7692,FITfiles/2024-02-04/Beelink1_20240204_165800_01.fit,2024-02-04 16:58:00,0,0,, ,test,190.0,3600.0
7560,FITfiles/2024-02-04/Beelink1_20240204_171300_01.fit,2024-02-04 17:13:00,0,0,, ,test,190.0,718.0
7685,FITfiles/2024-02-04/Beelink1_20240204_173000_59.fit,2024-02-04 17:30:00,0,0,, ,train,190.0,2836.0
2400,FITfiles/2024-03-09/Beelink1_20240309_115500_01.fit,2024-03-09 11:55:00,0,0,, ,train,190.0,3600.0
2389,FITfiles/2024-03-09/Beelink1_20240309_121000_01.fit,2024-03-09 12:10:00,0,0,, ,train,190.0,2146.0
2395,FITfiles/2024-03-09/Beelink1_20240309_122000_01.fit,2024-03-09 12:20:00,0,0,, ,valid,190.0,271.0
2393,FITfiles/2024-03-09/Beelink1_20240309_122202_01.fit,2024-03-09 12:22:02,0,0,, ,train,190.0,233.0
2399,FITfiles/2024-03-09/Beelink1_20240309_122315_01.fit,2024-03-09 12:23:15,0,0,, ,test,190.0,1614.0
2391,FITfiles/2024-03-09/Beelink1_20240309_123000_59.fit,2024-03-09 12:30:00,0,0,, ,train,190.0,3600.0
2390,FITfiles/2024-03-09/Beelink1_20240309_124500_59.fit,2024-03-09 12:45:00,0,0,, ,train,190.0,3600.0
2392,FITfiles/2024-03-09/Beelink1_20240309_130000_59.fit,2024-03-09 13:00:00,0,0,, ,train,190.0,3600.0
2397,FITfiles/2024-03-09/Beelink1_20240309_131459_59.fit,2024-03-09 13:14:59,0,0,, ,valid,190.0,3600.0
2394,FITfiles/2024-03-09/Beelink1_20240309_132959_59.fit,2024-03-09 13:29:59,0,0,, ,train,190.0,3600.0
2378,FITfiles/2024-03-09/Beelink1_20240309_134459_59.fit,2024-03-09 13:44:59,0,0,, ,valid,190.0,360.0
2385,FITfiles/2024-03-09/Beelink1_20240309_134800_01.fit,2024-03-09 13:48:00,0,0,, ,train,190.0,3600.0
2388,FITfiles/2024-03-09/Beelink1_20240309_140300_01.fit,2024-03-09 14:03:00,0,0,, ,test,190.0,3600.0
2384,FITfiles/2024-03-09/Beelink1_20240309_141800_01.fit,2024-03-09 14:18:00,0,0,, ,train,190.0,2871.0
2382,FITfiles/2024-03-09/Beelink1_20240309_143000_59.fit,2024-03-09 14:30:00,0,0,, ,train,190.0,3600.0
2383,FITfiles/2024-03-09/Beelink1_20240309_144500_59.fit,2024-03-09 14:45:00,0,0,, ,valid,190.0,3600.0
2380,FITfiles/2024-03-09/Beelink1_20240309_150000_59.fit,2024-03-09 15:00:00,0,0,, ,train,190.0,3600.0
2377,FITfiles/2024-03-09/Beelink1_20240309_151500_59.fit,2024-03-09 15:15:00,0,0,, ,test,190.0,3600.0
2386,FITfiles/2024-03-09/Beelink1_20240309_153000_59.fit,2024-03-09 15:30:00,0,0,, ,train,190.0,3600.0
2363,FITfiles/2024-03-09/Beelink1_20240309_154500_59.fit,2024-03-09 15:45:00,0,0,, ,train,190.0,3600.0
2387,FITfiles/2024-03-09/Beelink1_20240309_155959_59.fit,2024-03-09 15:59:59,0,0,, ,valid,190.0,3600.0
2379,FITfiles/2024-03-09/Beelink1_20240309_161459_59.fit,2024-03-09 16:14:59,0,0,, ,train,190.0,3594.0
2372,FITfiles/2024-03-09/Beelink1_20240309_163000_59.fit,2024-03-09 16:30:00,0,0,, ,train,190.0,3600.0
2374,FITfiles/2024-03-09/Beelink1_20240309_164500_59.fit,2024-03-09 16:45:00,0,0,, ,train,190.0,3600.0
2369,FITfiles/2024-03-09/Beelink1_20240309_170000_59.fit,2024-03-09 17:00:00,0,0,, ,train,190.0,3600.0
2368,FITfiles/2024-03-09/Beelink1_20240309_171500_59.fit,2024-03-09 17:15:00,0,0,, ,train,190.0,3600.0
2362,FITfiles/2024-03-09/Beelink1_20240309_173000_59.fit,2024-03-09 17:30:00,0,0,, ,valid,190.0,3600.0
2396,FITfiles/2024-03-09/Beelink1_20240309_174500_59.fit,2024-03-09 17:45:00,0,0,, ,test,190.0,3600.0
2370,FITfiles/2024-03-09/Beelink1_20240309_180000_59.fit,2024-03-09 18:00:00,0,0,, ,valid,190.0,3600.0
2361,FITfiles/2024-03-09/Beelink1_20240309_181500_59.fit,2024-03-09 18:15:00,0,0,, ,valid,190.0,3594.0
2375,FITfiles/2024-03-09/Beelink1_20240309_183000_59.fit,2024-03-09 18:30:00,0,0,, ,train,190.0,3600.0
2373,FITfiles/2024-03-09/Beelink1_20240309_184500_59.fit,2024-03-09 18:45:00,0,0,, ,train,190.0,3600.0
2365,FITfiles/2024-03-09/Beelink1_20240309_190000_59.fit,2024-03-09 19:00:00,0,0,, ,train,190.0,3600.0
2371,FITfiles/2024-03-09/Beelink1_20240309_191500_59.fit,2024-03-09 19:15:00,0,0,, ,train,190.0,3600.0
2367,FITfiles/2024-03-09/Beelink1_20240309_193000_59.fit,2024-03-09 19:30:00,0,0,, ,train,190.0,3600.0
2376,FITfiles/2024-03-09/Beelink1_20240309_194500_59.fit,2024-03-09 19:45:00,0,0,, ,train,190.0,3600.0
2359,FITfiles/2024-03-09/Beelink1_20240309_200000_59.fit,2024-03-09 20:00:00,0,0,, ,test,190.0,3600.0
2381,FITfiles/2024-03-09/Beelink1_20240309_201500_59.fit,2024-03-09 20:15:00,0,0,, ,train,190.0,3593.0
2401,FITfiles/2024-03-09/Beelink1_20240309_203000_59.fit,2024-03-09 20:30:00,0,0,, ,train,190.0,3600.0
2518,FITfiles/2024-03-09/Beelink1_20240309_204500_59.fit,2024-03-09 20:45:00,0,0,, ,train,190.0,3591.0
3764,FITfiles/2024-03-10/Beelink1_20240310_063000_59.fit,2024-03-10 06:30:00,0,0,, ,train,190.0,3600.0
3758,FITfiles/2024-03-10/Beelink1_20240310_064500_59.fit,2024-03-10 06:45:00,0,0,, ,train,190.0,3600.0
3773,FITfiles/2024-03-10/Beelink1_20240310_070000_59.fit,2024-03-10 07:00:00,0,0,, ,train,190.0,3600.0
3752,FITfiles/2024-03-10/Beelink1_20240310_071500_59.fit,2024-03-10 07:15:00,0,0,, ,train,190.0,3600.0
3755,FITfiles/2024-03-10/Beelink1_20240310_073000_59.fit,2024-03-10 07:30:00,0,0,, ,train,190.0,3600.0
3781,FITfiles/2024-03-10/Beelink1_20240310_074500_59.fit,2024-03-10 07:45:00,0,0,, ,train,190.0,3600.0
3756,FITfiles/2024-03-10/Beelink1_20240310_080000_59.fit,2024-03-10 08:00:00,0,0,, ,train,190.0,3600.0
3750,FITfiles/2024-03-10/Beelink1_20240310_081500_59.fit,2024-03-10 08:15:00,0,0,, ,valid,190.0,3593.0
3745,FITfiles/2024-03-10/Beelink1_20240310_083000_59.fit,2024-03-10 08:30:00,0,0,, ,valid,190.0,3600.0
3746,FITfiles/2024-03-10/Beelink1_20240310_084500_59.fit,2024-03-10 08:45:00,0,0,, ,valid,190.0,3600.0
3760,FITfiles/2024-03-10/Beelink1_20240310_090000_59.fit,2024-03-10 09:00:00,0,0,, ,train,190.0,3600.0
3754,FITfiles/2024-03-10/Beelink1_20240310_091500_59.fit,2024-03-10 09:15:00,0,0,, ,train,190.0,3600.0
3739,FITfiles/2024-03-10/Beelink1_20240310_093000_59.fit,2024-03-10 09:30:00,0,0,, ,train,190.0,3600.0
3753,FITfiles/2024-03-10/Beelink1_20240310_094500_59.fit,2024-03-10 09:45:00,0,0,, ,valid,190.0,3600.0
3757,FITfiles/2024-03-10/Beelink1_20240310_100000_59.fit,2024-03-10 10:00:00,0,0,, ,train,190.0,3600.0
3742,FITfiles/2024-03-10/Beelink1_20240310_101500_59.fit,2024-03-10 10:15:00,0,0,, ,valid,190.0,3600.0
3735,FITfiles/2024-03-10/Beelink1_20240310_103000_59.fit,2024-03-10 10:30:00,0,0,, ,valid,190.0,3600.0
3736,FITfiles/2024-03-10/Beelink1_20240310_104459_59.fit,2024-03-10 10:44:59,0,0,, ,test,190.0,3600.0
3734,FITfiles/2024-03-10/Beelink1_20240310_105959_59.fit,2024-03-10 10:59:59,0,0,, ,test,190.0,3600.0
3737,FITfiles/2024-03-10/Beelink1_20240310_111459_59.fit,2024-03-10 11:14:59,0,0,, ,train,190.0,3600.0
3747,FITfiles/2024-03-10/Beelink1_20240310_112959_59(1).fit,2024-03-10 11:29:59,0,0,, ,train,190.0,3600.0
3740,FITfiles/2024-03-10/Beelink1_20240310_112959_59.fit,2024-03-10 11:29:59,0,0,, ,train,190.0,3600.0
3731,FITfiles/2024-03-10/Beelink1_20240310_114459_59.fit,2024-03-10 11:44:59,0,0,, ,train,190.0,3600.0
3738,FITfiles/2024-03-10/Beelink1_20240310_115959_59.fit,2024-03-10 11:59:59,0,0,, ,train,190.0,3600.0
3743,FITfiles/2024-03-10/Beelink1_20240310_121459_59.fit,2024-03-10 12:14:59,0,0,, ,train,190.0,3595.0
3761,FITfiles/2024-03-10/Beelink1_20240310_123000_59.fit,2024-03-10 12:30:00,0,0,, ,train,190.0,3600.0
3732,FITfiles/2024-03-10/Beelink1_20240310_124500_59.fit,2024-03-10 12:45:00,0,0,, ,train,190.0,3600.0
3729,FITfiles/2024-03-10/Beelink1_20240310_130000_59.fit,2024-03-10 13:00:00,0,0,, ,train,190.0,3600.0
3744,FITfiles/2024-03-10/Beelink1_20240310_131500_59.fit,2024-03-10 13:15:00,0,0,, ,test,190.0,3600.0
3725,FITfiles/2024-03-10/Beelink1_20240310_133000_59.fit,2024-03-10 13:30:00,0,0,, ,train,190.0,3600.0
3723,FITfiles/2024-03-10/Beelink1_20240310_134500_59.fit,2024-03-10 13:45:00,0,0,, ,train,190.0,3600.0
3724,FITfiles/2024-03-10/Beelink1_20240310_140000_59.fit,2024-03-10 14:00:00,0,0,, ,train,190.0,3600.0
3727,FITfiles/2024-03-10/Beelink1_20240310_141500_59.fit,2024-03-10 14:15:00,0,0,, ,valid,190.0,3592.0
3751,FITfiles/2024-03-10/Beelink1_20240310_143000_59.fit,2024-03-10 14:30:00,0,0,, ,test,190.0,3600.0
3749,FITfiles/2024-03-10/Beelink1_20240310_144500_59.fit,2024-03-10 14:45:00,0,0,, ,valid,190.0,3600.0
3741,FITfiles/2024-03-10/Beelink1_20240310_150000_59.fit,2024-03-10 15:00:00,0,0,, ,valid,190.0,3600.0
3726,FITfiles/2024-03-10/Beelink1_20240310_151500_59.fit,2024-03-10 15:15:00,0,0,, ,train,190.0,3600.0
3733,FITfiles/2024-03-10/Beelink1_20240310_153000_59.fit,2024-03-10 15:30:00,0,0,, ,test,190.0,3600.0
3728,FITfiles/2024-03-10/Beelink1_20240310_154500_59.fit,2024-03-10 15:45:00,0,0,, ,valid,190.0,3600.0
3721,FITfiles/2024-03-10/Beelink1_20240310_160000_59.fit,2024-03-10 16:00:00,0,0,, ,train,190.0,3600.0
3748,FITfiles/2024-03-10/Beelink1_20240310_161500_59.fit,2024-03-10 16:15:00,0,0,, ,valid,190.0,3592.0
3722,FITfiles/2024-03-10/Beelink1_20240310_163000_59.fit,2024-03-10 16:30:00,0,0,, ,train,190.0,3600.0
3716,FITfiles/2024-03-10/Beelink1_20240310_164500_59.fit,2024-03-10 16:45:00,0,0,, ,train,190.0,3600.0
3713,FITfiles/2024-03-10/Beelink1_20240310_170000_59.fit,2024-03-10 17:00:00,0,0,, ,train,190.0,3600.0
3718,FITfiles/2024-03-10/Beelink1_20240310_171500_59.fit,2024-03-10 17:15:00,0,0,, ,train,190.0,3600.0
3717,FITfiles/2024-03-10/Beelink1_20240310_173000_59.fit,2024-03-10 17:30:00,0,0,, ,train,190.0,3600.0
3719,FITfiles/2024-03-10/Beelink1_20240310_174500_59.fit,2024-03-10 17:45:00,0,0,, ,train,190.0,3600.0
3730,FITfiles/2024-03-10/Beelink1_20240310_180000_59.fit,2024-03-10 18:00:00,0,0,, ,train,190.0,3600.0
3715,FITfiles/2024-03-10/Beelink1_20240310_181500_59.fit,2024-03-10 18:15:00,0,0,, ,valid,190.0,3592.0
3712,FITfiles/2024-03-10/Beelink1_20240310_183000_59.fit,2024-03-10 18:30:00,0,0,, ,test,190.0,3600.0
3720,FITfiles/2024-03-10/Beelink1_20240310_184500_59.fit,2024-03-10 18:45:00,1,3,, ,train,190.0,3600.0
3710,FITfiles/2024-03-10/Beelink1_20240310_190000_59.fit,2024-03-10 19:00:00,0,0,, ,train,190.0,3600.0
3714,FITfiles/2024-03-10/Beelink1_20240310_191500_59.fit,2024-03-10 19:15:00,0,0,, ,train,190.0,3600.0
3707,FITfiles/2024-03-10/Beelink1_20240310_193000_59.fit,2024-03-10 19:30:00,0,0,, ,valid,190.0,3600.0
3706,FITfiles/2024-03-10/Beelink1_20240310_194500_59.fit,2024-03-10 19:45:00,0,0,, ,train,190.0,3600.0
3711,FITfiles/2024-03-10/Beelink1_20240310_200000_59.fit,2024-03-10 20:00:00,0,0,, ,train,190.0,3600.0
3708,FITfiles/2024-03-10/Beelink1_20240310_201500_59.fit,2024-03-10 20:15:00,0,0,, ,train,190.0,3592.0
3705,FITfiles/2024-03-10/Beelink1_20240310_203000_59.fit,2024-03-10 20:30:00,0,0,, ,train,190.0,3600.0
3709,FITfiles/2024-03-10/Beelink1_20240310_204500_59.fit,2024-03-10 20:45:00,0,0,, ,train,190.0,3591.0
7472,FITfiles/2024-03-11/Beelink1_20240311_063000_59.fit,2024-03-11 06:30:00,0,0,, ,train,190.0,3600.0
7471,FITfiles/2024-03-11/Beelink1_20240311_064500_59.fit,2024-03-11 06:45:00,0,0,, ,valid,190.0,3600.0
7509,FITfiles/2024-03-11/Beelink1_20240311_070000_59.fit,2024-03-11 07:00:00,0,0,, ,train,190.0,3600.0
7482,FITfiles/2024-03-11/Beelink1_20240311_071500_59.fit,2024-03-11 07:15:00,0,0,, ,test,190.0,3600.0
7467,FITfiles/2024-03-11/Beelink1_20240311_073000_59.fit,2024-03-11 07:30:00,0,0,, ,train,190.0,3600.0
7473,FITfiles/2024-03-11/Beelink1_20240311_074500_59.fit,2024-03-11 07:45:00,0,0,, ,train,190.0,3600.0
7465,FITfiles/2024-03-11/Beelink1_20240311_080000_59.fit,2024-03-11 08:00:00,0,0,, ,train,190.0,3600.0
7459,FITfiles/2024-03-11/Beelink1_20240311_081500_59.fit,2024-03-11 08:15:00,0,0,, ,valid,190.0,3592.0
7460,FITfiles/2024-03-11/Beelink1_20240311_083000_59.fit,2024-03-11 08:30:00,0,0,, ,train,190.0,3600.0
7463,FITfiles/2024-03-11/Beelink1_20240311_084500_59.fit,2024-03-11 08:45:00,0,0,, ,train,190.0,3600.0
7457,FITfiles/2024-03-11/Beelink1_20240311_090000_59.fit,2024-03-11 09:00:00,0,0,, ,train,190.0,3600.0
7464,FITfiles/2024-03-11/Beelink1_20240311_091500_59.fit,2024-03-11 09:15:00,0,0,, ,train,190.0,3600.0
7453,FITfiles/2024-03-11/Beelink1_20240311_093000_59.fit,2024-03-11 09:30:00,0,0,, ,train,190.0,3600.0
7479,FITfiles/2024-03-11/Beelink1_20240311_094500_59.fit,2024-03-11 09:45:00,0,0,, ,train,190.0,3600.0
7488,FITfiles/2024-03-11/Beelink1_20240311_100000_59.fit,2024-03-11 10:00:00,0,0,, ,valid,190.0,3600.0
7448,FITfiles/2024-03-11/Beelink1_20240311_101500_59.fit,2024-03-11 10:15:00,0,0,, ,train,190.0,3600.0
7451,FITfiles/2024-03-11/Beelink1_20240311_102959_59.fit,2024-03-11 10:29:59,0,0,, ,train,190.0,3600.0
7456,FITfiles/2024-03-11/Beelink1_20240311_104459_59.fit,2024-03-11 10:44:59,0,0,, ,train,190.0,3600.0
7444,FITfiles/2024-03-11/Beelink1_20240311_105959_59.fit,2024-03-11 10:59:59,0,0,, ,train,190.0,3600.0
7454,FITfiles/2024-03-11/Beelink1_20240311_111459_59.fit,2024-03-11 11:14:59,0,0,, ,train,190.0,3600.0
7446,FITfiles/2024-03-11/Beelink1_20240311_112959_59.fit,2024-03-11 11:29:59,0,0,, ,valid,190.0,3600.0
7449,FITfiles/2024-03-11/Beelink1_20240311_114459_59.fit,2024-03-11 11:44:59,0,0,, ,train,190.0,3600.0
7443,FITfiles/2024-03-11/Beelink1_20240311_115959_59.fit,2024-03-11 11:59:59,0,0,, ,train,190.0,3600.0
7462,FITfiles/2024-03-11/Beelink1_20240311_121459_59.fit,2024-03-11 12:14:59,0,0,, ,train,190.0,3595.0
7439,FITfiles/2024-03-11/Beelink1_20240311_123000_59.fit,2024-03-11 12:30:00,0,0,, ,test,190.0,3600.0
7455,FITfiles/2024-03-11/Beelink1_20240311_124500_59.fit,2024-03-11 12:45:00,0,0,, ,train,190.0,3600.0
7442,FITfiles/2024-03-11/Beelink1_20240311_130000_59.fit,2024-03-11 13:00:00,0,0,, ,train,190.0,3600.0
7440,FITfiles/2024-03-11/Beelink1_20240311_131500_59.fit,2024-03-11 13:15:00,0,0,, ,train,190.0,3600.0
7434,FITfiles/2024-03-11/Beelink1_20240311_133000_59.fit,2024-03-11 13:30:00,0,0,, ,valid,190.0,3600.0
7438,FITfiles/2024-03-11/Beelink1_20240311_134500_59.fit,2024-03-11 13:45:00,0,0,, ,test,190.0,3600.0
7468,FITfiles/2024-03-11/Beelink1_20240311_140000_59.fit,2024-03-11 14:00:00,0,0,, ,train,190.0,3600.0
7437,FITfiles/2024-03-11/Beelink1_20240311_141500_59.fit,2024-03-11 14:15:00,0,0,, ,test,190.0,3592.0
7450,FITfiles/2024-03-11/Beelink1_20240311_143000_59.fit,2024-03-11 14:30:00,0,0,, ,valid,190.0,3600.0
7432,FITfiles/2024-03-11/Beelink1_20240311_144500_59.fit,2024-03-11 14:45:00,0,0,, ,train,190.0,3600.0
7436,FITfiles/2024-03-11/Beelink1_20240311_150000_59.fit,2024-03-11 15:00:00,0,0,, ,train,190.0,3600.0
7430,FITfiles/2024-03-11/Beelink1_20240311_151500_59.fit,2024-03-11 15:15:00,0,0,, ,test,190.0,3600.0
7429,FITfiles/2024-03-11/Beelink1_20240311_153000_59.fit,2024-03-11 15:30:00,0,0,, ,train,190.0,3600.0
7447,FITfiles/2024-03-11/Beelink1_20240311_154500_59.fit,2024-03-11 15:45:00,0,0,, ,valid,190.0,3600.0
7433,FITfiles/2024-03-11/Beelink1_20240311_160000_59.fit,2024-03-11 16:00:00,0,0,, ,train,190.0,3600.0
7424,FITfiles/2024-03-11/Beelink1_20240311_161500_59.fit,2024-03-11 16:15:00,0,0,, ,valid,190.0,3592.0
7426,FITfiles/2024-03-11/Beelink1_20240311_163000_59.fit,2024-03-11 16:30:00,0,0,, ,test,190.0,3600.0
7428,FITfiles/2024-03-11/Beelink1_20240311_164500_59.fit,2024-03-11 16:45:00,0,0,, ,test,190.0,3600.0
7419,FITfiles/2024-03-11/Beelink1_20240311_170000_59.fit,2024-03-11 17:00:00,0,0,, ,test,190.0,3600.0
7452,FITfiles/2024-03-11/Beelink1_20240311_171500_59.fit,2024-03-11 17:15:00,0,0,, ,test,190.0,3600.0
7435,FITfiles/2024-03-11/Beelink1_20240311_173000_59.fit,2024-03-11 17:30:00,0,0,, ,train,190.0,3600.0
7418,FITfiles/2024-03-11/Beelink1_20240311_174500_59.fit,2024-03-11 17:45:00,0,0,, ,valid,190.0,3600.0
7422,FITfiles/2024-03-11/Beelink1_20240311_180000_59.fit,2024-03-11 18:00:00,0,0,, ,valid,190.0,3600.0
7416,FITfiles/2024-03-11/Beelink1_20240311_181500_59.fit,2024-03-11 18:15:00,0,0,, ,train,190.0,3592.0
7431,FITfiles/2024-03-11/Beelink1_20240311_183000_59.fit,2024-03-11 18:30:00,0,0,, ,train,190.0,3600.0
7423,FITfiles/2024-03-11/Beelink1_20240311_184500_59.fit,2024-03-11 18:45:00,0,0,, ,train,190.0,3600.0
7417,FITfiles/2024-03-11/Beelink1_20240311_190000_59.fit,2024-03-11 19:00:00,0,0,, ,train,190.0,3600.0
7420,FITfiles/2024-03-11/Beelink1_20240311_191500_59.fit,2024-03-11 19:15:00,0,0,, ,train,190.0,3600.0
7425,FITfiles/2024-03-11/Beelink1_20240311_193000_59.fit,2024-03-11 19:30:00,0,0,, ,test,190.0,3600.0
7414,FITfiles/2024-03-11/Beelink1_20240311_194500_59.fit,2024-03-11 19:45:00,0,0,, ,train,190.0,3600.0
7415,FITfiles/2024-03-11/Beelink1_20240311_200000_59.fit,2024-03-11 20:00:00,0,0,, ,test,190.0,3600.0
7405,FITfiles/2024-03-11/Beelink1_20240311_201500_59.fit,2024-03-11 20:15:00,0,0,, ,train,190.0,3592.0
7402,FITfiles/2024-03-11/Beelink1_20240311_203000_59.fit,2024-03-11 20:30:00,0,0,, ,test,190.0,3600.0
7410,FITfiles/2024-03-11/Beelink1_20240311_204500_59.fit,2024-03-11 20:45:00,0,0,, ,train,190.0,3590.0
6075,FITfiles/2024-03-12/Beelink1_20240312_063000_59.fit,2024-03-12 06:30:00,0,0,, ,valid,190.0,3600.0
6086,FITfiles/2024-03-12/Beelink1_20240312_064500_59.fit,2024-03-12 06:45:00,0,0,, ,valid,190.0,3600.0
6074,FITfiles/2024-03-12/Beelink1_20240312_070000_59.fit,2024-03-12 07:00:00,0,0,, ,test,190.0,3600.0
6083,FITfiles/2024-03-12/Beelink1_20240312_071500_59.fit,2024-03-12 07:15:00,0,0,, ,valid,190.0,3600.0
6078,FITfiles/2024-03-12/Beelink1_20240312_073000_59.fit,2024-03-12 07:30:00,0,0,, ,train,190.0,3600.0
6082,FITfiles/2024-03-12/Beelink1_20240312_074500_59.fit,2024-03-12 07:45:00,0,0,, ,valid,190.0,3600.0
6084,FITfiles/2024-03-12/Beelink1_20240312_080000_59.fit,2024-03-12 08:00:00,0,0,, ,train,190.0,3600.0
6087,FITfiles/2024-03-12/Beelink1_20240312_081500_59.fit,2024-03-12 08:15:00,0,0,, ,train,190.0,3592.0
6080,FITfiles/2024-03-12/Beelink1_20240312_083000_59.fit,2024-03-12 08:30:00,0,0,, ,train,190.0,3600.0
6073,FITfiles/2024-03-12/Beelink1_20240312_084500_59.fit,2024-03-12 08:45:00,0,0,, ,train,190.0,3600.0
6079,FITfiles/2024-03-12/Beelink1_20240312_090000_59.fit,2024-03-12 09:00:00,0,0,, ,valid,190.0,3600.0
6081,FITfiles/2024-03-12/Beelink1_20240312_091500_59.fit,2024-03-12 09:15:00,0,0,, ,train,190.0,3600.0
6071,FITfiles/2024-03-12/Beelink1_20240312_093000_59.fit,2024-03-12 09:30:00,0,0,, ,test,190.0,3600.0
6068,FITfiles/2024-03-12/Beelink1_20240312_094500_59.fit,2024-03-12 09:45:00,0,0,, ,valid,190.0,3600.0
6085,FITfiles/2024-03-12/Beelink1_20240312_100000_59.fit,2024-03-12 10:00:00,0,0,, ,train,190.0,3600.0
6064,FITfiles/2024-03-12/Beelink1_20240312_101500_59.fit,2024-03-12 10:15:00,0,0,, ,train,190.0,3600.0
6070,FITfiles/2024-03-12/Beelink1_20240312_103000_59.fit,2024-03-12 10:30:00,0,0,, ,train,190.0,3600.0
6069,FITfiles/2024-03-12/Beelink1_20240312_104459_59.fit,2024-03-12 10:44:59,0,0,, ,train,190.0,3600.0
6077,FITfiles/2024-03-12/Beelink1_20240312_105959_59.fit,2024-03-12 10:59:59,0,0,, ,train,190.0,3600.0
6076,FITfiles/2024-03-12/Beelink1_20240312_111459_59.fit,2024-03-12 11:14:59,0,0,, ,train,190.0,3600.0
6072,FITfiles/2024-03-12/Beelink1_20240312_112959_59.fit,2024-03-12 11:29:59,0,0,, ,train,190.0,3600.0
6088,FITfiles/2024-03-12/Beelink1_20240312_114459_59.fit,2024-03-12 11:44:59,0,0,, ,test,190.0,3600.0
6062,FITfiles/2024-03-12/Beelink1_20240312_115959_59.fit,2024-03-12 11:59:59,0,0,, ,train,190.0,3600.0
6065,FITfiles/2024-03-12/Beelink1_20240312_121459_59.fit,2024-03-12 12:14:59,0,0,, ,train,190.0,3595.0
6058,FITfiles/2024-03-12/Beelink1_20240312_123000_59.fit,2024-03-12 12:30:00,0,0,, ,valid,190.0,3600.0
6047,FITfiles/2024-03-12/Beelink1_20240312_124500_59.fit,2024-03-12 12:45:00,0,0,, ,train,190.0,3600.0
6056,FITfiles/2024-03-12/Beelink1_20240312_130000_59.fit,2024-03-12 13:00:00,0,0,, ,train,190.0,3600.0
6050,FITfiles/2024-03-12/Beelink1_20240312_131500_59.fit,2024-03-12 13:15:00,0,0,, ,test,190.0,3600.0
6042,FITfiles/2024-03-12/Beelink1_20240312_133000_59.fit,2024-03-12 13:30:00,0,0,, ,test,190.0,3600.0
6052,FITfiles/2024-03-12/Beelink1_20240312_134500_59.fit,2024-03-12 13:45:00,0,0,, ,train,190.0,3600.0
6039,FITfiles/2024-03-12/Beelink1_20240312_140000_59.fit,2024-03-12 14:00:00,0,0,, ,valid,190.0,3600.0
6045,FITfiles/2024-03-12/Beelink1_20240312_141500_59.fit,2024-03-12 14:15:00,0,0,, ,train,190.0,3592.0
6048,FITfiles/2024-03-12/Beelink1_20240312_143000_59.fit,2024-03-12 14:30:00,0,0,, ,train,190.0,3600.0
6049,FITfiles/2024-03-12/Beelink1_20240312_144500_59.fit,2024-03-12 14:45:00,0,0,, ,train,190.0,3600.0
6028,FITfiles/2024-03-12/Beelink1_20240312_150000_59.fit,2024-03-12 15:00:00,0,0,, ,train,190.0,3600.0
6026,FITfiles/2024-03-12/Beelink1_20240312_151500_59.fit,2024-03-12 15:15:00,0,0,, ,train,190.0,3600.0
6030,FITfiles/2024-03-12/Beelink1_20240312_153000_59.fit,2024-03-12 15:30:00,0,0,, ,train,190.0,3600.0
6033,FITfiles/2024-03-12/Beelink1_20240312_154500_59.fit,2024-03-12 15:45:00,0,0,, ,train,190.0,3600.0
6038,FITfiles/2024-03-12/Beelink1_20240312_160000_59.fit,2024-03-12 16:00:00,0,0,, ,train,190.0,3600.0
6025,FITfiles/2024-03-12/Beelink1_20240312_161500_59.fit,2024-03-12 16:15:00,0,0,, ,train,190.0,3592.0
6053,FITfiles/2024-03-12/Beelink1_20240312_163000_59.fit,2024-03-12 16:30:00,0,0,, ,train,190.0,3600.0
6018,FITfiles/2024-03-12/Beelink1_20240312_164500_59.fit,2024-03-12 16:45:00,0,0,, ,train,190.0,3600.0
6016,FITfiles/2024-03-12/Beelink1_20240312_170000_59.fit,2024-03-12 17:00:00,0,0,, ,test,190.0,3600.0
6013,FITfiles/2024-03-12/Beelink1_20240312_171500_59.fit,2024-03-12 17:15:00,0,0,, ,test,190.0,3600.0
6015,FITfiles/2024-03-12/Beelink1_20240312_173000_59.fit,2024-03-12 17:30:00,0,0,, ,test,190.0,3600.0
6007,FITfiles/2024-03-12/Beelink1_20240312_174500_59.fit,2024-03-12 17:45:00,0,0,, ,valid,190.0,3600.0
6012,FITfiles/2024-03-12/Beelink1_20240312_180000_59.fit,2024-03-12 18:00:00,0,0,, ,train,190.0,3600.0
6014,FITfiles/2024-03-12/Beelink1_20240312_181500_59.fit,2024-03-12 18:15:00,0,0,, ,train,190.0,3592.0
6001,FITfiles/2024-03-12/Beelink1_20240312_183000_59.fit,2024-03-12 18:30:00,0,0,, ,train,190.0,3600.0
5992,FITfiles/2024-03-12/Beelink1_20240312_184500_59.fit,2024-03-12 18:45:00,0,0,, ,train,190.0,3600.0
5989,FITfiles/2024-03-12/Beelink1_20240312_190000_59.fit,2024-03-12 19:00:00,0,0,, ,train,190.0,3600.0
5985,FITfiles/2024-03-12/Beelink1_20240312_191500_59.fit,2024-03-12 19:15:00,0,0,, ,test,190.0,3600.0
5980,FITfiles/2024-03-12/Beelink1_20240312_193000_59.fit,2024-03-12 19:30:00,0,0,, ,test,190.0,3600.0
5995,FITfiles/2024-03-12/Beelink1_20240312_194500_59.fit,2024-03-12 19:45:00,0,0,, ,train,190.0,3600.0
5991,FITfiles/2024-03-12/Beelink1_20240312_200000_59.fit,2024-03-12 20:00:00,0,0,, ,train,190.0,3600.0
5965,FITfiles/2024-03-12/Beelink1_20240312_201500_59.fit,2024-03-12 20:15:00,0,0,, ,train,190.0,3594.0
5984,FITfiles/2024-03-12/Beelink1_20240312_203000_59.fit,2024-03-12 20:30:00,0,0,, ,train,190.0,3600.0
5974,FITfiles/2024-03-12/Beelink1_20240312_204500_59.fit,2024-03-12 20:45:00,0,0,, ,train,190.0,3590.0
5591,FITfiles/2024-03-16/Beelink1_20240316_152801_01.fit,2024-03-16 15:28:01,0,0,, ,train,190.0,3600.0
5590,FITfiles/2024-03-16/Beelink1_20240316_154300_01.fit,2024-03-16 15:43:00,0,0,, ,valid,190.0,3600.0
5588,FITfiles/2024-03-16/Beelink1_20240316_155800_01.fit,2024-03-16 15:58:00,0,0,, ,train,190.0,3600.0
5580,FITfiles/2024-03-16/Beelink1_20240316_161300_01.fit,2024-03-16 16:13:00,0,0,, ,train,190.0,3600.0
5576,FITfiles/2024-03-16/Beelink1_20240316_162800_01.fit,2024-03-16 16:28:00,0,0,, ,valid,190.0,472.0
5589,FITfiles/2024-03-16/Beelink1_20240316_163000_59.fit,2024-03-16 16:30:00,0,0,, ,valid,190.0,3600.0
5578,FITfiles/2024-03-16/Beelink1_20240316_164500_59.fit,2024-03-16 16:45:00,0,0,, ,train,190.0,3600.0
5584,FITfiles/2024-03-16/Beelink1_20240316_170000_59.fit,2024-03-16 17:00:00,0,0,, ,train,190.0,3600.0
5582,FITfiles/2024-03-16/Beelink1_20240316_171500_59.fit,2024-03-16 17:15:00,0,0,, ,train,190.0,3600.0
5571,FITfiles/2024-03-16/Beelink1_20240316_173000_59.fit,2024-03-16 17:30:00,0,0,, ,train,190.0,3600.0
5581,FITfiles/2024-03-16/Beelink1_20240316_174500_59.fit,2024-03-16 17:45:00,0,0,, ,train,190.0,3600.0
5577,FITfiles/2024-03-16/Beelink1_20240316_180000_59.fit,2024-03-16 18:00:00,0,0,, ,train,190.0,3600.0
5583,FITfiles/2024-03-16/Beelink1_20240316_181459_59.fit,2024-03-16 18:14:59,0,0,, ,train,190.0,3593.0
5579,FITfiles/2024-03-16/Beelink1_20240316_183000_59.fit,2024-03-16 18:30:00,0,0,, ,train,190.0,3600.0
5585,FITfiles/2024-03-16/Beelink1_20240316_184500_59.fit,2024-03-16 18:45:00,0,0,, ,train,190.0,3600.0
5558,FITfiles/2024-03-16/Beelink1_20240316_190000_59.fit,2024-03-16 19:00:00,0,0,, ,valid,190.0,3600.0
5551,FITfiles/2024-03-16/Beelink1_20240316_191500_59.fit,2024-03-16 19:15:00,0,0,, ,train,190.0,3600.0
5587,FITfiles/2024-03-16/Beelink1_20240316_193000_59.fit,2024-03-16 19:30:00,0,0,, ,train,190.0,3600.0
5563,FITfiles/2024-03-16/Beelink1_20240316_194500_59.fit,2024-03-16 19:45:00,0,0,, ,train,190.0,3600.0
5575,FITfiles/2024-03-16/Beelink1_20240316_200000_59.fit,2024-03-16 20:00:00,0,0,, ,train,190.0,3600.0
5544,FITfiles/2024-03-16/Beelink1_20240316_201500_59.fit,2024-03-16 20:15:00,0,0,, ,train,190.0,3593.0
5565,FITfiles/2024-03-16/Beelink1_20240316_203000_59.fit,2024-03-16 20:30:00,0,0,, ,test,190.0,3600.0
5548,FITfiles/2024-03-16/Beelink1_20240316_204500_59.fit,2024-03-16 20:45:00,0,0,, ,valid,190.0,3591.0
2647,FITfiles/2024-03-29/Beelink1_20240329_163301_01.fit,2024-03-29 16:33:01,0,0,, ,test,190.0,3600.0
2661,FITfiles/2024-03-29/Beelink1_20240329_164801_01.fit,2024-03-29 16:48:01,0,0,, ,train,190.0,3600.0
2651,FITfiles/2024-03-29/Beelink1_20240329_170301_01.fit,2024-03-29 17:03:01,0,0,, ,valid,190.0,3600.0
2675,FITfiles/2024-03-29/Beelink1_20240329_171801_01.fit,2024-03-29 17:18:01,0,0,, ,train,190.0,3600.0
2643,FITfiles/2024-03-29/Beelink1_20240329_173301_01.fit,2024-03-29 17:33:01,0,0,, ,train,190.0,3600.0
2660,FITfiles/2024-03-29/Beelink1_20240329_174801_01.fit,2024-03-29 17:48:01,0,0,, ,test,190.0,3600.0
2638,FITfiles/2024-03-29/Beelink1_20240329_180300_01.fit,2024-03-29 18:03:00,0,0,, ,valid,190.0,3600.0
2663,FITfiles/2024-03-29/Beelink1_20240329_181800_01.fit,2024-03-29 18:18:00,0,0,, ,test,190.0,2870.0
2640,FITfiles/2024-03-29/Beelink1_20240329_183000_59.fit,2024-03-29 18:30:00,0,0,, ,valid,190.0,3600.0
2649,FITfiles/2024-03-29/Beelink1_20240329_184500_59.fit,2024-03-29 18:45:00,0,0,, ,valid,190.0,3600.0
2636,FITfiles/2024-03-29/Beelink1_20240329_190000_59.fit,2024-03-29 19:00:00,0,0,, ,valid,190.0,3600.0
2644,FITfiles/2024-03-29/Beelink1_20240329_191500_59.fit,2024-03-29 19:15:00,0,0,, ,train,190.0,3600.0
2630,FITfiles/2024-03-29/Beelink1_20240329_193000_59.fit,2024-03-29 19:30:00,0,0,, ,train,190.0,3600.0
2625,FITfiles/2024-03-29/Beelink1_20240329_194500_59.fit,2024-03-29 19:45:00,0,0,, ,train,190.0,3600.0
2633,FITfiles/2024-03-29/Beelink1_20240329_195959_59.fit,2024-03-29 19:59:59,0,0,, ,train,190.0,3600.0
2641,FITfiles/2024-03-29/Beelink1_20240329_201459_59.fit,2024-03-29 20:14:59,0,0,, ,train,190.0,3594.0
2631,FITfiles/2024-03-29/Beelink1_20240329_203000_59.fit,2024-03-29 20:30:00,0,0,, ,train,190.0,3600.0
2637,FITfiles/2024-03-29/Beelink1_20240329_204500_59.fit,2024-03-29 20:45:00,0,0,, ,train,190.0,3591.0
3301,FITfiles/2024-03-30/Beelink1_20240330_063000_59.fit,2024-03-30 06:30:00,0,0,, ,train,190.0,3600.0
3277,FITfiles/2024-03-30/Beelink1_20240330_064500_59.fit,2024-03-30 06:45:00,0,0,, ,train,190.0,3600.0
3271,FITfiles/2024-03-30/Beelink1_20240330_070000_59.fit,2024-03-30 07:00:00,0,0,, ,train,190.0,3600.0
3280,FITfiles/2024-03-30/Beelink1_20240330_071500_59.fit,2024-03-30 07:15:00,0,0,, ,train,190.0,3600.0
3284,FITfiles/2024-03-30/Beelink1_20240330_073000_59.fit,2024-03-30 07:30:00,0,0,, ,train,190.0,3600.0
3272,FITfiles/2024-03-30/Beelink1_20240330_074500_59.fit,2024-03-30 07:45:00,0,0,, ,train,190.0,3600.0
3270,FITfiles/2024-03-30/Beelink1_20240330_080000_59.fit,2024-03-30 08:00:00,0,0,, ,test,190.0,3600.0
3274,FITfiles/2024-03-30/Beelink1_20240330_081500_59.fit,2024-03-30 08:15:00,0,0,, ,train,190.0,3592.0
3286,FITfiles/2024-03-30/Beelink1_20240330_083000_59.fit,2024-03-30 08:30:00,0,0,, ,test,190.0,3600.0
3281,FITfiles/2024-03-30/Beelink1_20240330_084500_59.fit,2024-03-30 08:45:00,0,0,, ,test,190.0,3600.0
3269,FITfiles/2024-03-30/Beelink1_20240330_090000_59.fit,2024-03-30 09:00:00,0,0,, ,valid,190.0,3600.0
3263,FITfiles/2024-03-30/Beelink1_20240330_091500_59.fit,2024-03-30 09:15:00,0,0,, ,train,190.0,3600.0
3262,FITfiles/2024-03-30/Beelink1_20240330_093000_59.fit,2024-03-30 09:30:00,0,0,, ,train,190.0,3600.0
3266,FITfiles/2024-03-30/Beelink1_20240330_094500_59.fit,2024-03-30 09:45:00,0,0,, ,valid,190.0,3600.0
3275,FITfiles/2024-03-30/Beelink1_20240330_100000_59.fit,2024-03-30 10:00:00,0,0,, ,train,190.0,3600.0
3253,FITfiles/2024-03-30/Beelink1_20240330_101500_59.fit,2024-03-30 10:15:00,0,0,, ,train,190.0,3600.0
3258,FITfiles/2024-03-30/Beelink1_20240330_103000_59.fit,2024-03-30 10:30:00,0,0,, ,valid,190.0,3600.0
3259,FITfiles/2024-03-30/Beelink1_20240330_104459_59.fit,2024-03-30 10:44:59,0,0,, ,train,190.0,3600.0
3252,FITfiles/2024-03-30/Beelink1_20240330_105959_59.fit,2024-03-30 10:59:59,0,0,, ,test,190.0,3600.0
3278,FITfiles/2024-03-30/Beelink1_20240330_111459_59.fit,2024-03-30 11:14:59,0,0,, ,valid,190.0,3600.0
3257,FITfiles/2024-03-30/Beelink1_20240330_112959_59.fit,2024-03-30 11:29:59,0,0,, ,train,190.0,3600.0
3256,FITfiles/2024-03-30/Beelink1_20240330_114459_59.fit,2024-03-30 11:44:59,0,0,, ,train,190.0,3600.0
3285,FITfiles/2024-03-30/Beelink1_20240330_115959_59.fit,2024-03-30 11:59:59,0,0,, ,train,190.0,3600.0
3245,FITfiles/2024-03-30/Beelink1_20240330_121459_59.fit,2024-03-30 12:14:59,0,0,, ,train,190.0,3595.0
3267,FITfiles/2024-03-30/Beelink1_20240330_123000_59.fit,2024-03-30 12:30:00,0,0,, ,train,190.0,3600.0
3250,FITfiles/2024-03-30/Beelink1_20240330_124500_59.fit,2024-03-30 12:45:00,0,0,, ,valid,190.0,3600.0
3247,FITfiles/2024-03-30/Beelink1_20240330_130000_59.fit,2024-03-30 13:00:00,0,0,, ,valid,190.0,3600.0
3268,FITfiles/2024-03-30/Beelink1_20240330_131500_59.fit,2024-03-30 13:15:00,0,0,, ,train,190.0,3600.0
3251,FITfiles/2024-03-30/Beelink1_20240330_133000_59.fit,2024-03-30 13:30:00,0,0,, ,train,190.0,3600.0
3261,FITfiles/2024-03-30/Beelink1_20240330_134500_59.fit,2024-03-30 13:45:00,0,0,, ,valid,190.0,3600.0
3249,FITfiles/2024-03-30/Beelink1_20240330_140000_59.fit,2024-03-30 14:00:00,0,0,, ,valid,190.0,3600.0
3260,FITfiles/2024-03-30/Beelink1_20240330_141500_59.fit,2024-03-30 14:15:00,0,0,, ,test,190.0,3592.0
3244,FITfiles/2024-03-30/Beelink1_20240330_143000_59.fit,2024-03-30 14:30:00,1,3,, ,train,190.0,3600.0
3246,FITfiles/2024-03-30/Beelink1_20240330_144500_59.fit,2024-03-30 14:45:00,0,0,, ,valid,190.0,3600.0
3264,FITfiles/2024-03-30/Beelink1_20240330_150000_59.fit,2024-03-30 15:00:00,0,0,, ,train,190.0,3600.0
3240,FITfiles/2024-03-30/Beelink1_20240330_151500_59.fit,2024-03-30 15:15:00,0,0,, ,train,190.0,3600.0
3254,FITfiles/2024-03-30/Beelink1_20240330_153000_59.fit,2024-03-30 15:30:00,0,0,, ,train,190.0,3600.0
3273,FITfiles/2024-03-30/Beelink1_20240330_154500_59.fit,2024-03-30 15:45:00,0,0,, ,train,190.0,3600.0
3265,FITfiles/2024-03-30/Beelink1_20240330_160000_59.fit,2024-03-30 16:00:00,0,0,, ,valid,190.0,3600.0
3238,FITfiles/2024-03-30/Beelink1_20240330_161500_59.fit,2024-03-30 16:15:00,0,0,, ,train,190.0,3592.0
3248,FITfiles/2024-03-30/Beelink1_20240330_163000_59.fit,2024-03-30 16:30:00,0,0,, ,train,190.0,3600.0
3235,FITfiles/2024-03-30/Beelink1_20240330_164500_59.fit,2024-03-30 16:45:00,0,0,, ,valid,190.0,3600.0
3242,FITfiles/2024-03-30/Beelink1_20240330_170000_59.fit,2024-03-30 17:00:00,0,0,, ,valid,190.0,3600.0
3236,FITfiles/2024-03-30/Beelink1_20240330_171500_59.fit,2024-03-30 17:15:00,0,0,, ,train,190.0,3600.0
3237,FITfiles/2024-03-30/Beelink1_20240330_173000_59.fit,2024-03-30 17:30:00,0,0,, ,train,190.0,3600.0
3239,FITfiles/2024-03-30/Beelink1_20240330_174500_59.fit,2024-03-30 17:45:00,0,0,, ,test,190.0,3600.0
3241,FITfiles/2024-03-30/Beelink1_20240330_180000_59.fit,2024-03-30 18:00:00,0,0,, ,test,190.0,3600.0
3226,FITfiles/2024-03-30/Beelink1_20240330_181500_59.fit,2024-03-30 18:15:00,0,0,, ,valid,190.0,3592.0
3230,FITfiles/2024-03-30/Beelink1_20240330_183000_59.fit,2024-03-30 18:30:00,0,0,, ,train,190.0,3600.0
3229,FITfiles/2024-03-30/Beelink1_20240330_184500_59.fit,2024-03-30 18:45:00,0,0,, ,train,190.0,3600.0
3233,FITfiles/2024-03-30/Beelink1_20240330_190000_59.fit,2024-03-30 19:00:00,0,0,, ,valid,190.0,3600.0
3224,FITfiles/2024-03-30/Beelink1_20240330_191500_59.fit,2024-03-30 19:15:00,0,0,, ,train,190.0,3600.0
3217,FITfiles/2024-03-30/Beelink1_20240330_193000_59.fit,2024-03-30 19:30:00,0,0,, ,valid,190.0,3600.0
3231,FITfiles/2024-03-30/Beelink1_20240330_194500_59.fit,2024-03-30 19:45:00,0,0,, ,train,190.0,3600.0
3228,FITfiles/2024-03-30/Beelink1_20240330_200000_59.fit,2024-03-30 20:00:00,0,0,, ,test,190.0,3600.0
3221,FITfiles/2024-03-30/Beelink1_20240330_201500_59.fit,2024-03-30 20:15:00,0,0,, ,train,190.0,3592.0
3243,FITfiles/2024-03-30/Beelink1_20240330_203000_59.fit,2024-03-30 20:30:00,0,0,, ,train,190.0,3600.0
3227,FITfiles/2024-03-30/Beelink1_20240330_204500_59.fit,2024-03-30 20:45:00,0,0,, ,train,190.0,3590.0
1781,FITfiles/2024-04-04/Beelink1_20240404_180404_01.fit,2024-04-04 18:04:04,0,0,, ,train,190.0,3600.0
1770,FITfiles/2024-04-04/Beelink1_20240404_181849_01.fit,2024-04-04 18:18:49,0,0,, ,test,190.0,1718.0
1775,FITfiles/2024-04-04/Beelink1_20240404_183800_01.fit,2024-04-04 18:38:00,0,0,, ,train,190.0,3600.0
1776,FITfiles/2024-04-04/Beelink1_20240404_185300_01.fit,2024-04-04 18:53:00,0,0,, ,test,190.0,3600.0
1795,FITfiles/2024-04-04/Beelink1_20240404_190800_01.fit,2024-04-04 19:08:00,0,0,, ,valid,190.0,3600.0
1774,FITfiles/2024-04-04/Beelink1_20240404_192300_01.fit,2024-04-04 19:23:00,0,0,, ,train,190.0,3600.0
1771,FITfiles/2024-04-04/Beelink1_20240404_193759_01.fit,2024-04-04 19:37:59,0,0,, ,train,190.0,3600.0
1794,FITfiles/2024-04-04/Beelink1_20240404_195259_01.fit,2024-04-04 19:52:59,0,0,, ,valid,190.0,3600.0
1769,FITfiles/2024-04-04/Beelink1_20240404_200759_01.fit,2024-04-04 20:07:59,0,0,, ,valid,190.0,3600.0
1767,FITfiles/2024-04-04/Beelink1_20240404_202259_01.fit,2024-04-04 20:22:59,0,0,, ,valid,190.0,1675.0
1773,FITfiles/2024-04-04/Beelink1_20240404_203000_59.fit,2024-04-04 20:30:00,0,0,, ,train,190.0,3600.0
1766,FITfiles/2024-04-04/Beelink1_20240404_204500_59.fit,2024-04-04 20:45:00,0,0,, ,test,190.0,3591.0
4885,FITfiles/2024-04-05/Beelink1_20240405_063000_59.fit,2024-04-05 06:30:00,0,0,, ,train,190.0,3600.0
4362,FITfiles/2024-04-05/Beelink1_20240405_064500_59.fit,2024-04-05 06:45:00,0,0,, ,train,190.0,3600.0
4884,FITfiles/2024-04-05/Beelink1_20240405_070000_59.fit,2024-04-05 07:00:00,0,0,, ,test,190.0,3600.0
4894,FITfiles/2024-04-05/Beelink1_20240405_071500_59.fit,2024-04-05 07:15:00,0,0,, ,valid,190.0,3600.0
4361,FITfiles/2024-04-05/Beelink1_20240405_073000_59.fit,2024-04-05 07:30:00,0,0,, ,train,190.0,3600.0
4873,FITfiles/2024-04-05/Beelink1_20240405_074500_59.fit,2024-04-05 07:45:00,0,0,, ,train,190.0,3600.0
4881,FITfiles/2024-04-05/Beelink1_20240405_080000_59.fit,2024-04-05 08:00:00,0,0,, ,valid,190.0,3600.0
4888,FITfiles/2024-04-05/Beelink1_20240405_081500_59.fit,2024-04-05 08:15:00,0,0,, ,test,190.0,3592.0
4876,FITfiles/2024-04-05/Beelink1_20240405_083000_59.fit,2024-04-05 08:30:00,0,0,, ,valid,190.0,3600.0
4871,FITfiles/2024-04-05/Beelink1_20240405_084500_59.fit,2024-04-05 08:45:00,0,0,, ,train,190.0,3600.0
4886,FITfiles/2024-04-05/Beelink1_20240405_090000_59.fit,2024-04-05 09:00:00,0,0,, ,train,190.0,3600.0
4882,FITfiles/2024-04-05/Beelink1_20240405_091500_59.fit,2024-04-05 09:15:00,0,0,, ,train,190.0,3600.0
4874,FITfiles/2024-04-05/Beelink1_20240405_093000_59.fit,2024-04-05 09:30:00,0,0,, ,valid,190.0,3600.0
4869,FITfiles/2024-04-05/Beelink1_20240405_094500_59.fit,2024-04-05 09:45:00,0,0,, ,train,190.0,3600.0
4878,FITfiles/2024-04-05/Beelink1_20240405_100000_59.fit,2024-04-05 10:00:00,0,0,, ,test,190.0,3600.0
4868,FITfiles/2024-04-05/Beelink1_20240405_101500_59.fit,2024-04-05 10:15:00,0,0,, ,valid,190.0,3600.0
4360,FITfiles/2024-04-05/Beelink1_20240405_103000_59.fit,2024-04-05 10:30:00,0,0,, ,train,190.0,3600.0
4867,FITfiles/2024-04-05/Beelink1_20240405_104500_59.fit,2024-04-05 10:45:00,0,0,, ,train,190.0,3600.0
4877,FITfiles/2024-04-05/Beelink1_20240405_105959_59.fit,2024-04-05 10:59:59,0,0,, ,valid,190.0,3600.0
4872,FITfiles/2024-04-05/Beelink1_20240405_111459_59.fit,2024-04-05 11:14:59,0,0,, ,train,190.0,3600.0
4892,FITfiles/2024-04-05/Beelink1_20240405_112959_59.fit,2024-04-05 11:29:59,0,0,, ,train,190.0,3600.0
4865,FITfiles/2024-04-05/Beelink1_20240405_114459_59.fit,2024-04-05 11:44:59,0,0,, ,train,190.0,3600.0
4864,FITfiles/2024-04-05/Beelink1_20240405_115959_59.fit,2024-04-05 11:59:59,0,0,, ,train,190.0,3600.0
4860,FITfiles/2024-04-05/Beelink1_20240405_121459_59.fit,2024-04-05 12:14:59,0,0,, ,test,190.0,3595.0
4883,FITfiles/2024-04-05/Beelink1_20240405_123000_59.fit,2024-04-05 12:30:00,0,0,, ,test,190.0,3600.0
4854,FITfiles/2024-04-05/Beelink1_20240405_124500_59.fit,2024-04-05 12:45:00,0,0,, ,train,190.0,3600.0
4852,FITfiles/2024-04-05/Beelink1_20240405_130000_59.fit,2024-04-05 13:00:00,0,0,, ,valid,190.0,3600.0
4866,FITfiles/2024-04-05/Beelink1_20240405_131500_59.fit,2024-04-05 13:15:00,0,0,, ,train,190.0,3600.0
4359,FITfiles/2024-04-05/Beelink1_20240405_133000_59.fit,2024-04-05 13:30:00,0,0,, ,test,190.0,3600.0
4857,FITfiles/2024-04-05/Beelink1_20240405_134500_59.fit,2024-04-05 13:45:00,0,0,, ,train,190.0,3600.0
4870,FITfiles/2024-04-05/Beelink1_20240405_140000_59.fit,2024-04-05 14:00:00,0,0,, ,train,190.0,3600.0
4875,FITfiles/2024-04-05/Beelink1_20240405_141500_59.fit,2024-04-05 14:15:00,0,0,, ,test,190.0,3592.0
4862,FITfiles/2024-04-05/Beelink1_20240405_143000_59.fit,2024-04-05 14:30:00,0,0,, ,train,190.0,3600.0
4855,FITfiles/2024-04-05/Beelink1_20240405_144500_59.fit,2024-04-05 14:45:00,0,0,, ,train,190.0,3600.0
4850,FITfiles/2024-04-05/Beelink1_20240405_150000_59.fit,2024-04-05 15:00:00,0,0,, ,train,190.0,3600.0
4851,FITfiles/2024-04-05/Beelink1_20240405_151500_59.fit,2024-04-05 15:15:00,0,0,, ,train,190.0,3600.0
4858,FITfiles/2024-04-05/Beelink1_20240405_153000_59.fit,2024-04-05 15:30:00,0,0,, ,train,190.0,3600.0
4856,FITfiles/2024-04-05/Beelink1_20240405_154500_59.fit,2024-04-05 15:45:00,0,0,, ,train,190.0,3600.0
4863,FITfiles/2024-04-05/Beelink1_20240405_160000_59.fit,2024-04-05 16:00:00,0,0,, ,test,190.0,3600.0
4848,FITfiles/2024-04-05/Beelink1_20240405_161500_59.fit,2024-04-05 16:15:00,0,0,, ,train,190.0,3593.0
4845,FITfiles/2024-04-05/Beelink1_20240405_163000_59.fit,2024-04-05 16:30:00,0,0,, ,train,190.0,3600.0
4853,FITfiles/2024-04-05/Beelink1_20240405_164500_59.fit,2024-04-05 16:45:00,0,0,, ,train,190.0,3600.0
4861,FITfiles/2024-04-05/Beelink1_20240405_170000_59.fit,2024-04-05 17:00:00,0,0,, ,train,190.0,3600.0
4358,FITfiles/2024-04-05/Beelink1_20240405_171500_59.fit,2024-04-05 17:15:00,0,0,, ,train,190.0,3600.0
4843,FITfiles/2024-04-05/Beelink1_20240405_173000_59.fit,2024-04-05 17:30:00,0,0,, ,valid,190.0,3600.0
4841,FITfiles/2024-04-05/Beelink1_20240405_174500_59.fit,2024-04-05 17:45:00,0,0,, ,train,190.0,3600.0
4842,FITfiles/2024-04-05/Beelink1_20240405_180000_59.fit,2024-04-05 18:00:00,0,0,, ,train,190.0,3600.0
4846,FITfiles/2024-04-05/Beelink1_20240405_181500_59.fit,2024-04-05 18:15:00,0,0,, ,train,190.0,3592.0
4844,FITfiles/2024-04-05/Beelink1_20240405_183000_59.fit,2024-04-05 18:30:00,0,0,, ,valid,190.0,3600.0
4357,FITfiles/2024-04-05/Beelink1_20240405_184500_59.fit,2024-04-05 18:45:00,0,0,, ,valid,190.0,3600.0
4859,FITfiles/2024-04-05/Beelink1_20240405_190000_59.fit,2024-04-05 19:00:00,0,0,, ,train,190.0,3600.0
4880,FITfiles/2024-04-05/Beelink1_20240405_191500_59.fit,2024-04-05 19:15:00,0,0,, ,train,190.0,3600.0
4835,FITfiles/2024-04-05/Beelink1_20240405_193000_59.fit,2024-04-05 19:30:00,0,0,, ,valid,190.0,3600.0
4826,FITfiles/2024-04-05/Beelink1_20240405_194500_59.fit,2024-04-05 19:45:00,0,0,, ,train,190.0,3600.0
4879,FITfiles/2024-04-05/Beelink1_20240405_200000_59.fit,2024-04-05 20:00:00,0,0,, ,train,190.0,3600.0
4849,FITfiles/2024-04-05/Beelink1_20240405_201500_59.fit,2024-04-05 20:15:00,0,0,, ,train,190.0,3592.0
4847,FITfiles/2024-04-05/Beelink1_20240405_203000_59.fit,2024-04-05 20:30:00,0,0,, ,train,190.0,3600.0
4827,FITfiles/2024-04-05/Beelink1_20240405_204500_59.fit,2024-04-05 20:45:00,0,0,, ,valid,190.0,3591.0
5461,FITfiles/2024-04-06/Beelink1_20240406_063000_59.fit,2024-04-06 06:30:00,0,0,, ,test,190.0,3600.0
5443,FITfiles/2024-04-06/Beelink1_20240406_064500_59.fit,2024-04-06 06:45:00,0,0,, ,test,190.0,3600.0
5435,FITfiles/2024-04-06/Beelink1_20240406_070000_59.fit,2024-04-06 07:00:00,0,0,, ,train,190.0,3600.0
5430,FITfiles/2024-04-06/Beelink1_20240406_071500_59.fit,2024-04-06 07:15:00,0,0,, ,test,190.0,3600.0
5434,FITfiles/2024-04-06/Beelink1_20240406_073000_59.fit,2024-04-06 07:30:00,0,0,, ,valid,190.0,3600.0
5438,FITfiles/2024-04-06/Beelink1_20240406_074500_59.fit,2024-04-06 07:45:00,0,0,, ,train,190.0,3600.0
5439,FITfiles/2024-04-06/Beelink1_20240406_080000_59.fit,2024-04-06 08:00:00,0,0,, ,train,190.0,3600.0
5447,FITfiles/2024-04-06/Beelink1_20240406_081500_59.fit,2024-04-06 08:15:00,0,0,, ,test,190.0,3593.0
5431,FITfiles/2024-04-06/Beelink1_20240406_083000_59.fit,2024-04-06 08:30:00,0,0,, ,test,190.0,3600.0
5445,FITfiles/2024-04-06/Beelink1_20240406_084500_59.fit,2024-04-06 08:45:00,0,0,, ,test,190.0,3600.0
5427,FITfiles/2024-04-06/Beelink1_20240406_090000_59.fit,2024-04-06 09:00:00,0,0,, ,test,190.0,3600.0
5419,FITfiles/2024-04-06/Beelink1_20240406_091500_59.fit,2024-04-06 09:15:00,0,0,, ,train,190.0,3600.0
5433,FITfiles/2024-04-06/Beelink1_20240406_093000_59.fit,2024-04-06 09:30:00,0,0,, ,train,190.0,3600.0
5428,FITfiles/2024-04-06/Beelink1_20240406_094500_59.fit,2024-04-06 09:45:00,0,0,, ,test,190.0,3600.0
5440,FITfiles/2024-04-06/Beelink1_20240406_100000_59.fit,2024-04-06 10:00:00,0,0,, ,valid,190.0,3600.0
5422,FITfiles/2024-04-06/Beelink1_20240406_101500_59.fit,2024-04-06 10:15:00,0,0,, ,train,190.0,3600.0
5412,FITfiles/2024-04-06/Beelink1_20240406_103000_59.fit,2024-04-06 10:30:00,0,0,, ,train,190.0,3600.0
5417,FITfiles/2024-04-06/Beelink1_20240406_104500_59.fit,2024-04-06 10:45:00,0,0,, ,test,190.0,3600.0
5418,FITfiles/2024-04-06/Beelink1_20240406_105959_59.fit,2024-04-06 10:59:59,0,0,, ,test,190.0,3600.0
5407,FITfiles/2024-04-06/Beelink1_20240406_111459_59.fit,2024-04-06 11:14:59,0,0,, ,train,190.0,3600.0
5415,FITfiles/2024-04-06/Beelink1_20240406_120200_01.fit,2024-04-06 12:02:00,0,0,, ,train,190.0,3600.0
5409,FITfiles/2024-04-06/Beelink1_20240406_121700_01.fit,2024-04-06 12:17:00,0,0,, ,train,190.0,3110.0
5410,FITfiles/2024-04-06/Beelink1_20240406_123000_59.fit,2024-04-06 12:30:00,0,0,, ,valid,190.0,3600.0
5411,FITfiles/2024-04-06/Beelink1_20240406_124500_59.fit,2024-04-06 12:45:00,0,0,, ,train,190.0,3600.0
5472,FITfiles/2024-04-06/Beelink1_20240406_130000_59.fit,2024-04-06 13:00:00,0,0,, ,valid,190.0,3600.0
5396,FITfiles/2024-04-06/Beelink1_20240406_131500_59.fit,2024-04-06 13:15:00,0,0,, ,valid,190.0,3600.0
5423,FITfiles/2024-04-06/Beelink1_20240406_133000_59.fit,2024-04-06 13:30:00,0,0,, ,train,190.0,3600.0
5399,FITfiles/2024-04-06/Beelink1_20240406_134500_59.fit,2024-04-06 13:45:00,0,0,, ,valid,190.0,3600.0
5402,FITfiles/2024-04-06/Beelink1_20240406_140000_59.fit,2024-04-06 14:00:00,0,0,, ,valid,190.0,3600.0
5414,FITfiles/2024-04-06/Beelink1_20240406_141500_59.fit,2024-04-06 14:15:00,0,0,, ,valid,190.0,3591.0
5413,FITfiles/2024-04-06/Beelink1_20240406_143000_59.fit,2024-04-06 14:30:00,0,0,, ,valid,190.0,3600.0
5406,FITfiles/2024-04-06/Beelink1_20240406_144500_59.fit,2024-04-06 14:45:00,0,0,, ,train,190.0,3600.0
5391,FITfiles/2024-04-06/Beelink1_20240406_150000_59.fit,2024-04-06 15:00:00,0,0,, ,train,190.0,3600.0
5405,FITfiles/2024-04-06/Beelink1_20240406_151500_59.fit,2024-04-06 15:15:00,0,0,, ,train,190.0,3600.0
5397,FITfiles/2024-04-06/Beelink1_20240406_153000_59.fit,2024-04-06 15:30:00,0,0,, ,train,190.0,3600.0
5404,FITfiles/2024-04-06/Beelink1_20240406_154500_59.fit,2024-04-06 15:45:00,0,0,, ,test,190.0,3600.0
5421,FITfiles/2024-04-06/Beelink1_20240406_160000_59.fit,2024-04-06 16:00:00,0,0,, ,train,190.0,3600.0
5398,FITfiles/2024-04-06/Beelink1_20240406_161500_59.fit,2024-04-06 16:15:00,0,0,, ,train,190.0,3590.0
5392,FITfiles/2024-04-06/Beelink1_20240406_163000_59.fit,2024-04-06 16:30:00,0,0,, ,test,190.0,3600.0
5395,FITfiles/2024-04-06/Beelink1_20240406_164500_59.fit,2024-04-06 16:45:00,0,0,, ,train,190.0,3600.0
5403,FITfiles/2024-04-06/Beelink1_20240406_170000_59.fit,2024-04-06 17:00:00,0,0,, ,test,190.0,3600.0
5390,FITfiles/2024-04-06/Beelink1_20240406_171500_59.fit,2024-04-06 17:15:00,0,0,, ,valid,190.0,3600.0
5408,FITfiles/2024-04-06/Beelink1_20240406_173000_59.fit,2024-04-06 17:30:00,0,0,, ,test,190.0,3600.0
5416,FITfiles/2024-04-06/Beelink1_20240406_174500_59.fit,2024-04-06 17:45:00,0,0,, ,train,190.0,3600.0
5394,FITfiles/2024-04-06/Beelink1_20240406_180000_59.fit,2024-04-06 18:00:00,0,0,, ,train,190.0,3600.0
5387,FITfiles/2024-04-06/Beelink1_20240406_181500_59.fit,2024-04-06 18:15:00,0,0,, ,valid,190.0,3590.0
5389,FITfiles/2024-04-06/Beelink1_20240406_183000_59.fit,2024-04-06 18:30:00,0,0,, ,valid,190.0,3600.0
5383,FITfiles/2024-04-06/Beelink1_20240406_184500_59.fit,2024-04-06 18:45:00,0,0,, ,test,190.0,3600.0
5388,FITfiles/2024-04-06/Beelink1_20240406_190000_59.fit,2024-04-06 19:00:00,0,0,, ,train,190.0,3600.0
5384,FITfiles/2024-04-06/Beelink1_20240406_191500_59.fit,2024-04-06 19:15:00,0,0,, ,valid,190.0,3600.0
5381,FITfiles/2024-04-06/Beelink1_20240406_193000_59.fit,2024-04-06 19:30:00,0,0,, ,valid,190.0,3600.0
5382,FITfiles/2024-04-06/Beelink1_20240406_194500_59.fit,2024-04-06 19:45:00,0,0,, ,train,190.0,3600.0
5380,FITfiles/2024-04-06/Beelink1_20240406_200000_59.fit,2024-04-06 20:00:00,0,0,, ,train,190.0,3600.0
5379,FITfiles/2024-04-06/Beelink1_20240406_201500_59.fit,2024-04-06 20:15:00,0,0,, ,train,190.0,3590.0
5378,FITfiles/2024-04-06/Beelink1_20240406_203000_59.fit,2024-04-06 20:30:00,0,0,, ,train,190.0,3600.0
5377,FITfiles/2024-04-06/Beelink1_20240406_204500_59.fit,2024-04-06 20:45:00,0,0,, ,valid,190.0,3589.0
3074,FITfiles/2024-04-07/Beelink1_20240407_063000_59.fit,2024-04-07 06:30:00,0,0,, ,train,190.0,3600.0
3068,FITfiles/2024-04-07/Beelink1_20240407_064500_59.fit,2024-04-07 06:45:00,0,0,, ,train,190.0,3600.0
3063,FITfiles/2024-04-07/Beelink1_20240407_070000_59.fit,2024-04-07 07:00:00,0,0,, ,valid,190.0,3600.0
3059,FITfiles/2024-04-07/Beelink1_20240407_071500_59.fit,2024-04-07 07:15:00,0,0,, ,test,190.0,3600.0
3062,FITfiles/2024-04-07/Beelink1_20240407_073000_59.fit,2024-04-07 07:30:00,0,0,, ,valid,190.0,3600.0
3067,FITfiles/2024-04-07/Beelink1_20240407_074500_59.fit,2024-04-07 07:45:00,0,0,, ,valid,190.0,3600.0
3055,FITfiles/2024-04-07/Beelink1_20240407_080000_59.fit,2024-04-07 08:00:00,0,0,, ,train,190.0,3600.0
3064,FITfiles/2024-04-07/Beelink1_20240407_081500_59.fit,2024-04-07 08:15:00,0,0,, ,train,190.0,3590.0
3061,FITfiles/2024-04-07/Beelink1_20240407_083000_59.fit,2024-04-07 08:30:00,0,0,, ,train,190.0,3600.0
3053,FITfiles/2024-04-07/Beelink1_20240407_084500_59.fit,2024-04-07 08:45:00,0,0,, ,valid,190.0,3600.0
3058,FITfiles/2024-04-07/Beelink1_20240407_090000_59.fit,2024-04-07 09:00:00,0,0,, ,train,190.0,3600.0
3050,FITfiles/2024-04-07/Beelink1_20240407_091500_59.fit,2024-04-07 09:15:00,0,0,, ,train,190.0,3600.0
3048,FITfiles/2024-04-07/Beelink1_20240407_093000_59.fit,2024-04-07 09:30:00,0,0,, ,test,190.0,3600.0
3069,FITfiles/2024-04-07/Beelink1_20240407_094500_59.fit,2024-04-07 09:45:00,0,0,, ,train,190.0,3600.0
3066,FITfiles/2024-04-07/Beelink1_20240407_100000_59.fit,2024-04-07 10:00:00,0,0,, ,train,190.0,3600.0
3044,FITfiles/2024-04-07/Beelink1_20240407_101500_59.fit,2024-04-07 10:15:00,0,0,, ,train,190.0,3600.0
3052,FITfiles/2024-04-07/Beelink1_20240407_103000_59.fit,2024-04-07 10:30:00,0,0,, ,test,190.0,3600.0
3051,FITfiles/2024-04-07/Beelink1_20240407_104500_59.fit,2024-04-07 10:45:00,0,0,, ,train,190.0,3600.0
3045,FITfiles/2024-04-07/Beelink1_20240407_110000_59.fit,2024-04-07 11:00:00,0,0,, ,train,190.0,3600.0
3049,FITfiles/2024-04-07/Beelink1_20240407_111500_59.fit,2024-04-07 11:15:00,0,0,, ,train,190.0,3600.0
3060,FITfiles/2024-04-07/Beelink1_20240407_113000_59.fit,2024-04-07 11:30:00,0,0,, ,train,190.0,3600.0
3054,FITfiles/2024-04-07/Beelink1_20240407_114500_59.fit,2024-04-07 11:45:00,0,0,, ,train,190.0,3600.0
3043,FITfiles/2024-04-07/Beelink1_20240407_120000_59.fit,2024-04-07 12:00:00,0,0,, ,test,190.0,3600.0
3042,FITfiles/2024-04-07/Beelink1_20240407_121500_59.fit,2024-04-07 12:15:00,0,0,, ,valid,190.0,3590.0
3047,FITfiles/2024-04-07/Beelink1_20240407_123000_59.fit,2024-04-07 12:30:00,0,0,, ,train,190.0,3600.0
3065,FITfiles/2024-04-07/Beelink1_20240407_124500_59.fit,2024-04-07 12:45:00,0,0,, ,test,190.0,3600.0
3038,FITfiles/2024-04-07/Beelink1_20240407_130000_59.fit,2024-04-07 13:00:00,0,0,, ,test,190.0,3600.0
3041,FITfiles/2024-04-07/Beelink1_20240407_131500_59.fit,2024-04-07 13:15:00,0,0,, ,train,190.0,3600.0
3033,FITfiles/2024-04-07/Beelink1_20240407_133000_59.fit,2024-04-07 13:30:00,0,0,, ,train,190.0,3600.0
3040,FITfiles/2024-04-07/Beelink1_20240407_134500_59.fit,2024-04-07 13:45:00,0,0,, ,test,190.0,3600.0
3036,FITfiles/2024-04-07/Beelink1_20240407_140000_59.fit,2024-04-07 14:00:00,0,0,, ,test,190.0,3600.0
3039,FITfiles/2024-04-07/Beelink1_20240407_141500_59.fit,2024-04-07 14:15:00,0,0,, ,train,190.0,3590.0
3072,FITfiles/2024-04-07/Beelink1_20240407_143000_59.fit,2024-04-07 14:30:00,0,0,, ,train,190.0,3600.0
3032,FITfiles/2024-04-07/Beelink1_20240407_144500_59.fit,2024-04-07 14:45:00,0,0,, ,train,190.0,3600.0
3030,FITfiles/2024-04-07/Beelink1_20240407_150000_59.fit,2024-04-07 15:00:00,0,0,, ,valid,190.0,3600.0
3034,FITfiles/2024-04-07/Beelink1_20240407_151500_59.fit,2024-04-07 15:15:00,0,0,, ,train,190.0,3600.0
3031,FITfiles/2024-04-07/Beelink1_20240407_153000_59.fit,2024-04-07 15:30:00,0,0,, ,train,190.0,3600.0
3035,FITfiles/2024-04-07/Beelink1_20240407_154500_59.fit,2024-04-07 15:45:00,0,0,, ,train,190.0,3600.0
3046,FITfiles/2024-04-07/Beelink1_20240407_160000_59.fit,2024-04-07 16:00:00,0,0,, ,valid,190.0,3600.0
3037,FITfiles/2024-04-07/Beelink1_20240407_161500_59.fit,2024-04-07 16:15:00,0,0,, ,test,190.0,3590.0
3028,FITfiles/2024-04-07/Beelink1_20240407_163000_59.fit,2024-04-07 16:30:00,0,0,, ,test,190.0,3600.0
3027,FITfiles/2024-04-07/Beelink1_20240407_164500_59.fit,2024-04-07 16:45:00,0,0,, ,valid,190.0,3600.0
3025,FITfiles/2024-04-07/Beelink1_20240407_170000_59.fit,2024-04-07 17:00:00,0,0,, ,valid,190.0,3600.0
3021,FITfiles/2024-04-07/Beelink1_20240407_171500_59.fit,2024-04-07 17:15:00,0,0,, ,valid,190.0,3600.0
3022,FITfiles/2024-04-07/Beelink1_20240407_173000_59.fit,2024-04-07 17:30:00,0,0,, ,train,190.0,3600.0
3017,FITfiles/2024-04-07/Beelink1_20240407_174500_59.fit,2024-04-07 17:45:00,0,0,, ,train,190.0,3600.0
3024,FITfiles/2024-04-07/Beelink1_20240407_180000_59.fit,2024-04-07 18:00:00,0,0,, ,test,190.0,3600.0
3029,FITfiles/2024-04-07/Beelink1_20240407_181500_59.fit,2024-04-07 18:15:00,0,0,, ,train,190.0,3590.0
3026,FITfiles/2024-04-07/Beelink1_20240407_183000_59.fit,2024-04-07 18:30:00,0,0,, ,train,190.0,3600.0
3016,FITfiles/2024-04-07/Beelink1_20240407_184500_59.fit,2024-04-07 18:45:00,0,0,, ,train,190.0,3600.0
3019,FITfiles/2024-04-07/Beelink1_20240407_190000_59.fit,2024-04-07 19:00:00,0,0,, ,train,190.0,3600.0
3057,FITfiles/2024-04-07/Beelink1_20240407_191500_59.fit,2024-04-07 19:15:00,0,0,, ,test,190.0,3600.0
3023,FITfiles/2024-04-07/Beelink1_20240407_193000_59.fit,2024-04-07 19:30:00,0,0,, ,train,190.0,3600.0
3014,FITfiles/2024-04-07/Beelink1_20240407_194500_59.fit,2024-04-07 19:45:00,0,0,, ,train,190.0,3600.0
3020,FITfiles/2024-04-07/Beelink1_20240407_200000_59.fit,2024-04-07 20:00:00,0,0,, ,valid,190.0,3600.0
3015,FITfiles/2024-04-07/Beelink1_20240407_201500_59.fit,2024-04-07 20:15:00,0,0,, ,train,190.0,3590.0
3011,FITfiles/2024-04-07/Beelink1_20240407_203000_59.fit,2024-04-07 20:30:00,0,0,, ,train,190.0,3600.0
3013,FITfiles/2024-04-07/Beelink1_20240407_204500_59.fit,2024-04-07 20:45:00,0,0,, ,train,190.0,3590.0
6261,FITfiles/2024-04-08/Beelink1_20240408_063000_59.fit,2024-04-08 06:30:00,0,0,, ,train,190.0,3600.0
6255,FITfiles/2024-04-08/Beelink1_20240408_064500_59.fit,2024-04-08 06:45:00,0,0,, ,train,190.0,3600.0
6245,FITfiles/2024-04-08/Beelink1_20240408_070000_59.fit,2024-04-08 07:00:00,0,0,, ,train,190.0,3600.0
6254,FITfiles/2024-04-08/Beelink1_20240408_071500_59.fit,2024-04-08 07:15:00,0,0,, ,train,190.0,3600.0
6248,FITfiles/2024-04-08/Beelink1_20240408_073000_59.fit,2024-04-08 07:30:00,0,0,, ,valid,190.0,3600.0
6250,FITfiles/2024-04-08/Beelink1_20240408_074500_59.fit,2024-04-08 07:45:00,0,0,, ,train,190.0,3600.0
6257,FITfiles/2024-04-08/Beelink1_20240408_080000_59.fit,2024-04-08 08:00:00,0,0,, ,valid,190.0,3600.0
6276,FITfiles/2024-04-08/Beelink1_20240408_081500_59.fit,2024-04-08 08:15:00,0,0,, ,train,190.0,3589.0
6252,FITfiles/2024-04-08/Beelink1_20240408_083000_59.fit,2024-04-08 08:30:00,0,0,, ,test,190.0,3600.0
6249,FITfiles/2024-04-08/Beelink1_20240408_084500_59.fit,2024-04-08 08:45:00,0,0,, ,test,190.0,3600.0
6260,FITfiles/2024-04-08/Beelink1_20240408_090000_59.fit,2024-04-08 09:00:00,0,0,, ,valid,190.0,3600.0
6243,FITfiles/2024-04-08/Beelink1_20240408_091500_59.fit,2024-04-08 09:15:00,0,0,, ,train,190.0,3600.0
6247,FITfiles/2024-04-08/Beelink1_20240408_093000_59.fit,2024-04-08 09:30:00,0,0,, ,train,190.0,3600.0
6244,FITfiles/2024-04-08/Beelink1_20240408_094500_59.fit,2024-04-08 09:45:00,0,0,, ,train,190.0,3600.0
6256,FITfiles/2024-04-08/Beelink1_20240408_100000_59.fit,2024-04-08 10:00:00,0,0,, ,valid,190.0,3600.0
6242,FITfiles/2024-04-08/Beelink1_20240408_101500_59.fit,2024-04-08 10:15:00,0,0,, ,test,190.0,3600.0
6266,FITfiles/2024-04-08/Beelink1_20240408_103000_59.fit,2024-04-08 10:30:00,0,0,, ,train,190.0,3600.0
6253,FITfiles/2024-04-08/Beelink1_20240408_104500_59.fit,2024-04-08 10:45:00,0,0,, ,train,190.0,3600.0
6251,FITfiles/2024-04-08/Beelink1_20240408_110000_59.fit,2024-04-08 11:00:00,0,0,, ,train,190.0,3600.0
6237,FITfiles/2024-04-08/Beelink1_20240408_111500_59.fit,2024-04-08 11:15:00,0,0,, ,valid,190.0,3600.0
6236,FITfiles/2024-04-08/Beelink1_20240408_113000_59.fit,2024-04-08 11:30:00,0,0,, ,train,190.0,3600.0
6246,FITfiles/2024-04-08/Beelink1_20240408_114500_59.fit,2024-04-08 11:45:00,0,0,, ,valid,190.0,3600.0
6234,FITfiles/2024-04-08/Beelink1_20240408_120000_59.fit,2024-04-08 12:00:00,0,0,, ,valid,190.0,3600.0
6240,FITfiles/2024-04-08/Beelink1_20240408_121500_59.fit,2024-04-08 12:15:00,0,0,, ,test,190.0,3590.0
6233,FITfiles/2024-04-08/Beelink1_20240408_123000_59.fit,2024-04-08 12:30:00,0,0,, ,train,190.0,3600.0
6231,FITfiles/2024-04-08/Beelink1_20240408_124500_59.fit,2024-04-08 12:45:00,0,0,, ,train,190.0,3600.0
6229,FITfiles/2024-04-08/Beelink1_20240408_130000_59.fit,2024-04-08 13:00:00,0,0,, ,train,190.0,3600.0
6238,FITfiles/2024-04-08/Beelink1_20240408_131500_59.fit,2024-04-08 13:15:00,0,0,, ,train,190.0,3600.0
6268,FITfiles/2024-04-08/Beelink1_20240408_133000_59.fit,2024-04-08 13:30:00,0,0,, ,test,190.0,3600.0
6230,FITfiles/2024-04-08/Beelink1_20240408_134500_59.fit,2024-04-08 13:45:00,0,0,, ,train,190.0,3600.0
6223,FITfiles/2024-04-08/Beelink1_20240408_140000_59.fit,2024-04-08 14:00:00,0,0,, ,test,190.0,3600.0
6217,FITfiles/2024-04-08/Beelink1_20240408_141500_59.fit,2024-04-08 14:15:00,0,0,, ,test,190.0,3590.0
6232,FITfiles/2024-04-08/Beelink1_20240408_143000_59.fit,2024-04-08 14:30:00,0,0,, ,test,190.0,3600.0
6216,FITfiles/2024-04-08/Beelink1_20240408_144500_59.fit,2024-04-08 14:45:00,0,0,, ,valid,190.0,3600.0
6235,FITfiles/2024-04-08/Beelink1_20240408_150000_59.fit,2024-04-08 15:00:00,0,0,, ,train,190.0,3600.0
6227,FITfiles/2024-04-08/Beelink1_20240408_151500_59.fit,2024-04-08 15:15:00,0,0,, ,train,190.0,3600.0
6213,FITfiles/2024-04-08/Beelink1_20240408_153000_59.fit,2024-04-08 15:30:00,0,0,, ,train,190.0,3600.0
6218,FITfiles/2024-04-08/Beelink1_20240408_154500_59.fit,2024-04-08 15:45:00,0,0,, ,train,190.0,3600.0
6224,FITfiles/2024-04-08/Beelink1_20240408_160000_59.fit,2024-04-08 16:00:00,0,0,, ,train,190.0,3600.0
6241,FITfiles/2024-04-08/Beelink1_20240408_161500_59.fit,2024-04-08 16:15:00,0,0,, ,train,190.0,3590.0
6214,FITfiles/2024-04-08/Beelink1_20240408_163000_59.fit,2024-04-08 16:30:00,0,0,, ,test,190.0,3600.0
6215,FITfiles/2024-04-08/Beelink1_20240408_164500_59.fit,2024-04-08 16:45:00,0,0,, ,train,190.0,3600.0
6210,FITfiles/2024-04-08/Beelink1_20240408_170000_59.fit,2024-04-08 17:00:00,0,0,, ,train,190.0,3600.0
6226,FITfiles/2024-04-08/Beelink1_20240408_171500_59.fit,2024-04-08 17:15:00,0,0,, ,valid,190.0,3600.0
6219,FITfiles/2024-04-08/Beelink1_20240408_173000_59.fit,2024-04-08 17:30:00,0,0,, ,train,190.0,3600.0
6228,FITfiles/2024-04-08/Beelink1_20240408_174500_59.fit,2024-04-08 17:45:00,0,0,, ,test,190.0,3600.0
6221,FITfiles/2024-04-08/Beelink1_20240408_180000_59.fit,2024-04-08 18:00:00,0,0,, ,train,190.0,3600.0
6211,FITfiles/2024-04-08/Beelink1_20240408_181500_59.fit,2024-04-08 18:15:00,0,0,, ,train,190.0,3590.0
6222,FITfiles/2024-04-08/Beelink1_20240408_183000_59.fit,2024-04-08 18:30:00,0,0,, ,test,190.0,3600.0
6205,FITfiles/2024-04-08/Beelink1_20240408_184500_59.fit,2024-04-08 18:45:00,0,0,, ,train,190.0,3600.0
6239,FITfiles/2024-04-08/Beelink1_20240408_190000_59.fit,2024-04-08 19:00:00,0,0,, ,test,190.0,3600.0
6212,FITfiles/2024-04-08/Beelink1_20240408_191500_59.fit,2024-04-08 19:15:00,0,0,, ,train,190.0,3600.0
6202,FITfiles/2024-04-08/Beelink1_20240408_193000_59.fit,2024-04-08 19:30:00,0,0,, ,test,190.0,3600.0
6204,FITfiles/2024-04-08/Beelink1_20240408_194500_59.fit,2024-04-08 19:45:00,0,0,, ,train,190.0,3600.0
6201,FITfiles/2024-04-08/Beelink1_20240408_200000_59.fit,2024-04-08 20:00:00,0,0,, ,valid,190.0,3600.0
6200,FITfiles/2024-04-08/Beelink1_20240408_201500_59.fit,2024-04-08 20:15:00,0,0,, ,train,190.0,3590.0
6207,FITfiles/2024-04-08/Beelink1_20240408_203000_59.fit,2024-04-08 20:30:00,0,0,, ,train,190.0,3600.0
6220,FITfiles/2024-04-08/Beelink1_20240408_204500_59.fit,2024-04-08 20:45:00,0,0,, ,train,190.0,3590.0
5586,FITfiles/2024-04-09/Beelink1_20240409_063000_59.fit,2024-04-09 06:30:00,0,0,, ,valid,190.0,3600.0
5573,FITfiles/2024-04-09/Beelink1_20240409_064500_59.fit,2024-04-09 06:45:00,0,0,, ,train,190.0,3600.0
5572,FITfiles/2024-04-09/Beelink1_20240409_070000_59.fit,2024-04-09 07:00:00,0,0,, ,train,190.0,3600.0
5574,FITfiles/2024-04-09/Beelink1_20240409_071500_59.fit,2024-04-09 07:15:00,0,0,, ,valid,190.0,3600.0
5567,FITfiles/2024-04-09/Beelink1_20240409_073000_59.fit,2024-04-09 07:30:00,0,0,, ,test,190.0,3600.0
5559,FITfiles/2024-04-09/Beelink1_20240409_074500_59.fit,2024-04-09 07:45:00,0,0,, ,train,190.0,3600.0
5570,FITfiles/2024-04-09/Beelink1_20240409_080000_59.fit,2024-04-09 08:00:00,0,0,, ,train,190.0,3600.0
5560,FITfiles/2024-04-09/Beelink1_20240409_081500_59.fit,2024-04-09 08:15:00,0,0,, ,train,190.0,3590.0
5562,FITfiles/2024-04-09/Beelink1_20240409_083000_59.fit,2024-04-09 08:30:00,0,0,, ,test,190.0,3600.0
5569,FITfiles/2024-04-09/Beelink1_20240409_084500_59.fit,2024-04-09 08:45:00,0,0,, ,train,190.0,3600.0
5566,FITfiles/2024-04-09/Beelink1_20240409_090000_59.fit,2024-04-09 09:00:00,0,0,, ,train,190.0,3600.0
5553,FITfiles/2024-04-09/Beelink1_20240409_091500_59.fit,2024-04-09 09:15:00,0,0,, ,train,190.0,3600.0
5554,FITfiles/2024-04-09/Beelink1_20240409_093000_59.fit,2024-04-09 09:30:00,0,0,, ,train,190.0,3600.0
5547,FITfiles/2024-04-09/Beelink1_20240409_094500_59.fit,2024-04-09 09:45:00,0,0,, ,train,190.0,3600.0
5549,FITfiles/2024-04-09/Beelink1_20240409_100000_59.fit,2024-04-09 10:00:00,0,0,, ,train,190.0,3600.0
5568,FITfiles/2024-04-09/Beelink1_20240409_101500_59.fit,2024-04-09 10:15:00,0,0,, ,train,190.0,3600.0
5564,FITfiles/2024-04-09/Beelink1_20240409_103000_59.fit,2024-04-09 10:30:00,0,0,, ,test,190.0,3600.0
5556,FITfiles/2024-04-09/Beelink1_20240409_104500_59.fit,2024-04-09 10:45:00,0,0,, ,valid,190.0,3600.0
5552,FITfiles/2024-04-09/Beelink1_20240409_110000_59.fit,2024-04-09 11:00:00,0,0,, ,train,190.0,3600.0
5541,FITfiles/2024-04-09/Beelink1_20240409_111500_59.fit,2024-04-09 11:15:00,0,0,, ,test,190.0,3600.0
5542,FITfiles/2024-04-09/Beelink1_20240409_113000_59.fit,2024-04-09 11:30:00,0,0,, ,train,190.0,3600.0
5540,FITfiles/2024-04-09/Beelink1_20240409_114500_59.fit,2024-04-09 11:45:00,0,0,, ,train,190.0,3600.0
5555,FITfiles/2024-04-09/Beelink1_20240409_120000_59.fit,2024-04-09 12:00:00,0,0,, ,train,190.0,3600.0
5543,FITfiles/2024-04-09/Beelink1_20240409_121500_59.fit,2024-04-09 12:15:00,0,0,, ,train,190.0,3590.0
5545,FITfiles/2024-04-09/Beelink1_20240409_123000_59.fit,2024-04-09 12:30:00,0,0,, ,valid,190.0,3600.0
5557,FITfiles/2024-04-09/Beelink1_20240409_124500_59.fit,2024-04-09 12:45:00,0,0,, ,train,190.0,3600.0
5539,FITfiles/2024-04-09/Beelink1_20240409_130000_59.fit,2024-04-09 13:00:00,0,0,, ,valid,190.0,3600.0
5536,FITfiles/2024-04-09/Beelink1_20240409_131500_59.fit,2024-04-09 13:15:00,0,0,, ,train,190.0,3600.0
5534,FITfiles/2024-04-09/Beelink1_20240409_133000_59.fit,2024-04-09 13:30:00,0,0,, ,train,190.0,3600.0
5550,FITfiles/2024-04-09/Beelink1_20240409_134500_59.fit,2024-04-09 13:45:00,0,0,, ,test,190.0,3600.0
5533,FITfiles/2024-04-09/Beelink1_20240409_140000_59.fit,2024-04-09 14:00:00,0,0,, ,train,190.0,3600.0
5526,FITfiles/2024-04-09/Beelink1_20240409_141500_59.fit,2024-04-09 14:15:00,0,0,, ,train,190.0,3590.0
5538,FITfiles/2024-04-09/Beelink1_20240409_143000_59.fit,2024-04-09 14:30:00,0,0,, ,test,190.0,3600.0
5531,FITfiles/2024-04-09/Beelink1_20240409_144500_59.fit,2024-04-09 14:45:00,0,0,, ,train,190.0,3600.0
5530,FITfiles/2024-04-09/Beelink1_20240409_150000_59.fit,2024-04-09 15:00:00,0,0,, ,train,190.0,3600.0
5535,FITfiles/2024-04-09/Beelink1_20240409_151500_59.fit,2024-04-09 15:15:00,0,0,, ,valid,190.0,3600.0
5528,FITfiles/2024-04-09/Beelink1_20240409_153000_59.fit,2024-04-09 15:30:00,0,0,, ,train,190.0,3600.0
5537,FITfiles/2024-04-09/Beelink1_20240409_154500_59.fit,2024-04-09 15:45:00,0,0,, ,valid,190.0,3600.0
5524,FITfiles/2024-04-09/Beelink1_20240409_160000_59.fit,2024-04-09 16:00:00,0,0,, ,train,190.0,3600.0
5527,FITfiles/2024-04-09/Beelink1_20240409_161500_59.fit,2024-04-09 16:15:00,0,0,, ,test,190.0,3590.0
5525,FITfiles/2024-04-09/Beelink1_20240409_163000_59.fit,2024-04-09 16:30:00,0,0,, ,train,190.0,3600.0
5522,FITfiles/2024-04-09/Beelink1_20240409_164500_59.fit,2024-04-09 16:45:00,0,0,, ,train,190.0,3600.0
5520,FITfiles/2024-04-09/Beelink1_20240409_170000_59.fit,2024-04-09 17:00:00,0,0,, ,test,190.0,3600.0
5546,FITfiles/2024-04-09/Beelink1_20240409_171500_59.fit,2024-04-09 17:15:00,0,0,, ,train,190.0,3600.0
5515,FITfiles/2024-04-09/Beelink1_20240409_173000_59.fit,2024-04-09 17:30:00,0,0,, ,train,190.0,3600.0
5529,FITfiles/2024-04-09/Beelink1_20240409_174500_59.fit,2024-04-09 17:45:00,0,0,, ,test,190.0,3600.0
5523,FITfiles/2024-04-09/Beelink1_20240409_180000_59.fit,2024-04-09 18:00:00,0,0,, ,train,190.0,3600.0
5519,FITfiles/2024-04-09/Beelink1_20240409_181500_59.fit,2024-04-09 18:15:00,0,0,, ,valid,190.0,3591.0
5521,FITfiles/2024-04-09/Beelink1_20240409_183000_59.fit,2024-04-09 18:30:00,0,0,, ,test,190.0,3600.0
5518,FITfiles/2024-04-09/Beelink1_20240409_184500_59.fit,2024-04-09 18:45:00,0,0,, ,test,190.0,3600.0
5532,FITfiles/2024-04-09/Beelink1_20240409_190000_59.fit,2024-04-09 19:00:00,0,0,, ,train,190.0,3600.0
5517,FITfiles/2024-04-09/Beelink1_20240409_191500_59.fit,2024-04-09 19:15:00,0,0,, ,train,190.0,3600.0
5514,FITfiles/2024-04-09/Beelink1_20240409_193000_59.fit,2024-04-09 19:30:00,0,0,, ,valid,190.0,3600.0
5508,FITfiles/2024-04-09/Beelink1_20240409_194500_59.fit,2024-04-09 19:45:00,0,0,, ,test,190.0,3600.0
5509,FITfiles/2024-04-09/Beelink1_20240409_200000_59.fit,2024-04-09 20:00:00,0,0,, ,valid,190.0,3600.0
5507,FITfiles/2024-04-09/Beelink1_20240409_201500_59.fit,2024-04-09 20:15:00,0,0,, ,train,190.0,3590.0
5513,FITfiles/2024-04-09/Beelink1_20240409_203000_59.fit,2024-04-09 20:30:00,0,0,, ,train,190.0,3600.0
5510,FITfiles/2024-04-09/Beelink1_20240409_204500_59.fit,2024-04-09 20:45:00,0,0,, ,train,190.0,3590.0
4833,FITfiles/2024-04-10/Beelink1_20240410_063000_59.fit,2024-04-10 06:30:00,0,0,, ,train,190.0,3600.0
4825,FITfiles/2024-04-10/Beelink1_20240410_064500_59.fit,2024-04-10 06:45:00,0,0,, ,test,190.0,3600.0
4829,FITfiles/2024-04-10/Beelink1_20240410_070000_59.fit,2024-04-10 07:00:00,0,0,, ,train,190.0,3600.0
4840,FITfiles/2024-04-10/Beelink1_20240410_071500_59.fit,2024-04-10 07:15:00,0,0,, ,train,190.0,3600.0
4834,FITfiles/2024-04-10/Beelink1_20240410_073000_59.fit,2024-04-10 07:30:00,0,0,, ,train,190.0,3600.0
4831,FITfiles/2024-04-10/Beelink1_20240410_074500_59.fit,2024-04-10 07:45:00,0,0,, ,train,190.0,3600.0
4838,FITfiles/2024-04-10/Beelink1_20240410_080000_59.fit,2024-04-10 08:00:00,0,0,, ,test,190.0,3600.0
4822,FITfiles/2024-04-10/Beelink1_20240410_081500_59.fit,2024-04-10 08:15:00,0,0,, ,train,190.0,3590.0
4824,FITfiles/2024-04-10/Beelink1_20240410_083000_59.fit,2024-04-10 08:30:00,0,0,, ,train,190.0,3600.0
4828,FITfiles/2024-04-10/Beelink1_20240410_084500_59.fit,2024-04-10 08:45:00,0,0,, ,train,190.0,3600.0
4830,FITfiles/2024-04-10/Beelink1_20240410_090000_59.fit,2024-04-10 09:00:00,0,0,, ,test,190.0,3600.0
4820,FITfiles/2024-04-10/Beelink1_20240410_091500_59.fit,2024-04-10 09:15:00,0,0,, ,valid,190.0,3600.0
4821,FITfiles/2024-04-10/Beelink1_20240410_093000_59.fit,2024-04-10 09:30:00,0,0,, ,train,190.0,3600.0
4814,FITfiles/2024-04-10/Beelink1_20240410_094500_59.fit,2024-04-10 09:45:00,0,0,, ,valid,190.0,3600.0
4815,FITfiles/2024-04-10/Beelink1_20240410_100000_59.fit,2024-04-10 10:00:00,0,0,, ,test,190.0,3600.0
4819,FITfiles/2024-04-10/Beelink1_20240410_101500_59.fit,2024-04-10 10:15:00,0,0,, ,train,190.0,3600.0
4823,FITfiles/2024-04-10/Beelink1_20240410_103000_59.fit,2024-04-10 10:30:00,0,0,, ,test,190.0,3600.0
4812,FITfiles/2024-04-10/Beelink1_20240410_104500_59.fit,2024-04-10 10:45:00,0,0,, ,train,190.0,3600.0
4816,FITfiles/2024-04-10/Beelink1_20240410_110000_59.fit,2024-04-10 11:00:00,0,0,, ,valid,190.0,3600.0
4837,FITfiles/2024-04-10/Beelink1_20240410_111500_59.fit,2024-04-10 11:15:00,0,0,, ,train,190.0,3600.0
4813,FITfiles/2024-04-10/Beelink1_20240410_113000_59.fit,2024-04-10 11:30:00,0,0,, ,test,190.0,3600.0
4805,FITfiles/2024-04-10/Beelink1_20240410_114500_59.fit,2024-04-10 11:45:00,0,0,, ,train,190.0,3600.0
4818,FITfiles/2024-04-10/Beelink1_20240410_120000_59.fit,2024-04-10 12:00:00,0,0,, ,train,190.0,3600.0
4839,FITfiles/2024-04-10/Beelink1_20240410_121500_59.fit,2024-04-10 12:15:00,0,0,, ,test,190.0,3590.0
4810,FITfiles/2024-04-10/Beelink1_20240410_123000_59.fit,2024-04-10 12:30:00,0,0,, ,valid,190.0,3600.0
4804,FITfiles/2024-04-10/Beelink1_20240410_124500_59.fit,2024-04-10 12:45:00,0,0,, ,train,190.0,3600.0
4817,FITfiles/2024-04-10/Beelink1_20240410_130000_59.fit,2024-04-10 13:00:00,0,0,, ,valid,190.0,3600.0
4355,FITfiles/2024-04-10/Beelink1_20240410_131500_59.fit,2024-04-10 13:15:00,0,0,, ,train,190.0,3600.0
4354,FITfiles/2024-04-10/Beelink1_20240410_133000_59.fit,2024-04-10 13:30:00,0,0,, ,valid,190.0,3600.0
4811,FITfiles/2024-04-10/Beelink1_20240410_134500_59.fit,2024-04-10 13:45:00,0,0,, ,train,190.0,3600.0
4808,FITfiles/2024-04-10/Beelink1_20240410_140000_59.fit,2024-04-10 14:00:00,0,0,, ,valid,190.0,3600.0
4797,FITfiles/2024-04-10/Beelink1_20240410_141500_59.fit,2024-04-10 14:15:00,0,0,, ,train,190.0,3590.0
4807,FITfiles/2024-04-10/Beelink1_20240410_143000_59.fit,2024-04-10 14:30:00,0,0,, ,train,190.0,3600.0
4800,FITfiles/2024-04-10/Beelink1_20240410_144500_59.fit,2024-04-10 14:45:00,0,0,, ,train,190.0,3600.0
4802,FITfiles/2024-04-10/Beelink1_20240410_150000_59.fit,2024-04-10 15:00:00,0,0,, ,train,190.0,3600.0
4806,FITfiles/2024-04-10/Beelink1_20240410_151500_59.fit,2024-04-10 15:15:00,0,0,, ,train,190.0,3600.0
4803,FITfiles/2024-04-10/Beelink1_20240410_153000_59.fit,2024-04-10 15:30:00,0,0,, ,train,190.0,3600.0
4799,FITfiles/2024-04-10/Beelink1_20240410_154500_59.fit,2024-04-10 15:45:00,0,0,, ,test,190.0,3600.0
4798,FITfiles/2024-04-10/Beelink1_20240410_160000_59.fit,2024-04-10 16:00:00,0,0,, ,valid,190.0,3600.0
4353,FITfiles/2024-04-10/Beelink1_20240410_161500_59.fit,2024-04-10 16:15:00,0,0,, ,train,190.0,3590.0
4809,FITfiles/2024-04-10/Beelink1_20240410_163000_59.fit,2024-04-10 16:30:00,0,0,, ,train,190.0,3600.0
4352,FITfiles/2024-04-10/Beelink1_20240410_164500_59.fit,2024-04-10 16:45:00,0,0,, ,train,190.0,3600.0
4801,FITfiles/2024-04-10/Beelink1_20240410_170000_59.fit,2024-04-10 17:00:00,0,0,, ,test,190.0,3600.0
4350,FITfiles/2024-04-10/Beelink1_20240410_171500_59.fit,2024-04-10 17:15:00,0,0,, ,valid,190.0,3600.0
4349,FITfiles/2024-04-10/Beelink1_20240410_173000_59.fit,2024-04-10 17:30:00,0,0,, ,valid,190.0,3600.0
4351,FITfiles/2024-04-10/Beelink1_20240410_174500_59.fit,2024-04-10 17:45:00,0,0,, ,train,190.0,3600.0
4348,FITfiles/2024-04-10/Beelink1_20240410_180000_59.fit,2024-04-10 18:00:00,0,0,, ,train,190.0,3600.0
6617,FITfiles/2024-04-13/Beelink1_20240413_130306_01.fit,2024-04-13 13:03:06,0,0,, ,train,190.0,3600.0
6627,FITfiles/2024-04-13/Beelink1_20240413_131806_01.fit,2024-04-13 13:18:06,0,0,, ,test,190.0,3600.0
6621,FITfiles/2024-04-13/Beelink1_20240413_133306_01.fit,2024-04-13 13:33:06,0,0,, ,train,190.0,3600.0
6623,FITfiles/2024-04-13/Beelink1_20240413_134806_01.fit,2024-04-13 13:48:06,0,0,, ,valid,190.0,3600.0
6651,FITfiles/2024-04-13/Beelink1_20240413_140306_01.fit,2024-04-13 14:03:06,0,0,, ,train,190.0,3600.0
6618,FITfiles/2024-04-13/Beelink1_20240413_141806_01.fit,2024-04-13 14:18:06,0,0,, ,train,190.0,2846.0
6614,FITfiles/2024-04-13/Beelink1_20240413_143000_59.fit,2024-04-13 14:30:00,0,0,, ,train,190.0,3600.0
6615,FITfiles/2024-04-13/Beelink1_20240413_144500_59.fit,2024-04-13 14:45:00,0,0,, ,train,190.0,3600.0
6640,FITfiles/2024-04-13/Beelink1_20240413_150000_59.fit,2024-04-13 15:00:00,0,0,, ,train,190.0,3600.0
6610,FITfiles/2024-04-13/Beelink1_20240413_151500_59.fit,2024-04-13 15:15:00,0,0,, ,valid,190.0,3600.0
6626,FITfiles/2024-04-13/Beelink1_20240413_153000_59.fit,2024-04-13 15:30:00,0,0,, ,train,190.0,3600.0
6605,FITfiles/2024-04-13/Beelink1_20240413_154500_59.fit,2024-04-13 15:45:00,0,0,, ,test,190.0,3600.0
6604,FITfiles/2024-04-13/Beelink1_20240413_160000_59.fit,2024-04-13 16:00:00,0,0,, ,test,190.0,3600.0
6608,FITfiles/2024-04-13/Beelink1_20240413_161500_59.fit,2024-04-13 16:15:00,0,0,, ,valid,190.0,3591.0
6603,FITfiles/2024-04-13/Beelink1_20240413_163000_59.fit,2024-04-13 16:30:00,0,0,, ,train,190.0,3600.0
6606,FITfiles/2024-04-13/Beelink1_20240413_164500_59.fit,2024-04-13 16:45:00,0,0,, ,train,190.0,3600.0
6602,FITfiles/2024-04-13/Beelink1_20240413_170000_59.fit,2024-04-13 17:00:00,0,0,, ,valid,190.0,3600.0
6607,FITfiles/2024-04-13/Beelink1_20240413_171500_59.fit,2024-04-13 17:15:00,0,0,, ,train,190.0,3600.0
6601,FITfiles/2024-04-13/Beelink1_20240413_173000_59.fit,2024-04-13 17:30:00,0,0,, ,valid,190.0,3600.0
6609,FITfiles/2024-04-13/Beelink1_20240413_174500_59.fit,2024-04-13 17:45:00,0,0,, ,train,190.0,3600.0
6596,FITfiles/2024-04-13/Beelink1_20240413_180000_59.fit,2024-04-13 18:00:00,0,0,, ,train,190.0,3600.0
6598,FITfiles/2024-04-13/Beelink1_20240413_181500_59.fit,2024-04-13 18:15:00,0,0,, ,test,190.0,3590.0
6599,FITfiles/2024-04-13/Beelink1_20240413_183000_59.fit,2024-04-13 18:30:00,0,0,, ,train,190.0,3600.0
6612,FITfiles/2024-04-13/Beelink1_20240413_184500_59.fit,2024-04-13 18:45:00,0,0,, ,valid,190.0,3600.0
6594,FITfiles/2024-04-13/Beelink1_20240413_190000_59.fit,2024-04-13 19:00:00,0,0,, ,test,190.0,3600.0
6593,FITfiles/2024-04-13/Beelink1_20240413_191500_59.fit,2024-04-13 19:15:00,0,0,, ,valid,190.0,3600.0
6619,FITfiles/2024-04-13/Beelink1_20240413_193000_59.fit,2024-04-13 19:30:00,0,0,, ,train,190.0,3600.0
6600,FITfiles/2024-04-13/Beelink1_20240413_194500_59.fit,2024-04-13 19:45:00,0,0,, ,train,190.0,3600.0
6613,FITfiles/2024-04-13/Beelink1_20240413_200000_59.fit,2024-04-13 20:00:00,0,0,, ,valid,190.0,3600.0
6595,FITfiles/2024-04-13/Beelink1_20240413_201500_59.fit,2024-04-13 20:15:00,0,0,, ,test,190.0,3590.0
6591,FITfiles/2024-04-13/Beelink1_20240413_203000_59.fit,2024-04-13 20:30:00,0,0,, ,test,190.0,3600.0
6592,FITfiles/2024-04-13/Beelink1_20240413_204500_59.fit,2024-04-13 20:45:00,0,0,, ,train,190.0,3590.0
8514,FITfiles/2024-04-14/Beelink1_20240414_063000_59.fit,2024-04-14 06:30:00,0,0,, ,valid,190.0,3600.0
8515,FITfiles/2024-04-14/Beelink1_20240414_064500_59.fit,2024-04-14 06:45:00,0,0,, ,test,190.0,3600.0
8520,FITfiles/2024-04-14/Beelink1_20240414_070000_59.fit,2024-04-14 07:00:00,0,0,, ,train,190.0,3600.0
8526,FITfiles/2024-04-14/Beelink1_20240414_071500_59.fit,2024-04-14 07:15:00,0,0,, ,train,190.0,3600.0
8518,FITfiles/2024-04-14/Beelink1_20240414_073000_59.fit,2024-04-14 07:30:00,0,0,, ,test,190.0,3600.0
8512,FITfiles/2024-04-14/Beelink1_20240414_074500_59.fit,2024-04-14 07:45:00,0,0,, ,train,190.0,3600.0
8519,FITfiles/2024-04-14/Beelink1_20240414_080000_59.fit,2024-04-14 08:00:00,0,0,, ,train,190.0,3600.0
8525,FITfiles/2024-04-14/Beelink1_20240414_081500_59.fit,2024-04-14 08:15:00,0,0,, ,test,190.0,3590.0
8523,FITfiles/2024-04-14/Beelink1_20240414_083000_59.fit,2024-04-14 08:30:00,0,0,, ,test,190.0,3600.0
8510,FITfiles/2024-04-14/Beelink1_20240414_084500_59.fit,2024-04-14 08:45:00,0,0,, ,train,190.0,3600.0
8507,FITfiles/2024-04-14/Beelink1_20240414_090000_59.fit,2024-04-14 09:00:00,0,0,, ,train,190.0,3600.0
8506,FITfiles/2024-04-14/Beelink1_20240414_091500_59.fit,2024-04-14 09:15:00,0,0,, ,test,190.0,3600.0
8505,FITfiles/2024-04-14/Beelink1_20240414_093000_59.fit,2024-04-14 09:30:00,0,0,, ,train,190.0,3600.0
8517,FITfiles/2024-04-14/Beelink1_20240414_094500_59.fit,2024-04-14 09:45:00,0,0,, ,valid,190.0,3600.0
8509,FITfiles/2024-04-14/Beelink1_20240414_100000_59.fit,2024-04-14 10:00:00,0,0,, ,train,190.0,3600.0
8502,FITfiles/2024-04-14/Beelink1_20240414_101500_59.fit,2024-04-14 10:15:00,0,0,, ,train,190.0,3600.0
8501,FITfiles/2024-04-14/Beelink1_20240414_103000_59.fit,2024-04-14 10:30:00,0,0,, ,train,190.0,3600.0
8516,FITfiles/2024-04-14/Beelink1_20240414_104500_59.fit,2024-04-14 10:45:00,0,0,, ,test,190.0,3600.0
8533,FITfiles/2024-04-14/Beelink1_20240414_110000_59.fit,2024-04-14 11:00:00,0,0,, ,train,190.0,3600.0
8503,FITfiles/2024-04-14/Beelink1_20240414_111500_59.fit,2024-04-14 11:15:00,0,0,, ,test,190.0,3600.0
8499,FITfiles/2024-04-14/Beelink1_20240414_113000_59.fit,2024-04-14 11:30:00,0,0,, ,train,190.0,3600.0
8497,FITfiles/2024-04-14/Beelink1_20240414_114500_59.fit,2024-04-14 11:45:00,0,0,, ,valid,190.0,3600.0
8513,FITfiles/2024-04-14/Beelink1_20240414_120000_59.fit,2024-04-14 12:00:00,0,0,, ,train,190.0,3600.0
8511,FITfiles/2024-04-14/Beelink1_20240414_121500_59.fit,2024-04-14 12:15:00,0,0,, ,train,190.0,3590.0
8496,FITfiles/2024-04-14/Beelink1_20240414_123000_59.fit,2024-04-14 12:30:00,0,0,, ,train,190.0,3600.0
8491,FITfiles/2024-04-14/Beelink1_20240414_124500_59.fit,2024-04-14 12:45:00,0,0,, ,test,190.0,3600.0
8522,FITfiles/2024-04-14/Beelink1_20240414_130000_59.fit,2024-04-14 13:00:00,0,0,, ,valid,190.0,3600.0
8492,FITfiles/2024-04-14/Beelink1_20240414_131500_59.fit,2024-04-14 13:15:00,0,0,, ,train,190.0,3600.0
8498,FITfiles/2024-04-14/Beelink1_20240414_133000_59.fit,2024-04-14 13:30:00,0,0,, ,train,190.0,3600.0
8493,FITfiles/2024-04-14/Beelink1_20240414_134500_59.fit,2024-04-14 13:45:00,0,0,, ,train,190.0,3600.0
8488,FITfiles/2024-04-14/Beelink1_20240414_140000_59.fit,2024-04-14 14:00:00,0,0,, ,train,190.0,3600.0
8508,FITfiles/2024-04-14/Beelink1_20240414_141500_59.fit,2024-04-14 14:15:00,0,0,, ,train,190.0,3590.0
8489,FITfiles/2024-04-14/Beelink1_20240414_143000_59.fit,2024-04-14 14:30:00,0,0,, ,valid,190.0,3600.0
8504,FITfiles/2024-04-14/Beelink1_20240414_144500_59.fit,2024-04-14 14:45:00,0,0,, ,train,190.0,3600.0
8487,FITfiles/2024-04-14/Beelink1_20240414_150000_59.fit,2024-04-14 15:00:00,0,0,, ,valid,190.0,3600.0
8484,FITfiles/2024-04-14/Beelink1_20240414_151500_59.fit,2024-04-14 15:15:00,0,0,, ,train,190.0,3600.0
8521,FITfiles/2024-04-14/Beelink1_20240414_153000_59.fit,2024-04-14 15:30:00,0,0,, ,train,190.0,3600.0
8482,FITfiles/2024-04-14/Beelink1_20240414_154500_59.fit,2024-04-14 15:45:00,0,0,, ,test,190.0,3600.0
8494,FITfiles/2024-04-14/Beelink1_20240414_160000_59.fit,2024-04-14 16:00:00,0,0,, ,valid,190.0,3600.0
8485,FITfiles/2024-04-14/Beelink1_20240414_161500_59.fit,2024-04-14 16:15:00,0,0,, ,valid,190.0,3590.0
8495,FITfiles/2024-04-14/Beelink1_20240414_163000_59.fit,2024-04-14 16:30:00,0,0,, ,train,190.0,3600.0
8478,FITfiles/2024-04-14/Beelink1_20240414_164500_59.fit,2024-04-14 16:45:00,0,0,, ,train,190.0,3600.0
8490,FITfiles/2024-04-14/Beelink1_20240414_170000_59.fit,2024-04-14 17:00:00,0,0,, ,train,190.0,3600.0
8476,FITfiles/2024-04-14/Beelink1_20240414_171500_59.fit,2024-04-14 17:15:00,0,0,, ,valid,190.0,3600.0
8481,FITfiles/2024-04-14/Beelink1_20240414_173000_59.fit,2024-04-14 17:30:00,0,0,, ,train,190.0,3600.0
8479,FITfiles/2024-04-14/Beelink1_20240414_174500_59.fit,2024-04-14 17:45:00,0,0,, ,valid,190.0,3600.0
8477,FITfiles/2024-04-14/Beelink1_20240414_180000_59.fit,2024-04-14 18:00:00,0,0,, ,train,190.0,3600.0
8500,FITfiles/2024-04-14/Beelink1_20240414_181500_59.fit,2024-04-14 18:15:00,0,0,, ,valid,190.0,3590.0
8486,FITfiles/2024-04-14/Beelink1_20240414_183000_59.fit,2024-04-14 18:30:00,0,0,, ,train,190.0,3600.0
8475,FITfiles/2024-04-14/Beelink1_20240414_184500_59.fit,2024-04-14 18:45:00,0,0,, ,test,190.0,3600.0
8473,FITfiles/2024-04-14/Beelink1_20240414_190000_59.fit,2024-04-14 19:00:00,0,0,, ,test,190.0,3600.0
8470,FITfiles/2024-04-14/Beelink1_20240414_191500_59.fit,2024-04-14 19:15:00,0,0,, ,test,190.0,3600.0
8474,FITfiles/2024-04-14/Beelink1_20240414_193000_59.fit,2024-04-14 19:30:00,0,0,, ,test,190.0,3600.0
8471,FITfiles/2024-04-14/Beelink1_20240414_194500_59.fit,2024-04-14 19:45:00,0,0,, ,train,190.0,3600.0
8480,FITfiles/2024-04-14/Beelink1_20240414_200000_59.fit,2024-04-14 20:00:00,0,0,, ,valid,190.0,3600.0
8472,FITfiles/2024-04-14/Beelink1_20240414_201500_59.fit,2024-04-14 20:15:00,0,0,, ,train,190.0,3590.0
8483,FITfiles/2024-04-14/Beelink1_20240414_203000_59.fit,2024-04-14 20:30:00,0,0,, ,train,190.0,3600.0
8469,FITfiles/2024-04-14/Beelink1_20240414_204500_59.fit,2024-04-14 20:45:00,0,0,, ,train,190.0,3590.0
4486,FITfiles/2024-04-15/Beelink1_20240415_063000_59.fit,2024-04-15 06:30:00,0,0,, ,train,190.0,3600.0
4441,FITfiles/2024-04-15/Beelink1_20240415_064500_59.fit,2024-04-15 06:45:00,0,0,, ,test,190.0,3600.0
4438,FITfiles/2024-04-15/Beelink1_20240415_070000_59.fit,2024-04-15 07:00:00,0,0,, ,train,190.0,3600.0
4446,FITfiles/2024-04-15/Beelink1_20240415_071500_59.fit,2024-04-15 07:15:00,0,0,, ,train,190.0,3600.0
4443,FITfiles/2024-04-15/Beelink1_20240415_073000_59.fit,2024-04-15 07:30:00,0,0,, ,valid,190.0,3600.0
4440,FITfiles/2024-04-15/Beelink1_20240415_074500_59.fit,2024-04-15 07:45:00,0,0,, ,train,190.0,3600.0
4437,FITfiles/2024-04-15/Beelink1_20240415_080000_59.fit,2024-04-15 08:00:00,0,0,, ,train,190.0,3600.0
4433,FITfiles/2024-04-15/Beelink1_20240415_081500_59.fit,2024-04-15 08:15:00,0,0,, ,test,190.0,3590.0
4283,FITfiles/2024-04-15/Beelink1_20240415_083000_59.fit,2024-04-15 08:30:00,0,0,, ,valid,190.0,3600.0
4453,FITfiles/2024-04-15/Beelink1_20240415_084500_59.fit,2024-04-15 08:45:00,0,0,, ,valid,190.0,3600.0
4435,FITfiles/2024-04-15/Beelink1_20240415_090000_59.fit,2024-04-15 09:00:00,0,0,, ,valid,190.0,3600.0
4430,FITfiles/2024-04-15/Beelink1_20240415_091500_59.fit,2024-04-15 09:15:00,0,0,, ,test,190.0,3600.0
4439,FITfiles/2024-04-15/Beelink1_20240415_093000_59.fit,2024-04-15 09:30:00,0,0,, ,train,190.0,3600.0
4428,FITfiles/2024-04-15/Beelink1_20240415_094500_59.fit,2024-04-15 09:45:00,0,0,, ,train,190.0,3600.0
4444,FITfiles/2024-04-15/Beelink1_20240415_100000_59.fit,2024-04-15 10:00:00,0,0,, ,train,190.0,3600.0
4426,FITfiles/2024-04-15/Beelink1_20240415_101500_59.fit,2024-04-15 10:15:00,0,0,, ,test,190.0,3600.0
4431,FITfiles/2024-04-15/Beelink1_20240415_103000_59.fit,2024-04-15 10:30:00,0,0,, ,valid,190.0,3600.0
4427,FITfiles/2024-04-15/Beelink1_20240415_104500_59.fit,2024-04-15 10:45:00,0,0,, ,train,190.0,3600.0
4436,FITfiles/2024-04-15/Beelink1_20240415_110000_59.fit,2024-04-15 11:00:00,0,0,, ,train,190.0,3600.0
4432,FITfiles/2024-04-15/Beelink1_20240415_111500_59.fit,2024-04-15 11:15:00,0,0,, ,train,190.0,3600.0
4282,FITfiles/2024-04-15/Beelink1_20240415_113000_59.fit,2024-04-15 11:30:00,0,0,, ,train,190.0,3600.0
4421,FITfiles/2024-04-15/Beelink1_20240415_114500_59.fit,2024-04-15 11:45:00,0,0,, ,valid,190.0,3600.0
4424,FITfiles/2024-04-15/Beelink1_20240415_120000_59.fit,2024-04-15 12:00:00,0,0,, ,train,190.0,3600.0
4416,FITfiles/2024-04-15/Beelink1_20240415_121500_59.fit,2024-04-15 12:15:00,0,0,, ,train,190.0,3591.0
4434,FITfiles/2024-04-15/Beelink1_20240415_123000_59.fit,2024-04-15 12:30:00,0,0,, ,train,190.0,3600.0
4403,FITfiles/2024-04-15/Beelink1_20240415_124500_59.fit,2024-04-15 12:45:00,0,0,, ,train,190.0,3600.0
4419,FITfiles/2024-04-15/Beelink1_20240415_130000_59.fit,2024-04-15 13:00:00,0,0,, ,test,190.0,3600.0
4406,FITfiles/2024-04-15/Beelink1_20240415_131500_59.fit,2024-04-15 13:15:00,0,0,, ,train,190.0,3600.0
4405,FITfiles/2024-04-15/Beelink1_20240415_133000_59.fit,2024-04-15 13:30:00,0,0,, ,train,190.0,3600.0
4414,FITfiles/2024-04-15/Beelink1_20240415_134500_59.fit,2024-04-15 13:45:00,0,0,, ,train,190.0,3600.0
4418,FITfiles/2024-04-15/Beelink1_20240415_140000_59.fit,2024-04-15 14:00:00,0,0,, ,train,190.0,3600.0
4409,FITfiles/2024-04-15/Beelink1_20240415_141500_59.fit,2024-04-15 14:15:00,0,0,, ,test,190.0,3590.0
4281,FITfiles/2024-04-15/Beelink1_20240415_143000_59.fit,2024-04-15 14:30:00,0,0,, ,train,190.0,3600.0
4425,FITfiles/2024-04-15/Beelink1_20240415_144500_59.fit,2024-04-15 14:45:00,0,0,, ,train,190.0,3600.0
4407,FITfiles/2024-04-15/Beelink1_20240415_150000_59.fit,2024-04-15 15:00:00,0,0,, ,test,190.0,3600.0
4404,FITfiles/2024-04-15/Beelink1_20240415_151500_59.fit,2024-04-15 15:15:00,0,0,, ,valid,190.0,3600.0
4408,FITfiles/2024-04-15/Beelink1_20240415_153000_59.fit,2024-04-15 15:30:00,0,0,, ,train,190.0,3600.0
4412,FITfiles/2024-04-15/Beelink1_20240415_154500_59.fit,2024-04-15 15:45:00,0,0,, ,train,190.0,3600.0
4420,FITfiles/2024-04-15/Beelink1_20240415_160000_59.fit,2024-04-15 16:00:00,0,0,, ,test,190.0,3600.0
4417,FITfiles/2024-04-15/Beelink1_20240415_161500_59.fit,2024-04-15 16:15:00,0,0,, ,train,190.0,3590.0
4451,FITfiles/2024-04-15/Beelink1_20240415_163000_59.fit,2024-04-15 16:30:00,0,0,, ,train,190.0,3600.0
4422,FITfiles/2024-04-15/Beelink1_20240415_164500_59.fit,2024-04-15 16:45:00,0,0,, ,train,190.0,3600.0
4423,FITfiles/2024-04-15/Beelink1_20240415_170000_59.fit,2024-04-15 17:00:00,0,0,, ,train,190.0,3600.0
4410,FITfiles/2024-04-15/Beelink1_20240415_171500_59.fit,2024-04-15 17:15:00,0,0,, ,test,190.0,3600.0
4429,FITfiles/2024-04-15/Beelink1_20240415_173000_59.fit,2024-04-15 17:30:00,1,6,, ,train,190.0,3600.0
4413,FITfiles/2024-04-15/Beelink1_20240415_174500_59.fit,2024-04-15 17:45:00,0,0,, ,train,190.0,3600.0
4402,FITfiles/2024-04-15/Beelink1_20240415_180000_59.fit,2024-04-15 18:00:00,0,0,, ,test,190.0,3600.0
4415,FITfiles/2024-04-15/Beelink1_20240415_181500_59.fit,2024-04-15 18:15:00,0,0,, ,train,190.0,3590.0
4411,FITfiles/2024-04-15/Beelink1_20240415_183000_59.fit,2024-04-15 18:30:00,0,0,, ,test,190.0,3600.0
4280,FITfiles/2024-04-15/Beelink1_20240415_184500_59.fit,2024-04-15 18:45:00,0,0,, ,train,190.0,3600.0
4401,FITfiles/2024-04-15/Beelink1_20240415_190000_59.fit,2024-04-15 19:00:00,0,0,, ,train,190.0,3600.0
4278,FITfiles/2024-04-15/Beelink1_20240415_191500_59.fit,2024-04-15 19:15:00,0,0,, ,test,190.0,3600.0
4380,FITfiles/2024-04-15/Beelink1_20240415_193000_59.fit,2024-04-15 19:30:00,0,0,, ,train,190.0,3600.0
4277,FITfiles/2024-04-15/Beelink1_20240415_194500_59.fit,2024-04-15 19:45:00,0,0,, ,train,190.0,3600.0
4400,FITfiles/2024-04-15/Beelink1_20240415_200000_59.fit,2024-04-15 20:00:00,0,0,, ,train,190.0,3600.0
4276,FITfiles/2024-04-15/Beelink1_20240415_201500_59.fit,2024-04-15 20:15:00,0,0,, ,valid,190.0,3590.0
4381,FITfiles/2024-04-15/Beelink1_20240415_203000_59.fit,2024-04-15 20:30:00,0,0,, ,test,190.0,3600.0
4383,FITfiles/2024-04-15/Beelink1_20240415_204500_59.fit,2024-04-15 20:45:00,0,0,, ,train,190.0,3590.0
7729,FITfiles/2024-04-16/Beelink1_20240416_063000_59.fit,2024-04-16 06:30:00,0,0,, ,test,190.0,3600.0
7720,FITfiles/2024-04-16/Beelink1_20240416_064500_59.fit,2024-04-16 06:45:00,0,0,, ,train,190.0,3600.0
7730,FITfiles/2024-04-16/Beelink1_20240416_070000_59.fit,2024-04-16 07:00:00,0,0,, ,valid,190.0,3600.0
7564,FITfiles/2024-04-16/Beelink1_20240416_071500_59.fit,2024-04-16 07:15:00,0,0,, ,valid,190.0,3600.0
7703,FITfiles/2024-04-16/Beelink1_20240416_073000_59.fit,2024-04-16 07:30:00,0,0,, ,test,190.0,3600.0
7709,FITfiles/2024-04-16/Beelink1_20240416_074500_59.fit,2024-04-16 07:45:00,0,0,, ,valid,190.0,3600.0
7565,FITfiles/2024-04-16/Beelink1_20240416_080000_59.fit,2024-04-16 08:00:00,0,0,, ,train,190.0,3600.0
7706,FITfiles/2024-04-16/Beelink1_20240416_081500_59.fit,2024-04-16 08:15:00,0,0,, ,valid,190.0,3590.0
7705,FITfiles/2024-04-16/Beelink1_20240416_083000_59.fit,2024-04-16 08:30:00,0,0,, ,test,190.0,3600.0
7683,FITfiles/2024-04-16/Beelink1_20240416_084500_59.fit,2024-04-16 08:45:00,0,0,, ,train,190.0,3600.0
7699,FITfiles/2024-04-16/Beelink1_20240416_090000_59.fit,2024-04-16 09:00:00,0,0,, ,test,190.0,3600.0
7686,FITfiles/2024-04-16/Beelink1_20240416_091500_59.fit,2024-04-16 09:15:00,0,0,, ,train,190.0,3600.0
7691,FITfiles/2024-04-16/Beelink1_20240416_093000_59.fit,2024-04-16 09:30:00,0,0,, ,train,190.0,3600.0
7680,FITfiles/2024-04-16/Beelink1_20240416_094500_59.fit,2024-04-16 09:45:00,0,0,, ,train,190.0,3600.0
7679,FITfiles/2024-04-16/Beelink1_20240416_100000_59.fit,2024-04-16 10:00:00,0,0,, ,train,190.0,3600.0
7689,FITfiles/2024-04-16/Beelink1_20240416_101500_59.fit,2024-04-16 10:15:00,0,0,, ,train,190.0,3600.0
7675,FITfiles/2024-04-16/Beelink1_20240416_103000_59.fit,2024-04-16 10:30:00,0,0,, ,test,190.0,3600.0
7676,FITfiles/2024-04-16/Beelink1_20240416_104500_59.fit,2024-04-16 10:45:00,0,0,, ,train,190.0,3600.0
7693,FITfiles/2024-04-16/Beelink1_20240416_110000_59.fit,2024-04-16 11:00:00,0,0,, ,train,190.0,3600.0
7562,FITfiles/2024-04-16/Beelink1_20240416_111500_59.fit,2024-04-16 11:15:00,0,0,, ,valid,190.0,3600.0
7688,FITfiles/2024-04-16/Beelink1_20240416_113000_59.fit,2024-04-16 11:30:00,0,0,, ,test,190.0,3600.0
7558,FITfiles/2024-04-16/Beelink1_20240416_114500_59.fit,2024-04-16 11:45:00,0,0,, ,train,190.0,3600.0
7678,FITfiles/2024-04-16/Beelink1_20240416_120000_59.fit,2024-04-16 12:00:00,0,0,, ,train,190.0,3600.0
7681,FITfiles/2024-04-16/Beelink1_20240416_121500_59.fit,2024-04-16 12:15:00,0,0,, ,train,190.0,3590.0
7682,FITfiles/2024-04-16/Beelink1_20240416_123000_59.fit,2024-04-16 12:30:00,0,0,, ,valid,190.0,3600.0
7556,FITfiles/2024-04-16/Beelink1_20240416_124500_59.fit,2024-04-16 12:45:00,0,0,, ,train,190.0,3600.0
7554,FITfiles/2024-04-16/Beelink1_20240416_130000_59.fit,2024-04-16 13:00:00,0,0,, ,train,190.0,3600.0
7677,FITfiles/2024-04-16/Beelink1_20240416_131500_59.fit,2024-04-16 13:15:00,0,0,, ,train,190.0,3600.0
7684,FITfiles/2024-04-16/Beelink1_20240416_133000_59.fit,2024-04-16 13:30:00,0,0,, ,test,190.0,3600.0
7553,FITfiles/2024-04-16/Beelink1_20240416_134500_59.fit,2024-04-16 13:45:00,0,0,, ,train,190.0,3600.0
7561,FITfiles/2024-04-16/Beelink1_20240416_140000_59.fit,2024-04-16 14:00:00,0,0,, ,train,190.0,3600.0
7551,FITfiles/2024-04-16/Beelink1_20240416_141500_59.fit,2024-04-16 14:15:00,0,0,, ,train,190.0,3590.0
7550,FITfiles/2024-04-16/Beelink1_20240416_143000_59.fit,2024-04-16 14:30:00,0,0,, ,test,190.0,3600.0
7687,FITfiles/2024-04-16/Beelink1_20240416_144500_59.fit,2024-04-16 14:45:00,0,0,, ,train,190.0,3600.0
7548,FITfiles/2024-04-16/Beelink1_20240416_150000_59.fit,2024-04-16 15:00:00,0,0,, ,valid,190.0,3600.0
7552,FITfiles/2024-04-16/Beelink1_20240416_151500_59.fit,2024-04-16 15:15:00,0,0,, ,valid,190.0,3600.0
7559,FITfiles/2024-04-16/Beelink1_20240416_153000_59.fit,2024-04-16 15:30:00,0,0,, ,valid,190.0,3600.0
7542,FITfiles/2024-04-16/Beelink1_20240416_154500_59.fit,2024-04-16 15:45:00,0,0,, ,train,190.0,3600.0
7555,FITfiles/2024-04-16/Beelink1_20240416_160000_59.fit,2024-04-16 16:00:00,0,0,, ,test,190.0,3600.0
7545,FITfiles/2024-04-16/Beelink1_20240416_161500_59.fit,2024-04-16 16:15:00,0,0,, ,train,190.0,3591.0
7544,FITfiles/2024-04-16/Beelink1_20240416_163000_59.fit,2024-04-16 16:30:00,0,0,, ,train,190.0,3600.0
7541,FITfiles/2024-04-16/Beelink1_20240416_164500_59.fit,2024-04-16 16:45:00,0,0,, ,train,190.0,3600.0
7698,FITfiles/2024-04-16/Beelink1_20240416_170000_59.fit,2024-04-16 17:00:00,0,0,, ,train,190.0,3600.0
7549,FITfiles/2024-04-16/Beelink1_20240416_171500_59.fit,2024-04-16 17:15:00,0,0,, ,train,190.0,3600.0
7557,FITfiles/2024-04-16/Beelink1_20240416_173000_59.fit,2024-04-16 17:30:00,0,0,, ,train,190.0,3600.0
7547,FITfiles/2024-04-16/Beelink1_20240416_174500_59.fit,2024-04-16 17:45:00,0,0,, ,train,190.0,3600.0
7531,FITfiles/2024-04-16/Beelink1_20240416_180000_59.fit,2024-04-16 18:00:00,0,0,, ,valid,190.0,3600.0
7536,FITfiles/2024-04-16/Beelink1_20240416_181500_59.fit,2024-04-16 18:15:00,0,0,, ,test,190.0,3590.0
7537,FITfiles/2024-04-16/Beelink1_20240416_183000_59.fit,2024-04-16 18:30:00,0,0,, ,train,190.0,3600.0
7539,FITfiles/2024-04-16/Beelink1_20240416_184500_59.fit,2024-04-16 18:45:00,0,0,, ,train,190.0,3600.0
7538,FITfiles/2024-04-16/Beelink1_20240416_190000_59.fit,2024-04-16 19:00:00,0,0,, ,train,190.0,3600.0
7533,FITfiles/2024-04-16/Beelink1_20240416_191500_59.fit,2024-04-16 19:15:00,0,0,, ,train,190.0,3600.0
7543,FITfiles/2024-04-16/Beelink1_20240416_193000_59.fit,2024-04-16 19:30:00,0,0,, ,test,190.0,3600.0
7530,FITfiles/2024-04-16/Beelink1_20240416_194500_59.fit,2024-04-16 19:45:00,0,0,, ,train,190.0,3600.0
7534,FITfiles/2024-04-16/Beelink1_20240416_200000_59.fit,2024-04-16 20:00:00,0,0,, ,train,190.0,3600.0
7532,FITfiles/2024-04-16/Beelink1_20240416_201500_59.fit,2024-04-16 20:15:00,0,0,, ,train,190.0,3591.0
7546,FITfiles/2024-04-16/Beelink1_20240416_203000_59.fit,2024-04-16 20:30:00,0,0,, ,train,190.0,3600.0
7540,FITfiles/2024-04-16/Beelink1_20240416_204500_59.fit,2024-04-16 20:45:00,0,0,, ,valid,190.0,3590.0
7580,FITfiles/2024-04-17/Beelink1_20240417_063000_59.fit,2024-04-17 06:30:00,0,0,, ,train,190.0,3600.0
7803,FITfiles/2024-04-17/Beelink1_20240417_064500_59.fit,2024-04-17 06:45:00,0,0,, ,train,190.0,3600.0
7795,FITfiles/2024-04-17/Beelink1_20240417_070000_59.fit,2024-04-17 07:00:00,0,0,, ,valid,190.0,3600.0
7819,FITfiles/2024-04-17/Beelink1_20240417_071500_59.fit,2024-04-17 07:15:00,0,0,, ,valid,190.0,3600.0
7796,FITfiles/2024-04-17/Beelink1_20240417_073000_59.fit,2024-04-17 07:30:00,0,0,, ,train,190.0,3600.0
7798,FITfiles/2024-04-17/Beelink1_20240417_074500_59.fit,2024-04-17 07:45:00,0,0,, ,valid,190.0,3600.0
7794,FITfiles/2024-04-17/Beelink1_20240417_080000_59.fit,2024-04-17 08:00:00,0,0,, ,valid,190.0,3600.0
7789,FITfiles/2024-04-17/Beelink1_20240417_081500_59.fit,2024-04-17 08:15:00,0,0,, ,train,190.0,3591.0
7790,FITfiles/2024-04-17/Beelink1_20240417_083000_59.fit,2024-04-17 08:30:00,0,0,, ,train,190.0,3600.0
7786,FITfiles/2024-04-17/Beelink1_20240417_084500_59.fit,2024-04-17 08:45:00,0,0,, ,train,190.0,3600.0
7791,FITfiles/2024-04-17/Beelink1_20240417_090000_59.fit,2024-04-17 09:00:00,0,0,, ,valid,190.0,3600.0
7792,FITfiles/2024-04-17/Beelink1_20240417_091500_59.fit,2024-04-17 09:15:00,0,0,, ,train,190.0,3600.0
7810,FITfiles/2024-04-17/Beelink1_20240417_093000_59.fit,2024-04-17 09:30:00,0,0,, ,train,190.0,3600.0
7579,FITfiles/2024-04-17/Beelink1_20240417_094500_59.fit,2024-04-17 09:45:00,0,0,, ,train,190.0,3600.0
7788,FITfiles/2024-04-17/Beelink1_20240417_100000_59.fit,2024-04-17 10:00:00,0,0,, ,valid,190.0,3600.0
7801,FITfiles/2024-04-17/Beelink1_20240417_101500_59.fit,2024-04-17 10:15:00,0,0,, ,valid,190.0,3600.0
7800,FITfiles/2024-04-17/Beelink1_20240417_103000_59.fit,2024-04-17 10:30:00,0,0,, ,train,190.0,3600.0
7784,FITfiles/2024-04-17/Beelink1_20240417_104500_59.fit,2024-04-17 10:45:00,0,0,, ,valid,190.0,3600.0
7779,FITfiles/2024-04-17/Beelink1_20240417_110000_59.fit,2024-04-17 11:00:00,0,0,, ,test,190.0,3600.0
7793,FITfiles/2024-04-17/Beelink1_20240417_111500_59.fit,2024-04-17 11:15:00,0,0,, ,train,190.0,3600.0
7782,FITfiles/2024-04-17/Beelink1_20240417_113000_59.fit,2024-04-17 11:30:00,0,0,, ,test,190.0,3600.0
7781,FITfiles/2024-04-17/Beelink1_20240417_114500_59.fit,2024-04-17 11:45:00,0,0,, ,test,190.0,3600.0
7772,FITfiles/2024-04-17/Beelink1_20240417_120000_59.fit,2024-04-17 12:00:00,0,0,, ,valid,190.0,3600.0
7780,FITfiles/2024-04-17/Beelink1_20240417_121500_59.fit,2024-04-17 12:15:00,0,0,, ,train,190.0,3590.0
7839,FITfiles/2024-04-17/Beelink1_20240417_123000_59.fit,2024-04-17 12:30:00,1,3,, ,test,190.0,3600.0
7778,FITfiles/2024-04-17/Beelink1_20240417_124500_59.fit,2024-04-17 12:45:00,1,3,, ,test,190.0,3600.0
7769,FITfiles/2024-04-17/Beelink1_20240417_130000_59.fit,2024-04-17 13:00:00,0,0,, ,train,190.0,3600.0
7783,FITfiles/2024-04-17/Beelink1_20240417_131500_59.fit,2024-04-17 13:15:00,0,0,, ,train,190.0,3600.0
7768,FITfiles/2024-04-17/Beelink1_20240417_133000_59.fit,2024-04-17 13:30:00,0,0,, ,train,190.0,3600.0
7787,FITfiles/2024-04-17/Beelink1_20240417_134500_59.fit,2024-04-17 13:45:00,0,0,, ,train,190.0,3600.0
7577,FITfiles/2024-04-17/Beelink1_20240417_140000_59.fit,2024-04-17 14:00:00,0,0,, ,train,190.0,3600.0
7777,FITfiles/2024-04-17/Beelink1_20240417_141500_59.fit,2024-04-17 14:15:00,1,6,, ,valid,190.0,3590.0
7771,FITfiles/2024-04-17/Beelink1_20240417_143000_59.fit,2024-04-17 14:30:00,0,0,, ,train,190.0,3600.0
7578,FITfiles/2024-04-17/Beelink1_20240417_144500_59.fit,2024-04-17 14:45:00,0,0,, ,test,190.0,3600.0
7785,FITfiles/2024-04-17/Beelink1_20240417_150000_59.fit,2024-04-17 15:00:00,0,0,, ,train,190.0,3600.0
7765,FITfiles/2024-04-17/Beelink1_20240417_151500_59.fit,2024-04-17 15:15:00,0,0,, ,train,190.0,3600.0
7775,FITfiles/2024-04-17/Beelink1_20240417_153000_59.fit,2024-04-17 15:30:00,0,0,, ,train,190.0,3600.0
7773,FITfiles/2024-04-17/Beelink1_20240417_154500_59.fit,2024-04-17 15:45:00,0,0,, ,train,190.0,3600.0
7763,FITfiles/2024-04-17/Beelink1_20240417_160000_59.fit,2024-04-17 16:00:00,1,5,, ,train,190.0,3600.0
7766,FITfiles/2024-04-17/Beelink1_20240417_161500_59.fit,2024-04-17 16:15:00,0,0,, ,valid,190.0,3590.0
7767,FITfiles/2024-04-17/Beelink1_20240417_163000_59.fit,2024-04-17 16:30:00,0,0,, ,train,190.0,3600.0
7776,FITfiles/2024-04-17/Beelink1_20240417_164500_59.fit,2024-04-17 16:45:00,0,0,, ,train,190.0,3600.0
7761,FITfiles/2024-04-17/Beelink1_20240417_170000_59.fit,2024-04-17 17:00:00,0,0,, ,valid,190.0,3600.0
7813,FITfiles/2024-04-17/Beelink1_20240417_171500_59.fit,2024-04-17 17:15:00,0,0,, ,train,190.0,3600.0
7760,FITfiles/2024-04-17/Beelink1_20240417_173000_59.fit,2024-04-17 17:30:00,0,0,, ,train,190.0,3600.0
7762,FITfiles/2024-04-17/Beelink1_20240417_174500_59.fit,2024-04-17 17:45:00,0,0,, ,valid,190.0,3600.0
7764,FITfiles/2024-04-17/Beelink1_20240417_180000_59.fit,2024-04-17 18:00:00,0,0,, ,test,190.0,3600.0
7574,FITfiles/2024-04-17/Beelink1_20240417_181500_59.fit,2024-04-17 18:15:00,0,0,, ,train,190.0,3590.0
7576,FITfiles/2024-04-17/Beelink1_20240417_183000_59.fit,2024-04-17 18:30:00,0,0,, ,train,190.0,3600.0
7774,FITfiles/2024-04-17/Beelink1_20240417_184500_59.fit,2024-04-17 18:45:00,0,0,, ,test,190.0,3600.0
7758,FITfiles/2024-04-17/Beelink1_20240417_190000_59.fit,2024-04-17 19:00:00,0,0,, ,train,190.0,3600.0
7770,FITfiles/2024-04-17/Beelink1_20240417_191500_59.fit,2024-04-17 19:15:00,1,6,, ,train,190.0,3600.0
7757,FITfiles/2024-04-17/Beelink1_20240417_193000_59.fit,2024-04-17 19:30:00,0,0,, ,test,190.0,3600.0
7759,FITfiles/2024-04-17/Beelink1_20240417_194500_59.fit,2024-04-17 19:45:00,0,0,, ,valid,190.0,3600.0
7573,FITfiles/2024-04-17/Beelink1_20240417_200000_59.fit,2024-04-17 20:00:00,0,0,, ,train,190.0,3600.0
7575,FITfiles/2024-04-17/Beelink1_20240417_201500_59.fit,2024-04-17 20:15:00,0,0,, ,test,190.0,3590.0
7756,FITfiles/2024-04-17/Beelink1_20240417_203000_59.fit,2024-04-17 20:30:00,0,0,, ,train,190.0,3600.0
7572,FITfiles/2024-04-17/Beelink1_20240417_204500_59.fit,2024-04-17 20:45:00,0,0,, ,test,190.0,3590.0
7528,FITfiles/2024-04-18/Beelink1_20240418_063000_59.fit,2024-04-18 06:30:00,0,0,, ,train,190.0,3600.0
7524,FITfiles/2024-04-18/Beelink1_20240418_064500_59.fit,2024-04-18 06:45:00,0,0,, ,valid,190.0,3600.0
7513,FITfiles/2024-04-18/Beelink1_20240418_070000_59.fit,2024-04-18 07:00:00,0,0,, ,valid,190.0,3600.0
7525,FITfiles/2024-04-18/Beelink1_20240418_071500_59.fit,2024-04-18 07:15:00,0,0,, ,test,190.0,3600.0
7529,FITfiles/2024-04-18/Beelink1_20240418_073000_59.fit,2024-04-18 07:30:00,0,0,, ,train,190.0,3600.0
7520,FITfiles/2024-04-18/Beelink1_20240418_074500_59.fit,2024-04-18 07:45:00,0,0,, ,valid,190.0,3600.0
7515,FITfiles/2024-04-18/Beelink1_20240418_080000_59.fit,2024-04-18 08:00:00,0,0,, ,train,190.0,3600.0
7517,FITfiles/2024-04-18/Beelink1_20240418_081500_59.fit,2024-04-18 08:15:00,0,0,, ,train,190.0,3590.0
7516,FITfiles/2024-04-18/Beelink1_20240418_083000_59.fit,2024-04-18 08:30:00,0,0,, ,train,190.0,3600.0
7511,FITfiles/2024-04-18/Beelink1_20240418_084500_59.fit,2024-04-18 08:45:00,0,0,, ,train,190.0,3600.0
7535,FITfiles/2024-04-18/Beelink1_20240418_090000_59.fit,2024-04-18 09:00:00,0,0,, ,train,190.0,3600.0
7510,FITfiles/2024-04-18/Beelink1_20240418_091500_59.fit,2024-04-18 09:15:00,0,0,, ,train,190.0,3600.0
7527,FITfiles/2024-04-18/Beelink1_20240418_093000_59.fit,2024-04-18 09:30:00,0,0,, ,train,190.0,3600.0
7518,FITfiles/2024-04-18/Beelink1_20240418_094500_59.fit,2024-04-18 09:45:00,0,0,, ,train,190.0,3600.0
7507,FITfiles/2024-04-18/Beelink1_20240418_100000_59.fit,2024-04-18 10:00:00,0,0,, ,train,190.0,3600.0
7521,FITfiles/2024-04-18/Beelink1_20240418_101500_59.fit,2024-04-18 10:15:00,0,0,, ,train,190.0,3600.0
7523,FITfiles/2024-04-18/Beelink1_20240418_103000_59.fit,2024-04-18 10:30:00,0,0,, ,train,190.0,3600.0
7504,FITfiles/2024-04-18/Beelink1_20240418_104500_59.fit,2024-04-18 10:45:00,0,0,, ,valid,190.0,3600.0
7522,FITfiles/2024-04-18/Beelink1_20240418_110000_59.fit,2024-04-18 11:00:00,0,0,, ,test,190.0,3600.0
7505,FITfiles/2024-04-18/Beelink1_20240418_111500_59.fit,2024-04-18 11:15:00,0,0,, ,train,190.0,3600.0
7519,FITfiles/2024-04-18/Beelink1_20240418_113000_59.fit,2024-04-18 11:30:00,0,0,, ,test,190.0,3600.0
7512,FITfiles/2024-04-18/Beelink1_20240418_114500_59.fit,2024-04-18 11:45:00,0,0,, ,valid,190.0,3600.0
7501,FITfiles/2024-04-18/Beelink1_20240418_120000_59.fit,2024-04-18 12:00:00,0,0,, ,train,190.0,3600.0
7499,FITfiles/2024-04-18/Beelink1_20240418_121500_59.fit,2024-04-18 12:15:00,0,0,, ,train,190.0,3591.0
7506,FITfiles/2024-04-18/Beelink1_20240418_123000_59.fit,2024-04-18 12:30:00,0,0,, ,train,190.0,3600.0
7508,FITfiles/2024-04-18/Beelink1_20240418_124500_59.fit,2024-04-18 12:45:00,0,0,, ,train,190.0,3600.0
7498,FITfiles/2024-04-18/Beelink1_20240418_130000_59.fit,2024-04-18 13:00:00,1,3,, ,train,190.0,3600.0
7494,FITfiles/2024-04-18/Beelink1_20240418_131500_59.fit,2024-04-18 13:15:00,0,0,, ,train,190.0,3600.0
7495,FITfiles/2024-04-18/Beelink1_20240418_133000_59.fit,2024-04-18 13:30:00,0,0,, ,train,190.0,3600.0
7503,FITfiles/2024-04-18/Beelink1_20240418_134500_59.fit,2024-04-18 13:45:00,0,0,, ,train,190.0,3600.0
7502,FITfiles/2024-04-18/Beelink1_20240418_140000_59.fit,2024-04-18 14:00:00,0,0,, ,train,190.0,3600.0
7490,FITfiles/2024-04-18/Beelink1_20240418_141500_59.fit,2024-04-18 14:15:00,0,0,, ,test,190.0,3590.0
7493,FITfiles/2024-04-18/Beelink1_20240418_143000_59.fit,2024-04-18 14:30:00,0,0,, ,valid,190.0,3600.0
7492,FITfiles/2024-04-18/Beelink1_20240418_144500_59.fit,2024-04-18 14:45:00,0,0,, ,test,190.0,3600.0
7514,FITfiles/2024-04-18/Beelink1_20240418_150000_59.fit,2024-04-18 15:00:00,0,0,, ,test,190.0,3600.0
7497,FITfiles/2024-04-18/Beelink1_20240418_151500_59.fit,2024-04-18 15:15:00,0,0,, ,test,190.0,3600.0
7480,FITfiles/2024-04-18/Beelink1_20240418_153000_59.fit,2024-04-18 15:30:00,0,0,, ,test,190.0,3600.0
7486,FITfiles/2024-04-18/Beelink1_20240418_154500_59.fit,2024-04-18 15:45:00,0,0,, ,train,190.0,3600.0
7485,FITfiles/2024-04-18/Beelink1_20240418_160000_59.fit,2024-04-18 16:00:00,0,0,, ,test,190.0,3600.0
7474,FITfiles/2024-04-18/Beelink1_20240418_161500_59.fit,2024-04-18 16:15:00,0,0,, ,train,190.0,3590.0
7526,FITfiles/2024-04-18/Beelink1_20240418_163000_59.fit,2024-04-18 16:30:00,0,0,, ,train,190.0,3600.0
7496,FITfiles/2024-04-18/Beelink1_20240418_164500_59.fit,2024-04-18 16:45:00,0,0,, ,train,190.0,3600.0
7478,FITfiles/2024-04-18/Beelink1_20240418_170000_59.fit,2024-04-18 17:00:00,0,0,, ,train,190.0,3600.0
7489,FITfiles/2024-04-18/Beelink1_20240418_171500_59.fit,2024-04-18 17:15:00,0,0,, ,valid,190.0,3600.0
7475,FITfiles/2024-04-18/Beelink1_20240418_173000_59.fit,2024-04-18 17:30:00,0,0,, ,train,190.0,3600.0
7481,FITfiles/2024-04-18/Beelink1_20240418_174500_59.fit,2024-04-18 17:45:00,0,0,, ,train,190.0,3600.0
7469,FITfiles/2024-04-18/Beelink1_20240418_180000_59.fit,2024-04-18 18:00:00,0,0,, ,train,190.0,3600.0
7491,FITfiles/2024-04-18/Beelink1_20240418_181500_59.fit,2024-04-18 18:15:00,0,0,, ,train,190.0,3590.0
7476,FITfiles/2024-04-18/Beelink1_20240418_183000_59.fit,2024-04-18 18:30:00,0,0,, ,train,190.0,3600.0
7466,FITfiles/2024-04-18/Beelink1_20240418_184500_59.fit,2024-04-18 18:45:00,1,3,, ,valid,190.0,3600.0
7484,FITfiles/2024-04-18/Beelink1_20240418_190000_59.fit,2024-04-18 19:00:00,0,0,, ,train,190.0,3600.0
7483,FITfiles/2024-04-18/Beelink1_20240418_191500_59.fit,2024-04-18 19:15:00,0,0,, ,train,190.0,3600.0
7470,FITfiles/2024-04-18/Beelink1_20240418_193000_59.fit,2024-04-18 19:30:00,1,3,, ,train,190.0,3600.0
7487,FITfiles/2024-04-18/Beelink1_20240418_194500_59.fit,2024-04-18 19:45:00,0,0,, ,train,190.0,3600.0
7477,FITfiles/2024-04-18/Beelink1_20240418_200000_59.fit,2024-04-18 20:00:00,0,0,, ,train,190.0,3600.0
7500,FITfiles/2024-04-18/Beelink1_20240418_201500_59.fit,2024-04-18 20:15:00,0,0,, ,train,190.0,3590.0
7461,FITfiles/2024-04-18/Beelink1_20240418_203000_59.fit,2024-04-18 20:30:00,0,0,, ,valid,190.0,3600.0
7458,FITfiles/2024-04-18/Beelink1_20240418_204500_59.fit,2024-04-18 20:45:00,0,0,, ,valid,190.0,3590.0
5400,FITfiles/2024-04-19/Beelink1_20240419_063000_59.fit,2024-04-19 06:30:00,0,0,, ,train,190.0,3600.0
5336,FITfiles/2024-04-19/Beelink1_20240419_064500_59.fit,2024-04-19 06:45:00,0,0,, ,train,190.0,3600.0
5356,FITfiles/2024-04-19/Beelink1_20240419_070000_59.fit,2024-04-19 07:00:00,0,0,, ,valid,190.0,3600.0
5339,FITfiles/2024-04-19/Beelink1_20240419_071500_59.fit,2024-04-19 07:15:00,0,0,, ,train,190.0,3600.0
5344,FITfiles/2024-04-19/Beelink1_20240419_073000_59.fit,2024-04-19 07:30:00,0,0,, ,valid,190.0,3600.0
5340,FITfiles/2024-04-19/Beelink1_20240419_074500_59.fit,2024-04-19 07:45:00,0,0,, ,train,190.0,3600.0
5325,FITfiles/2024-04-19/Beelink1_20240419_080000_59.fit,2024-04-19 08:00:00,0,0,, ,train,190.0,3600.0
5320,FITfiles/2024-04-19/Beelink1_20240419_081500_59.fit,2024-04-19 08:15:00,0,0,, ,test,190.0,3590.0
5326,FITfiles/2024-04-19/Beelink1_20240419_083000_59.fit,2024-04-19 08:30:00,0,0,, ,test,190.0,3600.0
5318,FITfiles/2024-04-19/Beelink1_20240419_084500_59.fit,2024-04-19 08:45:00,0,0,, ,test,190.0,3600.0
5319,FITfiles/2024-04-19/Beelink1_20240419_090000_59.fit,2024-04-19 09:00:00,1,6,, ,test,190.0,3600.0
5327,FITfiles/2024-04-19/Beelink1_20240419_091500_59.fit,2024-04-19 09:15:00,0,0,, ,train,190.0,3600.0
5321,FITfiles/2024-04-19/Beelink1_20240419_093000_59.fit,2024-04-19 09:30:00,0,0,, ,train,190.0,3600.0
5329,FITfiles/2024-04-19/Beelink1_20240419_094500_59.fit,2024-04-19 09:45:00,1,6,, ,valid,190.0,3600.0
5312,FITfiles/2024-04-19/Beelink1_20240419_100000_59.fit,2024-04-19 10:00:00,1,6,, ,valid,190.0,3600.0
5386,FITfiles/2024-04-19/Beelink1_20240419_101500_59.fit,2024-04-19 10:15:00,0,0,, ,valid,190.0,3600.0
5331,FITfiles/2024-04-19/Beelink1_20240419_103000_59.fit,2024-04-19 10:30:00,1,6,, ,train,190.0,3600.0
5323,FITfiles/2024-04-19/Beelink1_20240419_104500_59.fit,2024-04-19 10:45:00,1,6,, ,train,190.0,3600.0
5317,FITfiles/2024-04-19/Beelink1_20240419_110000_59.fit,2024-04-19 11:00:00,1,6,, ,valid,190.0,3600.0
5311,FITfiles/2024-04-19/Beelink1_20240419_111500_59.fit,2024-04-19 11:15:00,0,0,, ,train,190.0,3600.0
5310,FITfiles/2024-04-19/Beelink1_20240419_113000_59.fit,2024-04-19 11:30:00,0,0,, ,train,190.0,3600.0
5324,FITfiles/2024-04-19/Beelink1_20240419_114500_59.fit,2024-04-19 11:45:00,0,0,, ,test,190.0,3600.0
5332,FITfiles/2024-04-19/Beelink1_20240419_120000_59.fit,2024-04-19 12:00:00,0,0,, ,train,190.0,3600.0
5333,FITfiles/2024-04-19/Beelink1_20240419_121500_59.fit,2024-04-19 12:15:00,0,0,, ,train,190.0,3590.0
5308,FITfiles/2024-04-19/Beelink1_20240419_123000_59.fit,2024-04-19 12:30:00,1,7,, ,train,190.0,3600.0
5307,FITfiles/2024-04-19/Beelink1_20240419_124500_59.fit,2024-04-19 12:45:00,0,0,, ,train,190.0,3600.0
5316,FITfiles/2024-04-19/Beelink1_20240419_130000_59.fit,2024-04-19 13:00:00,0,0,, ,test,190.0,3600.0
5305,FITfiles/2024-04-19/Beelink1_20240419_131500_59.fit,2024-04-19 13:15:00,1,6,, ,test,190.0,3600.0
5309,FITfiles/2024-04-19/Beelink1_20240419_133000_59.fit,2024-04-19 13:30:00,0,0,, ,train,190.0,3600.0
5314,FITfiles/2024-04-19/Beelink1_20240419_134500_59.fit,2024-04-19 13:45:00,1,6,, ,train,190.0,3600.0
5303,FITfiles/2024-04-19/Beelink1_20240419_140000_59.fit,2024-04-19 14:00:00,1,6,, ,train,190.0,3600.0
5306,FITfiles/2024-04-19/Beelink1_20240419_141500_59.fit,2024-04-19 14:15:00,0,0,, ,train,190.0,3590.0
5302,FITfiles/2024-04-19/Beelink1_20240419_143332_59.fit,2024-04-19 14:33:32,1,6,, ,train,190.0,3600.0
5304,FITfiles/2024-04-19/Beelink1_20240419_144832_59.fit,2024-04-19 14:48:32,1,6,, ,test,190.0,3600.0
5297,FITfiles/2024-04-19/Beelink1_20240419_150332_59.fit,2024-04-19 15:03:32,1,3,, ,train,190.0,3600.0
5293,FITfiles/2024-04-19/Beelink1_20240419_151831_59.fit,2024-04-19 15:18:31,1,6,, ,valid,190.0,3600.0
5313,FITfiles/2024-04-19/Beelink1_20240419_153331_59.fit,2024-04-19 15:33:31,0,0,, ,test,190.0,3600.0
5299,FITfiles/2024-04-19/Beelink1_20240419_154831_59.fit,2024-04-19 15:48:31,0,0,, ,train,190.0,3600.0
5315,FITfiles/2024-04-19/Beelink1_20240419_160331_59.fit,2024-04-19 16:03:31,0,0,, ,train,190.0,3600.0
5296,FITfiles/2024-04-19/Beelink1_20240419_161831_59.fit,2024-04-19 16:18:31,0,0,, ,valid,190.0,2745.0
5292,FITfiles/2024-04-19/Beelink1_20240419_163000_59.fit,2024-04-19 16:30:00,0,0,, ,test,190.0,3600.0
5289,FITfiles/2024-04-19/Beelink1_20240419_164500_59.fit,2024-04-19 16:45:00,1,6,, ,train,190.0,3600.0
5301,FITfiles/2024-04-19/Beelink1_20240419_170000_59.fit,2024-04-19 17:00:00,0,0,, ,train,190.0,3600.0
5291,FITfiles/2024-04-19/Beelink1_20240419_171500_59.fit,2024-04-19 17:15:00,1,6,, ,test,190.0,3600.0
5286,FITfiles/2024-04-19/Beelink1_20240419_173000_59.fit,2024-04-19 17:30:00,1,6,, ,valid,190.0,3600.0
5287,FITfiles/2024-04-19/Beelink1_20240419_174500_59.fit,2024-04-19 17:45:00,0,0,, ,train,190.0,3600.0
5288,FITfiles/2024-04-19/Beelink1_20240419_180000_59.fit,2024-04-19 18:00:00,1,6,, ,train,190.0,3600.0
5295,FITfiles/2024-04-19/Beelink1_20240419_181500_59.fit,2024-04-19 18:15:00,1,6,, ,test,190.0,3590.0
5283,FITfiles/2024-04-19/Beelink1_20240419_183000_59.fit,2024-04-19 18:30:00,0,0,, ,train,190.0,3600.0
5278,FITfiles/2024-04-19/Beelink1_20240419_184500_59.fit,2024-04-19 18:45:00,0,0,, ,train,190.0,3600.0
5285,FITfiles/2024-04-19/Beelink1_20240419_190000_59.fit,2024-04-19 19:00:00,0,0,, ,test,190.0,3600.0
5281,FITfiles/2024-04-19/Beelink1_20240419_191500_59.fit,2024-04-19 19:15:00,0,0,, ,train,190.0,3600.0
5298,FITfiles/2024-04-19/Beelink1_20240419_193000_59.fit,2024-04-19 19:30:00,0,0,, ,test,190.0,3600.0
5284,FITfiles/2024-04-19/Beelink1_20240419_194500_59.fit,2024-04-19 19:45:00,0,0,, ,train,190.0,3600.0
5274,FITfiles/2024-04-19/Beelink1_20240419_200000_59.fit,2024-04-19 20:00:00,0,0,, ,train,190.0,3600.0
5290,FITfiles/2024-04-19/Beelink1_20240419_201500_59.fit,2024-04-19 20:15:00,0,0,, ,train,190.0,3590.0
5275,FITfiles/2024-04-19/Beelink1_20240419_203000_59.fit,2024-04-19 20:30:00,0,0,, ,train,190.0,3600.0
5282,FITfiles/2024-04-19/Beelink1_20240419_204500_59.fit,2024-04-19 20:45:00,0,0,, ,train,190.0,3590.0
8367,FITfiles/2024-04-20/Beelink1_20240420_063000_59.fit,2024-04-20 06:30:00,0,0,, ,train,190.0,3600.0
8368,FITfiles/2024-04-20/Beelink1_20240420_064500_59.fit,2024-04-20 06:45:00,0,0,, ,test,190.0,3600.0
8364,FITfiles/2024-04-20/Beelink1_20240420_070000_59.fit,2024-04-20 07:00:00,0,0,, ,train,190.0,3600.0
8358,FITfiles/2024-04-20/Beelink1_20240420_071500_59.fit,2024-04-20 07:15:00,0,0,, ,train,190.0,3600.0
8361,FITfiles/2024-04-20/Beelink1_20240420_073000_59.fit,2024-04-20 07:30:00,0,0,, ,valid,190.0,3600.0
8359,FITfiles/2024-04-20/Beelink1_20240420_074500_59.fit,2024-04-20 07:45:00,1,3,, ,test,190.0,3600.0
8360,FITfiles/2024-04-20/Beelink1_20240420_080000_59.fit,2024-04-20 08:00:00,0,0,, ,train,190.0,3600.0
8371,FITfiles/2024-04-20/Beelink1_20240420_081500_59.fit,2024-04-20 08:15:00,0,0,, ,train,190.0,3590.0
8370,FITfiles/2024-04-20/Beelink1_20240420_083000_59.fit,2024-04-20 08:30:00,0,0,, ,train,190.0,3600.0
8362,FITfiles/2024-04-20/Beelink1_20240420_084500_59.fit,2024-04-20 08:45:00,0,0,, ,valid,190.0,3600.0
8365,FITfiles/2024-04-20/Beelink1_20240420_090000_59.fit,2024-04-20 09:00:00,0,0,, ,train,190.0,3600.0
8369,FITfiles/2024-04-20/Beelink1_20240420_091500_59.fit,2024-04-20 09:15:00,0,0,, ,train,190.0,3600.0
8353,FITfiles/2024-04-20/Beelink1_20240420_093000_59.fit,2024-04-20 09:30:00,0,0,, ,train,190.0,3600.0
8363,FITfiles/2024-04-20/Beelink1_20240420_094500_59.fit,2024-04-20 09:45:00,0,0,, ,train,190.0,3600.0
8349,FITfiles/2024-04-20/Beelink1_20240420_100000_59.fit,2024-04-20 10:00:00,0,0,, ,valid,190.0,3600.0
8356,FITfiles/2024-04-20/Beelink1_20240420_101500_59.fit,2024-04-20 10:15:00,0,0,, ,train,190.0,3600.0
8366,FITfiles/2024-04-20/Beelink1_20240420_103000_59.fit,2024-04-20 10:30:00,0,0,, ,train,190.0,3600.0
8348,FITfiles/2024-04-20/Beelink1_20240420_104500_59.fit,2024-04-20 10:45:00,0,0,, ,valid,190.0,3600.0
8355,FITfiles/2024-04-20/Beelink1_20240420_110000_59.fit,2024-04-20 11:00:00,0,0,, ,test,190.0,3600.0
8352,FITfiles/2024-04-20/Beelink1_20240420_111500_59.fit,2024-04-20 11:15:00,0,0,, ,test,190.0,3600.0
8345,FITfiles/2024-04-20/Beelink1_20240420_113000_59.fit,2024-04-20 11:30:00,1,3,, ,test,190.0,3600.0
8354,FITfiles/2024-04-20/Beelink1_20240420_114500_59.fit,2024-04-20 11:45:00,0,0,, ,valid,190.0,3600.0
8336,FITfiles/2024-04-20/Beelink1_20240420_120000_59.fit,2024-04-20 12:00:00,0,0,, ,train,190.0,3600.0
8341,FITfiles/2024-04-20/Beelink1_20240420_121500_59.fit,2024-04-20 12:15:00,1,6,, ,train,190.0,3590.0
8347,FITfiles/2024-04-20/Beelink1_20240420_123000_59.fit,2024-04-20 12:30:00,0,0,, ,train,190.0,3600.0
8343,FITfiles/2024-04-20/Beelink1_20240420_124500_59.fit,2024-04-20 12:45:00,0,0,, ,train,190.0,3600.0
8346,FITfiles/2024-04-20/Beelink1_20240420_130000_59.fit,2024-04-20 13:00:00,0,0,, ,train,190.0,3600.0
8372,FITfiles/2024-04-20/Beelink1_20240420_131500_59.fit,2024-04-20 13:15:00,0,0,, ,valid,190.0,3600.0
8340,FITfiles/2024-04-20/Beelink1_20240420_133000_59.fit,2024-04-20 13:30:00,0,0,, ,train,190.0,3600.0
8338,FITfiles/2024-04-20/Beelink1_20240420_134500_59.fit,2024-04-20 13:45:00,0,0,, ,test,190.0,3600.0
8335,FITfiles/2024-04-20/Beelink1_20240420_140000_59.fit,2024-04-20 14:00:00,0,0,, ,valid,190.0,3600.0
8344,FITfiles/2024-04-20/Beelink1_20240420_141500_59.fit,2024-04-20 14:15:00,0,0,, ,train,190.0,3590.0
8334,FITfiles/2024-04-20/Beelink1_20240420_143000_59.fit,2024-04-20 14:30:00,0,0,, ,valid,190.0,3600.0
8337,FITfiles/2024-04-20/Beelink1_20240420_144500_59.fit,2024-04-20 14:45:00,0,0,, ,train,190.0,3600.0
8332,FITfiles/2024-04-20/Beelink1_20240420_150000_59.fit,2024-04-20 15:00:00,0,0,, ,test,190.0,3600.0
8357,FITfiles/2024-04-20/Beelink1_20240420_151500_59.fit,2024-04-20 15:15:00,0,0,, ,train,190.0,3600.0
8328,FITfiles/2024-04-20/Beelink1_20240420_153000_59.fit,2024-04-20 15:30:00,0,0,, ,train,190.0,3600.0
8329,FITfiles/2024-04-20/Beelink1_20240420_154500_59.fit,2024-04-20 15:45:00,0,0,, ,train,190.0,3600.0
8325,FITfiles/2024-04-20/Beelink1_20240420_160000_59.fit,2024-04-20 16:00:00,0,0,, ,test,190.0,3600.0
8342,FITfiles/2024-04-20/Beelink1_20240420_161500_59.fit,2024-04-20 16:15:00,1,6,, ,valid,190.0,3590.0
8327,FITfiles/2024-04-20/Beelink1_20240420_163000_59.fit,2024-04-20 16:30:00,0,0,, ,train,190.0,3600.0
8331,FITfiles/2024-04-20/Beelink1_20240420_164500_59.fit,2024-04-20 16:45:00,0,0,, ,train,190.0,3600.0
8322,FITfiles/2024-04-20/Beelink1_20240420_170000_59.fit,2024-04-20 17:00:00,0,0,, ,test,190.0,3600.0
8321,FITfiles/2024-04-20/Beelink1_20240420_171500_59.fit,2024-04-20 17:15:00,0,0,, ,test,190.0,3600.0
8324,FITfiles/2024-04-20/Beelink1_20240420_173000_59.fit,2024-04-20 17:30:00,0,0,, ,train,190.0,3600.0
8323,FITfiles/2024-04-20/Beelink1_20240420_174500_59.fit,2024-04-20 17:45:00,0,0,, ,train,190.0,3600.0
8351,FITfiles/2024-04-20/Beelink1_20240420_180000_59.fit,2024-04-20 18:00:00,0,0,, ,train,190.0,3600.0
8326,FITfiles/2024-04-20/Beelink1_20240420_181500_59.fit,2024-04-20 18:15:00,0,0,, ,train,190.0,3590.0
8333,FITfiles/2024-04-20/Beelink1_20240420_183000_59.fit,2024-04-20 18:30:00,0,0,, ,test,190.0,3600.0
8317,FITfiles/2024-04-20/Beelink1_20240420_184500_59.fit,2024-04-20 18:45:00,0,0,, ,test,190.0,3600.0
8316,FITfiles/2024-04-20/Beelink1_20240420_190000_59.fit,2024-04-20 19:00:00,0,0,, ,valid,190.0,3600.0
8318,FITfiles/2024-04-20/Beelink1_20240420_191500_59.fit,2024-04-20 19:15:00,0,0,, ,train,190.0,3600.0
8330,FITfiles/2024-04-20/Beelink1_20240420_193000_59.fit,2024-04-20 19:30:00,0,0,, ,train,190.0,3600.0
8350,FITfiles/2024-04-20/Beelink1_20240420_194500_59.fit,2024-04-20 19:45:00,0,0,, ,valid,190.0,3600.0
8320,FITfiles/2024-04-20/Beelink1_20240420_200000_59.fit,2024-04-20 20:00:00,0,0,, ,train,190.0,3600.0
8319,FITfiles/2024-04-20/Beelink1_20240420_201500_59.fit,2024-04-20 20:15:00,0,0,, ,train,190.0,3590.0
8315,FITfiles/2024-04-20/Beelink1_20240420_203000_59.fit,2024-04-20 20:30:00,0,0,, ,valid,190.0,3600.0
8339,FITfiles/2024-04-20/Beelink1_20240420_204500_59.fit,2024-04-20 20:45:00,0,0,, ,train,190.0,3590.0
2355,FITfiles/2024-04-21/Beelink1_20240421_063000_59.fit,2024-04-21 06:30:00,0,0,, ,test,190.0,3600.0
2358,FITfiles/2024-04-21/Beelink1_20240421_064500_59.fit,2024-04-21 06:45:00,1,3,, ,valid,190.0,3600.0
2366,FITfiles/2024-04-21/Beelink1_20240421_070000_59.fit,2024-04-21 07:00:00,0,0,, ,train,190.0,3600.0
2353,FITfiles/2024-04-21/Beelink1_20240421_071500_59.fit,2024-04-21 07:15:00,0,0,, ,valid,190.0,3600.0
2364,FITfiles/2024-04-21/Beelink1_20240421_073000_59.fit,2024-04-21 07:30:00,0,0,, ,train,190.0,3600.0
2360,FITfiles/2024-04-21/Beelink1_20240421_074500_59.fit,2024-04-21 07:45:00,0,0,, ,train,190.0,3600.0
2352,FITfiles/2024-04-21/Beelink1_20240421_080000_59.fit,2024-04-21 08:00:00,0,0,, ,train,190.0,3600.0
2356,FITfiles/2024-04-21/Beelink1_20240421_081500_59.fit,2024-04-21 08:15:00,0,0,, ,train,190.0,3590.0
2357,FITfiles/2024-04-21/Beelink1_20240421_083000_59.fit,2024-04-21 08:30:00,0,0,, ,test,190.0,3600.0
2341,FITfiles/2024-04-21/Beelink1_20240421_084500_59.fit,2024-04-21 08:45:00,0,0,, ,test,190.0,3600.0
2346,FITfiles/2024-04-21/Beelink1_20240421_090000_59.fit,2024-04-21 09:00:00,0,0,, ,train,190.0,3600.0
2342,FITfiles/2024-04-21/Beelink1_20240421_091500_59.fit,2024-04-21 09:15:00,0,0,, ,train,190.0,3600.0
2347,FITfiles/2024-04-21/Beelink1_20240421_093000_59.fit,2024-04-21 09:30:00,0,0,, ,train,190.0,3600.0
2348,FITfiles/2024-04-21/Beelink1_20240421_094500_59.fit,2024-04-21 09:45:00,0,0,, ,valid,190.0,3600.0
2336,FITfiles/2024-04-21/Beelink1_20240421_100000_59.fit,2024-04-21 10:00:00,0,0,, ,train,190.0,3600.0
2351,FITfiles/2024-04-21/Beelink1_20240421_101500_59.fit,2024-04-21 10:15:00,0,0,, ,train,190.0,3600.0
2335,FITfiles/2024-04-21/Beelink1_20240421_103000_59.fit,2024-04-21 10:30:00,0,0,, ,train,190.0,3600.0
2344,FITfiles/2024-04-21/Beelink1_20240421_104500_59.fit,2024-04-21 10:45:00,0,0,, ,train,190.0,3600.0
2343,FITfiles/2024-04-21/Beelink1_20240421_110000_59.fit,2024-04-21 11:00:00,1,5,, ,train,190.0,3600.0
2349,FITfiles/2024-04-21/Beelink1_20240421_111500_59.fit,2024-04-21 11:15:00,0,0,, ,valid,190.0,3600.0
2325,FITfiles/2024-04-21/Beelink1_20240421_113000_59.fit,2024-04-21 11:30:00,0,0,, ,test,190.0,3600.0
2340,FITfiles/2024-04-21/Beelink1_20240421_114500_59.fit,2024-04-21 11:45:00,0,0,, ,train,190.0,3600.0
2329,FITfiles/2024-04-21/Beelink1_20240421_120000_59.fit,2024-04-21 12:00:00,0,0,, ,test,190.0,3600.0
2331,FITfiles/2024-04-21/Beelink1_20240421_121500_59.fit,2024-04-21 12:15:00,0,0,, ,train,190.0,3590.0
2327,FITfiles/2024-04-21/Beelink1_20240421_123000_59.fit,2024-04-21 12:30:00,0,0,, ,train,190.0,3600.0
2354,FITfiles/2024-04-21/Beelink1_20240421_124500_59.fit,2024-04-21 12:45:00,0,0,, ,train,190.0,3600.0
2338,FITfiles/2024-04-21/Beelink1_20240421_130000_59.fit,2024-04-21 13:00:00,0,0,, ,train,190.0,3600.0
2332,FITfiles/2024-04-21/Beelink1_20240421_131500_59.fit,2024-04-21 13:15:00,0,0,, ,valid,190.0,3600.0
2326,FITfiles/2024-04-21/Beelink1_20240421_133000_59.fit,2024-04-21 13:30:00,0,0,, ,valid,190.0,3600.0
2345,FITfiles/2024-04-21/Beelink1_20240421_134500_59.fit,2024-04-21 13:45:00,0,0,, ,valid,190.0,3600.0
2322,FITfiles/2024-04-21/Beelink1_20240421_140000_59.fit,2024-04-21 14:00:00,1,3,, ,test,190.0,3600.0
2334,FITfiles/2024-04-21/Beelink1_20240421_141500_59.fit,2024-04-21 14:15:00,0,0,, ,valid,190.0,3590.0
2330,FITfiles/2024-04-21/Beelink1_20240421_143000_59.fit,2024-04-21 14:30:00,0,0,, ,train,190.0,3600.0
2339,FITfiles/2024-04-21/Beelink1_20240421_144500_59.fit,2024-04-21 14:45:00,0,0,, ,train,190.0,3600.0
2321,FITfiles/2024-04-21/Beelink1_20240421_150000_59.fit,2024-04-21 15:00:00,0,0,, ,train,190.0,3600.0
2320,FITfiles/2024-04-21/Beelink1_20240421_151500_59.fit,2024-04-21 15:15:00,0,0,, ,train,190.0,3600.0
2350,FITfiles/2024-04-21/Beelink1_20240421_153000_59.fit,2024-04-21 15:30:00,0,0,, ,valid,190.0,3600.0
2337,FITfiles/2024-04-21/Beelink1_20240421_154500_59.fit,2024-04-21 15:45:00,0,0,, ,train,190.0,3600.0
2324,FITfiles/2024-04-21/Beelink1_20240421_160000_59.fit,2024-04-21 16:00:00,0,0,, ,valid,190.0,3600.0
2318,FITfiles/2024-04-21/Beelink1_20240421_161500_59.fit,2024-04-21 16:15:00,0,0,, ,train,190.0,3590.0
2328,FITfiles/2024-04-21/Beelink1_20240421_163000_59.fit,2024-04-21 16:30:00,0,0,, ,test,190.0,3600.0
2317,FITfiles/2024-04-21/Beelink1_20240421_164500_59.fit,2024-04-21 16:45:00,0,0,, ,valid,190.0,3600.0
2323,FITfiles/2024-04-21/Beelink1_20240421_170000_59.fit,2024-04-21 17:00:00,0,0,, ,train,190.0,3600.0
2311,FITfiles/2024-04-21/Beelink1_20240421_171500_59.fit,2024-04-21 17:15:00,0,0,, ,valid,190.0,3600.0
2315,FITfiles/2024-04-21/Beelink1_20240421_173000_59.fit,2024-04-21 17:30:00,0,0,, ,train,190.0,3600.0
2314,FITfiles/2024-04-21/Beelink1_20240421_174500_59.fit,2024-04-21 17:45:00,1,6,, ,train,190.0,3600.0
2312,FITfiles/2024-04-21/Beelink1_20240421_180000_59.fit,2024-04-21 18:00:00,0,0,, ,train,190.0,3600.0
2308,FITfiles/2024-04-21/Beelink1_20240421_181500_59.fit,2024-04-21 18:15:00,0,0,, ,train,190.0,3591.0
2310,FITfiles/2024-04-21/Beelink1_20240421_183000_59.fit,2024-04-21 18:30:00,0,0,, ,train,190.0,3600.0
2333,FITfiles/2024-04-21/Beelink1_20240421_184500_59.fit,2024-04-21 18:45:00,0,0,, ,test,190.0,3600.0
2306,FITfiles/2024-04-21/Beelink1_20240421_190000_59.fit,2024-04-21 19:00:00,0,0,, ,test,190.0,3600.0
2309,FITfiles/2024-04-21/Beelink1_20240421_191500_59.fit,2024-04-21 19:15:00,0,0,, ,train,190.0,3600.0
2319,FITfiles/2024-04-21/Beelink1_20240421_193000_59.fit,2024-04-21 19:30:00,0,0,, ,valid,190.0,3600.0
2307,FITfiles/2024-04-21/Beelink1_20240421_194500_59.fit,2024-04-21 19:45:00,0,0,, ,train,190.0,3600.0
2305,FITfiles/2024-04-21/Beelink1_20240421_200000_59.fit,2024-04-21 20:00:00,0,0,, ,train,190.0,3600.0
2316,FITfiles/2024-04-21/Beelink1_20240421_201500_59.fit,2024-04-21 20:15:00,0,0,, ,test,190.0,3590.0
2301,FITfiles/2024-04-21/Beelink1_20240421_203000_59.fit,2024-04-21 20:30:00,0,0,, ,train,190.0,3600.0
2303,FITfiles/2024-04-21/Beelink1_20240421_204500_59.fit,2024-04-21 20:45:00,0,0,, ,train,190.0,3590.0
3406,FITfiles/2024-04-22/Beelink1_20240422_063000_59.fit,2024-04-22 06:30:00,0,0,, ,valid,190.0,3600.0
3394,FITfiles/2024-04-22/Beelink1_20240422_064500_59.fit,2024-04-22 06:45:00,0,0,, ,train,190.0,3600.0
3450,FITfiles/2024-04-22/Beelink1_20240422_070000_59.fit,2024-04-22 07:00:00,0,0,, ,train,190.0,3600.0
3428,FITfiles/2024-04-22/Beelink1_20240422_071500_59.fit,2024-04-22 07:15:00,0,0,, ,train,190.0,3600.0
3405,FITfiles/2024-04-22/Beelink1_20240422_073000_59.fit,2024-04-22 07:30:00,0,0,, ,train,190.0,3600.0
3388,FITfiles/2024-04-22/Beelink1_20240422_074500_59.fit,2024-04-22 07:45:00,0,0,, ,test,190.0,3600.0
3397,FITfiles/2024-04-22/Beelink1_20240422_080000_59.fit,2024-04-22 08:00:00,0,0,, ,train,190.0,3600.0
3407,FITfiles/2024-04-22/Beelink1_20240422_081500_59.fit,2024-04-22 08:15:00,0,0,, ,valid,190.0,3590.0
3382,FITfiles/2024-04-22/Beelink1_20240422_083000_59.fit,2024-04-22 08:30:00,0,0,, ,train,190.0,3600.0
3385,FITfiles/2024-04-22/Beelink1_20240422_084500_59.fit,2024-04-22 08:45:00,0,0,, ,train,190.0,3600.0
3391,FITfiles/2024-04-22/Beelink1_20240422_090000_59.fit,2024-04-22 09:00:00,0,0,, ,test,190.0,3600.0
3393,FITfiles/2024-04-22/Beelink1_20240422_091500_59.fit,2024-04-22 09:15:00,0,0,, ,test,190.0,3600.0
3383,FITfiles/2024-04-22/Beelink1_20240422_093000_59.fit,2024-04-22 09:30:00,0,0,, ,train,190.0,3600.0
3390,FITfiles/2024-04-22/Beelink1_20240422_094500_59.fit,2024-04-22 09:45:00,0,0,, ,train,190.0,3600.0
3378,FITfiles/2024-04-22/Beelink1_20240422_100000_59.fit,2024-04-22 10:00:00,0,0,, ,train,190.0,3600.0
3389,FITfiles/2024-04-22/Beelink1_20240422_101500_59.fit,2024-04-22 10:15:00,0,0,, ,test,190.0,3600.0
3410,FITfiles/2024-04-22/Beelink1_20240422_103000_59.fit,2024-04-22 10:30:00,0,0,, ,test,190.0,3600.0
3381,FITfiles/2024-04-22/Beelink1_20240422_104500_59.fit,2024-04-22 10:45:00,0,0,, ,train,190.0,3600.0
3376,FITfiles/2024-04-22/Beelink1_20240422_110000_59.fit,2024-04-22 11:00:00,0,0,, ,valid,190.0,3600.0
3377,FITfiles/2024-04-22/Beelink1_20240422_111500_59.fit,2024-04-22 11:15:00,0,0,, ,valid,190.0,3600.0
3374,FITfiles/2024-04-22/Beelink1_20240422_113000_59.fit,2024-04-22 11:30:00,0,0,, ,train,190.0,3600.0
3372,FITfiles/2024-04-22/Beelink1_20240422_114500_59.fit,2024-04-22 11:45:00,1,3,, ,train,190.0,3600.0
3403,FITfiles/2024-04-22/Beelink1_20240422_120000_59.fit,2024-04-22 12:00:00,0,0,, ,test,190.0,3600.0
3380,FITfiles/2024-04-22/Beelink1_20240422_121500_59.fit,2024-04-22 12:15:00,0,0,, ,train,190.0,3590.0
3373,FITfiles/2024-04-22/Beelink1_20240422_123000_59.fit,2024-04-22 12:30:00,0,0,, ,train,190.0,3600.0
3387,FITfiles/2024-04-22/Beelink1_20240422_124500_59.fit,2024-04-22 12:45:00,0,0,, ,train,190.0,3600.0
3370,FITfiles/2024-04-22/Beelink1_20240422_130000_59.fit,2024-04-22 13:00:00,0,0,, ,train,190.0,3600.0
3392,FITfiles/2024-04-22/Beelink1_20240422_131500_59.fit,2024-04-22 13:15:00,0,0,, ,train,190.0,3600.0
3386,FITfiles/2024-04-22/Beelink1_20240422_133000_59.fit,2024-04-22 13:30:00,0,0,, ,train,190.0,3600.0
3369,FITfiles/2024-04-22/Beelink1_20240422_134500_59.fit,2024-04-22 13:45:00,0,0,, ,train,190.0,3600.0
3401,FITfiles/2024-04-22/Beelink1_20240422_140000_59.fit,2024-04-22 14:00:00,0,0,, ,train,190.0,3600.0
3375,FITfiles/2024-04-22/Beelink1_20240422_141500_59.fit,2024-04-22 14:15:00,0,0,, ,train,190.0,3591.0
3365,FITfiles/2024-04-22/Beelink1_20240422_143000_59.fit,2024-04-22 14:30:00,0,0,, ,train,190.0,3600.0
3384,FITfiles/2024-04-22/Beelink1_20240422_144500_59.fit,2024-04-22 14:45:00,0,0,, ,train,190.0,3600.0
3361,FITfiles/2024-04-22/Beelink1_20240422_150000_59.fit,2024-04-22 15:00:00,0,0,, ,train,190.0,3600.0
3366,FITfiles/2024-04-22/Beelink1_20240422_151500_59.fit,2024-04-22 15:15:00,0,0,, ,valid,190.0,3600.0
3367,FITfiles/2024-04-22/Beelink1_20240422_153000_59.fit,2024-04-22 15:30:00,0,0,, ,test,190.0,3600.0
3362,FITfiles/2024-04-22/Beelink1_20240422_154500_59.fit,2024-04-22 15:45:00,0,0,, ,valid,190.0,3600.0
3363,FITfiles/2024-04-22/Beelink1_20240422_160000_59.fit,2024-04-22 16:00:00,0,0,, ,test,190.0,3600.0
3360,FITfiles/2024-04-22/Beelink1_20240422_161500_59.fit,2024-04-22 16:15:00,0,0,, ,train,190.0,3590.0
3379,FITfiles/2024-04-22/Beelink1_20240422_163000_59.fit,2024-04-22 16:30:00,0,0,, ,valid,190.0,3600.0
3355,FITfiles/2024-04-22/Beelink1_20240422_164500_59.fit,2024-04-22 16:45:00,0,0,, ,train,190.0,3600.0
3359,FITfiles/2024-04-22/Beelink1_20240422_170000_59.fit,2024-04-22 17:00:00,0,0,, ,test,190.0,3600.0
3368,FITfiles/2024-04-22/Beelink1_20240422_171500_59.fit,2024-04-22 17:15:00,1,2,, ,train,190.0,3600.0
3354,FITfiles/2024-04-22/Beelink1_20240422_173000_59.fit,2024-04-22 17:30:00,0,0,, ,train,190.0,3600.0
3364,FITfiles/2024-04-22/Beelink1_20240422_174500_59.fit,2024-04-22 17:45:00,0,0,, ,train,190.0,3600.0
3350,FITfiles/2024-04-22/Beelink1_20240422_180000_59.fit,2024-04-22 18:00:00,0,0,, ,test,190.0,3600.0
3356,FITfiles/2024-04-22/Beelink1_20240422_181500_59.fit,2024-04-22 18:15:00,0,0,, ,valid,190.0,3590.0
3351,FITfiles/2024-04-22/Beelink1_20240422_183000_59.fit,2024-04-22 18:30:00,0,0,, ,train,190.0,3600.0
3348,FITfiles/2024-04-22/Beelink1_20240422_184500_59.fit,2024-04-22 18:45:00,0,0,, ,train,190.0,3600.0
3358,FITfiles/2024-04-22/Beelink1_20240422_190000_59.fit,2024-04-22 19:00:00,0,0,, ,train,190.0,3600.0
3352,FITfiles/2024-04-22/Beelink1_20240422_191500_59.fit,2024-04-22 19:15:00,0,0,, ,valid,190.0,3600.0
3357,FITfiles/2024-04-22/Beelink1_20240422_193000_59.fit,2024-04-22 19:30:00,0,0,, ,test,190.0,3600.0
3349,FITfiles/2024-04-22/Beelink1_20240422_194500_59.fit,2024-04-22 19:45:00,0,0,, ,test,190.0,3600.0
3371,FITfiles/2024-04-22/Beelink1_20240422_200000_59.fit,2024-04-22 20:00:00,0,0,, ,train,190.0,3600.0
3353,FITfiles/2024-04-22/Beelink1_20240422_201500_59.fit,2024-04-22 20:15:00,0,0,, ,train,190.0,3590.0
3346,FITfiles/2024-04-22/Beelink1_20240422_203000_59.fit,2024-04-22 20:30:00,0,0,, ,valid,190.0,3600.0
3347,FITfiles/2024-04-22/Beelink1_20240422_204500_59.fit,2024-04-22 20:45:00,0,0,, ,train,190.0,3590.0
3822,FITfiles/2024-04-23/Beelink1_20240423_063000_59.fit,2024-04-23 06:30:00,0,0,, ,test,190.0,3600.0
3845,FITfiles/2024-04-23/Beelink1_20240423_064500_59.fit,2024-04-23 06:45:00,0,0,, ,test,190.0,3600.0
3825,FITfiles/2024-04-23/Beelink1_20240423_070000_59.fit,2024-04-23 07:00:00,0,0,, ,valid,190.0,3600.0
3818,FITfiles/2024-04-23/Beelink1_20240423_071500_59.fit,2024-04-23 07:15:00,0,0,, ,test,190.0,3600.0
3815,FITfiles/2024-04-23/Beelink1_20240423_073000_59.fit,2024-04-23 07:30:00,0,0,, ,train,190.0,3600.0
3820,FITfiles/2024-04-23/Beelink1_20240423_074500_59.fit,2024-04-23 07:45:00,0,0,, ,train,190.0,3600.0
3831,FITfiles/2024-04-23/Beelink1_20240423_080000_59.fit,2024-04-23 08:00:00,0,0,, ,train,190.0,3600.0
3813,FITfiles/2024-04-23/Beelink1_20240423_081500_59.fit,2024-04-23 08:15:00,0,0,, ,train,190.0,3590.0
3821,FITfiles/2024-04-23/Beelink1_20240423_083000_59.fit,2024-04-23 08:30:00,1,3,, ,train,190.0,3600.0
3810,FITfiles/2024-04-23/Beelink1_20240423_084500_59.fit,2024-04-23 08:45:00,0,0,, ,train,190.0,3600.0
3807,FITfiles/2024-04-23/Beelink1_20240423_090000_59.fit,2024-04-23 09:00:00,0,0,, ,train,190.0,3600.0
3819,FITfiles/2024-04-23/Beelink1_20240423_091500_59.fit,2024-04-23 09:15:00,0,0,, ,valid,190.0,3600.0
3812,FITfiles/2024-04-23/Beelink1_20240423_093000_59.fit,2024-04-23 09:30:00,0,0,, ,train,190.0,3600.0
3838,FITfiles/2024-04-23/Beelink1_20240423_094500_59.fit,2024-04-23 09:45:00,0,0,, ,train,190.0,3600.0
3805,FITfiles/2024-04-23/Beelink1_20240423_100000_59.fit,2024-04-23 10:00:00,0,0,, ,train,190.0,3600.0
3808,FITfiles/2024-04-23/Beelink1_20240423_101500_59.fit,2024-04-23 10:15:00,0,0,, ,train,190.0,3600.0
3801,FITfiles/2024-04-23/Beelink1_20240423_103000_59.fit,2024-04-23 10:30:00,0,0,, ,valid,190.0,3600.0
3804,FITfiles/2024-04-23/Beelink1_20240423_104500_59.fit,2024-04-23 10:45:00,0,0,, ,test,190.0,3600.0
3795,FITfiles/2024-04-23/Beelink1_20240423_110000_59.fit,2024-04-23 11:00:00,0,0,, ,train,190.0,3600.0
3798,FITfiles/2024-04-23/Beelink1_20240423_111500_59.fit,2024-04-23 11:15:00,0,0,, ,train,190.0,3600.0
3789,FITfiles/2024-04-23/Beelink1_20240423_113000_59.fit,2024-04-23 11:30:00,0,0,, ,train,190.0,3600.0
3792,FITfiles/2024-04-23/Beelink1_20240423_114500_59.fit,2024-04-23 11:45:00,0,0,, ,train,190.0,3600.0
3803,FITfiles/2024-04-23/Beelink1_20240423_120000_59.fit,2024-04-23 12:00:00,0,0,, ,train,190.0,3600.0
3800,FITfiles/2024-04-23/Beelink1_20240423_121500_59.fit,2024-04-23 12:15:00,1,3,, ,train,190.0,3590.0
3796,FITfiles/2024-04-23/Beelink1_20240423_123000_59.fit,2024-04-23 12:30:00,0,0,, ,test,190.0,3600.0
3788,FITfiles/2024-04-23/Beelink1_20240423_124500_59.fit,2024-04-23 12:45:00,0,0,, ,valid,190.0,3600.0
3802,FITfiles/2024-04-23/Beelink1_20240423_130000_59.fit,2024-04-23 13:00:00,0,0,, ,train,190.0,3600.0
3806,FITfiles/2024-04-23/Beelink1_20240423_131500_59.fit,2024-04-23 13:15:00,0,0,, ,train,190.0,3600.0
3794,FITfiles/2024-04-23/Beelink1_20240423_133000_59.fit,2024-04-23 13:30:00,1,3,, ,test,190.0,3600.0
3787,FITfiles/2024-04-23/Beelink1_20240423_134500_59.fit,2024-04-23 13:45:00,1,2,, ,test,190.0,3600.0
3786,FITfiles/2024-04-23/Beelink1_20240423_140000_59.fit,2024-04-23 14:00:00,0,0,, ,test,190.0,3600.0
3797,FITfiles/2024-04-23/Beelink1_20240423_141500_59.fit,2024-04-23 14:15:00,0,0,, ,test,190.0,3590.0
3784,FITfiles/2024-04-23/Beelink1_20240423_143000_59.fit,2024-04-23 14:30:00,1,3,, ,train,190.0,3600.0
3780,FITfiles/2024-04-23/Beelink1_20240423_144500_59.fit,2024-04-23 14:45:00,0,0,, ,test,190.0,3600.0
3790,FITfiles/2024-04-23/Beelink1_20240423_150000_59.fit,2024-04-23 15:00:00,0,0,, ,train,190.0,3600.0
3785,FITfiles/2024-04-23/Beelink1_20240423_151500_59.fit,2024-04-23 15:15:00,0,0,, ,train,190.0,3600.0
3783,FITfiles/2024-04-23/Beelink1_20240423_153000_59.fit,2024-04-23 15:30:00,0,0,, ,test,190.0,3600.0
3782,FITfiles/2024-04-23/Beelink1_20240423_154500_59.fit,2024-04-23 15:45:00,0,0,, ,test,190.0,3600.0
3775,FITfiles/2024-04-23/Beelink1_20240423_160000_59.fit,2024-04-23 16:00:00,0,0,, ,test,190.0,3600.0
3791,FITfiles/2024-04-23/Beelink1_20240423_161500_59.fit,2024-04-23 16:15:00,0,0,, ,train,190.0,3590.0
3835,FITfiles/2024-04-23/Beelink1_20240423_163000_59.fit,2024-04-23 16:30:00,0,0,, ,train,190.0,3600.0
3799,FITfiles/2024-04-23/Beelink1_20240423_164500_59.fit,2024-04-23 16:45:00,0,0,, ,valid,190.0,3600.0
3778,FITfiles/2024-04-23/Beelink1_20240423_170000_59.fit,2024-04-23 17:00:00,0,0,, ,test,190.0,3600.0
3776,FITfiles/2024-04-23/Beelink1_20240423_171500_59.fit,2024-04-23 17:15:00,0,0,, ,valid,190.0,3600.0
3769,FITfiles/2024-04-23/Beelink1_20240423_173000_59.fit,2024-04-23 17:30:00,0,0,, ,train,190.0,3600.0
3770,FITfiles/2024-04-23/Beelink1_20240423_174500_59.fit,2024-04-23 17:45:00,0,0,, ,train,190.0,3600.0
3768,FITfiles/2024-04-23/Beelink1_20240423_180000_59.fit,2024-04-23 18:00:00,0,0,, ,train,190.0,3600.0
3765,FITfiles/2024-04-23/Beelink1_20240423_181500_59.fit,2024-04-23 18:15:00,0,0,, ,train,190.0,3590.0
3774,FITfiles/2024-04-23/Beelink1_20240423_183000_59.fit,2024-04-23 18:30:00,0,0,, ,train,190.0,3600.0
3777,FITfiles/2024-04-23/Beelink1_20240423_184500_59.fit,2024-04-23 18:45:00,0,0,, ,valid,190.0,3600.0
3771,FITfiles/2024-04-23/Beelink1_20240423_190000_59.fit,2024-04-23 19:00:00,0,0,, ,train,190.0,3600.0
3779,FITfiles/2024-04-23/Beelink1_20240423_191500_59.fit,2024-04-23 19:15:00,0,0,, ,train,190.0,3600.0
3766,FITfiles/2024-04-23/Beelink1_20240423_193000_59.fit,2024-04-23 19:30:00,0,0,, ,test,190.0,3600.0
3772,FITfiles/2024-04-23/Beelink1_20240423_194500_59.fit,2024-04-23 19:45:00,0,0,, ,train,190.0,3600.0
3793,FITfiles/2024-04-23/Beelink1_20240423_200000_59.fit,2024-04-23 20:00:00,0,0,, ,valid,190.0,3600.0
3767,FITfiles/2024-04-23/Beelink1_20240423_201500_59.fit,2024-04-23 20:15:00,0,0,, ,train,190.0,3590.0
3763,FITfiles/2024-04-23/Beelink1_20240423_203000_59.fit,2024-04-23 20:30:00,0,0,, ,valid,190.0,3600.0
3759,FITfiles/2024-04-23/Beelink1_20240423_204500_59.fit,2024-04-23 20:45:00,0,0,, ,train,190.0,3590.0
6063,FITfiles/2024-04-24/Beelink1_20240424_063000_59.fit,2024-04-24 06:30:00,0,0,, ,train,190.0,3600.0
6105,FITfiles/2024-04-24/Beelink1_20240424_064500_59.fit,2024-04-24 06:45:00,0,0,, ,test,190.0,3600.0
6066,FITfiles/2024-04-24/Beelink1_20240424_070000_59.fit,2024-04-24 07:00:00,0,0,, ,test,190.0,3600.0
6067,FITfiles/2024-04-24/Beelink1_20240424_071500_59.fit,2024-04-24 07:15:00,0,0,, ,train,190.0,3600.0
6061,FITfiles/2024-04-24/Beelink1_20240424_073000_59.fit,2024-04-24 07:30:00,0,0,, ,valid,190.0,3600.0
6060,FITfiles/2024-04-24/Beelink1_20240424_074500_59.fit,2024-04-24 07:45:00,0,0,, ,train,190.0,3600.0
6057,FITfiles/2024-04-24/Beelink1_20240424_080000_59.fit,2024-04-24 08:00:00,0,0,, ,valid,190.0,3600.0
6059,FITfiles/2024-04-24/Beelink1_20240424_081500_59.fit,2024-04-24 08:15:00,0,0,, ,train,190.0,3590.0
6055,FITfiles/2024-04-24/Beelink1_20240424_083000_59.fit,2024-04-24 08:30:00,0,0,, ,valid,190.0,3600.0
6041,FITfiles/2024-04-24/Beelink1_20240424_084500_59.fit,2024-04-24 08:45:00,0,0,, ,valid,190.0,3600.0
6040,FITfiles/2024-04-24/Beelink1_20240424_090000_59.fit,2024-04-24 09:00:00,0,0,, ,valid,190.0,3600.0
6032,FITfiles/2024-04-24/Beelink1_20240424_091500_59.fit,2024-04-24 09:15:00,0,0,, ,valid,190.0,3600.0
6046,FITfiles/2024-04-24/Beelink1_20240424_093000_59.fit,2024-04-24 09:30:00,0,0,, ,train,190.0,3600.0
6044,FITfiles/2024-04-24/Beelink1_20240424_094500_59.fit,2024-04-24 09:45:00,0,0,, ,valid,190.0,3600.0
6043,FITfiles/2024-04-24/Beelink1_20240424_100000_59.fit,2024-04-24 10:00:00,0,0,, ,test,190.0,3600.0
6054,FITfiles/2024-04-24/Beelink1_20240424_101500_59.fit,2024-04-24 10:15:00,0,0,, ,valid,190.0,3600.0
6035,FITfiles/2024-04-24/Beelink1_20240424_103000_59.fit,2024-04-24 10:30:00,0,0,, ,test,190.0,3600.0
6051,FITfiles/2024-04-24/Beelink1_20240424_104500_59.fit,2024-04-24 10:45:00,0,0,, ,test,190.0,3600.0
6024,FITfiles/2024-04-24/Beelink1_20240424_110000_59.fit,2024-04-24 11:00:00,0,0,, ,train,190.0,3600.0
6029,FITfiles/2024-04-24/Beelink1_20240424_111500_59.fit,2024-04-24 11:15:00,0,0,, ,train,190.0,3600.0
6022,FITfiles/2024-04-24/Beelink1_20240424_113000_59.fit,2024-04-24 11:30:00,0,0,, ,test,190.0,3600.0
6023,FITfiles/2024-04-24/Beelink1_20240424_114500_59.fit,2024-04-24 11:45:00,0,0,, ,train,190.0,3600.0
6036,FITfiles/2024-04-24/Beelink1_20240424_120000_59.fit,2024-04-24 12:00:00,0,0,, ,train,190.0,3600.0
6090,FITfiles/2024-04-24/Beelink1_20240424_121500_59.fit,2024-04-24 12:15:00,0,0,, ,train,190.0,3590.0
6020,FITfiles/2024-04-24/Beelink1_20240424_123000_59.fit,2024-04-24 12:30:00,1,3,, ,train,190.0,3600.0
6021,FITfiles/2024-04-24/Beelink1_20240424_124500_59.fit,2024-04-24 12:45:00,0,0,, ,train,190.0,3600.0
6005,FITfiles/2024-04-24/Beelink1_20240424_130000_59.fit,2024-04-24 13:00:00,0,0,, ,train,190.0,3600.0
6017,FITfiles/2024-04-24/Beelink1_20240424_131500_59.fit,2024-04-24 13:15:00,0,0,, ,train,190.0,3600.0
6010,FITfiles/2024-04-24/Beelink1_20240424_133000_59.fit,2024-04-24 13:30:00,0,0,, ,train,190.0,3600.0
6037,FITfiles/2024-04-24/Beelink1_20240424_134500_59.fit,2024-04-24 13:45:00,0,0,, ,train,190.0,3600.0
6009,FITfiles/2024-04-24/Beelink1_20240424_140000_59.fit,2024-04-24 14:00:00,0,0,, ,train,190.0,3600.0
6019,FITfiles/2024-04-24/Beelink1_20240424_141500_59.fit,2024-04-24 14:15:00,0,0,, ,train,190.0,3590.0
6034,FITfiles/2024-04-24/Beelink1_20240424_143000_59.fit,2024-04-24 14:30:00,0,0,, ,train,190.0,3600.0
6008,FITfiles/2024-04-24/Beelink1_20240424_144500_59.fit,2024-04-24 14:45:00,0,0,, ,test,190.0,3600.0
5994,FITfiles/2024-04-24/Beelink1_20240424_150000_59.fit,2024-04-24 15:00:00,0,0,, ,train,190.0,3600.0
6004,FITfiles/2024-04-24/Beelink1_20240424_151500_59.fit,2024-04-24 15:15:00,0,0,, ,valid,190.0,3600.0
6011,FITfiles/2024-04-24/Beelink1_20240424_153000_59.fit,2024-04-24 15:30:00,0,0,, ,train,190.0,3600.0
5983,FITfiles/2024-04-24/Beelink1_20240424_154500_59.fit,2024-04-24 15:45:00,0,0,, ,train,190.0,3600.0
5975,FITfiles/2024-04-24/Beelink1_20240424_160000_59.fit,2024-04-24 16:00:00,0,0,, ,train,190.0,3600.0
5982,FITfiles/2024-04-24/Beelink1_20240424_161500_59.fit,2024-04-24 16:15:00,0,0,, ,valid,190.0,3590.0
6002,FITfiles/2024-04-24/Beelink1_20240424_163000_59.fit,2024-04-24 16:30:00,0,0,, ,test,190.0,3600.0
5966,FITfiles/2024-04-24/Beelink1_20240424_164500_59.fit,2024-04-24 16:45:00,0,0,, ,train,190.0,3600.0
5972,FITfiles/2024-04-24/Beelink1_20240424_170000_59.fit,2024-04-24 17:00:00,0,0,, ,train,190.0,3600.0
5969,FITfiles/2024-04-24/Beelink1_20240424_171500_59.fit,2024-04-24 17:15:00,0,0,, ,valid,190.0,3600.0
5979,FITfiles/2024-04-24/Beelink1_20240424_173000_59.fit,2024-04-24 17:30:00,0,0,, ,train,190.0,3600.0
5973,FITfiles/2024-04-24/Beelink1_20240424_174500_59.fit,2024-04-24 17:45:00,0,0,, ,train,190.0,3600.0
5962,FITfiles/2024-04-24/Beelink1_20240424_180000_59.fit,2024-04-24 18:00:00,0,0,, ,train,190.0,3600.0
5955,FITfiles/2024-04-24/Beelink1_20240424_181500_59.fit,2024-04-24 18:15:00,0,0,, ,train,190.0,3590.0
5959,FITfiles/2024-04-24/Beelink1_20240424_183000_59.fit,2024-04-24 18:30:00,0,0,, ,train,190.0,3600.0
6031,FITfiles/2024-04-24/Beelink1_20240424_184500_59.fit,2024-04-24 18:45:00,0,0,, ,train,190.0,3600.0
5971,FITfiles/2024-04-24/Beelink1_20240424_190000_59.fit,2024-04-24 19:00:00,0,0,, ,valid,190.0,3600.0
5981,FITfiles/2024-04-24/Beelink1_20240424_191500_59.fit,2024-04-24 19:15:00,0,0,, ,test,190.0,3600.0
5960,FITfiles/2024-04-24/Beelink1_20240424_193000_59.fit,2024-04-24 19:30:00,0,0,, ,train,190.0,3600.0
5958,FITfiles/2024-04-24/Beelink1_20240424_194500_59.fit,2024-04-24 19:45:00,0,0,, ,train,190.0,3600.0
5954,FITfiles/2024-04-24/Beelink1_20240424_200000_59.fit,2024-04-24 20:00:00,0,0,, ,train,190.0,3600.0
5956,FITfiles/2024-04-24/Beelink1_20240424_201500_59.fit,2024-04-24 20:15:00,0,0,, ,train,190.0,3590.0
5963,FITfiles/2024-04-24/Beelink1_20240424_203000_59.fit,2024-04-24 20:30:00,0,0,, ,train,190.0,3600.0
5950,FITfiles/2024-04-24/Beelink1_20240424_204500_59.fit,2024-04-24 20:45:00,0,0,, ,train,190.0,3590.0
6303,FITfiles/2024-04-25/Beelink1_20240425_063000_59.fit,2024-04-25 06:30:00,0,0,, ,train,190.0,3600.0
6321,FITfiles/2024-04-25/Beelink1_20240425_064500_59.fit,2024-04-25 06:45:00,0,0,, ,train,190.0,3600.0
6320,FITfiles/2024-04-25/Beelink1_20240425_070000_59.fit,2024-04-25 07:00:00,0,0,, ,train,190.0,3600.0
6313,FITfiles/2024-04-25/Beelink1_20240425_071500_59.fit,2024-04-25 07:15:00,0,0,, ,train,190.0,3600.0
6316,FITfiles/2024-04-25/Beelink1_20240425_073000_59.fit,2024-04-25 07:30:00,0,0,, ,train,190.0,3600.0
6322,FITfiles/2024-04-25/Beelink1_20240425_074500_59.fit,2024-04-25 07:45:00,0,0,, ,valid,190.0,3600.0
6310,FITfiles/2024-04-25/Beelink1_20240425_080000_59.fit,2024-04-25 08:00:00,0,0,, ,train,190.0,3600.0
6306,FITfiles/2024-04-25/Beelink1_20240425_081500_59.fit,2024-04-25 08:15:00,0,0,, ,train,190.0,3590.0
6307,FITfiles/2024-04-25/Beelink1_20240425_083000_59.fit,2024-04-25 08:30:00,0,0,, ,test,190.0,3600.0
6311,FITfiles/2024-04-25/Beelink1_20240425_084500_59.fit,2024-04-25 08:45:00,0,0,, ,valid,190.0,3600.0
6305,FITfiles/2024-04-25/Beelink1_20240425_090000_59.fit,2024-04-25 09:00:00,1,5,, ,train,190.0,3600.0
6299,FITfiles/2024-04-25/Beelink1_20240425_091500_59.fit,2024-04-25 09:15:00,0,0,, ,test,190.0,3600.0
6302,FITfiles/2024-04-25/Beelink1_20240425_093000_59.fit,2024-04-25 09:30:00,0,0,, ,train,190.0,3600.0
6298,FITfiles/2024-04-25/Beelink1_20240425_094500_59.fit,2024-04-25 09:45:00,0,0,, ,train,190.0,3600.0
6304,FITfiles/2024-04-25/Beelink1_20240425_100000_59.fit,2024-04-25 10:00:00,0,0,, ,train,190.0,3600.0
6300,FITfiles/2024-04-25/Beelink1_20240425_101500_59.fit,2024-04-25 10:15:00,0,0,, ,test,190.0,3600.0
6312,FITfiles/2024-04-25/Beelink1_20240425_103000_59.fit,2024-04-25 10:30:00,0,0,, ,train,190.0,3600.0
6296,FITfiles/2024-04-25/Beelink1_20240425_104500_59.fit,2024-04-25 10:45:00,0,0,, ,train,190.0,3600.0
6295,FITfiles/2024-04-25/Beelink1_20240425_110000_59.fit,2024-04-25 11:00:00,0,0,, ,train,190.0,3600.0
6297,FITfiles/2024-04-25/Beelink1_20240425_111500_59.fit,2024-04-25 11:15:00,0,0,, ,valid,190.0,3600.0
6294,FITfiles/2024-04-25/Beelink1_20240425_113000_59.fit,2024-04-25 11:30:00,0,0,, ,valid,190.0,3600.0
6284,FITfiles/2024-04-25/Beelink1_20240425_114500_59.fit,2024-04-25 11:45:00,0,0,, ,test,190.0,3600.0
6288,FITfiles/2024-04-25/Beelink1_20240425_120000_59.fit,2024-04-25 12:00:00,0,0,, ,train,190.0,3600.0
6315,FITfiles/2024-04-25/Beelink1_20240425_121500_59.fit,2024-04-25 12:15:00,0,0,, ,train,190.0,3590.0
6289,FITfiles/2024-04-25/Beelink1_20240425_123000_59.fit,2024-04-25 12:30:00,0,0,, ,test,190.0,3600.0
6285,FITfiles/2024-04-25/Beelink1_20240425_124500_59.fit,2024-04-25 12:45:00,0,0,, ,train,190.0,3600.0
6283,FITfiles/2024-04-25/Beelink1_20240425_130000_59.fit,2024-04-25 13:00:00,1,3,, ,train,190.0,3600.0
6281,FITfiles/2024-04-25/Beelink1_20240425_131500_59.fit,2024-04-25 13:15:00,0,0,, ,valid,190.0,3600.0
6280,FITfiles/2024-04-25/Beelink1_20240425_133000_59.fit,2024-04-25 13:30:00,0,0,, ,valid,190.0,3600.0
6317,FITfiles/2024-04-25/Beelink1_20240425_134500_59.fit,2024-04-25 13:45:00,0,0,, ,train,190.0,3600.0
6277,FITfiles/2024-04-25/Beelink1_20240425_140000_59.fit,2024-04-25 14:00:00,0,0,, ,valid,190.0,3600.0
6287,FITfiles/2024-04-25/Beelink1_20240425_141500_59.fit,2024-04-25 14:15:00,0,0,, ,valid,190.0,3590.0
6314,FITfiles/2024-04-25/Beelink1_20240425_143000_59.fit,2024-04-25 14:30:00,0,0,, ,test,190.0,3600.0
6291,FITfiles/2024-04-25/Beelink1_20240425_144500_59.fit,2024-04-25 14:45:00,0,0,, ,train,190.0,3600.0
6270,FITfiles/2024-04-25/Beelink1_20240425_150000_59.fit,2024-04-25 15:00:00,0,0,, ,valid,190.0,3600.0
6308,FITfiles/2024-04-25/Beelink1_20240425_151500_59.fit,2024-04-25 15:15:00,0,0,, ,valid,190.0,3600.0
6273,FITfiles/2024-04-25/Beelink1_20240425_153000_59.fit,2024-04-25 15:30:00,0,0,, ,train,190.0,3600.0
6278,FITfiles/2024-04-25/Beelink1_20240425_154500_59.fit,2024-04-25 15:45:00,0,0,, ,valid,190.0,3600.0
6272,FITfiles/2024-04-25/Beelink1_20240425_160000_59.fit,2024-04-25 16:00:00,0,0,, ,train,190.0,3600.0
6292,FITfiles/2024-04-25/Beelink1_20240425_161500_59.fit,2024-04-25 16:15:00,0,0,, ,test,190.0,3590.0
6275,FITfiles/2024-04-25/Beelink1_20240425_163000_59.fit,2024-04-25 16:30:00,0,0,, ,train,190.0,3600.0
6293,FITfiles/2024-04-25/Beelink1_20240425_164500_59.fit,2024-04-25 16:45:00,0,0,, ,test,190.0,3600.0
6274,FITfiles/2024-04-25/Beelink1_20240425_170000_59.fit,2024-04-25 17:00:00,0,0,, ,train,190.0,3600.0
6290,FITfiles/2024-04-25/Beelink1_20240425_171500_59.fit,2024-04-25 17:15:00,0,0,, ,train,190.0,3600.0
6309,FITfiles/2024-04-25/Beelink1_20240425_173000_59.fit,2024-04-25 17:30:00,0,0,, ,valid,190.0,3600.0
6271,FITfiles/2024-04-25/Beelink1_20240425_174500_59.fit,2024-04-25 17:45:00,0,0,, ,test,190.0,3600.0
6265,FITfiles/2024-04-25/Beelink1_20240425_180000_59.fit,2024-04-25 18:00:00,0,0,, ,train,190.0,3600.0
6279,FITfiles/2024-04-25/Beelink1_20240425_181500_59.fit,2024-04-25 18:15:00,0,0,, ,train,190.0,3589.0
6286,FITfiles/2024-04-25/Beelink1_20240425_183000_59.fit,2024-04-25 18:30:00,0,0,, ,train,190.0,3600.0
6267,FITfiles/2024-04-25/Beelink1_20240425_184500_59.fit,2024-04-25 18:45:00,0,0,, ,train,190.0,3600.0
6263,FITfiles/2024-04-25/Beelink1_20240425_190000_59.fit,2024-04-25 19:00:00,0,0,, ,train,190.0,3600.0
6269,FITfiles/2024-04-25/Beelink1_20240425_191500_59.fit,2024-04-25 19:15:00,0,0,, ,valid,190.0,3600.0
6258,FITfiles/2024-04-25/Beelink1_20240425_193000_59.fit,2024-04-25 19:30:00,0,0,, ,train,190.0,3600.0
6282,FITfiles/2024-04-25/Beelink1_20240425_194500_59.fit,2024-04-25 19:45:00,0,0,, ,train,190.0,3600.0
6262,FITfiles/2024-04-25/Beelink1_20240425_200000_59.fit,2024-04-25 20:00:00,0,0,, ,train,190.0,3600.0
6301,FITfiles/2024-04-25/Beelink1_20240425_201500_59.fit,2024-04-25 20:15:00,0,0,, ,test,190.0,3590.0
6259,FITfiles/2024-04-25/Beelink1_20240425_203000_59.fit,2024-04-25 20:30:00,0,0,, ,train,190.0,3600.0
6264,FITfiles/2024-04-25/Beelink1_20240425_204500_59.fit,2024-04-25 20:45:00,0,0,, ,train,190.0,3590.0
6646,FITfiles/2024-04-26/Beelink1_20240426_063000_59.fit,2024-04-26 06:30:00,0,0,, ,test,190.0,3600.0
6638,FITfiles/2024-04-26/Beelink1_20240426_064500_59.fit,2024-04-26 06:45:00,0,0,, ,train,190.0,3600.0
6633,FITfiles/2024-04-26/Beelink1_20240426_070000_59.fit,2024-04-26 07:00:00,0,0,, ,valid,190.0,3600.0
6650,FITfiles/2024-04-26/Beelink1_20240426_071500_59.fit,2024-04-26 07:15:00,0,0,, ,train,190.0,3600.0
6639,FITfiles/2024-04-26/Beelink1_20240426_073000_59.fit,2024-04-26 07:30:00,0,0,, ,train,190.0,3600.0
6634,FITfiles/2024-04-26/Beelink1_20240426_074500_59.fit,2024-04-26 07:45:00,0,0,, ,test,190.0,3600.0
6631,FITfiles/2024-04-26/Beelink1_20240426_080000_59.fit,2024-04-26 08:00:00,0,0,, ,train,190.0,3600.0
6641,FITfiles/2024-04-26/Beelink1_20240426_081500_59.fit,2024-04-26 08:15:00,0,0,, ,train,190.0,3590.0
6637,FITfiles/2024-04-26/Beelink1_20240426_083000_59.fit,2024-04-26 08:30:00,0,0,, ,train,190.0,3600.0
6645,FITfiles/2024-04-26/Beelink1_20240426_084500_59.fit,2024-04-26 08:45:00,0,0,, ,test,190.0,3600.0
6644,FITfiles/2024-04-26/Beelink1_20240426_090000_59.fit,2024-04-26 09:00:00,0,0,, ,train,190.0,3600.0
6642,FITfiles/2024-04-26/Beelink1_20240426_091500_59.fit,2024-04-26 09:15:00,0,0,, ,train,190.0,3600.0
6643,FITfiles/2024-04-26/Beelink1_20240426_093000_59.fit,2024-04-26 09:30:00,0,0,, ,valid,190.0,3600.0
6629,FITfiles/2024-04-26/Beelink1_20240426_094500_59.fit,2024-04-26 09:45:00,0,0,, ,test,190.0,3600.0
6628,FITfiles/2024-04-26/Beelink1_20240426_100000_59.fit,2024-04-26 10:00:00,0,0,, ,train,190.0,3600.0
6673,FITfiles/2024-04-26/Beelink1_20240426_101500_59.fit,2024-04-26 10:15:00,0,0,, ,valid,190.0,3600.0
6647,FITfiles/2024-04-26/Beelink1_20240426_103000_59.fit,2024-04-26 10:30:00,0,0,, ,train,190.0,3600.0
6636,FITfiles/2024-04-26/Beelink1_20240426_104500_59.fit,2024-04-26 10:45:00,0,0,, ,train,190.0,3600.0
6649,FITfiles/2024-04-26/Beelink1_20240426_110000_59.fit,2024-04-26 11:00:00,0,0,, ,test,190.0,3600.0
6635,FITfiles/2024-04-26/Beelink1_20240426_111500_59.fit,2024-04-26 11:15:00,0,0,, ,valid,190.0,3600.0
6630,FITfiles/2024-04-26/Beelink1_20240426_113000_59.fit,2024-04-26 11:30:00,0,0,, ,train,190.0,3600.0
6625,FITfiles/2024-04-26/Beelink1_20240426_114500_59.fit,2024-04-26 11:45:00,0,0,, ,train,190.0,3600.0
6624,FITfiles/2024-04-26/Beelink1_20240426_120000_59.fit,2024-04-26 12:00:00,0,0,, ,train,190.0,3600.0
6620,FITfiles/2024-04-26/Beelink1_20240426_121500_59.fit,2024-04-26 12:15:00,0,0,, ,train,190.0,3590.0
6584,FITfiles/2024-04-26/Beelink1_20240426_123000_59.fit,2024-04-26 12:30:00,0,0,, ,train,190.0,3600.0
6590,FITfiles/2024-04-26/Beelink1_20240426_124500_59.fit,2024-04-26 12:45:00,0,0,, ,train,190.0,3600.0
6582,FITfiles/2024-04-26/Beelink1_20240426_130000_59.fit,2024-04-26 13:00:00,0,0,, ,train,190.0,3600.0
6611,FITfiles/2024-04-26/Beelink1_20240426_131500_59.fit,2024-04-26 13:15:00,0,0,, ,train,190.0,3600.0
6589,FITfiles/2024-04-26/Beelink1_20240426_133000_59.fit,2024-04-26 13:30:00,0,0,, ,train,190.0,3600.0
6597,FITfiles/2024-04-26/Beelink1_20240426_134500_59.fit,2024-04-26 13:45:00,0,0,, ,valid,190.0,3600.0
6581,FITfiles/2024-04-26/Beelink1_20240426_140000_59.fit,2024-04-26 14:00:00,0,0,, ,train,190.0,3600.0
6616,FITfiles/2024-04-26/Beelink1_20240426_141500_59.fit,2024-04-26 14:15:00,0,0,, ,train,190.0,3590.0
6578,FITfiles/2024-04-26/Beelink1_20240426_143000_59.fit,2024-04-26 14:30:00,0,0,, ,train,190.0,3600.0
6580,FITfiles/2024-04-26/Beelink1_20240426_144500_59.fit,2024-04-26 14:45:00,0,0,, ,train,190.0,3600.0
6575,FITfiles/2024-04-26/Beelink1_20240426_150000_59.fit,2024-04-26 15:00:00,0,0,, ,test,190.0,3600.0
6577,FITfiles/2024-04-26/Beelink1_20240426_151500_59.fit,2024-04-26 15:15:00,0,0,, ,valid,190.0,3600.0
6583,FITfiles/2024-04-26/Beelink1_20240426_153000_59.fit,2024-04-26 15:30:00,0,0,, ,train,190.0,3600.0
6579,FITfiles/2024-04-26/Beelink1_20240426_154500_59.fit,2024-04-26 15:45:00,0,0,, ,train,190.0,3600.0
6585,FITfiles/2024-04-26/Beelink1_20240426_160000_59.fit,2024-04-26 16:00:00,0,0,, ,train,190.0,3600.0
6587,FITfiles/2024-04-26/Beelink1_20240426_161500_59.fit,2024-04-26 16:15:00,0,0,, ,train,190.0,3590.0
6586,FITfiles/2024-04-26/Beelink1_20240426_163000_59.fit,2024-04-26 16:30:00,0,0,, ,train,190.0,3600.0
6570,FITfiles/2024-04-26/Beelink1_20240426_164500_59.fit,2024-04-26 16:45:00,0,0,, ,train,190.0,3600.0
6568,FITfiles/2024-04-26/Beelink1_20240426_170000_59.fit,2024-04-26 17:00:00,0,0,, ,valid,190.0,3600.0
6573,FITfiles/2024-04-26/Beelink1_20240426_171500_59.fit,2024-04-26 17:15:00,0,0,, ,train,190.0,3600.0
6572,FITfiles/2024-04-26/Beelink1_20240426_173000_59.fit,2024-04-26 17:30:00,0,0,, ,train,190.0,3600.0
6569,FITfiles/2024-04-26/Beelink1_20240426_174500_59.fit,2024-04-26 17:45:00,0,0,, ,train,190.0,3600.0
6622,FITfiles/2024-04-26/Beelink1_20240426_180000_59.fit,2024-04-26 18:00:00,0,0,, ,train,190.0,3600.0
6574,FITfiles/2024-04-26/Beelink1_20240426_181500_59.fit,2024-04-26 18:15:00,0,0,, ,train,190.0,3590.0
6588,FITfiles/2024-04-26/Beelink1_20240426_183000_59.fit,2024-04-26 18:30:00,0,0,, ,valid,190.0,3600.0
6566,FITfiles/2024-04-26/Beelink1_20240426_184500_59.fit,2024-04-26 18:45:00,0,0,, ,valid,190.0,3600.0
6571,FITfiles/2024-04-26/Beelink1_20240426_190000_59.fit,2024-04-26 19:00:00,0,0,, ,train,190.0,3600.0
6576,FITfiles/2024-04-26/Beelink1_20240426_191500_59.fit,2024-04-26 19:15:00,0,0,, ,train,190.0,3600.0
6565,FITfiles/2024-04-26/Beelink1_20240426_193000_59.fit,2024-04-26 19:30:00,0,0,, ,valid,190.0,3600.0
6562,FITfiles/2024-04-26/Beelink1_20240426_194500_59.fit,2024-04-26 19:45:00,0,0,, ,train,190.0,3600.0
6563,FITfiles/2024-04-26/Beelink1_20240426_200000_59.fit,2024-04-26 20:00:00,0,0,, ,test,190.0,3600.0
6567,FITfiles/2024-04-26/Beelink1_20240426_201500_59.fit,2024-04-26 20:15:00,0,0,, ,train,190.0,3589.0
6555,FITfiles/2024-04-26/Beelink1_20240426_203000_59.fit,2024-04-26 20:30:00,0,0,, ,train,190.0,3600.0
6553,FITfiles/2024-04-26/Beelink1_20240426_204500_59.fit,2024-04-26 20:45:00,0,0,, ,test,190.0,3590.0
5638,FITfiles/2024-04-27/Beelink1_20240427_063000_59.fit,2024-04-27 06:30:00,0,0,, ,valid,190.0,3600.0
5645,FITfiles/2024-04-27/Beelink1_20240427_064500_59.fit,2024-04-27 06:45:00,0,0,, ,test,190.0,3600.0
5639,FITfiles/2024-04-27/Beelink1_20240427_070000_59.fit,2024-04-27 07:00:00,0,0,, ,train,190.0,3600.0
5649,FITfiles/2024-04-27/Beelink1_20240427_071500_59.fit,2024-04-27 07:15:00,0,0,, ,train,190.0,3600.0
5643,FITfiles/2024-04-27/Beelink1_20240427_073000_59.fit,2024-04-27 07:30:00,0,0,, ,test,190.0,3600.0
5652,FITfiles/2024-04-27/Beelink1_20240427_074500_59.fit,2024-04-27 07:45:00,0,0,, ,train,190.0,3600.0
5642,FITfiles/2024-04-27/Beelink1_20240427_080000_59.fit,2024-04-27 08:00:00,0,0,, ,valid,190.0,3600.0
5637,FITfiles/2024-04-27/Beelink1_20240427_081500_59.fit,2024-04-27 08:15:00,0,0,, ,test,190.0,3590.0
5648,FITfiles/2024-04-27/Beelink1_20240427_083000_59.fit,2024-04-27 08:30:00,0,0,, ,train,190.0,3600.0
5635,FITfiles/2024-04-27/Beelink1_20240427_084500_59.fit,2024-04-27 08:45:00,0,0,, ,train,190.0,3600.0
5630,FITfiles/2024-04-27/Beelink1_20240427_090000_59.fit,2024-04-27 09:00:00,0,0,, ,train,190.0,3600.0
5640,FITfiles/2024-04-27/Beelink1_20240427_091500_59.fit,2024-04-27 09:15:00,0,0,, ,train,190.0,3600.0
5634,FITfiles/2024-04-27/Beelink1_20240427_093000_59.fit,2024-04-27 09:30:00,0,0,, ,train,190.0,3600.0
5632,FITfiles/2024-04-27/Beelink1_20240427_094500_59.fit,2024-04-27 09:45:00,0,0,, ,train,190.0,3600.0
5633,FITfiles/2024-04-27/Beelink1_20240427_100000_59.fit,2024-04-27 10:00:00,0,0,, ,train,190.0,3600.0
5636,FITfiles/2024-04-27/Beelink1_20240427_101500_59.fit,2024-04-27 10:15:00,0,0,, ,train,190.0,3600.0
5644,FITfiles/2024-04-27/Beelink1_20240427_103000_59.fit,2024-04-27 10:30:00,0,0,, ,train,190.0,3600.0
5621,FITfiles/2024-04-27/Beelink1_20240427_104500_59.fit,2024-04-27 10:45:00,0,0,, ,train,190.0,3600.0
5629,FITfiles/2024-04-27/Beelink1_20240427_110000_59.fit,2024-04-27 11:00:00,0,0,, ,train,190.0,3600.0
5616,FITfiles/2024-04-27/Beelink1_20240427_111500_59.fit,2024-04-27 11:15:00,0,0,, ,train,190.0,3600.0
5617,FITfiles/2024-04-27/Beelink1_20240427_113000_59.fit,2024-04-27 11:30:00,0,0,, ,valid,190.0,3600.0
5623,FITfiles/2024-04-27/Beelink1_20240427_114500_59.fit,2024-04-27 11:45:00,0,0,, ,train,190.0,3600.0
5684,FITfiles/2024-04-27/Beelink1_20240427_120000_59.fit,2024-04-27 12:00:00,0,0,, ,train,190.0,3600.0
5622,FITfiles/2024-04-27/Beelink1_20240427_121500_59.fit,2024-04-27 12:15:00,0,0,, ,train,190.0,3591.0
5618,FITfiles/2024-04-27/Beelink1_20240427_123000_59.fit,2024-04-27 12:30:00,0,0,, ,valid,190.0,3600.0
5627,FITfiles/2024-04-27/Beelink1_20240427_124500_59.fit,2024-04-27 12:45:00,0,0,, ,train,190.0,3600.0
5615,FITfiles/2024-04-27/Beelink1_20240427_130000_59.fit,2024-04-27 13:00:00,0,0,, ,train,190.0,3600.0
5612,FITfiles/2024-04-27/Beelink1_20240427_131500_59.fit,2024-04-27 13:15:00,0,0,, ,train,190.0,3600.0
5666,FITfiles/2024-04-27/Beelink1_20240427_133000_59.fit,2024-04-27 13:30:00,0,0,, ,train,190.0,3600.0
5625,FITfiles/2024-04-27/Beelink1_20240427_134500_59.fit,2024-04-27 13:45:00,0,0,, ,train,190.0,3600.0
5624,FITfiles/2024-04-27/Beelink1_20240427_140000_59.fit,2024-04-27 14:00:00,0,0,, ,test,190.0,3600.0
5613,FITfiles/2024-04-27/Beelink1_20240427_141500_59.fit,2024-04-27 14:15:00,0,0,, ,train,190.0,3590.0
5620,FITfiles/2024-04-27/Beelink1_20240427_143000_59.fit,2024-04-27 14:30:00,0,0,, ,train,190.0,3600.0
5619,FITfiles/2024-04-27/Beelink1_20240427_144500_59.fit,2024-04-27 14:45:00,0,0,, ,train,190.0,3600.0
5608,FITfiles/2024-04-27/Beelink1_20240427_150000_59.fit,2024-04-27 15:00:00,0,0,, ,valid,190.0,3600.0
5611,FITfiles/2024-04-27/Beelink1_20240427_151500_59.fit,2024-04-27 15:15:00,0,0,, ,train,190.0,3600.0
5626,FITfiles/2024-04-27/Beelink1_20240427_153000_59.fit,2024-04-27 15:30:00,0,0,, ,test,190.0,3600.0
5631,FITfiles/2024-04-27/Beelink1_20240427_154500_59.fit,2024-04-27 15:45:00,0,0,, ,train,190.0,3600.0
5628,FITfiles/2024-04-27/Beelink1_20240427_160000_59.fit,2024-04-27 16:00:00,0,0,, ,train,190.0,3600.0
5614,FITfiles/2024-04-27/Beelink1_20240427_161500_59.fit,2024-04-27 16:15:00,0,0,, ,train,190.0,3590.0
5609,FITfiles/2024-04-27/Beelink1_20240427_163000_59.fit,2024-04-27 16:30:00,0,0,, ,test,190.0,3600.0
5603,FITfiles/2024-04-27/Beelink1_20240427_164500_59.fit,2024-04-27 16:45:00,0,0,, ,train,190.0,3600.0
5610,FITfiles/2024-04-27/Beelink1_20240427_170000_59.fit,2024-04-27 17:00:00,0,0,, ,train,190.0,3600.0
5600,FITfiles/2024-04-27/Beelink1_20240427_171500_59.fit,2024-04-27 17:15:00,0,0,, ,test,190.0,3600.0
5605,FITfiles/2024-04-27/Beelink1_20240427_173000_59.fit,2024-04-27 17:30:00,0,0,, ,train,190.0,3600.0
5598,FITfiles/2024-04-27/Beelink1_20240427_174500_59.fit,2024-04-27 17:45:00,0,0,, ,train,190.0,3600.0
5604,FITfiles/2024-04-27/Beelink1_20240427_180000_59.fit,2024-04-27 18:00:00,0,0,, ,train,190.0,3600.0
5596,FITfiles/2024-04-27/Beelink1_20240427_181500_59.fit,2024-04-27 18:15:00,0,0,, ,train,190.0,3590.0
5602,FITfiles/2024-04-27/Beelink1_20240427_183000_59.fit,2024-04-27 18:30:00,0,0,, ,train,190.0,3600.0
5601,FITfiles/2024-04-27/Beelink1_20240427_184500_59.fit,2024-04-27 18:45:00,0,0,, ,train,190.0,3600.0
5607,FITfiles/2024-04-27/Beelink1_20240427_190000_59.fit,2024-04-27 19:00:00,0,0,, ,test,190.0,3600.0
5592,FITfiles/2024-04-27/Beelink1_20240427_191500_59.fit,2024-04-27 19:15:00,0,0,, ,train,190.0,3600.0
5595,FITfiles/2024-04-27/Beelink1_20240427_193000_59.fit,2024-04-27 19:30:00,0,0,, ,train,190.0,3600.0
5593,FITfiles/2024-04-27/Beelink1_20240427_194500_59.fit,2024-04-27 19:45:00,0,0,, ,train,190.0,3600.0
5599,FITfiles/2024-04-27/Beelink1_20240427_200000_59.fit,2024-04-27 20:00:00,0,0,, ,train,190.0,3600.0
5594,FITfiles/2024-04-27/Beelink1_20240427_201500_59.fit,2024-04-27 20:15:00,0,0,, ,valid,190.0,3591.0
5606,FITfiles/2024-04-27/Beelink1_20240427_203000_59.fit,2024-04-27 20:30:00,0,0,, ,valid,190.0,3600.0
5597,FITfiles/2024-04-27/Beelink1_20240427_204500_59.fit,2024-04-27 20:45:00,0,0,, ,train,190.0,3590.0
7569,FITfiles/2024-04-28/Beelink1_20240428_063000_59.fit,2024-04-28 06:30:00,0,0,, ,test,190.0,3600.0
7752,FITfiles/2024-04-28/Beelink1_20240428_064500_59.fit,2024-04-28 06:45:00,0,0,, ,train,190.0,3600.0
7570,FITfiles/2024-04-28/Beelink1_20240428_070000_59.fit,2024-04-28 07:00:00,0,0,, ,train,190.0,3600.0
7755,FITfiles/2024-04-28/Beelink1_20240428_071500_59.fit,2024-04-28 07:15:00,0,0,, ,train,190.0,3600.0
7568,FITfiles/2024-04-28/Beelink1_20240428_073000_59.fit,2024-04-28 07:30:00,0,0,, ,train,190.0,3600.0
7751,FITfiles/2024-04-28/Beelink1_20240428_074500_59.fit,2024-04-28 07:45:00,0,0,, ,train,190.0,3600.0
7749,FITfiles/2024-04-28/Beelink1_20240428_080000_59.fit,2024-04-28 08:00:00,0,0,, ,valid,190.0,3600.0
7746,FITfiles/2024-04-28/Beelink1_20240428_081500_59.fit,2024-04-28 08:15:00,0,0,, ,valid,190.0,3590.0
7743,FITfiles/2024-04-28/Beelink1_20240428_083000_59.fit,2024-04-28 08:30:00,0,0,, ,train,190.0,3600.0
7753,FITfiles/2024-04-28/Beelink1_20240428_084500_59.fit,2024-04-28 08:45:00,0,0,, ,valid,190.0,3600.0
7750,FITfiles/2024-04-28/Beelink1_20240428_090000_59.fit,2024-04-28 09:00:00,0,0,, ,valid,190.0,3600.0
7744,FITfiles/2024-04-28/Beelink1_20240428_091500_59.fit,2024-04-28 09:15:00,0,0,, ,train,190.0,3600.0
7745,FITfiles/2024-04-28/Beelink1_20240428_093000_59.fit,2024-04-28 09:30:00,0,0,, ,test,190.0,3600.0
7748,FITfiles/2024-04-28/Beelink1_20240428_094500_59.fit,2024-04-28 09:45:00,0,0,, ,valid,190.0,3600.0
7734,FITfiles/2024-04-28/Beelink1_20240428_100000_59.fit,2024-04-28 10:00:00,0,0,, ,valid,190.0,3600.0
7747,FITfiles/2024-04-28/Beelink1_20240428_101500_59.fit,2024-04-28 10:15:00,0,0,, ,train,190.0,3600.0
7738,FITfiles/2024-04-28/Beelink1_20240428_103000_59.fit,2024-04-28 10:30:00,0,0,, ,train,190.0,3600.0
7739,FITfiles/2024-04-28/Beelink1_20240428_104500_59.fit,2024-04-28 10:45:00,0,0,, ,train,190.0,3600.0
7735,FITfiles/2024-04-28/Beelink1_20240428_110000_59.fit,2024-04-28 11:00:00,0,0,, ,test,190.0,3600.0
7731,FITfiles/2024-04-28/Beelink1_20240428_111500_59.fit,2024-04-28 11:15:00,0,0,, ,train,190.0,3600.0
7736,FITfiles/2024-04-28/Beelink1_20240428_113000_59.fit,2024-04-28 11:30:00,0,0,, ,train,190.0,3600.0
7733,FITfiles/2024-04-28/Beelink1_20240428_114500_59.fit,2024-04-28 11:45:00,0,0,, ,test,190.0,3600.0
7732,FITfiles/2024-04-28/Beelink1_20240428_120000_59.fit,2024-04-28 12:00:00,0,0,, ,train,190.0,3600.0
7727,FITfiles/2024-04-28/Beelink1_20240428_121500_59.fit,2024-04-28 12:15:00,0,0,, ,train,190.0,3590.0
7726,FITfiles/2024-04-28/Beelink1_20240428_123000_59.fit,2024-04-28 12:30:00,0,0,, ,train,190.0,3600.0
7718,FITfiles/2024-04-28/Beelink1_20240428_124500_59.fit,2024-04-28 12:45:00,0,0,, ,valid,190.0,3600.0
7719,FITfiles/2024-04-28/Beelink1_20240428_130000_59.fit,2024-04-28 13:00:00,0,0,, ,train,190.0,3600.0
7567,FITfiles/2024-04-28/Beelink1_20240428_131500_59.fit,2024-04-28 13:15:00,0,0,, ,valid,190.0,3600.0
7728,FITfiles/2024-04-28/Beelink1_20240428_133000_59.fit,2024-04-28 13:30:00,0,0,, ,valid,190.0,3600.0
7737,FITfiles/2024-04-28/Beelink1_20240428_134500_59.fit,2024-04-28 13:45:00,0,0,, ,train,190.0,3600.0
7721,FITfiles/2024-04-28/Beelink1_20240428_140000_59.fit,2024-04-28 14:00:00,0,0,, ,valid,190.0,3600.0
7740,FITfiles/2024-04-28/Beelink1_20240428_141500_59.fit,2024-04-28 14:15:00,0,0,, ,test,190.0,3590.0
7724,FITfiles/2024-04-28/Beelink1_20240428_143000_59.fit,2024-04-28 14:30:00,0,0,, ,train,190.0,3600.0
7566,FITfiles/2024-04-28/Beelink1_20240428_144500_59.fit,2024-04-28 14:45:00,0,0,, ,valid,190.0,3600.0
7742,FITfiles/2024-04-28/Beelink1_20240428_150000_59.fit,2024-04-28 15:00:00,0,0,, ,valid,190.0,3600.0
7741,FITfiles/2024-04-28/Beelink1_20240428_151500_59.fit,2024-04-28 15:15:00,0,0,, ,train,190.0,3600.0
7723,FITfiles/2024-04-28/Beelink1_20240428_153000_59.fit,2024-04-28 15:30:00,0,0,, ,train,190.0,3600.0
7710,FITfiles/2024-04-28/Beelink1_20240428_154500_59.fit,2024-04-28 15:45:00,0,0,, ,train,190.0,3600.0
7712,FITfiles/2024-04-28/Beelink1_20240428_160000_59.fit,2024-04-28 16:00:00,0,0,, ,valid,190.0,3600.0
7700,FITfiles/2024-04-28/Beelink1_20240428_161500_59.fit,2024-04-28 16:15:00,0,0,, ,train,190.0,3590.0
7708,FITfiles/2024-04-28/Beelink1_20240428_163000_59.fit,2024-04-28 16:30:00,0,0,, ,test,190.0,3600.0
7702,FITfiles/2024-04-28/Beelink1_20240428_164500_59.fit,2024-04-28 16:45:00,0,0,, ,train,190.0,3600.0
7717,FITfiles/2024-04-28/Beelink1_20240428_170000_59.fit,2024-04-28 17:00:00,0,0,, ,train,190.0,3600.0
7716,FITfiles/2024-04-28/Beelink1_20240428_171500_59.fit,2024-04-28 17:15:00,0,0,, ,test,190.0,3600.0
7714,FITfiles/2024-04-28/Beelink1_20240428_173000_59.fit,2024-04-28 17:30:00,0,0,, ,train,190.0,3600.0
7707,FITfiles/2024-04-28/Beelink1_20240428_174500_59.fit,2024-04-28 17:45:00,0,0,, ,train,190.0,3600.0
7697,FITfiles/2024-04-28/Beelink1_20240428_180000_59.fit,2024-04-28 18:00:00,0,0,, ,test,190.0,3600.0
7711,FITfiles/2024-04-28/Beelink1_20240428_181500_59.fit,2024-04-28 18:15:00,0,0,, ,train,190.0,3591.0
7725,FITfiles/2024-04-28/Beelink1_20240428_183000_59.fit,2024-04-28 18:30:00,0,0,, ,train,190.0,3600.0
7715,FITfiles/2024-04-28/Beelink1_20240428_184500_59.fit,2024-04-28 18:45:00,0,0,, ,valid,190.0,3600.0
7701,FITfiles/2024-04-28/Beelink1_20240428_190000_59.fit,2024-04-28 19:00:00,0,0,, ,train,190.0,3600.0
7563,FITfiles/2024-04-28/Beelink1_20240428_191500_59.fit,2024-04-28 19:15:00,0,0,, ,valid,190.0,3600.0
7704,FITfiles/2024-04-28/Beelink1_20240428_193000_59.fit,2024-04-28 19:30:00,0,0,, ,valid,190.0,3600.0
7696,FITfiles/2024-04-28/Beelink1_20240428_194500_59.fit,2024-04-28 19:45:00,0,0,, ,train,190.0,3600.0
7722,FITfiles/2024-04-28/Beelink1_20240428_200000_59.fit,2024-04-28 20:00:00,0,0,, ,test,190.0,3600.0
7690,FITfiles/2024-04-28/Beelink1_20240428_201500_59.fit,2024-04-28 20:15:00,0,0,, ,train,190.0,3590.0
7694,FITfiles/2024-04-28/Beelink1_20240428_203000_59.fit,2024-04-28 20:30:00,0,0,, ,train,190.0,3600.0
7695,FITfiles/2024-04-28/Beelink1_20240428_204500_59.fit,2024-04-28 20:45:00,0,0,, ,train,190.0,3590.0
5990,FITfiles/2024-04-29/Beelink1_20240429_063000_59.fit,2024-04-29 06:30:00,0,0,, ,train,190.0,3600.0
6000,FITfiles/2024-04-29/Beelink1_20240429_064500_59.fit,2024-04-29 06:45:00,0,0,, ,test,190.0,3600.0
5978,FITfiles/2024-04-29/Beelink1_20240429_070000_59.fit,2024-04-29 07:00:00,0,0,, ,train,190.0,3600.0
5986,FITfiles/2024-04-29/Beelink1_20240429_071500_59.fit,2024-04-29 07:15:00,0,0,, ,train,190.0,3600.0
5970,FITfiles/2024-04-29/Beelink1_20240429_073000_59.fit,2024-04-29 07:30:00,0,0,, ,train,190.0,3600.0
5976,FITfiles/2024-04-29/Beelink1_20240429_074500_59.fit,2024-04-29 07:45:00,0,0,, ,train,190.0,3600.0
5968,FITfiles/2024-04-29/Beelink1_20240429_080000_59.fit,2024-04-29 08:00:00,0,0,, ,valid,190.0,3600.0
5964,FITfiles/2024-04-29/Beelink1_20240429_081500_59.fit,2024-04-29 08:15:00,0,0,, ,valid,190.0,3590.0
5961,FITfiles/2024-04-29/Beelink1_20240429_083000_59.fit,2024-04-29 08:30:00,0,0,, ,train,190.0,3600.0
5967,FITfiles/2024-04-29/Beelink1_20240429_084500_59.fit,2024-04-29 08:45:00,0,0,, ,test,190.0,3600.0
5977,FITfiles/2024-04-29/Beelink1_20240429_090000_59.fit,2024-04-29 09:00:00,0,0,, ,train,190.0,3600.0
5942,FITfiles/2024-04-29/Beelink1_20240429_091500_59.fit,2024-04-29 09:15:00,0,0,, ,test,190.0,3600.0
5952,FITfiles/2024-04-29/Beelink1_20240429_093000_59.fit,2024-04-29 09:30:00,0,0,, ,test,190.0,3600.0
5946,FITfiles/2024-04-29/Beelink1_20240429_094500_59.fit,2024-04-29 09:45:00,0,0,, ,train,190.0,3600.0
6027,FITfiles/2024-04-29/Beelink1_20240429_100000_59.fit,2024-04-29 10:00:00,0,0,, ,train,190.0,3600.0
5951,FITfiles/2024-04-29/Beelink1_20240429_101500_59.fit,2024-04-29 10:15:00,0,0,, ,train,190.0,3600.0
5939,FITfiles/2024-04-29/Beelink1_20240429_103000_59.fit,2024-04-29 10:30:00,0,0,, ,valid,190.0,3600.0
5949,FITfiles/2024-04-29/Beelink1_20240429_104500_59.fit,2024-04-29 10:45:00,0,0,, ,valid,190.0,3600.0
5941,FITfiles/2024-04-29/Beelink1_20240429_110000_59.fit,2024-04-29 11:00:00,0,0,, ,train,190.0,3600.0
5953,FITfiles/2024-04-29/Beelink1_20240429_111500_59.fit,2024-04-29 11:15:00,0,0,, ,train,190.0,3600.0
5936,FITfiles/2024-04-29/Beelink1_20240429_113000_59.fit,2024-04-29 11:30:00,0,0,, ,valid,190.0,3600.0
5940,FITfiles/2024-04-29/Beelink1_20240429_114500_59.fit,2024-04-29 11:45:00,0,0,, ,test,190.0,3600.0
5943,FITfiles/2024-04-29/Beelink1_20240429_120000_59.fit,2024-04-29 12:00:00,0,0,, ,test,190.0,3600.0
5948,FITfiles/2024-04-29/Beelink1_20240429_121500_59.fit,2024-04-29 12:15:00,0,0,, ,train,190.0,3590.0
5944,FITfiles/2024-04-29/Beelink1_20240429_123000_59.fit,2024-04-29 12:30:00,0,0,, ,train,190.0,3600.0
5947,FITfiles/2024-04-29/Beelink1_20240429_124500_59.fit,2024-04-29 12:45:00,0,0,, ,valid,190.0,3600.0
5937,FITfiles/2024-04-29/Beelink1_20240429_130000_59.fit,2024-04-29 13:00:00,0,0,, ,train,190.0,3600.0
5938,FITfiles/2024-04-29/Beelink1_20240429_131500_59.fit,2024-04-29 13:15:00,0,0,, ,valid,190.0,3600.0
5945,FITfiles/2024-04-29/Beelink1_20240429_133000_59.fit,2024-04-29 13:30:00,0,0,, ,train,190.0,3600.0
5927,FITfiles/2024-04-29/Beelink1_20240429_134500_59.fit,2024-04-29 13:45:00,0,0,, ,train,190.0,3600.0
5934,FITfiles/2024-04-29/Beelink1_20240429_140000_59.fit,2024-04-29 14:00:00,0,0,, ,train,190.0,3600.0
5957,FITfiles/2024-04-29/Beelink1_20240429_141500_59.fit,2024-04-29 14:15:00,0,0,, ,test,190.0,3590.0
5931,FITfiles/2024-04-29/Beelink1_20240429_143000_59.fit,2024-04-29 14:30:00,0,0,, ,valid,190.0,3600.0
5933,FITfiles/2024-04-29/Beelink1_20240429_144500_59.fit,2024-04-29 14:45:00,0,0,, ,valid,190.0,3600.0
5921,FITfiles/2024-04-29/Beelink1_20240429_150000_59.fit,2024-04-29 15:00:00,0,0,, ,valid,190.0,3600.0
3084,FITfiles/2024-04-29/Beelink1_20240429_151500_59.fit,2024-04-29 15:15:00,0,0,, ,train,190.0,3600.0
3085,FITfiles/2024-04-29/Beelink1_20240429_153000_59.fit,2024-04-29 15:30:00,0,0,, ,test,190.0,3600.0
3089,FITfiles/2024-04-29/Beelink1_20240429_154500_59.fit,2024-04-29 15:45:00,0,0,, ,train,190.0,3600.0
3088,FITfiles/2024-04-29/Beelink1_20240429_160000_59.fit,2024-04-29 16:00:00,0,0,, ,train,190.0,3600.0
3080,FITfiles/2024-04-29/Beelink1_20240429_161500_59.fit,2024-04-29 16:15:00,0,0,, ,train,190.0,3590.0
3092,FITfiles/2024-04-29/Beelink1_20240429_163000_59.fit,2024-04-29 16:30:00,0,0,, ,train,190.0,3600.0
3078,FITfiles/2024-04-29/Beelink1_20240429_164500_59.fit,2024-04-29 16:45:00,0,0,, ,valid,190.0,3600.0
3083,FITfiles/2024-04-29/Beelink1_20240429_170000_59.fit,2024-04-29 17:00:00,0,0,, ,train,190.0,3600.0
3093,FITfiles/2024-04-29/Beelink1_20240429_171500_59.fit,2024-04-29 17:15:00,0,0,, ,test,190.0,3600.0
3094,FITfiles/2024-04-29/Beelink1_20240429_173000_59.fit,2024-04-29 17:30:00,0,0,, ,valid,190.0,3600.0
3079,FITfiles/2024-04-29/Beelink1_20240429_174500_59.fit,2024-04-29 17:45:00,0,0,, ,test,190.0,3600.0
3081,FITfiles/2024-04-29/Beelink1_20240429_180000_59.fit,2024-04-29 18:00:00,0,0,, ,valid,190.0,3600.0
3086,FITfiles/2024-04-29/Beelink1_20240429_181500_59.fit,2024-04-29 18:15:00,0,0,, ,train,190.0,3590.0
3090,FITfiles/2024-04-29/Beelink1_20240429_183000_59.fit,2024-04-29 18:30:00,0,0,, ,valid,190.0,3600.0
3077,FITfiles/2024-04-29/Beelink1_20240429_184500_59.fit,2024-04-29 18:45:00,0,0,, ,train,190.0,3600.0
3082,FITfiles/2024-04-29/Beelink1_20240429_190000_59.fit,2024-04-29 19:00:00,0,0,, ,train,190.0,3600.0
3076,FITfiles/2024-04-29/Beelink1_20240429_191500_59.fit,2024-04-29 19:15:00,0,0,, ,valid,190.0,3600.0
3095,FITfiles/2024-04-29/Beelink1_20240429_193000_59.fit,2024-04-29 19:30:00,0,0,, ,train,190.0,3600.0
3071,FITfiles/2024-04-29/Beelink1_20240429_194500_59.fit,2024-04-29 19:45:00,0,0,, ,train,190.0,3600.0
3070,FITfiles/2024-04-29/Beelink1_20240429_200000_59.fit,2024-04-29 20:00:00,0,0,, ,train,190.0,3600.0
3075,FITfiles/2024-04-29/Beelink1_20240429_201500_59.fit,2024-04-29 20:15:00,0,0,, ,valid,190.0,3590.0
3073,FITfiles/2024-04-29/Beelink1_20240429_203000_59.fit,2024-04-29 20:30:00,0,0,, ,train,190.0,3600.0
3056,FITfiles/2024-04-29/Beelink1_20240429_204500_59.fit,2024-04-29 20:45:00,0,0,, ,train,190.0,3591.0
6823,FITfiles/2024-04-30/Beelink1_20240430_063000_59.fit,2024-04-30 06:30:00,0,0,, ,train,190.0,3600.0
6834,FITfiles/2024-04-30/Beelink1_20240430_064500_59.fit,2024-04-30 06:45:00,0,0,, ,train,190.0,3600.0
6824,FITfiles/2024-04-30/Beelink1_20240430_070000_59.fit,2024-04-30 07:00:00,0,0,, ,valid,190.0,3600.0
6817,FITfiles/2024-04-30/Beelink1_20240430_071500_59.fit,2024-04-30 07:15:00,0,0,, ,train,190.0,3600.0
6818,FITfiles/2024-04-30/Beelink1_20240430_073000_59.fit,2024-04-30 07:30:00,0,0,, ,train,190.0,3600.0
6810,FITfiles/2024-04-30/Beelink1_20240430_074500_59.fit,2024-04-30 07:45:00,0,0,, ,train,190.0,3600.0
6816,FITfiles/2024-04-30/Beelink1_20240430_080000_59.fit,2024-04-30 08:00:00,0,0,, ,test,190.0,3600.0
6811,FITfiles/2024-04-30/Beelink1_20240430_081500_59.fit,2024-04-30 08:15:00,0,0,, ,train,190.0,3590.0
6809,FITfiles/2024-04-30/Beelink1_20240430_083000_59.fit,2024-04-30 08:30:00,0,0,, ,valid,190.0,3600.0
6813,FITfiles/2024-04-30/Beelink1_20240430_084500_59.fit,2024-04-30 08:45:00,0,0,, ,train,190.0,3600.0
6807,FITfiles/2024-04-30/Beelink1_20240430_090000_59.fit,2024-04-30 09:00:00,0,0,, ,train,190.0,3600.0
6806,FITfiles/2024-04-30/Beelink1_20240430_091500_59.fit,2024-04-30 09:15:00,0,0,, ,test,190.0,3600.0
6821,FITfiles/2024-04-30/Beelink1_20240430_093000_59.fit,2024-04-30 09:30:00,0,0,, ,test,190.0,3600.0
6814,FITfiles/2024-04-30/Beelink1_20240430_094500_59.fit,2024-04-30 09:45:00,0,0,, ,train,190.0,3600.0
6808,FITfiles/2024-04-30/Beelink1_20240430_100000_59.fit,2024-04-30 10:00:00,0,0,, ,train,190.0,3600.0
6812,FITfiles/2024-04-30/Beelink1_20240430_101500_59.fit,2024-04-30 10:15:00,0,0,, ,train,190.0,3600.0
6802,FITfiles/2024-04-30/Beelink1_20240430_103000_59.fit,2024-04-30 10:30:00,0,0,, ,valid,190.0,3600.0
6815,FITfiles/2024-04-30/Beelink1_20240430_104500_59.fit,2024-04-30 10:45:00,0,0,, ,train,190.0,3600.0
6805,FITfiles/2024-04-30/Beelink1_20240430_110000_59.fit,2024-04-30 11:00:00,0,0,, ,train,190.0,3600.0
6829,FITfiles/2024-04-30/Beelink1_20240430_111500_59.fit,2024-04-30 11:15:00,0,0,, ,train,190.0,3600.0
6791,FITfiles/2024-04-30/Beelink1_20240430_113000_59.fit,2024-04-30 11:30:00,0,0,, ,train,190.0,3600.0
6803,FITfiles/2024-04-30/Beelink1_20240430_114500_59.fit,2024-04-30 11:45:00,0,0,, ,train,190.0,3600.0
6804,FITfiles/2024-04-30/Beelink1_20240430_120000_59.fit,2024-04-30 12:00:00,0,0,, ,train,190.0,3600.0
6797,FITfiles/2024-04-30/Beelink1_20240430_121500_59.fit,2024-04-30 12:15:00,0,0,, ,train,190.0,3590.0
6799,FITfiles/2024-04-30/Beelink1_20240430_123000_59.fit,2024-04-30 12:30:00,0,0,, ,train,190.0,3600.0
6793,FITfiles/2024-04-30/Beelink1_20240430_124500_59.fit,2024-04-30 12:45:00,0,0,, ,train,190.0,3600.0
6800,FITfiles/2024-04-30/Beelink1_20240430_130000_59.fit,2024-04-30 13:00:00,0,0,, ,test,190.0,3600.0
6790,FITfiles/2024-04-30/Beelink1_20240430_131500_59.fit,2024-04-30 13:15:00,0,0,, ,train,190.0,3600.0
6826,FITfiles/2024-04-30/Beelink1_20240430_133000_59.fit,2024-04-30 13:30:00,0,0,, ,train,190.0,3600.0
6833,FITfiles/2024-04-30/Beelink1_20240430_134500_59.fit,2024-04-30 13:45:00,0,0,, ,test,190.0,3600.0
6789,FITfiles/2024-04-30/Beelink1_20240430_140000_59.fit,2024-04-30 14:00:00,0,0,, ,train,190.0,3600.0
6825,FITfiles/2024-04-30/Beelink1_20240430_141500_59.fit,2024-04-30 14:15:00,0,0,, ,train,190.0,3590.0
6784,FITfiles/2024-04-30/Beelink1_20240430_143000_59.fit,2024-04-30 14:30:00,0,0,, ,valid,190.0,3600.0
6787,FITfiles/2024-04-30/Beelink1_20240430_144500_59.fit,2024-04-30 14:45:00,0,0,, ,train,190.0,3600.0
6786,FITfiles/2024-04-30/Beelink1_20240430_150000_59.fit,2024-04-30 15:00:00,0,0,, ,test,190.0,3600.0
6798,FITfiles/2024-04-30/Beelink1_20240430_151500_59.fit,2024-04-30 15:15:00,0,0,, ,train,190.0,3600.0
6792,FITfiles/2024-04-30/Beelink1_20240430_153000_59.fit,2024-04-30 15:30:00,0,0,, ,train,190.0,3600.0
6778,FITfiles/2024-04-30/Beelink1_20240430_154500_59.fit,2024-04-30 15:45:00,0,0,, ,valid,190.0,3600.0
6780,FITfiles/2024-04-30/Beelink1_20240430_160000_59.fit,2024-04-30 16:00:00,0,0,, ,train,190.0,3600.0
6795,FITfiles/2024-04-30/Beelink1_20240430_161500_59.fit,2024-04-30 16:15:00,0,0,, ,train,190.0,3590.0
6782,FITfiles/2024-04-30/Beelink1_20240430_163000_59.fit,2024-04-30 16:30:00,0,0,, ,train,190.0,3600.0
6781,FITfiles/2024-04-30/Beelink1_20240430_164500_59.fit,2024-04-30 16:45:00,0,0,, ,test,190.0,3600.0
6822,FITfiles/2024-04-30/Beelink1_20240430_170000_59.fit,2024-04-30 17:00:00,0,0,, ,test,190.0,3600.0
6794,FITfiles/2024-04-30/Beelink1_20240430_171500_59.fit,2024-04-30 17:15:00,0,0,, ,train,190.0,3600.0
6783,FITfiles/2024-04-30/Beelink1_20240430_173000_59.fit,2024-04-30 17:30:00,0,0,, ,train,190.0,3600.0
6785,FITfiles/2024-04-30/Beelink1_20240430_174500_59.fit,2024-04-30 17:45:00,0,0,, ,train,190.0,3600.0
6788,FITfiles/2024-04-30/Beelink1_20240430_180000_59.fit,2024-04-30 18:00:00,0,0,, ,train,190.0,3600.0
6771,FITfiles/2024-04-30/Beelink1_20240430_181500_59.fit,2024-04-30 18:15:00,0,0,, ,train,190.0,3590.0
6775,FITfiles/2024-04-30/Beelink1_20240430_183000_59.fit,2024-04-30 18:30:00,0,0,, ,valid,190.0,3600.0
6769,FITfiles/2024-04-30/Beelink1_20240430_184500_59.fit,2024-04-30 18:45:00,0,0,, ,train,190.0,3600.0
6776,FITfiles/2024-04-30/Beelink1_20240430_190000_59.fit,2024-04-30 19:00:00,0,0,, ,train,190.0,3600.0
6773,FITfiles/2024-04-30/Beelink1_20240430_191500_59.fit,2024-04-30 19:15:00,0,0,, ,train,190.0,3600.0
6774,FITfiles/2024-04-30/Beelink1_20240430_193000_59.fit,2024-04-30 19:30:00,0,0,, ,train,190.0,3600.0
6767,FITfiles/2024-04-30/Beelink1_20240430_194500_59.fit,2024-04-30 19:45:00,0,0,, ,train,190.0,3600.0
6768,FITfiles/2024-04-30/Beelink1_20240430_200000_59.fit,2024-04-30 20:00:00,0,0,, ,test,190.0,3600.0
6765,FITfiles/2024-04-30/Beelink1_20240430_201500_59.fit,2024-04-30 20:15:00,0,0,, ,train,190.0,3590.0
6759,FITfiles/2024-04-30/Beelink1_20240430_203000_59.fit,2024-04-30 20:30:00,0,0,, ,train,190.0,3600.0
6760,FITfiles/2024-04-30/Beelink1_20240430_204500_59.fit,2024-04-30 20:45:00,0,0,, ,test,190.0,3590.0
5375,FITfiles/2024-05-01/Beelink1_20240501_063000_59.fit,2024-05-01 06:30:00,0,0,, ,train,190.0,3600.0
5367,FITfiles/2024-05-01/Beelink1_20240501_064500_59.fit,2024-05-01 06:45:00,0,0,, ,valid,190.0,3600.0
5370,FITfiles/2024-05-01/Beelink1_20240501_070000_59.fit,2024-05-01 07:00:00,0,0,, ,train,190.0,3600.0
5376,FITfiles/2024-05-01/Beelink1_20240501_071500_59.fit,2024-05-01 07:15:00,0,0,, ,train,190.0,3600.0
5372,FITfiles/2024-05-01/Beelink1_20240501_073000_59.fit,2024-05-01 07:30:00,0,0,, ,valid,190.0,3600.0
5363,FITfiles/2024-05-01/Beelink1_20240501_074500_59.fit,2024-05-01 07:45:00,0,0,, ,test,190.0,3600.0
5366,FITfiles/2024-05-01/Beelink1_20240501_080000_59.fit,2024-05-01 08:00:00,0,0,, ,train,190.0,3600.0
5393,FITfiles/2024-05-01/Beelink1_20240501_081500_59.fit,2024-05-01 08:15:00,0,0,, ,valid,190.0,3590.0
5369,FITfiles/2024-05-01/Beelink1_20240501_083000_59.fit,2024-05-01 08:30:00,0,0,, ,valid,190.0,3600.0
5365,FITfiles/2024-05-01/Beelink1_20240501_084500_59.fit,2024-05-01 08:45:00,0,0,, ,train,190.0,3600.0
5357,FITfiles/2024-05-01/Beelink1_20240501_090000_59.fit,2024-05-01 09:00:00,0,0,, ,valid,190.0,3600.0
5358,FITfiles/2024-05-01/Beelink1_20240501_091500_59.fit,2024-05-01 09:15:00,0,0,, ,test,190.0,3600.0
5360,FITfiles/2024-05-01/Beelink1_20240501_093000_59.fit,2024-05-01 09:30:00,0,0,, ,train,190.0,3600.0
5364,FITfiles/2024-05-01/Beelink1_20240501_094500_59.fit,2024-05-01 09:45:00,0,0,, ,train,190.0,3600.0
5359,FITfiles/2024-05-01/Beelink1_20240501_100000_59.fit,2024-05-01 10:00:00,0,0,, ,valid,190.0,3600.0
5352,FITfiles/2024-05-01/Beelink1_20240501_101500_59.fit,2024-05-01 10:15:00,0,0,, ,valid,190.0,3600.0
5362,FITfiles/2024-05-01/Beelink1_20240501_103000_59.fit,2024-05-01 10:30:00,0,0,, ,valid,190.0,3600.0
5371,FITfiles/2024-05-01/Beelink1_20240501_104500_59.fit,2024-05-01 10:45:00,0,0,, ,train,190.0,3600.0
5361,FITfiles/2024-05-01/Beelink1_20240501_110000_59.fit,2024-05-01 11:00:00,0,0,, ,valid,190.0,3600.0
5353,FITfiles/2024-05-01/Beelink1_20240501_111500_59.fit,2024-05-01 11:15:00,0,0,, ,train,190.0,3600.0
5368,FITfiles/2024-05-01/Beelink1_20240501_113000_59.fit,2024-05-01 11:30:00,0,0,, ,train,190.0,3600.0
5374,FITfiles/2024-05-01/Beelink1_20240501_114500_59.fit,2024-05-01 11:45:00,0,0,, ,test,190.0,3600.0
5355,FITfiles/2024-05-01/Beelink1_20240501_120000_59.fit,2024-05-01 12:00:00,0,0,, ,train,190.0,3600.0
5401,FITfiles/2024-05-01/Beelink1_20240501_121500_59.fit,2024-05-01 12:15:00,0,0,, ,valid,190.0,3590.0
5343,FITfiles/2024-05-01/Beelink1_20240501_123000_59.fit,2024-05-01 12:30:00,0,0,, ,test,190.0,3600.0
5347,FITfiles/2024-05-01/Beelink1_20240501_124500_59.fit,2024-05-01 12:45:00,0,0,, ,valid,190.0,3600.0
5342,FITfiles/2024-05-01/Beelink1_20240501_130000_59.fit,2024-05-01 13:00:00,0,0,, ,test,190.0,3600.0
5338,FITfiles/2024-05-01/Beelink1_20240501_131500_59.fit,2024-05-01 13:15:00,0,0,, ,valid,190.0,3600.0
5351,FITfiles/2024-05-01/Beelink1_20240501_133000_59.fit,2024-05-01 13:30:00,0,0,, ,valid,190.0,3600.0
5346,FITfiles/2024-05-01/Beelink1_20240501_134500_59.fit,2024-05-01 13:45:00,0,0,, ,train,190.0,3600.0
5335,FITfiles/2024-05-01/Beelink1_20240501_140000_59.fit,2024-05-01 14:00:00,0,0,, ,valid,190.0,3600.0
5341,FITfiles/2024-05-01/Beelink1_20240501_141500_59.fit,2024-05-01 14:15:00,0,0,, ,train,190.0,3590.0
5345,FITfiles/2024-05-01/Beelink1_20240501_143000_59.fit,2024-05-01 14:30:00,0,0,, ,test,190.0,3600.0
5373,FITfiles/2024-05-01/Beelink1_20240501_144500_59.fit,2024-05-01 14:45:00,0,0,, ,valid,190.0,3600.0
5350,FITfiles/2024-05-01/Beelink1_20240501_150000_59.fit,2024-05-01 15:00:00,0,0,, ,train,190.0,3600.0
5349,FITfiles/2024-05-01/Beelink1_20240501_151500_59.fit,2024-05-01 15:15:00,0,0,, ,train,190.0,3600.0
5354,FITfiles/2024-05-01/Beelink1_20240501_153000_59.fit,2024-05-01 15:30:00,0,0,, ,valid,190.0,3600.0
5334,FITfiles/2024-05-01/Beelink1_20240501_154500_59.fit,2024-05-01 15:45:00,0,0,, ,test,190.0,3600.0
5348,FITfiles/2024-05-01/Beelink1_20240501_160000_59.fit,2024-05-01 16:00:00,0,0,, ,valid,190.0,3600.0
5330,FITfiles/2024-05-01/Beelink1_20240501_161500_59.fit,2024-05-01 16:15:00,0,0,, ,valid,190.0,3591.0
5337,FITfiles/2024-05-01/Beelink1_20240501_163000_59.fit,2024-05-01 16:30:00,0,0,, ,train,190.0,3600.0
5322,FITfiles/2024-05-01/Beelink1_20240501_164500_59.fit,2024-05-01 16:45:00,0,0,, ,train,190.0,3600.0
5328,FITfiles/2024-05-01/Beelink1_20240501_170000_59.fit,2024-05-01 17:00:00,0,0,, ,test,190.0,3600.0
5385,FITfiles/2024-05-01/Beelink1_20240501_171500_59.fit,2024-05-01 17:15:00,0,0,, ,train,190.0,3600.0
1854,FITfiles/2024-05-14/Beelink1_20240514_191500_01.fit,2024-05-14 19:15:00,0,0,, ,test,190.0,3600.0
1850,FITfiles/2024-05-14/Beelink1_20240514_193000_01.fit,2024-05-14 19:30:00,0,0,, ,valid,190.0,3600.0
1853,FITfiles/2024-05-14/Beelink1_20240514_194500_01.fit,2024-05-14 19:45:00,0,0,, ,train,190.0,3600.0
1855,FITfiles/2024-05-14/Beelink1_20240514_200000_01.fit,2024-05-14 20:00:00,0,0,, ,train,190.0,3600.0
1852,FITfiles/2024-05-14/Beelink1_20240514_201500_01.fit,2024-05-14 20:15:00,0,0,, ,valid,190.0,3591.0
1849,FITfiles/2024-05-14/Beelink1_20240514_203000_59.fit,2024-05-14 20:30:00,0,0,, ,train,190.0,3600.0
1851,FITfiles/2024-05-14/Beelink1_20240514_204500_59.fit,2024-05-14 20:45:00,0,0,, ,test,190.0,3591.0
1898,FITfiles/2024-05-15/Beelink1_20240515_063000_59.fit,2024-05-15 06:30:00,0,0,, ,valid,190.0,3600.0
1892,FITfiles/2024-05-15/Beelink1_20240515_064500_59.fit,2024-05-15 06:45:00,0,0,, ,train,190.0,3600.0
1894,FITfiles/2024-05-15/Beelink1_20240515_070000_59.fit,2024-05-15 07:00:00,0,0,, ,test,190.0,3600.0
1890,FITfiles/2024-05-15/Beelink1_20240515_071500_59.fit,2024-05-15 07:15:00,0,0,, ,train,190.0,3600.0
1896,FITfiles/2024-05-15/Beelink1_20240515_073000_59.fit,2024-05-15 07:30:00,0,0,, ,train,190.0,3600.0
1893,FITfiles/2024-05-15/Beelink1_20240515_074500_59.fit,2024-05-15 07:45:00,0,0,, ,valid,190.0,3600.0
1889,FITfiles/2024-05-15/Beelink1_20240515_080000_59.fit,2024-05-15 08:00:00,0,0,, ,valid,190.0,3600.0
1895,FITfiles/2024-05-15/Beelink1_20240515_081500_59.fit,2024-05-15 08:15:00,0,0,, ,train,190.0,3592.0
1888,FITfiles/2024-05-15/Beelink1_20240515_083000_59.fit,2024-05-15 08:30:00,0,0,, ,train,190.0,3600.0
1897,FITfiles/2024-05-15/Beelink1_20240515_084500_59.fit,2024-05-15 08:45:00,0,0,, ,train,190.0,3600.0
1886,FITfiles/2024-05-15/Beelink1_20240515_090000_59.fit,2024-05-15 09:00:00,0,0,, ,train,190.0,3600.0
1878,FITfiles/2024-05-15/Beelink1_20240515_091500_59.fit,2024-05-15 09:15:00,0,0,, ,test,190.0,3600.0
1925,FITfiles/2024-05-15/Beelink1_20240515_093000_59.fit,2024-05-15 09:30:00,0,0,, ,train,190.0,3600.0
1891,FITfiles/2024-05-15/Beelink1_20240515_094500_59.fit,2024-05-15 09:45:00,0,0,, ,valid,190.0,3600.0
1879,FITfiles/2024-05-15/Beelink1_20240515_100000_59.fit,2024-05-15 10:00:00,0,0,, ,test,190.0,3600.0
1882,FITfiles/2024-05-15/Beelink1_20240515_101500_59.fit,2024-05-15 10:15:00,0,0,, ,train,190.0,3600.0
1885,FITfiles/2024-05-15/Beelink1_20240515_103000_59.fit,2024-05-15 10:30:00,0,0,, ,test,190.0,3600.0
1881,FITfiles/2024-05-15/Beelink1_20240515_104500_59.fit,2024-05-15 10:45:00,0,0,, ,train,190.0,3600.0
1880,FITfiles/2024-05-15/Beelink1_20240515_105959_59.fit,2024-05-15 10:59:59,0,0,, ,valid,190.0,3600.0
1884,FITfiles/2024-05-15/Beelink1_20240515_111459_59.fit,2024-05-15 11:14:59,0,0,, ,train,190.0,3600.0
1877,FITfiles/2024-05-15/Beelink1_20240515_112959_59.fit,2024-05-15 11:29:59,0,0,, ,train,190.0,3600.0
1876,FITfiles/2024-05-15/Beelink1_20240515_114459_59.fit,2024-05-15 11:44:59,0,0,, ,train,190.0,3600.0
1887,FITfiles/2024-05-15/Beelink1_20240515_115959_59.fit,2024-05-15 11:59:59,0,0,, ,train,190.0,3600.0
1875,FITfiles/2024-05-15/Beelink1_20240515_121459_59.fit,2024-05-15 12:14:59,0,0,, ,train,190.0,3594.0
1873,FITfiles/2024-05-15/Beelink1_20240515_123000_59.fit,2024-05-15 12:30:00,0,0,, ,train,190.0,3600.0
1872,FITfiles/2024-05-15/Beelink1_20240515_124500_59.fit,2024-05-15 12:45:00,0,0,, ,train,190.0,3600.0
1857,FITfiles/2024-05-15/Beelink1_20240515_130000_59.fit,2024-05-15 13:00:00,0,0,, ,train,190.0,3600.0
1869,FITfiles/2024-05-15/Beelink1_20240515_131500_59.fit,2024-05-15 13:15:00,0,0,, ,test,190.0,3600.0
1870,FITfiles/2024-05-15/Beelink1_20240515_133000_59.fit,2024-05-15 13:30:00,0,0,, ,train,190.0,3600.0
1868,FITfiles/2024-05-15/Beelink1_20240515_134500_59.fit,2024-05-15 13:45:00,0,0,, ,train,190.0,3600.0
1862,FITfiles/2024-05-15/Beelink1_20240515_140000_59.fit,2024-05-15 14:00:00,0,0,, ,train,190.0,3600.0
1863,FITfiles/2024-05-15/Beelink1_20240515_141500_59.fit,2024-05-15 14:15:00,0,0,, ,train,190.0,3593.0
1883,FITfiles/2024-05-15/Beelink1_20240515_143000_59.fit,2024-05-15 14:30:00,0,0,, ,valid,190.0,3600.0
1861,FITfiles/2024-05-15/Beelink1_20240515_144500_59.fit,2024-05-15 14:45:00,0,0,, ,train,190.0,3600.0
1866,FITfiles/2024-05-15/Beelink1_20240515_150000_59.fit,2024-05-15 15:00:00,0,0,, ,train,190.0,3600.0
1859,FITfiles/2024-05-15/Beelink1_20240515_151500_59.fit,2024-05-15 15:15:00,0,0,, ,test,190.0,3600.0
1860,FITfiles/2024-05-15/Beelink1_20240515_153000_59.fit,2024-05-15 15:30:00,0,0,, ,valid,190.0,3600.0
1871,FITfiles/2024-05-15/Beelink1_20240515_154500_59.fit,2024-05-15 15:45:00,0,0,, ,train,190.0,3600.0
1865,FITfiles/2024-05-15/Beelink1_20240515_160000_59.fit,2024-05-15 16:00:00,0,0,, ,train,190.0,3600.0
1874,FITfiles/2024-05-15/Beelink1_20240515_161500_59.fit,2024-05-15 16:15:00,0,0,, ,test,190.0,3593.0
1858,FITfiles/2024-05-15/Beelink1_20240515_163000_59.fit,2024-05-15 16:30:00,0,0,, ,test,190.0,3600.0
1856,FITfiles/2024-05-15/Beelink1_20240515_164500_59.fit,2024-05-15 16:45:00,0,0,, ,train,190.0,3600.0
1864,FITfiles/2024-05-15/Beelink1_20240515_170000_59.fit,2024-05-15 17:00:00,0,0,, ,train,190.0,3600.0
1867,FITfiles/2024-05-15/Beelink1_20240515_171500_59.fit,2024-05-15 17:15:00,0,0,, ,valid,190.0,3600.0
4305,FITfiles/2024-05-18/UMICH_20240518_113619_01.fit.gz,2024-05-18 11:36:19,0,0,, ,valid,,
4312,FITfiles/2024-05-18/UMICH_20240518_113619_01.fit,2024-05-18 11:36:19,0,0,, ,train,190.0,35.0
4313,FITfiles/2024-05-18/UMICH_20240518_113741_01.fit,2024-05-18 11:37:41,0,0,, ,valid,190.0,3600.0
4601,FITfiles/2024-05-18/UMICH_20240518_115241_01.fit,2024-05-18 11:52:41,0,0,, ,train,190.0,3600.0
4627,FITfiles/2024-05-18/UMICH_20240518_120741_01.fit,2024-05-18 12:07:41,0,0,, ,valid,190.0,3600.0
4593,FITfiles/2024-05-18/UMICH_20240518_122241_01.fit,2024-05-18 12:22:41,0,0,, ,test,190.0,1747.0
4586,FITfiles/2024-05-18/UMICH_20240518_123000_59.fit,2024-05-18 12:30:00,0,0,, ,train,190.0,3600.0
4589,FITfiles/2024-05-18/UMICH_20240518_124500_59.fit,2024-05-18 12:45:00,0,0,, ,train,190.0,3600.0
4594,FITfiles/2024-05-18/UMICH_20240518_130000_59.fit,2024-05-18 13:00:00,0,0,, ,train,190.0,3600.0
4604,FITfiles/2024-05-18/UMICH_20240518_131500_59.fit,2024-05-18 13:15:00,0,0,, ,train,190.0,3600.0
4318,FITfiles/2024-05-18/UMICH_20240518_133000_59.fit,2024-05-18 13:30:00,0,0,, ,train,190.0,3600.0
4583,FITfiles/2024-05-18/UMICH_20240518_134500_59.fit,2024-05-18 13:45:00,0,0,, ,test,190.0,3600.0
4585,FITfiles/2024-05-18/UMICH_20240518_135959_59.fit,2024-05-18 13:59:59,0,0,, ,train,190.0,3600.0
4588,FITfiles/2024-05-18/UMICH_20240518_141459_59.fit,2024-05-18 14:14:59,0,0,, ,test,190.0,3593.0
4584,FITfiles/2024-05-18/UMICH_20240518_143000_59.fit,2024-05-18 14:30:00,0,0,, ,valid,190.0,3600.0
4310,FITfiles/2024-05-18/UMICH_20240518_144500_59.fit,2024-05-18 14:45:00,0,0,, ,valid,190.0,3600.0
4311,FITfiles/2024-05-18/UMICH_20240518_150000_59.fit,2024-05-18 15:00:00,0,0,, ,train,190.0,3600.0
4582,FITfiles/2024-05-18/UMICH_20240518_151500_59.fit,2024-05-18 15:15:00,0,0,, ,valid,190.0,3600.0
4581,FITfiles/2024-05-18/UMICH_20240518_153000_59.fit,2024-05-18 15:30:00,0,0,, ,valid,190.0,3600.0
4591,FITfiles/2024-05-18/UMICH_20240518_154500_59.fit,2024-05-18 15:45:00,0,0,, ,valid,190.0,3600.0
4574,FITfiles/2024-05-18/UMICH_20240518_160000_59.fit,2024-05-18 16:00:00,0,0,, ,train,190.0,3600.0
4595,FITfiles/2024-05-18/UMICH_20240518_161500_59.fit,2024-05-18 16:15:00,0,0,, ,test,190.0,3593.0
4578,FITfiles/2024-05-18/UMICH_20240518_163000_59.fit,2024-05-18 16:30:00,0,0,, ,valid,190.0,3600.0
4309,FITfiles/2024-05-18/UMICH_20240518_164500_59.fit,2024-05-18 16:45:00,0,0,, ,valid,190.0,3600.0
4566,FITfiles/2024-05-18/UMICH_20240518_170000_59.fit,2024-05-18 17:00:00,0,0,, ,test,190.0,3600.0
4580,FITfiles/2024-05-18/UMICH_20240518_171500_59.fit,2024-05-18 17:15:00,0,0,, ,train,190.0,3600.0
4568,FITfiles/2024-05-18/UMICH_20240518_173000_59.fit,2024-05-18 17:30:00,0,0,, ,train,190.0,3600.0
4575,FITfiles/2024-05-18/UMICH_20240518_174500_59.fit,2024-05-18 17:45:00,0,0,, ,train,190.0,3600.0
4565,FITfiles/2024-05-18/UMICH_20240518_180000_59.fit,2024-05-18 18:00:00,0,0,, ,test,190.0,3600.0
4570,FITfiles/2024-05-18/UMICH_20240518_181500_59.fit,2024-05-18 18:15:00,0,0,, ,train,190.0,3592.0
4576,FITfiles/2024-05-18/UMICH_20240518_183000_59.fit,2024-05-18 18:30:00,0,0,, ,test,190.0,3600.0
4572,FITfiles/2024-05-18/UMICH_20240518_184500_59.fit,2024-05-18 18:45:00,0,0,, ,train,190.0,3600.0
4560,FITfiles/2024-05-18/UMICH_20240518_190000_59.fit,2024-05-18 19:00:00,0,0,, ,valid,190.0,3600.0
4563,FITfiles/2024-05-18/UMICH_20240518_191500_59.fit,2024-05-18 19:15:00,0,0,, ,test,190.0,3600.0
4573,FITfiles/2024-05-18/UMICH_20240518_193000_59.fit,2024-05-18 19:30:00,0,0,, ,train,190.0,3600.0
4559,FITfiles/2024-05-18/UMICH_20240518_194500_59.fit,2024-05-18 19:45:00,0,0,, ,test,190.0,3600.0
4577,FITfiles/2024-05-18/UMICH_20240518_200000_59.fit,2024-05-18 20:00:00,0,0,, ,test,190.0,3600.0
4558,FITfiles/2024-05-18/UMICH_20240518_201500_59.fit,2024-05-18 20:15:00,0,0,, ,test,190.0,3592.0
4555,FITfiles/2024-05-18/UMICH_20240518_203000_59.fit,2024-05-18 20:30:00,0,0,, ,train,190.0,3600.0
4556,FITfiles/2024-05-18/UMICH_20240518_204500_59.fit,2024-05-18 20:45:00,0,0,, ,test,190.0,3591.0
2297,FITfiles/2024-05-19/UMICH_20240519_063000_59.fit,2024-05-19 06:30:00,0,0,, ,train,190.0,3600.0
2302,FITfiles/2024-05-19/UMICH_20240519_064500_59.fit,2024-05-19 06:45:00,0,0,, ,train,190.0,3600.0
2293,FITfiles/2024-05-19/UMICH_20240519_070000_59.fit,2024-05-19 07:00:00,0,0,, ,valid,190.0,3600.0
2284,FITfiles/2024-05-19/UMICH_20240519_071500_59.fit,2024-05-19 07:15:00,0,0,, ,train,190.0,3600.0
2294,FITfiles/2024-05-19/UMICH_20240519_073000_59.fit,2024-05-19 07:30:00,0,0,, ,test,190.0,3600.0
2299,FITfiles/2024-05-19/UMICH_20240519_074500_59.fit,2024-05-19 07:45:00,0,0,, ,train,190.0,3600.0
2289,FITfiles/2024-05-19/UMICH_20240519_080000_59.fit,2024-05-19 08:00:00,1,6,, ,train,190.0,3600.0
2292,FITfiles/2024-05-19/UMICH_20240519_081500_59.fit,2024-05-19 08:15:00,0,0,, ,train,190.0,3592.0
2281,FITfiles/2024-05-19/UMICH_20240519_083000_59.fit,2024-05-19 08:30:00,1,6,, ,train,190.0,3600.0
2291,FITfiles/2024-05-19/UMICH_20240519_084500_59.fit,2024-05-19 08:45:00,0,0,, ,test,190.0,3600.0
2286,FITfiles/2024-05-19/UMICH_20240519_090000_59.fit,2024-05-19 09:00:00,0,0,, ,train,190.0,3600.0
2290,FITfiles/2024-05-19/UMICH_20240519_091500_59.fit,2024-05-19 09:15:00,1,3,, ,train,190.0,3600.0
2295,FITfiles/2024-05-19/UMICH_20240519_093000_59.fit,2024-05-19 09:30:00,1,6,, ,train,190.0,3600.0
2279,FITfiles/2024-05-19/UMICH_20240519_094500_59.fit,2024-05-19 09:45:00,0,0,, ,train,190.0,3600.0
2275,FITfiles/2024-05-19/UMICH_20240519_100000_59.fit,2024-05-19 10:00:00,0,0,, ,train,190.0,3600.0
2287,FITfiles/2024-05-19/UMICH_20240519_101500_59.fit,2024-05-19 10:15:00,0,0,, ,train,190.0,3600.0
2282,FITfiles/2024-05-19/UMICH_20240519_103000_59.fit,2024-05-19 10:30:00,0,0,, ,train,190.0,3600.0
2283,FITfiles/2024-05-19/UMICH_20240519_104459_59.fit,2024-05-19 10:44:59,0,0,, ,train,190.0,3600.0
2288,FITfiles/2024-05-19/UMICH_20240519_110000_59.fit,2024-05-19 11:00:00,0,0,, ,train,190.0,3600.0
2280,FITfiles/2024-05-19/UMICH_20240519_111459_59.fit,2024-05-19 11:14:59,1,3,, ,train,190.0,3600.0
2271,FITfiles/2024-05-19/UMICH_20240519_112959_59.fit,2024-05-19 11:29:59,0,0,, ,test,190.0,3600.0
2277,FITfiles/2024-05-19/UMICH_20240519_114459_59.fit,2024-05-19 11:44:59,1,3,, ,valid,190.0,3600.0
2273,FITfiles/2024-05-19/UMICH_20240519_115959_59.fit,2024-05-19 11:59:59,0,0,, ,train,190.0,3600.0
2272,FITfiles/2024-05-19/UMICH_20240519_121459_59.fit,2024-05-19 12:14:59,0,0,, ,train,190.0,3595.0
2270,FITfiles/2024-05-19/UMICH_20240519_123000_59.fit,2024-05-19 12:30:00,0,0,, ,train,190.0,3600.0
2298,FITfiles/2024-05-19/UMICH_20240519_124500_59.fit,2024-05-19 12:45:00,0,0,, ,test,190.0,3600.0
2274,FITfiles/2024-05-19/UMICH_20240519_130000_59.fit,2024-05-19 13:00:00,0,0,, ,train,190.0,3600.0
2276,FITfiles/2024-05-19/UMICH_20240519_131500_59.fit,2024-05-19 13:15:00,1,3,, ,train,190.0,3600.0
2285,FITfiles/2024-05-19/UMICH_20240519_133000_59.fit,2024-05-19 13:30:00,0,0,, ,test,190.0,3600.0
2262,FITfiles/2024-05-19/UMICH_20240519_134500_59.fit,2024-05-19 13:45:00,1,3,, ,test,190.0,3600.0
2278,FITfiles/2024-05-19/UMICH_20240519_140000_59.fit,2024-05-19 14:00:00,0,0,, ,train,190.0,3600.0
2266,FITfiles/2024-05-19/UMICH_20240519_141500_59.fit,2024-05-19 14:15:00,0,0,, ,test,190.0,3592.0
2267,FITfiles/2024-05-19/UMICH_20240519_143000_59.fit,2024-05-19 14:30:00,0,0,, ,valid,190.0,3600.0
2259,FITfiles/2024-05-19/UMICH_20240519_144500_59.fit,2024-05-19 14:45:00,0,0,, ,valid,190.0,3600.0
2263,FITfiles/2024-05-19/UMICH_20240519_150000_59.fit,2024-05-19 15:00:00,0,0,, ,train,190.0,3600.0
2258,FITfiles/2024-05-19/UMICH_20240519_151500_59.fit,2024-05-19 15:15:00,0,0,, ,test,190.0,3600.0
2253,FITfiles/2024-05-19/UMICH_20240519_153000_59.fit,2024-05-19 15:30:00,0,0,, ,train,190.0,3600.0
2265,FITfiles/2024-05-19/UMICH_20240519_154500_59.fit,2024-05-19 15:45:00,0,0,, ,train,190.0,3600.0
2255,FITfiles/2024-05-19/UMICH_20240519_160000_59.fit,2024-05-19 16:00:00,0,0,, ,valid,190.0,3600.0
2261,FITfiles/2024-05-19/UMICH_20240519_161500_59.fit,2024-05-19 16:15:00,0,0,, ,train,190.0,3592.0
2256,FITfiles/2024-05-19/UMICH_20240519_163000_59.fit,2024-05-19 16:30:00,0,0,, ,train,190.0,3600.0
2268,FITfiles/2024-05-19/UMICH_20240519_164500_59.fit,2024-05-19 16:45:00,0,0,, ,valid,190.0,3600.0
2254,FITfiles/2024-05-19/UMICH_20240519_170000_59.fit,2024-05-19 17:00:00,0,0,, ,valid,190.0,3600.0
2242,FITfiles/2024-05-19/UMICH_20240519_171500_59.fit,2024-05-19 17:15:00,0,0,, ,train,190.0,3600.0
2260,FITfiles/2024-05-19/UMICH_20240519_173000_59.fit,2024-05-19 17:30:00,0,0,, ,test,190.0,3600.0
2244,FITfiles/2024-05-19/UMICH_20240519_174500_59.fit,2024-05-19 17:45:00,0,0,, ,train,190.0,3600.0
2269,FITfiles/2024-05-19/UMICH_20240519_180000_59.fit,2024-05-19 18:00:00,0,0,, ,valid,190.0,3600.0
2248,FITfiles/2024-05-19/UMICH_20240519_181500_59.fit,2024-05-19 18:15:00,0,0,, ,train,190.0,3592.0
2250,FITfiles/2024-05-19/UMICH_20240519_183000_59.fit,2024-05-19 18:30:00,0,0,, ,train,190.0,3600.0
2264,FITfiles/2024-05-19/UMICH_20240519_184500_59.fit,2024-05-19 18:45:00,0,0,, ,train,190.0,3600.0
2257,FITfiles/2024-05-19/UMICH_20240519_190000_59.fit,2024-05-19 19:00:00,0,0,, ,train,190.0,3600.0
2245,FITfiles/2024-05-19/UMICH_20240519_191500_59.fit,2024-05-19 19:15:00,0,0,, ,test,190.0,3600.0
2251,FITfiles/2024-05-19/UMICH_20240519_193000_59.fit,2024-05-19 19:30:00,0,0,, ,train,190.0,3600.0
2241,FITfiles/2024-05-19/UMICH_20240519_194500_59.fit,2024-05-19 19:45:00,0,0,, ,train,190.0,3600.0
2243,FITfiles/2024-05-19/UMICH_20240519_200000_59.fit,2024-05-19 20:00:00,0,0,, ,train,190.0,3600.0
2240,FITfiles/2024-05-19/UMICH_20240519_201500_59.fit,2024-05-19 20:15:00,0,0,, ,valid,190.0,3592.0
2238,FITfiles/2024-05-19/UMICH_20240519_203000_59.fit,2024-05-19 20:30:00,0,0,, ,test,190.0,3600.0
2247,FITfiles/2024-05-19/UMICH_20240519_204500_59.fit,2024-05-19 20:45:00,0,0,, ,train,190.0,3590.0
5140,FITfiles/2024-05-20/UMICH_20240520_063000_59.fit,2024-05-20 06:30:00,0,0,, ,test,190.0,3600.0
5144,FITfiles/2024-05-20/UMICH_20240520_064500_59.fit,2024-05-20 06:45:00,0,0,, ,valid,190.0,3600.0
5148,FITfiles/2024-05-20/UMICH_20240520_070000_59.fit,2024-05-20 07:00:00,0,0,, ,train,190.0,3600.0
5133,FITfiles/2024-05-20/UMICH_20240520_071500_59.fit,2024-05-20 07:15:00,0,0,, ,train,190.0,3600.0
5131,FITfiles/2024-05-20/UMICH_20240520_073000_59.fit,2024-05-20 07:30:00,0,0,, ,valid,190.0,3600.0
5129,FITfiles/2024-05-20/UMICH_20240520_074500_59.fit,2024-05-20 07:45:00,0,0,, ,train,190.0,3600.0
5138,FITfiles/2024-05-20/UMICH_20240520_080000_59.fit,2024-05-20 08:00:00,0,0,, ,train,190.0,3600.0
5127,FITfiles/2024-05-20/UMICH_20240520_081500_59.fit,2024-05-20 08:15:00,0,0,, ,test,190.0,3593.0
5128,FITfiles/2024-05-20/UMICH_20240520_083000_59.fit,2024-05-20 08:30:00,0,0,, ,valid,190.0,3600.0
5134,FITfiles/2024-05-20/UMICH_20240520_084500_59.fit,2024-05-20 08:45:00,0,0,, ,test,190.0,3600.0
5135,FITfiles/2024-05-20/UMICH_20240520_090000_59.fit,2024-05-20 09:00:00,0,0,, ,train,190.0,3600.0
5156,FITfiles/2024-05-20/UMICH_20240520_091500_59.fit,2024-05-20 09:15:00,0,0,, ,train,190.0,3600.0
5124,FITfiles/2024-05-20/UMICH_20240520_093000_59.fit,2024-05-20 09:30:00,0,0,, ,test,190.0,3600.0
5154,FITfiles/2024-05-20/UMICH_20240520_094500_59.fit,2024-05-20 09:45:00,0,0,, ,test,190.0,3600.0
5130,FITfiles/2024-05-20/UMICH_20240520_100000_59.fit,2024-05-20 10:00:00,1,3,, ,train,190.0,3600.0
5118,FITfiles/2024-05-20/UMICH_20240520_101500_59.fit,2024-05-20 10:15:00,0,0,, ,valid,190.0,3600.0
5122,FITfiles/2024-05-20/UMICH_20240520_103000_59.fit,2024-05-20 10:30:00,0,0,, ,train,190.0,3600.0
5126,FITfiles/2024-05-20/UMICH_20240520_104500_59.fit,2024-05-20 10:45:00,0,0,, ,train,190.0,3600.0
5125,FITfiles/2024-05-20/UMICH_20240520_110000_59.fit,2024-05-20 11:00:00,0,0,, ,train,190.0,3600.0
5117,FITfiles/2024-05-20/UMICH_20240520_111459_59.fit,2024-05-20 11:14:59,0,0,, ,train,190.0,3600.0
5119,FITfiles/2024-05-20/UMICH_20240520_112959_59.fit,2024-05-20 11:29:59,0,0,, ,train,190.0,3600.0
5114,FITfiles/2024-05-20/UMICH_20240520_114459_59.fit,2024-05-20 11:44:59,0,0,, ,train,190.0,3600.0
5120,FITfiles/2024-05-20/UMICH_20240520_115959_59.fit,2024-05-20 11:59:59,0,0,, ,train,190.0,3600.0
5115,FITfiles/2024-05-20/UMICH_20240520_121459_59.fit,2024-05-20 12:14:59,0,0,, ,valid,190.0,3595.0
5112,FITfiles/2024-05-20/UMICH_20240520_123000_59.fit,2024-05-20 12:30:00,0,0,, ,train,190.0,3600.0
5123,FITfiles/2024-05-20/UMICH_20240520_124500_59.fit,2024-05-20 12:45:00,0,0,, ,train,190.0,3600.0
5108,FITfiles/2024-05-20/UMICH_20240520_130000_59.fit,2024-05-20 13:00:00,0,0,, ,train,190.0,3600.0
5132,FITfiles/2024-05-20/UMICH_20240520_131500_59.fit,2024-05-20 13:15:00,0,0,, ,valid,190.0,3600.0
5121,FITfiles/2024-05-20/UMICH_20240520_133000_59.fit,2024-05-20 13:30:00,0,0,, ,test,190.0,3600.0
5110,FITfiles/2024-05-20/UMICH_20240520_134500_59.fit,2024-05-20 13:45:00,0,0,, ,train,190.0,3600.0
5111,FITfiles/2024-05-20/UMICH_20240520_140000_59.fit,2024-05-20 14:00:00,0,0,, ,valid,190.0,3600.0
5107,FITfiles/2024-05-20/UMICH_20240520_141500_59.fit,2024-05-20 14:15:00,0,0,, ,test,190.0,3592.0
5106,FITfiles/2024-05-20/UMICH_20240520_143000_59.fit,2024-05-20 14:30:00,0,0,, ,train,190.0,3600.0
5099,FITfiles/2024-05-20/UMICH_20240520_144500_59.fit,2024-05-20 14:45:00,0,0,, ,valid,190.0,3600.0
5095,FITfiles/2024-05-20/UMICH_20240520_150000_59.fit,2024-05-20 15:00:00,0,0,, ,train,190.0,3600.0
5109,FITfiles/2024-05-20/UMICH_20240520_151500_59.fit,2024-05-20 15:15:00,0,0,, ,train,190.0,3600.0
5090,FITfiles/2024-05-20/UMICH_20240520_153000_59.fit,2024-05-20 15:30:00,0,0,, ,valid,190.0,3600.0
5102,FITfiles/2024-05-20/UMICH_20240520_154500_59.fit,2024-05-20 15:45:00,0,0,, ,train,190.0,3600.0
5086,FITfiles/2024-05-20/UMICH_20240520_160000_59.fit,2024-05-20 16:00:00,0,0,, ,valid,190.0,3600.0
5093,FITfiles/2024-05-20/UMICH_20240520_161500_59.fit,2024-05-20 16:15:00,0,0,, ,train,190.0,3592.0
5082,FITfiles/2024-05-20/UMICH_20240520_163000_59.fit,2024-05-20 16:30:00,0,0,, ,test,190.0,3600.0
5097,FITfiles/2024-05-20/UMICH_20240520_164500_59.fit,2024-05-20 16:45:00,0,0,, ,test,190.0,3600.0
5101,FITfiles/2024-05-20/UMICH_20240520_170000_59.fit,2024-05-20 17:00:00,0,0,, ,valid,190.0,3600.0
5104,FITfiles/2024-05-20/UMICH_20240520_171500_59.fit,2024-05-20 17:15:00,0,0,, ,train,190.0,3600.0
5089,FITfiles/2024-05-20/UMICH_20240520_173000_59.fit,2024-05-20 17:30:00,0,0,, ,test,190.0,3600.0
5094,FITfiles/2024-05-20/UMICH_20240520_174500_59.fit,2024-05-20 17:45:00,0,0,, ,test,190.0,3600.0
5100,FITfiles/2024-05-20/UMICH_20240520_180000_59.fit,2024-05-20 18:00:00,0,0,, ,train,190.0,3600.0
5088,FITfiles/2024-05-20/UMICH_20240520_181500_59.fit,2024-05-20 18:15:00,0,0,, ,train,190.0,3592.0
5103,FITfiles/2024-05-20/UMICH_20240520_183000_59.fit,2024-05-20 18:30:00,0,0,, ,valid,190.0,3600.0
5081,FITfiles/2024-05-20/UMICH_20240520_184500_59.fit,2024-05-20 18:45:00,0,0,, ,train,190.0,3600.0
5091,FITfiles/2024-05-20/UMICH_20240520_190000_59.fit,2024-05-20 19:00:00,0,0,, ,train,190.0,3600.0
5105,FITfiles/2024-05-20/UMICH_20240520_191500_59.fit,2024-05-20 19:15:00,0,0,, ,train,190.0,3600.0
5116,FITfiles/2024-05-20/UMICH_20240520_193000_59.fit,2024-05-20 19:30:00,0,0,, ,test,190.0,3600.0
5096,FITfiles/2024-05-20/UMICH_20240520_194500_59.fit,2024-05-20 19:45:00,0,0,, ,train,190.0,3600.0
5077,FITfiles/2024-05-20/UMICH_20240520_200000_59.fit,2024-05-20 20:00:00,0,0,, ,train,190.0,3600.0
5084,FITfiles/2024-05-20/UMICH_20240520_201500_59.fit,2024-05-20 20:15:00,0,0,, ,train,190.0,3592.0
5087,FITfiles/2024-05-20/UMICH_20240520_203000_59.fit,2024-05-20 20:30:00,0,0,, ,test,190.0,3600.0
5098,FITfiles/2024-05-20/UMICH_20240520_204500_59.fit,2024-05-20 20:45:00,0,0,, ,train,190.0,3591.0
3331,FITfiles/2024-05-21/UMICH_20240521_063000_59.fit,2024-05-21 06:30:00,0,0,, ,valid,190.0,3600.0
3342,FITfiles/2024-05-21/UMICH_20240521_064500_59.fit,2024-05-21 06:45:00,0,0,, ,valid,190.0,3600.0
3335,FITfiles/2024-05-21/UMICH_20240521_070000_59.fit,2024-05-21 07:00:00,0,0,, ,train,190.0,3600.0
3336,FITfiles/2024-05-21/UMICH_20240521_071500_59.fit,2024-05-21 07:15:00,0,0,, ,train,190.0,3600.0
3344,FITfiles/2024-05-21/UMICH_20240521_073000_59.fit,2024-05-21 07:30:00,0,0,, ,train,190.0,3600.0
3332,FITfiles/2024-05-21/UMICH_20240521_074500_59.fit,2024-05-21 07:45:00,0,0,, ,train,190.0,3600.0
3338,FITfiles/2024-05-21/UMICH_20240521_080000_59.fit,2024-05-21 08:00:00,0,0,, ,train,190.0,3600.0
3339,FITfiles/2024-05-21/UMICH_20240521_081500_59.fit,2024-05-21 08:15:00,0,0,, ,train,190.0,3592.0
3329,FITfiles/2024-05-21/UMICH_20240521_083000_59.fit,2024-05-21 08:30:00,0,0,, ,test,190.0,3600.0
3322,FITfiles/2024-05-21/UMICH_20240521_084500_59.fit,2024-05-21 08:45:00,0,0,, ,train,190.0,3600.0
3327,FITfiles/2024-05-21/UMICH_20240521_090000_59.fit,2024-05-21 09:00:00,0,0,, ,test,190.0,3600.0
3328,FITfiles/2024-05-21/UMICH_20240521_091500_59.fit,2024-05-21 09:15:00,0,0,, ,train,190.0,3600.0
3340,FITfiles/2024-05-21/UMICH_20240521_093000_59.fit,2024-05-21 09:30:00,0,0,, ,train,190.0,3600.0
3318,FITfiles/2024-05-21/UMICH_20240521_094500_59.fit,2024-05-21 09:45:00,0,0,, ,train,190.0,3600.0
3333,FITfiles/2024-05-21/UMICH_20240521_100000_59.fit,2024-05-21 10:00:00,0,0,, ,valid,190.0,3600.0
3337,FITfiles/2024-05-21/UMICH_20240521_101500_59.fit,2024-05-21 10:15:00,0,0,, ,train,190.0,3600.0
3320,FITfiles/2024-05-21/UMICH_20240521_103000_59.fit,2024-05-21 10:30:00,0,0,, ,valid,190.0,3600.0
3321,FITfiles/2024-05-21/UMICH_20240521_104500_59.fit,2024-05-21 10:45:00,0,0,, ,train,190.0,3600.0
3325,FITfiles/2024-05-21/UMICH_20240521_105959_59.fit,2024-05-21 10:59:59,0,0,, ,train,190.0,3600.0
3314,FITfiles/2024-05-21/UMICH_20240521_111459_59.fit,2024-05-21 11:14:59,0,0,, ,train,190.0,3600.0
3323,FITfiles/2024-05-21/UMICH_20240521_112959_59.fit,2024-05-21 11:29:59,0,0,, ,train,190.0,3600.0
3317,FITfiles/2024-05-21/UMICH_20240521_114459_59.fit,2024-05-21 11:44:59,0,0,, ,valid,190.0,3600.0
3326,FITfiles/2024-05-21/UMICH_20240521_115959_59.fit,2024-05-21 11:59:59,0,0,, ,train,190.0,3600.0
3311,FITfiles/2024-05-21/UMICH_20240521_121459_59.fit,2024-05-21 12:14:59,0,0,, ,test,190.0,3595.0
3305,FITfiles/2024-05-21/UMICH_20240521_123000_59.fit,2024-05-21 12:30:00,0,0,, ,train,190.0,3600.0
3308,FITfiles/2024-05-21/UMICH_20240521_124500_59.fit,2024-05-21 12:45:00,0,0,, ,train,190.0,3600.0
3324,FITfiles/2024-05-21/UMICH_20240521_130000_59.fit,2024-05-21 13:00:00,0,0,, ,train,190.0,3600.0
3306,FITfiles/2024-05-21/UMICH_20240521_131500_59.fit,2024-05-21 13:15:00,0,0,, ,train,190.0,3600.0
3313,FITfiles/2024-05-21/UMICH_20240521_133000_59.fit,2024-05-21 13:30:00,0,0,, ,train,190.0,3600.0
3312,FITfiles/2024-05-21/UMICH_20240521_134500_59.fit,2024-05-21 13:45:00,0,0,, ,train,190.0,3600.0
3310,FITfiles/2024-05-21/UMICH_20240521_140000_59.fit,2024-05-21 14:00:00,0,0,, ,test,190.0,3600.0
3309,FITfiles/2024-05-21/UMICH_20240521_141500_59.fit,2024-05-21 14:15:00,0,0,, ,train,190.0,3592.0
3316,FITfiles/2024-05-21/UMICH_20240521_143000_59.fit,2024-05-21 14:30:00,0,0,, ,test,190.0,3600.0
3315,FITfiles/2024-05-21/UMICH_20240521_144500_59.fit,2024-05-21 14:45:00,0,0,, ,train,190.0,3600.0
3319,FITfiles/2024-05-21/UMICH_20240521_150000_59.fit,2024-05-21 15:00:00,0,0,, ,valid,190.0,3600.0
3307,FITfiles/2024-05-21/UMICH_20240521_151500_59.fit,2024-05-21 15:15:00,0,0,, ,train,190.0,3600.0
3299,FITfiles/2024-05-21/UMICH_20240521_153000_59.fit,2024-05-21 15:30:00,0,0,, ,test,190.0,3600.0
3330,FITfiles/2024-05-21/UMICH_20240521_154500_59.fit,2024-05-21 15:45:00,0,0,, ,test,190.0,3600.0
3302,FITfiles/2024-05-21/UMICH_20240521_160000_59.fit,2024-05-21 16:00:00,0,0,, ,valid,190.0,3600.0
3297,FITfiles/2024-05-21/UMICH_20240521_161500_59.fit,2024-05-21 16:15:00,0,0,, ,train,190.0,3592.0
3296,FITfiles/2024-05-21/UMICH_20240521_163000_59.fit,2024-05-21 16:30:00,0,0,, ,train,190.0,3600.0
3292,FITfiles/2024-05-21/UMICH_20240521_164500_59.fit,2024-05-21 16:45:00,0,0,, ,valid,190.0,3600.0
3303,FITfiles/2024-05-21/UMICH_20240521_170000_59.fit,2024-05-21 17:00:00,1,6,, ,train,190.0,3600.0
3300,FITfiles/2024-05-21/UMICH_20240521_171500_59.fit,2024-05-21 17:15:00,0,0,, ,train,190.0,3600.0
3298,FITfiles/2024-05-21/UMICH_20240521_173000_59.fit,2024-05-21 17:30:00,0,0,, ,train,190.0,3600.0
3287,FITfiles/2024-05-21/UMICH_20240521_174500_59.fit,2024-05-21 17:45:00,0,0,, ,test,190.0,3600.0
3304,FITfiles/2024-05-21/UMICH_20240521_180000_59.fit,2024-05-21 18:00:00,0,0,, ,train,190.0,3600.0
3293,FITfiles/2024-05-21/UMICH_20240521_181500_59.fit,2024-05-21 18:15:00,0,0,, ,train,190.0,3592.0
3288,FITfiles/2024-05-21/UMICH_20240521_183000_59.fit,2024-05-21 18:30:00,0,0,, ,valid,190.0,3600.0
3289,FITfiles/2024-05-21/UMICH_20240521_184500_59.fit,2024-05-21 18:45:00,0,0,, ,train,190.0,3600.0
3294,FITfiles/2024-05-21/UMICH_20240521_190000_59.fit,2024-05-21 19:00:00,0,0,, ,test,190.0,3600.0
3290,FITfiles/2024-05-21/UMICH_20240521_191500_59.fit,2024-05-21 19:15:00,0,0,, ,train,190.0,3600.0
3276,FITfiles/2024-05-21/UMICH_20240521_193000_59.fit,2024-05-21 19:30:00,0,0,, ,train,190.0,3600.0
3291,FITfiles/2024-05-21/UMICH_20240521_194500_59.fit,2024-05-21 19:45:00,0,0,, ,test,190.0,3600.0
3295,FITfiles/2024-05-21/UMICH_20240521_200000_59.fit,2024-05-21 20:00:00,0,0,, ,test,190.0,3600.0
3282,FITfiles/2024-05-21/UMICH_20240521_201500_59.fit,2024-05-21 20:15:00,0,0,, ,train,190.0,3592.0
3283,FITfiles/2024-05-21/UMICH_20240521_203000_59.fit,2024-05-21 20:30:00,0,0,, ,train,190.0,3600.0
3279,FITfiles/2024-05-21/UMICH_20240521_204500_59.fit,2024-05-21 20:45:00,0,0,, ,train,190.0,3590.0
4697,FITfiles/2024-05-22/UMICH_20240522_063000_59.fit,2024-05-22 06:30:00,0,0,, ,train,190.0,3600.0
4690,FITfiles/2024-05-22/UMICH_20240522_064500_59.fit,2024-05-22 06:45:00,0,0,, ,train,190.0,3600.0
4680,FITfiles/2024-05-22/UMICH_20240522_070000_59.fit,2024-05-22 07:00:00,0,0,, ,train,190.0,3600.0
4678,FITfiles/2024-05-22/UMICH_20240522_071500_59.fit,2024-05-22 07:15:00,0,0,, ,train,190.0,3600.0
4686,FITfiles/2024-05-22/UMICH_20240522_073000_59.fit,2024-05-22 07:30:00,0,0,, ,train,190.0,3600.0
4685,FITfiles/2024-05-22/UMICH_20240522_074500_59.fit,2024-05-22 07:45:00,0,0,, ,train,190.0,3600.0
4694,FITfiles/2024-05-22/UMICH_20240522_080000_59.fit,2024-05-22 08:00:00,0,0,, ,train,190.0,3600.0
4677,FITfiles/2024-05-22/UMICH_20240522_081500_59.fit,2024-05-22 08:15:00,0,0,, ,train,190.0,3592.0
4672,FITfiles/2024-05-22/UMICH_20240522_083000_59.fit,2024-05-22 08:30:00,0,0,, ,train,190.0,3600.0
4687,FITfiles/2024-05-22/UMICH_20240522_084500_59.fit,2024-05-22 08:45:00,1,6,, ,train,190.0,3600.0
4674,FITfiles/2024-05-22/UMICH_20240522_090000_59.fit,2024-05-22 09:00:00,0,0,, ,train,190.0,3600.0
4688,FITfiles/2024-05-22/UMICH_20240522_091500_59.fit,2024-05-22 09:15:00,0,0,, ,train,190.0,3600.0
4684,FITfiles/2024-05-22/UMICH_20240522_093000_59.fit,2024-05-22 09:30:00,0,0,, ,test,190.0,3600.0
4683,FITfiles/2024-05-22/UMICH_20240522_094500_59.fit,2024-05-22 09:45:00,0,0,, ,train,190.0,3600.0
4698,FITfiles/2024-05-22/UMICH_20240522_100000_59.fit,2024-05-22 10:00:00,0,0,, ,test,190.0,3600.0
4673,FITfiles/2024-05-22/UMICH_20240522_101500_59.fit,2024-05-22 10:15:00,0,0,, ,train,190.0,3600.0
4671,FITfiles/2024-05-22/UMICH_20240522_102959_59.fit,2024-05-22 10:29:59,0,0,, ,train,190.0,3600.0
4682,FITfiles/2024-05-22/UMICH_20240522_104500_59.fit,2024-05-22 10:45:00,0,0,, ,train,190.0,3600.0
4675,FITfiles/2024-05-22/UMICH_20240522_105959_59.fit,2024-05-22 10:59:59,0,0,, ,train,190.0,3600.0
4668,FITfiles/2024-05-22/UMICH_20240522_111459_59.fit,2024-05-22 11:14:59,0,0,, ,test,190.0,3600.0
4676,FITfiles/2024-05-22/UMICH_20240522_112959_59.fit,2024-05-22 11:29:59,0,0,, ,train,190.0,3600.0
4670,FITfiles/2024-05-22/UMICH_20240522_114459_59.fit,2024-05-22 11:44:59,0,0,, ,train,190.0,3600.0
4331,FITfiles/2024-05-22/UMICH_20240522_115959_59.fit,2024-05-22 11:59:59,0,0,, ,train,190.0,3600.0
4679,FITfiles/2024-05-22/UMICH_20240522_121459_59.fit,2024-05-22 12:14:59,0,0,, ,train,190.0,3595.0
4689,FITfiles/2024-05-22/UMICH_20240522_123000_59.fit,2024-05-22 12:30:00,0,0,, ,train,190.0,3600.0
4660,FITfiles/2024-05-22/UMICH_20240522_124500_59.fit,2024-05-22 12:45:00,0,0,, ,train,190.0,3600.0
4669,FITfiles/2024-05-22/UMICH_20240522_130000_59.fit,2024-05-22 13:00:00,0,0,, ,train,190.0,3600.0
4665,FITfiles/2024-05-22/UMICH_20240522_131500_59.fit,2024-05-22 13:15:00,0,0,, ,train,190.0,3600.0
4681,FITfiles/2024-05-22/UMICH_20240522_133000_59.fit,2024-05-22 13:30:00,0,0,, ,train,190.0,3600.0
4661,FITfiles/2024-05-22/UMICH_20240522_134500_59.fit,2024-05-22 13:45:00,0,0,, ,train,190.0,3600.0
4330,FITfiles/2024-05-22/UMICH_20240522_140000_59.fit,2024-05-22 14:00:00,0,0,, ,test,190.0,3600.0
4658,FITfiles/2024-05-22/UMICH_20240522_141500_59.fit,2024-05-22 14:15:00,0,0,, ,train,190.0,3592.0
4666,FITfiles/2024-05-22/UMICH_20240522_143000_59.fit,2024-05-22 14:30:00,0,0,, ,test,190.0,3600.0
4662,FITfiles/2024-05-22/UMICH_20240522_144500_59.fit,2024-05-22 14:45:00,0,0,, ,test,190.0,3600.0
4656,FITfiles/2024-05-22/UMICH_20240522_150000_59.fit,2024-05-22 15:00:00,0,0,, ,test,190.0,3600.0
4329,FITfiles/2024-05-22/UMICH_20240522_151500_59.fit,2024-05-22 15:15:00,0,0,, ,train,190.0,3600.0
4659,FITfiles/2024-05-22/UMICH_20240522_153000_59.fit,2024-05-22 15:30:00,0,0,, ,train,190.0,3600.0
4664,FITfiles/2024-05-22/UMICH_20240522_154500_59.fit,2024-05-22 15:45:00,0,0,, ,valid,190.0,3600.0
4650,FITfiles/2024-05-22/UMICH_20240522_160000_59.fit,2024-05-22 16:00:00,0,0,, ,train,190.0,3600.0
4657,FITfiles/2024-05-22/UMICH_20240522_161500_59.fit,2024-05-22 16:15:00,0,0,, ,valid,190.0,3592.0
4651,FITfiles/2024-05-22/UMICH_20240522_163000_59.fit,2024-05-22 16:30:00,0,0,, ,valid,190.0,3600.0
4654,FITfiles/2024-05-22/UMICH_20240522_164500_59.fit,2024-05-22 16:45:00,0,0,, ,train,190.0,3600.0
4652,FITfiles/2024-05-22/UMICH_20240522_170000_59.fit,2024-05-22 17:00:00,0,0,, ,train,190.0,3600.0
4667,FITfiles/2024-05-22/UMICH_20240522_171500_59.fit,2024-05-22 17:15:00,0,0,, ,train,190.0,3600.0
4653,FITfiles/2024-05-22/UMICH_20240522_173000_59.fit,2024-05-22 17:30:00,0,0,, ,train,190.0,3600.0
4655,FITfiles/2024-05-22/UMICH_20240522_174500_59.fit,2024-05-22 17:45:00,0,0,, ,test,190.0,3600.0
4649,FITfiles/2024-05-22/UMICH_20240522_180000_59.fit,2024-05-22 18:00:00,0,0,, ,train,190.0,3600.0
4328,FITfiles/2024-05-22/UMICH_20240522_181500_59.fit,2024-05-22 18:15:00,0,0,, ,test,190.0,3592.0
4648,FITfiles/2024-05-22/UMICH_20240522_183000_59.fit,2024-05-22 18:30:00,0,0,, ,valid,190.0,3600.0
4324,FITfiles/2024-05-22/UMICH_20240522_184500_59.fit,2024-05-22 18:45:00,0,0,, ,train,190.0,3600.0
4327,FITfiles/2024-05-22/UMICH_20240522_190000_59.fit,2024-05-22 19:00:00,0,0,, ,train,190.0,3600.0
4326,FITfiles/2024-05-22/UMICH_20240522_191500_59.fit,2024-05-22 19:15:00,0,0,, ,train,190.0,3600.0
4325,FITfiles/2024-05-22/UMICH_20240522_193000_59.fit,2024-05-22 19:30:00,0,0,, ,train,190.0,3600.0
4663,FITfiles/2024-05-22/UMICH_20240522_194500_59.fit,2024-05-22 19:45:00,0,0,, ,test,190.0,3600.0
4322,FITfiles/2024-05-22/UMICH_20240522_200000_59.fit,2024-05-22 20:00:00,0,0,, ,valid,190.0,3600.0
4321,FITfiles/2024-05-22/UMICH_20240522_201500_59.fit,2024-05-22 20:15:00,0,0,, ,test,190.0,3592.0
4323,FITfiles/2024-05-22/UMICH_20240522_203000_59.fit,2024-05-22 20:30:00,0,0,, ,test,190.0,3600.0
4320,FITfiles/2024-05-22/UMICH_20240522_204500_59.fit,2024-05-22 20:45:00,0,0,, ,train,190.0,3590.0
1835,FITfiles/2024-05-23/UMICH_20240523_063000_59.fit,2024-05-23 06:30:00,0,0,, ,train,190.0,3600.0
1840,FITfiles/2024-05-23/UMICH_20240523_064500_59.fit,2024-05-23 06:45:00,0,0,, ,train,190.0,3600.0
1839,FITfiles/2024-05-23/UMICH_20240523_070000_59.fit,2024-05-23 07:00:00,0,0,, ,train,190.0,3600.0
1842,FITfiles/2024-05-23/UMICH_20240523_071500_59.fit,2024-05-23 07:15:00,0,0,, ,test,190.0,3600.0
1832,FITfiles/2024-05-23/UMICH_20240523_073000_59.fit,2024-05-23 07:30:00,0,0,, ,train,190.0,3600.0
1843,FITfiles/2024-05-23/UMICH_20240523_074500_59.fit,2024-05-23 07:45:00,0,0,, ,train,190.0,3600.0
1836,FITfiles/2024-05-23/UMICH_20240523_080000_59.fit,2024-05-23 08:00:00,0,0,, ,train,190.0,3600.0
1834,FITfiles/2024-05-23/UMICH_20240523_081500_59.fit,2024-05-23 08:15:00,0,0,, ,train,190.0,3592.0
1838,FITfiles/2024-05-23/UMICH_20240523_083000_59.fit,2024-05-23 08:30:00,0,0,, ,train,190.0,3600.0
1833,FITfiles/2024-05-23/UMICH_20240523_084500_59.fit,2024-05-23 08:45:00,1,6,, ,test,190.0,3600.0
1829,FITfiles/2024-05-23/UMICH_20240523_090000_59.fit,2024-05-23 09:00:00,1,6,, ,train,190.0,3600.0
1831,FITfiles/2024-05-23/UMICH_20240523_091500_59.fit,2024-05-23 09:15:00,0,0,, ,train,190.0,3600.0
1900,FITfiles/2024-05-23/UMICH_20240523_093000_59.fit,2024-05-23 09:30:00,0,0,, ,valid,190.0,3600.0
1827,FITfiles/2024-05-23/UMICH_20240523_094500_59.fit,2024-05-23 09:45:00,0,0,, ,train,190.0,3600.0
1830,FITfiles/2024-05-23/UMICH_20240523_100000_59.fit,2024-05-23 10:00:00,0,0,, ,test,190.0,3600.0
1820,FITfiles/2024-05-23/UMICH_20240523_101500_59.fit,2024-05-23 10:15:00,0,0,, ,test,190.0,3600.0
1841,FITfiles/2024-05-23/UMICH_20240523_102959_59.fit,2024-05-23 10:29:59,0,0,, ,valid,190.0,3600.0
1815,FITfiles/2024-05-23/UMICH_20240523_104500_59.fit,2024-05-23 10:45:00,0,0,, ,train,190.0,3600.0
1826,FITfiles/2024-05-23/UMICH_20240523_105959_59.fit,2024-05-23 10:59:59,0,0,, ,train,190.0,3600.0
1811,FITfiles/2024-05-23/UMICH_20240523_111459_59.fit,2024-05-23 11:14:59,0,0,, ,train,190.0,3600.0
1824,FITfiles/2024-05-23/UMICH_20240523_112959_59.fit,2024-05-23 11:29:59,0,0,, ,valid,190.0,3600.0
1823,FITfiles/2024-05-23/UMICH_20240523_114459_59.fit,2024-05-23 11:44:59,0,0,, ,valid,190.0,3600.0
1814,FITfiles/2024-05-23/UMICH_20240523_115959_59.fit,2024-05-23 11:59:59,0,0,, ,test,190.0,3600.0
1825,FITfiles/2024-05-23/UMICH_20240523_121459_59.fit,2024-05-23 12:14:59,0,0,, ,train,190.0,3595.0
1821,FITfiles/2024-05-23/UMICH_20240523_123000_59.fit,2024-05-23 12:30:00,0,0,, ,valid,190.0,3600.0
1828,FITfiles/2024-05-23/UMICH_20240523_124500_59.fit,2024-05-23 12:45:00,0,0,, ,train,190.0,3600.0
1837,FITfiles/2024-05-23/UMICH_20240523_130000_59.fit,2024-05-23 13:00:00,0,0,, ,test,190.0,3600.0
1822,FITfiles/2024-05-23/UMICH_20240523_131500_59.fit,2024-05-23 13:15:00,0,0,, ,valid,190.0,3600.0
1818,FITfiles/2024-05-23/UMICH_20240523_133000_59.fit,2024-05-23 13:30:00,0,0,, ,train,190.0,3600.0
1805,FITfiles/2024-05-23/UMICH_20240523_134500_59.fit,2024-05-23 13:45:00,0,0,, ,train,190.0,3600.0
1810,FITfiles/2024-05-23/UMICH_20240523_140000_59.fit,2024-05-23 14:00:00,0,0,, ,train,190.0,3600.0
1817,FITfiles/2024-05-23/UMICH_20240523_141500_59.fit,2024-05-23 14:15:00,0,0,, ,test,190.0,3592.0
1807,FITfiles/2024-05-23/UMICH_20240523_143000_59.fit,2024-05-23 14:30:00,0,0,, ,test,190.0,3600.0
1812,FITfiles/2024-05-23/UMICH_20240523_144500_59.fit,2024-05-23 14:45:00,0,0,, ,test,190.0,3600.0
1806,FITfiles/2024-05-23/UMICH_20240523_150000_59.fit,2024-05-23 15:00:00,0,0,, ,test,190.0,3600.0
1816,FITfiles/2024-05-23/UMICH_20240523_151500_59.fit,2024-05-23 15:15:00,0,0,, ,train,190.0,3600.0
1844,FITfiles/2024-05-23/UMICH_20240523_153000_59.fit,2024-05-23 15:30:00,0,0,, ,valid,190.0,3600.0
1800,FITfiles/2024-05-23/UMICH_20240523_154500_59.fit,2024-05-23 15:45:00,0,0,, ,test,190.0,3600.0
1798,FITfiles/2024-05-23/UMICH_20240523_160000_59.fit,2024-05-23 16:00:00,0,0,, ,valid,190.0,3600.0
1813,FITfiles/2024-05-23/UMICH_20240523_161500_59.fit,2024-05-23 16:15:00,0,0,, ,train,190.0,3592.0
1802,FITfiles/2024-05-23/UMICH_20240523_163000_59.fit,2024-05-23 16:30:00,0,0,, ,test,190.0,3600.0
1793,FITfiles/2024-05-23/UMICH_20240523_164500_59.fit,2024-05-23 16:45:00,0,0,, ,train,190.0,3600.0
1809,FITfiles/2024-05-23/UMICH_20240523_170000_59.fit,2024-05-23 17:00:00,0,0,, ,train,190.0,3600.0
1804,FITfiles/2024-05-23/UMICH_20240523_171500_59.fit,2024-05-23 17:15:00,0,0,, ,train,190.0,3600.0
1787,FITfiles/2024-05-23/UMICH_20240523_173000_59.fit,2024-05-23 17:30:00,0,0,, ,test,190.0,3600.0
1801,FITfiles/2024-05-23/UMICH_20240523_174500_59.fit,2024-05-23 17:45:00,0,0,, ,test,190.0,3600.0
1791,FITfiles/2024-05-23/UMICH_20240523_180000_59.fit,2024-05-23 18:00:00,0,0,, ,valid,190.0,3600.0
1792,FITfiles/2024-05-23/UMICH_20240523_181500_59.fit,2024-05-23 18:15:00,0,0,, ,valid,190.0,3592.0
1788,FITfiles/2024-05-23/UMICH_20240523_183000_59.fit,2024-05-23 18:30:00,0,0,, ,train,190.0,3600.0
1790,FITfiles/2024-05-23/UMICH_20240523_184500_59.fit,2024-05-23 18:45:00,0,0,, ,valid,190.0,3600.0
1797,FITfiles/2024-05-23/UMICH_20240523_190000_59.fit,2024-05-23 19:00:00,0,0,, ,train,190.0,3600.0
1786,FITfiles/2024-05-23/UMICH_20240523_191500_59.fit,2024-05-23 19:15:00,0,0,, ,train,190.0,3600.0
1796,FITfiles/2024-05-23/UMICH_20240523_193000_59.fit,2024-05-23 19:30:00,0,0,, ,train,190.0,3600.0
1785,FITfiles/2024-05-23/UMICH_20240523_194500_59.fit,2024-05-23 19:45:00,0,0,, ,train,190.0,3600.0
1808,FITfiles/2024-05-23/UMICH_20240523_200000_59.fit,2024-05-23 20:00:00,0,0,, ,train,190.0,3600.0
1783,FITfiles/2024-05-23/UMICH_20240523_201500_59.fit,2024-05-23 20:15:00,0,0,, ,train,190.0,3593.0
1779,FITfiles/2024-05-23/UMICH_20240523_203000_59.fit,2024-05-23 20:30:00,0,0,, ,valid,190.0,3600.0
1819,FITfiles/2024-05-23/UMICH_20240523_204500_59.fit,2024-05-23 20:45:00,0,0,, ,valid,190.0,3591.0
4836,FITfiles/2024-05-24/UMICH_20240524_063000_59.fit,2024-05-24 06:30:00,0,0,, ,valid,190.0,3600.0
4356,FITfiles/2024-05-24/UMICH_20240524_064500_59.fit,2024-05-24 06:45:00,0,0,, ,test,190.0,3600.0
4832,FITfiles/2024-05-24/UMICH_20240524_070000_59.fit,2024-05-24 07:00:00,0,0,, ,train,190.0,3600.0
6198,FITfiles/2024-05-24/UMICH_20240524_071500_59.fit,2024-05-24 07:15:00,0,0,, ,valid,190.0,3600.0
6197,FITfiles/2024-05-24/UMICH_20240524_073000_59.fit,2024-05-24 07:30:00,0,0,, ,train,190.0,3600.0
6195,FITfiles/2024-05-24/UMICH_20240524_074500_59.fit,2024-05-24 07:45:00,0,0,, ,train,190.0,3600.0
6203,FITfiles/2024-05-24/UMICH_20240524_080000_59.fit,2024-05-24 08:00:00,0,0,, ,valid,190.0,3600.0
6193,FITfiles/2024-05-24/UMICH_20240524_081500_59.fit,2024-05-24 08:15:00,0,0,, ,train,190.0,3593.0
6192,FITfiles/2024-05-24/UMICH_20240524_083000_59.fit,2024-05-24 08:30:00,0,0,, ,train,190.0,3600.0
6187,FITfiles/2024-05-24/UMICH_20240524_084500_59.fit,2024-05-24 08:45:00,1,5,, ,train,190.0,3600.0
6208,FITfiles/2024-05-24/UMICH_20240524_090000_59.fit,2024-05-24 09:00:00,0,0,, ,train,190.0,3600.0
6191,FITfiles/2024-05-24/UMICH_20240524_091500_59.fit,2024-05-24 09:15:00,0,0,, ,train,190.0,3600.0
6184,FITfiles/2024-05-24/UMICH_20240524_093000_59.fit,2024-05-24 09:30:00,0,0,, ,train,190.0,3600.0
6182,FITfiles/2024-05-24/UMICH_20240524_094500_59.fit,2024-05-24 09:45:00,0,0,, ,test,190.0,3600.0
6194,FITfiles/2024-05-24/UMICH_20240524_100000_59.fit,2024-05-24 10:00:00,0,0,, ,test,190.0,3600.0
6177,FITfiles/2024-05-24/UMICH_20240524_101500_59.fit,2024-05-24 10:15:00,0,0,, ,valid,190.0,3600.0
6185,FITfiles/2024-05-24/UMICH_20240524_103000_59.fit,2024-05-24 10:30:00,0,0,, ,test,190.0,3600.0
6181,FITfiles/2024-05-24/UMICH_20240524_104459_59.fit,2024-05-24 10:44:59,0,0,, ,test,190.0,3600.0
6190,FITfiles/2024-05-24/UMICH_20240524_105959_59.fit,2024-05-24 10:59:59,0,0,, ,test,190.0,3600.0
6174,FITfiles/2024-05-24/UMICH_20240524_111459_59.fit,2024-05-24 11:14:59,0,0,, ,train,190.0,3600.0
6196,FITfiles/2024-05-24/UMICH_20240524_112959_59.fit,2024-05-24 11:29:59,0,0,, ,train,190.0,3600.0
6199,FITfiles/2024-05-24/UMICH_20240524_114459_59.fit,2024-05-24 11:44:59,0,0,, ,train,190.0,3600.0
6209,FITfiles/2024-05-24/UMICH_20240524_115959_59.fit,2024-05-24 11:59:59,0,0,, ,valid,190.0,3600.0
6178,FITfiles/2024-05-24/UMICH_20240524_121459_59.fit,2024-05-24 12:14:59,0,0,, ,train,190.0,3595.0
6171,FITfiles/2024-05-24/UMICH_20240524_123000_59.fit,2024-05-24 12:30:00,0,0,, ,train,190.0,3600.0
6186,FITfiles/2024-05-24/UMICH_20240524_124500_59.fit,2024-05-24 12:45:00,0,0,, ,train,190.0,3600.0
6183,FITfiles/2024-05-24/UMICH_20240524_130000_59.fit,2024-05-24 13:00:00,0,0,, ,train,190.0,3600.0
6189,FITfiles/2024-05-24/UMICH_20240524_131500_59.fit,2024-05-24 13:15:00,0,0,, ,train,190.0,3600.0
6188,FITfiles/2024-05-24/UMICH_20240524_133000_59.fit,2024-05-24 13:30:00,0,0,, ,train,190.0,3600.0
6173,FITfiles/2024-05-24/UMICH_20240524_134500_59.fit,2024-05-24 13:45:00,0,0,, ,valid,190.0,3600.0
6179,FITfiles/2024-05-24/UMICH_20240524_140000_59.fit,2024-05-24 14:00:00,0,0,, ,train,190.0,3600.0
6168,FITfiles/2024-05-24/UMICH_20240524_141500_59.fit,2024-05-24 14:15:00,0,0,, ,test,190.0,3593.0
6165,FITfiles/2024-05-24/UMICH_20240524_143000_59.fit,2024-05-24 14:30:00,0,0,, ,valid,190.0,3600.0
6167,FITfiles/2024-05-24/UMICH_20240524_144500_59.fit,2024-05-24 14:45:00,0,0,, ,valid,190.0,3600.0
6161,FITfiles/2024-05-24/UMICH_20240524_150000_59.fit,2024-05-24 15:00:00,0,0,, ,train,190.0,3600.0
6157,FITfiles/2024-05-24/UMICH_20240524_151500_59.fit,2024-05-24 15:15:00,0,0,, ,valid,190.0,3600.0
6206,FITfiles/2024-05-24/UMICH_20240524_153000_59.fit,2024-05-24 15:30:00,0,0,, ,train,190.0,3600.0
6166,FITfiles/2024-05-24/UMICH_20240524_154500_59.fit,2024-05-24 15:45:00,0,0,, ,valid,190.0,3600.0
6180,FITfiles/2024-05-24/UMICH_20240524_160000_59.fit,2024-05-24 16:00:00,0,0,, ,test,190.0,3600.0
6159,FITfiles/2024-05-24/UMICH_20240524_161500_59.fit,2024-05-24 16:15:00,0,0,, ,train,190.0,3592.0
6151,FITfiles/2024-05-24/UMICH_20240524_163000_59.fit,2024-05-24 16:30:00,0,0,, ,test,190.0,3600.0
6143,FITfiles/2024-05-24/UMICH_20240524_164500_59.fit,2024-05-24 16:45:00,0,0,, ,train,190.0,3600.0
6158,FITfiles/2024-05-24/UMICH_20240524_170000_59.fit,2024-05-24 17:00:00,0,0,, ,test,190.0,3600.0
6149,FITfiles/2024-05-24/UMICH_20240524_171500_59.fit,2024-05-24 17:15:00,0,0,, ,train,190.0,3600.0
6146,FITfiles/2024-05-24/UMICH_20240524_173000_59.fit,2024-05-24 17:30:00,0,0,, ,test,190.0,3600.0
6153,FITfiles/2024-05-24/UMICH_20240524_174500_59.fit,2024-05-24 17:45:00,0,0,, ,valid,190.0,3600.0
6147,FITfiles/2024-05-24/UMICH_20240524_180000_59.fit,2024-05-24 18:00:00,0,0,, ,train,190.0,3600.0
6136,FITfiles/2024-05-24/UMICH_20240524_181500_59.fit,2024-05-24 18:15:00,0,0,, ,train,190.0,3592.0
6139,FITfiles/2024-05-24/UMICH_20240524_183000_59.fit,2024-05-24 18:30:00,0,0,, ,train,190.0,3600.0
6135,FITfiles/2024-05-24/UMICH_20240524_184500_59.fit,2024-05-24 18:45:00,0,0,, ,test,190.0,3600.0
6141,FITfiles/2024-05-24/UMICH_20240524_190000_59.fit,2024-05-24 19:00:00,0,0,, ,valid,190.0,3600.0
6123,FITfiles/2024-05-24/UMICH_20240524_191500_59.fit,2024-05-24 19:15:00,0,0,, ,valid,190.0,3600.0
6132,FITfiles/2024-05-24/UMICH_20240524_193000_59.fit,2024-05-24 19:30:00,0,0,, ,train,190.0,3600.0
6130,FITfiles/2024-05-24/UMICH_20240524_194500_59.fit,2024-05-24 19:45:00,0,0,, ,train,190.0,3600.0
6134,FITfiles/2024-05-24/UMICH_20240524_200000_59.fit,2024-05-24 20:00:00,0,0,, ,train,190.0,3600.0
6124,FITfiles/2024-05-24/UMICH_20240524_201500_59.fit,2024-05-24 20:15:00,0,0,, ,train,190.0,3592.0
6120,FITfiles/2024-05-24/UMICH_20240524_203000_59.fit,2024-05-24 20:30:00,0,0,, ,valid,190.0,3600.0
6115,FITfiles/2024-05-24/UMICH_20240524_204500_59.fit,2024-05-24 20:45:00,0,0,, ,train,190.0,3590.0
3215,FITfiles/2024-05-25/UMICH_20240525_063000_59.fit,2024-05-25 06:30:00,0,0,, ,train,190.0,3600.0
3234,FITfiles/2024-05-25/UMICH_20240525_064500_59.fit,2024-05-25 06:45:00,0,0,, ,test,190.0,3600.0
3222,FITfiles/2024-05-25/UMICH_20240525_070000_59.fit,2024-05-25 07:00:00,0,0,, ,valid,190.0,3600.0
3255,FITfiles/2024-05-25/UMICH_20240525_071500_59.fit,2024-05-25 07:15:00,0,0,, ,train,190.0,3600.0
3214,FITfiles/2024-05-25/UMICH_20240525_073000_59.fit,2024-05-25 07:30:00,0,0,, ,train,190.0,3600.0
3218,FITfiles/2024-05-25/UMICH_20240525_074500_59.fit,2024-05-25 07:45:00,0,0,, ,train,190.0,3600.0
3213,FITfiles/2024-05-25/UMICH_20240525_080000_59.fit,2024-05-25 08:00:00,0,0,, ,train,190.0,3600.0
3211,FITfiles/2024-05-25/UMICH_20240525_081500_59.fit,2024-05-25 08:15:00,0,0,, ,train,190.0,3592.0
3206,FITfiles/2024-05-25/UMICH_20240525_083000_59.fit,2024-05-25 08:30:00,0,0,, ,train,190.0,3600.0
3216,FITfiles/2024-05-25/UMICH_20240525_084500_59.fit,2024-05-25 08:45:00,0,0,, ,train,190.0,3600.0
3219,FITfiles/2024-05-25/UMICH_20240525_090000_59.fit,2024-05-25 09:00:00,0,0,, ,train,190.0,3600.0
3202,FITfiles/2024-05-25/UMICH_20240525_091500_59.fit,2024-05-25 09:15:00,0,0,, ,train,190.0,3600.0
3212,FITfiles/2024-05-25/UMICH_20240525_093000_59.fit,2024-05-25 09:30:00,0,0,, ,test,190.0,3600.0
3225,FITfiles/2024-05-25/UMICH_20240525_094500_59.fit,2024-05-25 09:45:00,0,0,, ,train,190.0,3600.0
3208,FITfiles/2024-05-25/UMICH_20240525_100000_59.fit,2024-05-25 10:00:00,0,0,, ,train,190.0,3600.0
3203,FITfiles/2024-05-25/UMICH_20240525_101500_59.fit,2024-05-25 10:15:00,0,0,, ,train,190.0,3600.0
3220,FITfiles/2024-05-25/UMICH_20240525_103000_59.fit,2024-05-25 10:30:00,0,0,, ,train,190.0,3600.0
3205,FITfiles/2024-05-25/UMICH_20240525_104500_59.fit,2024-05-25 10:45:00,0,0,, ,train,190.0,3600.0
3201,FITfiles/2024-05-25/UMICH_20240525_105959_59.fit,2024-05-25 10:59:59,0,0,, ,valid,190.0,3600.0
3207,FITfiles/2024-05-25/UMICH_20240525_111459_59.fit,2024-05-25 11:14:59,0,0,, ,train,190.0,3600.0
3194,FITfiles/2024-05-25/UMICH_20240525_112959_59.fit,2024-05-25 11:29:59,0,0,, ,train,190.0,3600.0
3191,FITfiles/2024-05-25/UMICH_20240525_114459_59.fit,2024-05-25 11:44:59,0,0,, ,test,190.0,3600.0
3198,FITfiles/2024-05-25/UMICH_20240525_115959_59.fit,2024-05-25 11:59:59,0,0,, ,valid,190.0,3600.0
3209,FITfiles/2024-05-25/UMICH_20240525_121459_59.fit,2024-05-25 12:14:59,0,0,, ,test,190.0,3595.0
3196,FITfiles/2024-05-25/UMICH_20240525_123000_59.fit,2024-05-25 12:30:00,0,0,, ,test,190.0,3600.0
3210,FITfiles/2024-05-25/UMICH_20240525_124500_59.fit,2024-05-25 12:45:00,0,0,, ,valid,190.0,3600.0
3197,FITfiles/2024-05-25/UMICH_20240525_130000_59.fit,2024-05-25 13:00:00,0,0,, ,train,190.0,3600.0
3199,FITfiles/2024-05-25/UMICH_20240525_131500_59.fit,2024-05-25 13:15:00,0,0,, ,train,190.0,3600.0
3192,FITfiles/2024-05-25/UMICH_20240525_133000_59.fit,2024-05-25 13:30:00,0,0,, ,train,190.0,3600.0
3232,FITfiles/2024-05-25/UMICH_20240525_134500_59.fit,2024-05-25 13:45:00,0,0,, ,valid,190.0,3600.0
3223,FITfiles/2024-05-25/UMICH_20240525_140000_59.fit,2024-05-25 14:00:00,0,0,, ,valid,190.0,3600.0
3195,FITfiles/2024-05-25/UMICH_20240525_141500_59.fit,2024-05-25 14:15:00,0,0,, ,train,190.0,3592.0
3186,FITfiles/2024-05-25/UMICH_20240525_143000_59.fit,2024-05-25 14:30:00,0,0,, ,train,190.0,3600.0
3190,FITfiles/2024-05-25/UMICH_20240525_144500_59.fit,2024-05-25 14:45:00,0,0,, ,train,190.0,3600.0
3182,FITfiles/2024-05-25/UMICH_20240525_150000_59.fit,2024-05-25 15:00:00,0,0,, ,test,190.0,3600.0
3193,FITfiles/2024-05-25/UMICH_20240525_151500_59.fit,2024-05-25 15:15:00,0,0,, ,test,190.0,3600.0
3187,FITfiles/2024-05-25/UMICH_20240525_153000_59.fit,2024-05-25 15:30:00,0,0,, ,valid,190.0,3600.0
3180,FITfiles/2024-05-25/UMICH_20240525_154500_59.fit,2024-05-25 15:45:00,0,0,, ,train,190.0,3600.0
3175,FITfiles/2024-05-25/UMICH_20240525_160000_59.fit,2024-05-25 16:00:00,0,0,, ,train,190.0,3600.0
3184,FITfiles/2024-05-25/UMICH_20240525_161500_59.fit,2024-05-25 16:15:00,0,0,, ,train,190.0,3592.0
3204,FITfiles/2024-05-25/UMICH_20240525_163000_59.fit,2024-05-25 16:30:00,0,0,, ,valid,190.0,3600.0
3173,FITfiles/2024-05-25/UMICH_20240525_164500_59.fit,2024-05-25 16:45:00,0,0,, ,test,190.0,3600.0
3183,FITfiles/2024-05-25/UMICH_20240525_170000_59.fit,2024-05-25 17:00:00,0,0,, ,test,190.0,3600.0
3185,FITfiles/2024-05-25/UMICH_20240525_171500_59.fit,2024-05-25 17:15:00,0,0,, ,train,190.0,3600.0
3200,FITfiles/2024-05-25/UMICH_20240525_173000_59.fit,2024-05-25 17:30:00,0,0,, ,train,190.0,3600.0
3174,FITfiles/2024-05-25/UMICH_20240525_174500_59.fit,2024-05-25 17:45:00,0,0,, ,train,190.0,3600.0
3188,FITfiles/2024-05-25/UMICH_20240525_180000_59.fit,2024-05-25 18:00:00,0,0,, ,test,190.0,3600.0
3177,FITfiles/2024-05-25/UMICH_20240525_181500_59.fit,2024-05-25 18:15:00,0,0,, ,train,190.0,3592.0
3181,FITfiles/2024-05-25/UMICH_20240525_183000_59.fit,2024-05-25 18:30:00,0,0,, ,train,190.0,3600.0
3189,FITfiles/2024-05-25/UMICH_20240525_184500_59.fit,2024-05-25 18:45:00,0,0,, ,train,190.0,3600.0
3170,FITfiles/2024-05-25/UMICH_20240525_190000_59.fit,2024-05-25 19:00:00,0,0,, ,train,190.0,3600.0
3168,FITfiles/2024-05-25/UMICH_20240525_191500_59.fit,2024-05-25 19:15:00,0,0,, ,test,190.0,3600.0
3178,FITfiles/2024-05-25/UMICH_20240525_193000_59.fit,2024-05-25 19:30:00,0,0,, ,train,190.0,3600.0
3176,FITfiles/2024-05-25/UMICH_20240525_194500_59.fit,2024-05-25 19:45:00,0,0,, ,valid,190.0,3600.0
3169,FITfiles/2024-05-25/UMICH_20240525_200000_59.fit,2024-05-25 20:00:00,0,0,, ,test,190.0,3600.0
3165,FITfiles/2024-05-25/UMICH_20240525_201500_59.fit,2024-05-25 20:15:00,0,0,, ,train,190.0,3592.0
3167,FITfiles/2024-05-25/UMICH_20240525_203000_59.fit,2024-05-25 20:30:00,0,0,, ,train,190.0,3600.0
3166,FITfiles/2024-05-25/UMICH_20240525_204500_59.fit,2024-05-25 20:45:00,0,0,, ,train,190.0,3590.0
7998,FITfiles/2024-05-26/UMICH_20240526_063000_59.fit,2024-05-26 06:30:00,0,0,, ,train,190.0,3600.0
7987,FITfiles/2024-05-26/UMICH_20240526_064500_59.fit,2024-05-26 06:45:00,0,0,, ,train,190.0,3600.0
7974,FITfiles/2024-05-26/UMICH_20240526_070000_59.fit,2024-05-26 07:00:00,0,0,, ,train,190.0,3600.0
7661,FITfiles/2024-05-26/UMICH_20240526_071500_59.fit,2024-05-26 07:15:00,0,0,, ,train,190.0,3600.0
7969,FITfiles/2024-05-26/UMICH_20240526_073000_59.fit,2024-05-26 07:30:00,0,0,, ,train,190.0,3600.0
7980,FITfiles/2024-05-26/UMICH_20240526_074500_59.fit,2024-05-26 07:45:00,0,0,, ,train,190.0,3600.0
7972,FITfiles/2024-05-26/UMICH_20240526_080000_59.fit,2024-05-26 08:00:00,0,0,, ,train,190.0,3600.0
7962,FITfiles/2024-05-26/UMICH_20240526_081500_59.fit,2024-05-26 08:15:00,0,0,, ,train,190.0,3592.0
7981,FITfiles/2024-05-26/UMICH_20240526_083000_59.fit,2024-05-26 08:30:00,0,0,, ,valid,190.0,3600.0
7955,FITfiles/2024-05-26/UMICH_20240526_084500_59.fit,2024-05-26 08:45:00,0,0,, ,valid,190.0,3600.0
7956,FITfiles/2024-05-26/UMICH_20240526_090000_59.fit,2024-05-26 09:00:00,0,0,, ,valid,190.0,3600.0
7949,FITfiles/2024-05-26/UMICH_20240526_091500_59.fit,2024-05-26 09:15:00,0,0,, ,valid,190.0,3600.0
7654,FITfiles/2024-05-26/UMICH_20240526_093000_59.fit,2024-05-26 09:30:00,0,0,, ,test,190.0,3600.0
7952,FITfiles/2024-05-26/UMICH_20240526_094500_59.fit,2024-05-26 09:45:00,0,0,, ,train,190.0,3600.0
7653,FITfiles/2024-05-26/UMICH_20240526_100000_59.fit,2024-05-26 10:00:00,0,0,, ,train,190.0,3600.0
7961,FITfiles/2024-05-26/UMICH_20240526_101500_59.fit,2024-05-26 10:15:00,0,0,, ,valid,190.0,3600.0
7947,FITfiles/2024-05-26/UMICH_20240526_103000_59.fit,2024-05-26 10:30:00,0,0,, ,test,190.0,3600.0
7960,FITfiles/2024-05-26/UMICH_20240526_104500_59.fit,2024-05-26 10:45:00,0,0,, ,train,190.0,3600.0
7945,FITfiles/2024-05-26/UMICH_20240526_105959_59.fit,2024-05-26 10:59:59,0,0,, ,train,190.0,3600.0
7943,FITfiles/2024-05-26/UMICH_20240526_111459_59.fit,2024-05-26 11:14:59,0,0,, ,train,190.0,3600.0
7937,FITfiles/2024-05-26/UMICH_20240526_112959_59.fit,2024-05-26 11:29:59,0,0,, ,train,190.0,3600.0
7933,FITfiles/2024-05-26/UMICH_20240526_114459_59.fit,2024-05-26 11:44:59,0,0,, ,train,190.0,3600.0
7930,FITfiles/2024-05-26/UMICH_20240526_115959_59.fit,2024-05-26 11:59:59,0,0,, ,train,190.0,3600.0
7941,FITfiles/2024-05-26/UMICH_20240526_121459_59.fit,2024-05-26 12:14:59,0,0,, ,test,190.0,3595.0
7932,FITfiles/2024-05-26/UMICH_20240526_123000_59.fit,2024-05-26 12:30:00,0,0,, ,train,190.0,3600.0
7939,FITfiles/2024-05-26/UMICH_20240526_124500_59.fit,2024-05-26 12:45:00,0,0,, ,train,190.0,3600.0
7940,FITfiles/2024-05-26/UMICH_20240526_130000_59.fit,2024-05-26 13:00:00,0,0,, ,test,190.0,3600.0
7926,FITfiles/2024-05-26/UMICH_20240526_131500_59.fit,2024-05-26 13:15:00,0,0,, ,valid,190.0,3600.0
7935,FITfiles/2024-05-26/UMICH_20240526_133000_59.fit,2024-05-26 13:30:00,0,0,, ,train,190.0,3600.0
7929,FITfiles/2024-05-26/UMICH_20240526_134500_59.fit,2024-05-26 13:45:00,0,0,, ,train,190.0,3600.0
7938,FITfiles/2024-05-26/UMICH_20240526_140000_59.fit,2024-05-26 14:00:00,0,0,, ,valid,190.0,3600.0
7651,FITfiles/2024-05-26/UMICH_20240526_141500_59.fit,2024-05-26 14:15:00,0,0,, ,test,190.0,3593.0
7931,FITfiles/2024-05-26/UMICH_20240526_143000_59.fit,2024-05-26 14:30:00,0,0,, ,valid,190.0,3600.0
7925,FITfiles/2024-05-26/UMICH_20240526_144500_59.fit,2024-05-26 14:45:00,0,0,, ,train,190.0,3600.0
7946,FITfiles/2024-05-26/UMICH_20240526_150000_59.fit,2024-05-26 15:00:00,0,0,, ,valid,190.0,3600.0
7924,FITfiles/2024-05-26/UMICH_20240526_151500_59.fit,2024-05-26 15:15:00,0,0,, ,test,190.0,3600.0
7650,FITfiles/2024-05-26/UMICH_20240526_153000_59.fit,2024-05-26 15:30:00,0,0,, ,test,190.0,3600.0
7944,FITfiles/2024-05-26/UMICH_20240526_154500_59.fit,2024-05-26 15:45:00,0,0,, ,train,190.0,3600.0
7934,FITfiles/2024-05-26/UMICH_20240526_160000_59.fit,2024-05-26 16:00:00,0,0,, ,train,190.0,3600.0
7936,FITfiles/2024-05-26/UMICH_20240526_161500_59.fit,2024-05-26 16:15:00,0,0,, ,train,190.0,3592.0
7923,FITfiles/2024-05-26/UMICH_20240526_163000_59.fit,2024-05-26 16:30:00,0,0,, ,train,190.0,3600.0
7928,FITfiles/2024-05-26/UMICH_20240526_164500_59.fit,2024-05-26 16:45:00,0,0,, ,valid,190.0,3600.0
7652,FITfiles/2024-05-26/UMICH_20240526_170000_59.fit,2024-05-26 17:00:00,0,0,, ,train,190.0,3600.0
7922,FITfiles/2024-05-26/UMICH_20240526_171500_59.fit,2024-05-26 17:15:00,0,0,, ,train,190.0,3600.0
7950,FITfiles/2024-05-26/UMICH_20240526_173000_59.fit,2024-05-26 17:30:00,0,0,, ,train,190.0,3600.0
7919,FITfiles/2024-05-26/UMICH_20240526_174500_59.fit,2024-05-26 17:45:00,0,0,, ,test,190.0,3600.0
7920,FITfiles/2024-05-26/UMICH_20240526_180000_59.fit,2024-05-26 18:00:00,0,0,, ,train,190.0,3600.0
7921,FITfiles/2024-05-26/UMICH_20240526_181500_59.fit,2024-05-26 18:15:00,0,0,, ,test,190.0,3592.0
7915,FITfiles/2024-05-26/UMICH_20240526_183000_59.fit,2024-05-26 18:30:00,0,0,, ,valid,190.0,3600.0
7927,FITfiles/2024-05-26/UMICH_20240526_184500_59.fit,2024-05-26 18:45:00,0,0,, ,test,190.0,3600.0
7916,FITfiles/2024-05-26/UMICH_20240526_190000_59.fit,2024-05-26 19:00:00,0,0,, ,train,190.0,3600.0
7914,FITfiles/2024-05-26/UMICH_20240526_191500_59.fit,2024-05-26 19:15:00,0,0,, ,train,190.0,3600.0
7917,FITfiles/2024-05-26/UMICH_20240526_193000_59.fit,2024-05-26 19:30:00,0,0,, ,test,190.0,3600.0
7918,FITfiles/2024-05-26/UMICH_20240526_194500_59.fit,2024-05-26 19:45:00,0,0,, ,train,190.0,3600.0
7958,FITfiles/2024-05-26/UMICH_20240526_200000_59.fit,2024-05-26 20:00:00,0,0,, ,train,190.0,3600.0
7648,FITfiles/2024-05-26/UMICH_20240526_201500_59.fit,2024-05-26 20:15:00,0,0,, ,valid,190.0,3592.0
7913,FITfiles/2024-05-26/UMICH_20240526_203000_59.fit,2024-05-26 20:30:00,0,0,, ,valid,190.0,3600.0
7649,FITfiles/2024-05-26/UMICH_20240526_204500_59.fit,2024-05-26 20:45:00,0,0,, ,train,190.0,3590.0
3926,FITfiles/2024-05-27/UMICH_20240527_063000_59.fit,2024-05-27 06:30:00,0,0,, ,valid,190.0,3600.0
3934,FITfiles/2024-05-27/UMICH_20240527_064500_59.fit,2024-05-27 06:45:00,0,0,, ,train,190.0,3600.0
3928,FITfiles/2024-05-27/UMICH_20240527_070000_59.fit,2024-05-27 07:00:00,0,0,, ,valid,190.0,3600.0
3929,FITfiles/2024-05-27/UMICH_20240527_071500_59.fit,2024-05-27 07:15:00,0,0,, ,valid,190.0,3600.0
3924,FITfiles/2024-05-27/UMICH_20240527_073000_59.fit,2024-05-27 07:30:00,0,0,, ,train,190.0,3600.0
3920,FITfiles/2024-05-27/UMICH_20240527_074500_59.fit,2024-05-27 07:45:00,0,0,, ,train,190.0,3600.0
3932,FITfiles/2024-05-27/UMICH_20240527_080000_59.fit,2024-05-27 08:00:00,0,0,, ,train,190.0,3600.0
3917,FITfiles/2024-05-27/UMICH_20240527_081500_59.fit,2024-05-27 08:15:00,0,0,, ,test,190.0,3593.0
3916,FITfiles/2024-05-27/UMICH_20240527_083000_59.fit,2024-05-27 08:30:00,0,0,, ,train,190.0,3600.0
3923,FITfiles/2024-05-27/UMICH_20240527_084500_59.fit,2024-05-27 08:45:00,0,0,, ,train,190.0,3600.0
3901,FITfiles/2024-05-27/UMICH_20240527_090000_59.fit,2024-05-27 09:00:00,0,0,, ,test,190.0,3600.0
3907,FITfiles/2024-05-27/UMICH_20240527_091500_59.fit,2024-05-27 09:15:00,0,0,, ,train,190.0,3600.0
3910,FITfiles/2024-05-27/UMICH_20240527_093000_59.fit,2024-05-27 09:30:00,0,0,, ,train,190.0,3600.0
3912,FITfiles/2024-05-27/UMICH_20240527_094500_59.fit,2024-05-27 09:45:00,0,0,, ,train,190.0,3600.0
3905,FITfiles/2024-05-27/UMICH_20240527_100000_59.fit,2024-05-27 10:00:00,0,0,, ,train,190.0,3600.0
3896,FITfiles/2024-05-27/UMICH_20240527_101500_59.fit,2024-05-27 10:15:00,0,0,, ,train,190.0,3600.0
3900,FITfiles/2024-05-27/UMICH_20240527_103000_59.fit,2024-05-27 10:30:00,0,0,, ,train,190.0,3600.0
3903,FITfiles/2024-05-27/UMICH_20240527_104500_59.fit,2024-05-27 10:45:00,0,0,, ,train,190.0,3600.0
3883,FITfiles/2024-05-27/UMICH_20240527_105959_59.fit,2024-05-27 10:59:59,0,0,, ,train,190.0,3600.0
3894,FITfiles/2024-05-27/UMICH_20240527_111459_59.fit,2024-05-27 11:14:59,0,0,, ,train,190.0,3600.0
3899,FITfiles/2024-05-27/UMICH_20240527_112959_59.fit,2024-05-27 11:29:59,0,0,, ,train,190.0,3600.0
3887,FITfiles/2024-05-27/UMICH_20240527_114459_59.fit,2024-05-27 11:44:59,0,0,, ,train,190.0,3600.0
3889,FITfiles/2024-05-27/UMICH_20240527_115959_59.fit,2024-05-27 11:59:59,0,0,, ,valid,190.0,3600.0
3913,FITfiles/2024-05-27/UMICH_20240527_121459_59.fit,2024-05-27 12:14:59,0,0,, ,test,190.0,3595.0
3886,FITfiles/2024-05-27/UMICH_20240527_123000_59.fit,2024-05-27 12:30:00,0,0,, ,valid,190.0,3600.0
3895,FITfiles/2024-05-27/UMICH_20240527_124500_59.fit,2024-05-27 12:45:00,0,0,, ,train,190.0,3600.0
3885,FITfiles/2024-05-27/UMICH_20240527_130000_59.fit,2024-05-27 13:00:00,0,0,, ,train,190.0,3600.0
3898,FITfiles/2024-05-27/UMICH_20240527_131500_59.fit,2024-05-27 13:15:00,0,0,, ,test,190.0,3600.0
3882,FITfiles/2024-05-27/UMICH_20240527_133000_59.fit,2024-05-27 13:30:00,0,0,, ,valid,190.0,3600.0
3864,FITfiles/2024-05-27/UMICH_20240527_134500_59.fit,2024-05-27 13:45:00,1,3,, ,train,190.0,3600.0
3875,FITfiles/2024-05-27/UMICH_20240527_140000_59.fit,2024-05-27 14:00:00,0,0,, ,train,190.0,3600.0
3870,FITfiles/2024-05-27/UMICH_20240527_141500_59.fit,2024-05-27 14:15:00,0,0,, ,valid,190.0,3593.0
3892,FITfiles/2024-05-27/UMICH_20240527_143000_59.fit,2024-05-27 14:30:00,0,0,, ,train,190.0,3600.0
3877,FITfiles/2024-05-27/UMICH_20240527_144500_59.fit,2024-05-27 14:45:00,0,0,, ,train,190.0,3600.0
3857,FITfiles/2024-05-27/UMICH_20240527_150000_59.fit,2024-05-27 15:00:00,0,0,, ,train,190.0,3600.0
3860,FITfiles/2024-05-27/UMICH_20240527_151500_59.fit,2024-05-27 15:15:00,0,0,, ,train,190.0,3600.0
3866,FITfiles/2024-05-27/UMICH_20240527_153000_59.fit,2024-05-27 15:30:00,0,0,, ,train,190.0,3600.0
3880,FITfiles/2024-05-27/UMICH_20240527_154500_59.fit,2024-05-27 15:45:00,0,0,, ,train,190.0,3600.0
3849,FITfiles/2024-05-27/UMICH_20240527_160000_59.fit,2024-05-27 16:00:00,0,0,, ,test,190.0,3600.0
3859,FITfiles/2024-05-27/UMICH_20240527_161500_59.fit,2024-05-27 16:15:00,0,0,, ,train,190.0,3593.0
3855,FITfiles/2024-05-27/UMICH_20240527_163000_59.fit,2024-05-27 16:30:00,0,0,, ,train,190.0,3600.0
3844,FITfiles/2024-05-27/UMICH_20240527_164500_59.fit,2024-05-27 16:45:00,0,0,, ,train,190.0,3600.0
3847,FITfiles/2024-05-27/UMICH_20240527_170000_59.fit,2024-05-27 17:00:00,0,0,, ,train,190.0,3600.0
3846,FITfiles/2024-05-27/UMICH_20240527_171500_59.fit,2024-05-27 17:15:00,0,0,, ,train,190.0,3600.0
3842,FITfiles/2024-05-27/UMICH_20240527_173000_59.fit,2024-05-27 17:30:00,0,0,, ,train,190.0,3600.0
3841,FITfiles/2024-05-27/UMICH_20240527_174500_59.fit,2024-05-27 17:45:00,0,0,, ,test,190.0,3600.0
3836,FITfiles/2024-05-27/UMICH_20240527_180000_59.fit,2024-05-27 18:00:00,0,0,, ,train,190.0,3600.0
3840,FITfiles/2024-05-27/UMICH_20240527_181500_59.fit,2024-05-27 18:15:00,0,0,, ,train,190.0,3592.0
3827,FITfiles/2024-05-27/UMICH_20240527_183000_59.fit,2024-05-27 18:30:00,0,0,, ,train,190.0,3600.0
3829,FITfiles/2024-05-27/UMICH_20240527_184500_59.fit,2024-05-27 18:45:00,0,0,, ,train,190.0,3600.0
3848,FITfiles/2024-05-27/UMICH_20240527_190000_59.fit,2024-05-27 19:00:00,0,0,, ,train,190.0,3600.0
3816,FITfiles/2024-05-27/UMICH_20240527_191500_59.fit,2024-05-27 19:15:00,0,0,, ,train,190.0,3600.0
3817,FITfiles/2024-05-27/UMICH_20240527_193000_59.fit,2024-05-27 19:30:00,0,0,, ,valid,190.0,3600.0
3837,FITfiles/2024-05-27/UMICH_20240527_194500_59.fit,2024-05-27 19:45:00,0,0,, ,train,190.0,3600.0
3811,FITfiles/2024-05-27/UMICH_20240527_200000_59.fit,2024-05-27 20:00:00,0,0,, ,train,190.0,3600.0
3826,FITfiles/2024-05-27/UMICH_20240527_201500_59.fit,2024-05-27 20:15:00,0,0,, ,valid,190.0,3593.0
3823,FITfiles/2024-05-27/UMICH_20240527_203000_59.fit,2024-05-27 20:30:00,0,0,, ,train,190.0,3600.0
3809,FITfiles/2024-05-27/UMICH_20240527_204500_59.fit,2024-05-27 20:45:00,0,0,, ,train,190.0,3590.0
6777,FITfiles/2024-05-28/UMICH_20240528_063000_59.fit,2024-05-28 06:30:00,0,0,, ,train,190.0,3600.0
6772,FITfiles/2024-05-28/UMICH_20240528_064500_59.fit,2024-05-28 06:45:00,0,0,, ,test,190.0,3600.0
6796,FITfiles/2024-05-28/UMICH_20240528_070000_59.fit,2024-05-28 07:00:00,0,0,, ,train,190.0,3600.0
6779,FITfiles/2024-05-28/UMICH_20240528_071500_59.fit,2024-05-28 07:15:00,0,0,, ,train,190.0,3600.0
6764,FITfiles/2024-05-28/UMICH_20240528_073000_59.fit,2024-05-28 07:30:00,0,0,, ,train,190.0,3600.0
6770,FITfiles/2024-05-28/UMICH_20240528_074500_59.fit,2024-05-28 07:45:00,0,0,, ,train,190.0,3600.0
6761,FITfiles/2024-05-28/UMICH_20240528_080000_59.fit,2024-05-28 08:00:00,0,0,, ,train,190.0,3600.0
6751,FITfiles/2024-05-28/UMICH_20240528_081500_59.fit,2024-05-28 08:15:00,0,0,, ,train,190.0,3593.0
6763,FITfiles/2024-05-28/UMICH_20240528_083000_59.fit,2024-05-28 08:30:00,0,0,, ,train,190.0,3600.0
6762,FITfiles/2024-05-28/UMICH_20240528_084500_59.fit,2024-05-28 08:45:00,0,0,, ,train,190.0,3600.0
6827,FITfiles/2024-05-28/UMICH_20240528_090000_59.fit,2024-05-28 09:00:00,0,0,, ,train,190.0,3600.0
6752,FITfiles/2024-05-28/UMICH_20240528_091500_59.fit,2024-05-28 09:15:00,0,0,, ,train,190.0,3600.0
6755,FITfiles/2024-05-28/UMICH_20240528_093000_59.fit,2024-05-28 09:30:00,0,0,, ,train,190.0,3600.0
6766,FITfiles/2024-05-28/UMICH_20240528_094500_59.fit,2024-05-28 09:45:00,0,0,, ,valid,190.0,3600.0
6753,FITfiles/2024-05-28/UMICH_20240528_100000_59.fit,2024-05-28 10:00:00,0,0,, ,valid,190.0,3600.0
6749,FITfiles/2024-05-28/UMICH_20240528_101500_59.fit,2024-05-28 10:15:00,0,0,, ,valid,190.0,3600.0
6754,FITfiles/2024-05-28/UMICH_20240528_103000_59.fit,2024-05-28 10:30:00,0,0,, ,train,190.0,3600.0
6746,FITfiles/2024-05-28/UMICH_20240528_104500_59.fit,2024-05-28 10:45:00,0,0,, ,train,190.0,3600.0
6750,FITfiles/2024-05-28/UMICH_20240528_110000_59.fit,2024-05-28 11:00:00,0,0,, ,test,190.0,3600.0
6758,FITfiles/2024-05-28/UMICH_20240528_111459_59.fit,2024-05-28 11:14:59,0,0,, ,train,190.0,3600.0
6748,FITfiles/2024-05-28/UMICH_20240528_112959_59.fit,2024-05-28 11:29:59,0,0,, ,train,190.0,3600.0
6744,FITfiles/2024-05-28/UMICH_20240528_114459_59.fit,2024-05-28 11:44:59,0,0,, ,train,190.0,3600.0
6756,FITfiles/2024-05-28/UMICH_20240528_115959_59.fit,2024-05-28 11:59:59,0,0,, ,valid,190.0,3600.0
6745,FITfiles/2024-05-28/UMICH_20240528_121459_59.fit,2024-05-28 12:14:59,0,0,, ,train,190.0,3595.0
6741,FITfiles/2024-05-28/UMICH_20240528_123000_59.fit,2024-05-28 12:30:00,0,0,, ,train,190.0,3600.0
6742,FITfiles/2024-05-28/UMICH_20240528_124500_59.fit,2024-05-28 12:45:00,0,0,, ,train,190.0,3600.0
6740,FITfiles/2024-05-28/UMICH_20240528_130000_59.fit,2024-05-28 13:00:00,0,0,, ,train,190.0,3600.0
6738,FITfiles/2024-05-28/UMICH_20240528_131500_59.fit,2024-05-28 13:15:00,0,0,, ,test,190.0,3600.0
6743,FITfiles/2024-05-28/UMICH_20240528_133000_59.fit,2024-05-28 13:30:00,0,0,, ,train,190.0,3600.0
6739,FITfiles/2024-05-28/UMICH_20240528_134500_59.fit,2024-05-28 13:45:00,0,0,, ,train,190.0,3600.0
6734,FITfiles/2024-05-28/UMICH_20240528_140000_59.fit,2024-05-28 14:00:00,0,0,, ,test,190.0,3600.0
6733,FITfiles/2024-05-28/UMICH_20240528_141500_59.fit,2024-05-28 14:15:00,0,0,, ,test,190.0,3592.0
6728,FITfiles/2024-05-28/UMICH_20240528_143000_59.fit,2024-05-28 14:30:00,0,0,, ,train,190.0,3600.0
6735,FITfiles/2024-05-28/UMICH_20240528_144500_59.fit,2024-05-28 14:45:00,0,0,, ,train,190.0,3600.0
6747,FITfiles/2024-05-28/UMICH_20240528_150000_59.fit,2024-05-28 15:00:00,0,0,, ,train,190.0,3600.0
6725,FITfiles/2024-05-28/UMICH_20240528_151500_59.fit,2024-05-28 15:15:00,0,0,, ,train,190.0,3600.0
6731,FITfiles/2024-05-28/UMICH_20240528_153000_59.fit,2024-05-28 15:30:00,0,0,, ,test,190.0,3600.0
6727,FITfiles/2024-05-28/UMICH_20240528_154500_59.fit,2024-05-28 15:45:00,0,0,, ,train,190.0,3600.0
6737,FITfiles/2024-05-28/UMICH_20240528_160000_59.fit,2024-05-28 16:00:00,0,0,, ,test,190.0,3600.0
6720,FITfiles/2024-05-28/UMICH_20240528_161500_59.fit,2024-05-28 16:15:00,0,0,, ,valid,190.0,3592.0
6726,FITfiles/2024-05-28/UMICH_20240528_163000_59.fit,2024-05-28 16:30:00,0,0,, ,train,190.0,3600.0
6724,FITfiles/2024-05-28/UMICH_20240528_164500_59.fit,2024-05-28 16:45:00,0,0,, ,train,190.0,3600.0
6721,FITfiles/2024-05-28/UMICH_20240528_170000_59.fit,2024-05-28 17:00:00,0,0,, ,valid,190.0,3600.0
6722,FITfiles/2024-05-28/UMICH_20240528_171500_59.fit,2024-05-28 17:15:00,0,0,, ,train,190.0,3600.0
6719,FITfiles/2024-05-28/UMICH_20240528_173000_59.fit,2024-05-28 17:30:00,0,0,, ,test,190.0,3600.0
6717,FITfiles/2024-05-28/UMICH_20240528_174500_59.fit,2024-05-28 17:45:00,0,0,, ,train,190.0,3600.0
6718,FITfiles/2024-05-28/UMICH_20240528_180000_59.fit,2024-05-28 18:00:00,0,0,, ,train,190.0,3600.0
6736,FITfiles/2024-05-28/UMICH_20240528_181500_59.fit,2024-05-28 18:15:00,0,0,, ,train,190.0,3592.0
6801,FITfiles/2024-05-28/UMICH_20240528_183000_59.fit,2024-05-28 18:30:00,0,0,, ,train,190.0,3600.0
6757,FITfiles/2024-05-28/UMICH_20240528_184500_59.fit,2024-05-28 18:45:00,0,0,, ,test,190.0,3600.0
6730,FITfiles/2024-05-28/UMICH_20240528_190000_59.fit,2024-05-28 19:00:00,0,0,, ,train,190.0,3600.0
6715,FITfiles/2024-05-28/UMICH_20240528_191500_59.fit,2024-05-28 19:15:00,0,0,, ,test,190.0,3600.0
6732,FITfiles/2024-05-28/UMICH_20240528_193000_59.fit,2024-05-28 19:30:00,0,0,, ,train,190.0,3600.0
6716,FITfiles/2024-05-28/UMICH_20240528_194500_59.fit,2024-05-28 19:45:00,0,0,, ,test,190.0,3600.0
6712,FITfiles/2024-05-28/UMICH_20240528_200000_59.fit,2024-05-28 20:00:00,0,0,, ,valid,190.0,3600.0
6714,FITfiles/2024-05-28/UMICH_20240528_201500_59.fit,2024-05-28 20:15:00,0,0,, ,train,190.0,3593.0
6729,FITfiles/2024-05-28/UMICH_20240528_203000_59.fit,2024-05-28 20:30:00,0,0,, ,test,190.0,3600.0
6723,FITfiles/2024-05-28/UMICH_20240528_204500_59.fit,2024-05-28 20:45:00,0,0,, ,train,190.0,3591.0
4130,FITfiles/2024-05-29/UMICH_20240529_063000_59.fit,2024-05-29 06:30:00,0,0,, ,test,190.0,3600.0
4112,FITfiles/2024-05-29/UMICH_20240529_064500_59.fit,2024-05-29 06:45:00,0,0,, ,train,190.0,3600.0
4114,FITfiles/2024-05-29/UMICH_20240529_070000_59.fit,2024-05-29 07:00:00,0,0,, ,train,190.0,3600.0
4110,FITfiles/2024-05-29/UMICH_20240529_071500_59.fit,2024-05-29 07:15:00,0,0,, ,train,190.0,3600.0
4103,FITfiles/2024-05-29/UMICH_20240529_071500_59(1).fit,2024-05-29 07:15:00,0,0,, ,test,190.0,3600.0
4125,FITfiles/2024-05-29/UMICH_20240529_073000_59.fit,2024-05-29 07:30:00,0,0,, ,test,190.0,3600.0
4107,FITfiles/2024-05-29/UMICH_20240529_074500_59.fit,2024-05-29 07:45:00,0,0,, ,train,190.0,3600.0
4108,FITfiles/2024-05-29/UMICH_20240529_080000_59.fit,2024-05-29 08:00:00,0,0,, ,train,190.0,3600.0
4123,FITfiles/2024-05-29/UMICH_20240529_081500_59.fit,2024-05-29 08:15:00,0,0,, ,train,190.0,3592.0
4109,FITfiles/2024-05-29/UMICH_20240529_083000_59.fit,2024-05-29 08:30:00,0,0,, ,train,190.0,3600.0
4105,FITfiles/2024-05-29/UMICH_20240529_084500_59.fit,2024-05-29 08:45:00,0,0,, ,train,190.0,3600.0
4100,FITfiles/2024-05-29/UMICH_20240529_090000_59.fit,2024-05-29 09:00:00,0,0,, ,test,190.0,3600.0
4101,FITfiles/2024-05-29/UMICH_20240529_091500_59.fit,2024-05-29 09:15:00,0,0,, ,valid,190.0,3600.0
4104,FITfiles/2024-05-29/UMICH_20240529_093000_59.fit,2024-05-29 09:30:00,0,0,, ,test,190.0,3600.0
4097,FITfiles/2024-05-29/UMICH_20240529_094500_59.fit,2024-05-29 09:45:00,0,0,, ,train,190.0,3600.0
4096,FITfiles/2024-05-29/UMICH_20240529_100000_59.fit,2024-05-29 10:00:00,0,0,, ,train,190.0,3600.0
4093,FITfiles/2024-05-29/UMICH_20240529_101500_59.fit,2024-05-29 10:15:00,0,0,, ,test,190.0,3600.0
4090,FITfiles/2024-05-29/UMICH_20240529_103000_59.fit,2024-05-29 10:30:00,0,0,, ,train,190.0,3600.0
4099,FITfiles/2024-05-29/UMICH_20240529_104500_59.fit,2024-05-29 10:45:00,1,2,, ,train,190.0,3600.0
4089,FITfiles/2024-05-29/UMICH_20240529_110000_59.fit,2024-05-29 11:00:00,0,0,, ,train,190.0,3600.0
4111,FITfiles/2024-05-29/UMICH_20240529_111459_59.fit,2024-05-29 11:14:59,0,0,, ,train,190.0,3600.0
4084,FITfiles/2024-05-29/UMICH_20240529_112959_59.fit,2024-05-29 11:29:59,0,0,, ,train,190.0,3600.0
4086,FITfiles/2024-05-29/UMICH_20240529_114459_59.fit,2024-05-29 11:44:59,0,0,, ,valid,190.0,3600.0
4087,FITfiles/2024-05-29/UMICH_20240529_115959_59.fit,2024-05-29 11:59:59,0,0,, ,valid,190.0,3600.0
4080,FITfiles/2024-05-29/UMICH_20240529_121459_59.fit,2024-05-29 12:14:59,0,0,, ,train,190.0,3595.0
4083,FITfiles/2024-05-29/UMICH_20240529_123000_59.fit,2024-05-29 12:30:00,0,0,, ,test,190.0,3600.0
4077,FITfiles/2024-05-29/UMICH_20240529_124500_59.fit,2024-05-29 12:45:00,0,0,, ,train,190.0,3600.0
4081,FITfiles/2024-05-29/UMICH_20240529_130000_59.fit,2024-05-29 13:00:00,0,0,, ,test,190.0,3600.0
4082,FITfiles/2024-05-29/UMICH_20240529_131500_59.fit,2024-05-29 13:15:00,0,0,, ,test,190.0,3600.0
4095,FITfiles/2024-05-29/UMICH_20240529_133000_59.fit,2024-05-29 13:30:00,0,0,, ,train,190.0,3600.0
4092,FITfiles/2024-05-29/UMICH_20240529_134500_59.fit,2024-05-29 13:45:00,0,0,, ,train,190.0,3600.0
4088,FITfiles/2024-05-29/UMICH_20240529_140000_59.fit,2024-05-29 14:00:00,0,0,, ,train,190.0,3600.0
4131,FITfiles/2024-05-29/UMICH_20240529_141500_59.fit,2024-05-29 14:15:00,0,0,, ,valid,190.0,3592.0
4076,FITfiles/2024-05-29/UMICH_20240529_143000_59.fit,2024-05-29 14:30:00,0,0,, ,train,190.0,3600.0
4142,FITfiles/2024-05-29/UMICH_20240529_144500_59.fit,2024-05-29 14:45:00,0,0,, ,train,190.0,3600.0
4078,FITfiles/2024-05-29/UMICH_20240529_150000_59.fit,2024-05-29 15:00:00,0,0,, ,test,190.0,3600.0
4072,FITfiles/2024-05-29/UMICH_20240529_151500_59.fit,2024-05-29 15:15:00,0,0,, ,test,190.0,3600.0
4091,FITfiles/2024-05-29/UMICH_20240529_153000_59.fit,2024-05-29 15:30:00,0,0,, ,train,190.0,3600.0
4079,FITfiles/2024-05-29/UMICH_20240529_154500_59.fit,2024-05-29 15:45:00,0,0,, ,test,190.0,3600.0
4073,FITfiles/2024-05-29/UMICH_20240529_160000_59.fit,2024-05-29 16:00:00,0,0,, ,train,190.0,3600.0
4094,FITfiles/2024-05-29/UMICH_20240529_161500_59.fit,2024-05-29 16:15:00,0,0,, ,valid,190.0,3592.0
4085,FITfiles/2024-05-29/UMICH_20240529_163000_59.fit,2024-05-29 16:30:00,0,0,, ,test,190.0,3600.0
4069,FITfiles/2024-05-29/UMICH_20240529_164500_59.fit,2024-05-29 16:45:00,0,0,, ,test,190.0,3600.0
4070,FITfiles/2024-05-29/UMICH_20240529_170000_59.fit,2024-05-29 17:00:00,0,0,, ,train,190.0,3600.0
4075,FITfiles/2024-05-29/UMICH_20240529_171500_59.fit,2024-05-29 17:15:00,0,0,, ,test,190.0,3600.0
4071,FITfiles/2024-05-29/UMICH_20240529_173000_59.fit,2024-05-29 17:30:00,0,0,, ,valid,190.0,3600.0
4068,FITfiles/2024-05-29/UMICH_20240529_174500_59.fit,2024-05-29 17:45:00,0,0,, ,test,190.0,3600.0
4061,FITfiles/2024-05-29/UMICH_20240529_180000_59.fit,2024-05-29 18:00:00,0,0,, ,train,190.0,3600.0
4058,FITfiles/2024-05-29/UMICH_20240529_181500_59.fit,2024-05-29 18:15:00,0,0,, ,test,190.0,3592.0
4063,FITfiles/2024-05-29/UMICH_20240529_183000_59.fit,2024-05-29 18:30:00,0,0,, ,train,190.0,3600.0
4074,FITfiles/2024-05-29/UMICH_20240529_184500_59.fit,2024-05-29 18:45:00,0,0,, ,train,190.0,3600.0
4062,FITfiles/2024-05-29/UMICH_20240529_190000_59.fit,2024-05-29 19:00:00,0,0,, ,train,190.0,3600.0
4067,FITfiles/2024-05-29/UMICH_20240529_191500_59.fit,2024-05-29 19:15:00,0,0,, ,train,190.0,3600.0
4059,FITfiles/2024-05-29/UMICH_20240529_193000_59.fit,2024-05-29 19:30:00,0,0,, ,train,190.0,3600.0
4055,FITfiles/2024-05-29/UMICH_20240529_194500_59.fit,2024-05-29 19:45:00,0,0,, ,train,190.0,3600.0
4057,FITfiles/2024-05-29/UMICH_20240529_200000_59.fit,2024-05-29 20:00:00,0,0,, ,train,190.0,3600.0
4051,FITfiles/2024-05-29/UMICH_20240529_201500_59.fit,2024-05-29 20:15:00,0,0,, ,train,190.0,3593.0
4060,FITfiles/2024-05-29/UMICH_20240529_203000_59.fit,2024-05-29 20:30:00,0,0,, ,train,190.0,3600.0
4053,FITfiles/2024-05-29/UMICH_20240529_204500_59.fit,2024-05-29 20:45:00,0,0,, ,train,190.0,3591.0
3696,FITfiles/2024-05-30/UMICH_20240530_063000_59.fit,2024-05-30 06:30:00,0,0,, ,train,190.0,3600.0
3688,FITfiles/2024-05-30/UMICH_20240530_064500_59.fit,2024-05-30 06:45:00,0,0,, ,valid,190.0,3600.0
3693,FITfiles/2024-05-30/UMICH_20240530_070000_59.fit,2024-05-30 07:00:00,0,0,, ,train,190.0,3600.0
3698,FITfiles/2024-05-30/UMICH_20240530_071500_59.fit,2024-05-30 07:15:00,0,0,, ,train,190.0,3600.0
3687,FITfiles/2024-05-30/UMICH_20240530_073000_59.fit,2024-05-30 07:30:00,0,0,, ,valid,190.0,3600.0
3684,FITfiles/2024-05-30/UMICH_20240530_074500_59.fit,2024-05-30 07:45:00,0,0,, ,valid,190.0,3600.0
3689,FITfiles/2024-05-30/UMICH_20240530_080000_59.fit,2024-05-30 08:00:00,0,0,, ,train,190.0,3600.0
3699,FITfiles/2024-05-30/UMICH_20240530_081500_59.fit,2024-05-30 08:15:00,0,0,, ,test,190.0,3592.0
3680,FITfiles/2024-05-30/UMICH_20240530_083000_59.fit,2024-05-30 08:30:00,0,0,, ,train,190.0,3600.0
3679,FITfiles/2024-05-30/UMICH_20240530_084500_59.fit,2024-05-30 08:45:00,0,0,, ,train,190.0,3600.0
3702,FITfiles/2024-05-30/UMICH_20240530_090000_59.fit,2024-05-30 09:00:00,0,0,, ,valid,190.0,3600.0
3681,FITfiles/2024-05-30/UMICH_20240530_091500_59.fit,2024-05-30 09:15:00,0,0,, ,train,190.0,3600.0
3697,FITfiles/2024-05-30/UMICH_20240530_093000_59.fit,2024-05-30 09:30:00,0,0,, ,train,190.0,3600.0
3691,FITfiles/2024-05-30/UMICH_20240530_094500_59.fit,2024-05-30 09:45:00,0,0,, ,test,190.0,3600.0
3682,FITfiles/2024-05-30/UMICH_20240530_100000_59.fit,2024-05-30 10:00:00,0,0,, ,train,190.0,3600.0
3678,FITfiles/2024-05-30/UMICH_20240530_101500_59.fit,2024-05-30 10:15:00,0,0,, ,test,190.0,3600.0
3674,FITfiles/2024-05-30/UMICH_20240530_103000_59.fit,2024-05-30 10:30:00,0,0,, ,train,190.0,3600.0
3675,FITfiles/2024-05-30/UMICH_20240530_104500_59.fit,2024-05-30 10:45:00,0,0,, ,valid,190.0,3600.0
3676,FITfiles/2024-05-30/UMICH_20240530_110000_59.fit,2024-05-30 11:00:00,0,0,, ,train,190.0,3600.0
3685,FITfiles/2024-05-30/UMICH_20240530_111459_59.fit,2024-05-30 11:14:59,0,0,, ,train,190.0,3600.0
3683,FITfiles/2024-05-30/UMICH_20240530_112959_59.fit,2024-05-30 11:29:59,0,0,, ,train,190.0,3600.0
3692,FITfiles/2024-05-30/UMICH_20240530_114459_59.fit,2024-05-30 11:44:59,0,0,, ,valid,190.0,3600.0
3695,FITfiles/2024-05-30/UMICH_20240530_115959_59.fit,2024-05-30 11:59:59,0,0,, ,train,190.0,3600.0
3701,FITfiles/2024-05-30/UMICH_20240530_121459_59.fit,2024-05-30 12:14:59,0,0,, ,valid,190.0,3594.0
3694,FITfiles/2024-05-30/UMICH_20240530_123000_59.fit,2024-05-30 12:30:00,0,0,, ,train,190.0,3600.0
3690,FITfiles/2024-05-30/UMICH_20240530_124500_59.fit,2024-05-30 12:45:00,0,0,, ,train,190.0,3600.0
3686,FITfiles/2024-05-30/UMICH_20240530_130000_59.fit,2024-05-30 13:00:00,0,0,, ,valid,190.0,3600.0
3669,FITfiles/2024-05-30/UMICH_20240530_131500_59.fit,2024-05-30 13:15:00,0,0,, ,test,190.0,3600.0
3677,FITfiles/2024-05-30/UMICH_20240530_133000_59.fit,2024-05-30 13:30:00,0,0,, ,valid,190.0,3600.0
3700,FITfiles/2024-05-30/UMICH_20240530_134500_59.fit,2024-05-30 13:45:00,0,0,, ,test,190.0,3600.0
3673,FITfiles/2024-05-30/UMICH_20240530_140000_59.fit,2024-05-30 14:00:00,0,0,, ,train,190.0,3600.0
3666,FITfiles/2024-05-30/UMICH_20240530_141500_59.fit,2024-05-30 14:15:00,0,0,, ,test,190.0,3592.0
3657,FITfiles/2024-05-30/UMICH_20240530_143000_59.fit,2024-05-30 14:30:00,0,0,, ,valid,190.0,3600.0
3655,FITfiles/2024-05-30/UMICH_20240530_144500_59.fit,2024-05-30 14:45:00,0,0,, ,train,190.0,3600.0
3672,FITfiles/2024-05-30/UMICH_20240530_150000_59.fit,2024-05-30 15:00:00,0,0,, ,test,190.0,3600.0
3667,FITfiles/2024-05-30/UMICH_20240530_151500_59.fit,2024-05-30 15:15:00,0,0,, ,train,190.0,3600.0
3668,FITfiles/2024-05-30/UMICH_20240530_153000_59.fit,2024-05-30 15:30:00,0,0,, ,valid,190.0,3600.0
3659,FITfiles/2024-05-30/UMICH_20240530_154500_59.fit,2024-05-30 15:45:00,0,0,, ,valid,190.0,3600.0
3664,FITfiles/2024-05-30/UMICH_20240530_160000_59.fit,2024-05-30 16:00:00,0,0,, ,train,190.0,3600.0
3660,FITfiles/2024-05-30/UMICH_20240530_161500_59.fit,2024-05-30 16:15:00,0,0,, ,valid,190.0,3592.0
3658,FITfiles/2024-05-30/UMICH_20240530_163000_59.fit,2024-05-30 16:30:00,0,0,, ,valid,190.0,3600.0
3663,FITfiles/2024-05-30/UMICH_20240530_164500_59.fit,2024-05-30 16:45:00,0,0,, ,train,190.0,3600.0
3651,FITfiles/2024-05-30/UMICH_20240530_170000_59.fit,2024-05-30 17:00:00,0,0,, ,test,190.0,3600.0
3648,FITfiles/2024-05-30/UMICH_20240530_171500_59.fit,2024-05-30 17:15:00,0,0,, ,train,190.0,3600.0
3653,FITfiles/2024-05-30/UMICH_20240530_173000_59.fit,2024-05-30 17:30:00,0,0,, ,test,190.0,3600.0
3665,FITfiles/2024-05-30/UMICH_20240530_174500_59.fit,2024-05-30 17:45:00,0,0,, ,test,190.0,3600.0
3671,FITfiles/2024-05-30/UMICH_20240530_180000_59.fit,2024-05-30 18:00:00,0,0,, ,valid,190.0,3600.0
3661,FITfiles/2024-05-30/UMICH_20240530_181500_59.fit,2024-05-30 18:15:00,0,0,, ,train,190.0,3592.0
3649,FITfiles/2024-05-30/UMICH_20240530_183000_59.fit,2024-05-30 18:30:00,0,0,, ,test,190.0,3600.0
3650,FITfiles/2024-05-30/UMICH_20240530_184500_59.fit,2024-05-30 18:45:00,0,0,, ,train,190.0,3600.0
3670,FITfiles/2024-05-30/UMICH_20240530_190000_59.fit,2024-05-30 19:00:00,0,0,, ,train,190.0,3600.0
3643,FITfiles/2024-05-30/UMICH_20240530_191500_59.fit,2024-05-30 19:15:00,0,0,, ,train,190.0,3600.0
3656,FITfiles/2024-05-30/UMICH_20240530_193000_59.fit,2024-05-30 19:30:00,0,0,, ,test,190.0,3600.0
3646,FITfiles/2024-05-30/UMICH_20240530_194500_59.fit,2024-05-30 19:45:00,0,0,, ,train,190.0,3600.0
3645,FITfiles/2024-05-30/UMICH_20240530_200000_59.fit,2024-05-30 20:00:00,0,0,, ,train,190.0,3600.0
3654,FITfiles/2024-05-30/UMICH_20240530_201500_59.fit,2024-05-30 20:15:00,0,0,, ,train,190.0,3593.0
3639,FITfiles/2024-05-30/UMICH_20240530_203000_59.fit,2024-05-30 20:30:00,0,0,, ,train,190.0,3600.0
3662,FITfiles/2024-05-30/UMICH_20240530_204500_59.fit,2024-05-30 20:45:00,0,0,, ,train,190.0,3590.0
8558,FITfiles/2024-05-31/UMICH_20240531_063000_59.fit,2024-05-31 06:30:00,0,0,, ,train,190.0,3600.0
8563,FITfiles/2024-05-31/UMICH_20240531_064500_59.fit,2024-05-31 06:45:00,0,0,, ,train,190.0,3600.0
8557,FITfiles/2024-05-31/UMICH_20240531_070000_59.fit,2024-05-31 07:00:00,0,0,, ,test,190.0,3600.0
8564,FITfiles/2024-05-31/UMICH_20240531_071500_59.fit,2024-05-31 07:15:00,0,0,, ,train,190.0,3600.0
8567,FITfiles/2024-05-31/UMICH_20240531_073000_59.fit,2024-05-31 07:30:00,0,0,, ,train,190.0,3600.0
8554,FITfiles/2024-05-31/UMICH_20240531_074500_59.fit,2024-05-31 07:45:00,0,0,, ,train,190.0,3600.0
8562,FITfiles/2024-05-31/UMICH_20240531_080000_59.fit,2024-05-31 08:00:00,0,0,, ,valid,190.0,3600.0
8553,FITfiles/2024-05-31/UMICH_20240531_081459_59.fit,2024-05-31 08:14:59,0,0,, ,train,190.0,3593.0
8546,FITfiles/2024-05-31/UMICH_20240531_083000_59.fit,2024-05-31 08:30:00,0,0,, ,test,190.0,3600.0
8549,FITfiles/2024-05-31/UMICH_20240531_084500_59.fit,2024-05-31 08:45:00,0,0,, ,test,190.0,3600.0
8547,FITfiles/2024-05-31/UMICH_20240531_090000_59.fit,2024-05-31 09:00:00,0,0,, ,train,190.0,3600.0
8560,FITfiles/2024-05-31/UMICH_20240531_091500_59.fit,2024-05-31 09:15:00,0,0,, ,test,190.0,3600.0
8545,FITfiles/2024-05-31/UMICH_20240531_093000_59.fit,2024-05-31 09:30:00,0,0,, ,train,190.0,3600.0
8561,FITfiles/2024-05-31/UMICH_20240531_094500_59.fit,2024-05-31 09:45:00,0,0,, ,valid,190.0,3600.0
8548,FITfiles/2024-05-31/UMICH_20240531_100000_59.fit,2024-05-31 10:00:00,0,0,, ,test,190.0,3600.0
8541,FITfiles/2024-05-31/UMICH_20240531_101500_59.fit,2024-05-31 10:15:00,0,0,, ,train,190.0,3600.0
8551,FITfiles/2024-05-31/UMICH_20240531_102959_59.fit,2024-05-31 10:29:59,0,0,, ,train,190.0,3600.0
8550,FITfiles/2024-05-31/UMICH_20240531_104500_59.fit,2024-05-31 10:45:00,0,0,, ,valid,190.0,3600.0
8544,FITfiles/2024-05-31/UMICH_20240531_105959_59.fit,2024-05-31 10:59:59,0,0,, ,test,190.0,3600.0
8542,FITfiles/2024-05-31/UMICH_20240531_111459_59.fit,2024-05-31 11:14:59,0,0,, ,train,190.0,3600.0
8540,FITfiles/2024-05-31/UMICH_20240531_112959_59.fit,2024-05-31 11:29:59,0,0,, ,train,190.0,3600.0
8539,FITfiles/2024-05-31/UMICH_20240531_114459_59.fit,2024-05-31 11:44:59,0,0,, ,train,190.0,3600.0
8552,FITfiles/2024-05-31/UMICH_20240531_115959_59.fit,2024-05-31 11:59:59,0,0,, ,train,190.0,3600.0
8559,FITfiles/2024-05-31/UMICH_20240531_121459_59.fit,2024-05-31 12:14:59,0,0,, ,test,190.0,3595.0
8555,FITfiles/2024-05-31/UMICH_20240531_123000_59.fit,2024-05-31 12:30:00,0,0,, ,train,190.0,3600.0
8536,FITfiles/2024-05-31/UMICH_20240531_124500_59.fit,2024-05-31 12:45:00,0,0,, ,train,190.0,3600.0
8534,FITfiles/2024-05-31/UMICH_20240531_130000_59.fit,2024-05-31 13:00:00,0,0,, ,test,190.0,3600.0
8535,FITfiles/2024-05-31/UMICH_20240531_131500_59.fit,2024-05-31 13:15:00,0,0,, ,valid,190.0,3600.0
8531,FITfiles/2024-05-31/UMICH_20240531_133000_59.fit,2024-05-31 13:30:00,0,0,, ,test,190.0,3600.0
8537,FITfiles/2024-05-31/UMICH_20240531_134500_59.fit,2024-05-31 13:45:00,0,0,, ,test,190.0,3600.0
8556,FITfiles/2024-05-31/UMICH_20240531_140000_59.fit,2024-05-31 14:00:00,0,0,, ,valid,190.0,3600.0
8532,FITfiles/2024-05-31/UMICH_20240531_141500_59.fit,2024-05-31 14:15:00,0,0,, ,valid,190.0,3592.0
8543,FITfiles/2024-05-31/UMICH_20240531_143000_59.fit,2024-05-31 14:30:00,0,0,, ,train,190.0,3600.0
8538,FITfiles/2024-05-31/UMICH_20240531_144500_59.fit,2024-05-31 14:45:00,0,0,, ,valid,190.0,3600.0
8529,FITfiles/2024-05-31/UMICH_20240531_150000_59.fit,2024-05-31 15:00:00,0,0,, ,train,190.0,3600.0
8530,FITfiles/2024-05-31/UMICH_20240531_151500_59.fit,2024-05-31 15:15:00,0,0,, ,test,190.0,3600.0
8566,FITfiles/2024-05-31/UMICH_20240531_153000_59.fit,2024-05-31 15:30:00,0,0,, ,test,190.0,3600.0
3638,FITfiles/2024-06-01/UMICH_20240601_063000_59.fit,2024-06-01 06:30:00,0,0,, ,test,190.0,3600.0
3642,FITfiles/2024-06-01/UMICH_20240601_064500_59.fit,2024-06-01 06:45:00,0,0,, ,train,190.0,3600.0
3647,FITfiles/2024-06-01/UMICH_20240601_070000_59.fit,2024-06-01 07:00:00,0,0,, ,valid,190.0,3600.0
3633,FITfiles/2024-06-01/UMICH_20240601_071500_59.fit,2024-06-01 07:15:00,0,0,, ,train,190.0,3600.0
3641,FITfiles/2024-06-01/UMICH_20240601_073000_59.fit,2024-06-01 07:30:00,0,0,, ,train,190.0,3600.0
3628,FITfiles/2024-06-01/UMICH_20240601_074500_59.fit,2024-06-01 07:45:00,0,0,, ,train,190.0,3600.0
3629,FITfiles/2024-06-01/UMICH_20240601_080000_59.fit,2024-06-01 08:00:00,0,0,, ,valid,190.0,3600.0
3631,FITfiles/2024-06-01/UMICH_20240601_081500_59.fit,2024-06-01 08:15:00,0,0,, ,test,190.0,3592.0
3620,FITfiles/2024-06-01/UMICH_20240601_083000_59.fit,2024-06-01 08:30:00,0,0,, ,valid,190.0,3600.0
3644,FITfiles/2024-06-01/UMICH_20240601_084500_59.fit,2024-06-01 08:45:00,0,0,, ,valid,190.0,3600.0
3640,FITfiles/2024-06-01/UMICH_20240601_090000_59.fit,2024-06-01 09:00:00,0,0,, ,test,190.0,3600.0
3619,FITfiles/2024-06-01/UMICH_20240601_091500_59.fit,2024-06-01 09:15:00,0,0,, ,valid,190.0,3600.0
3626,FITfiles/2024-06-01/UMICH_20240601_093000_59.fit,2024-06-01 09:30:00,0,0,, ,test,190.0,3600.0
3624,FITfiles/2024-06-01/UMICH_20240601_094500_59.fit,2024-06-01 09:45:00,0,0,, ,valid,190.0,3600.0
3622,FITfiles/2024-06-01/UMICH_20240601_100000_59.fit,2024-06-01 10:00:00,0,0,, ,train,190.0,3600.0
3637,FITfiles/2024-06-01/UMICH_20240601_101500_59.fit,2024-06-01 10:15:00,0,0,, ,train,190.0,3600.0
3630,FITfiles/2024-06-01/UMICH_20240601_103000_59.fit,2024-06-01 10:30:00,0,0,, ,test,190.0,3600.0
3617,FITfiles/2024-06-01/UMICH_20240601_104500_59.fit,2024-06-01 10:45:00,0,0,, ,train,190.0,3600.0
3623,FITfiles/2024-06-01/UMICH_20240601_110000_59.fit,2024-06-01 11:00:00,0,0,, ,train,190.0,3600.0
3634,FITfiles/2024-06-01/UMICH_20240601_111459_59.fit,2024-06-01 11:14:59,0,0,, ,train,190.0,3600.0
3616,FITfiles/2024-06-01/UMICH_20240601_112959_59.fit,2024-06-01 11:29:59,0,0,, ,valid,190.0,3600.0
3625,FITfiles/2024-06-01/UMICH_20240601_114459_59.fit,2024-06-01 11:44:59,0,0,, ,train,190.0,3600.0
3604,FITfiles/2024-06-01/UMICH_20240601_115959_59.fit,2024-06-01 11:59:59,0,0,, ,train,190.0,3600.0
3609,FITfiles/2024-06-01/UMICH_20240601_121459_59.fit,2024-06-01 12:14:59,0,0,, ,train,190.0,3595.0
3602,FITfiles/2024-06-01/UMICH_20240601_123000_59.fit,2024-06-01 12:30:00,0,0,, ,test,190.0,3600.0
3614,FITfiles/2024-06-01/UMICH_20240601_124500_59.fit,2024-06-01 12:45:00,0,0,, ,train,190.0,3600.0
3601,FITfiles/2024-06-01/UMICH_20240601_130000_59.fit,2024-06-01 13:00:00,0,0,, ,valid,190.0,3600.0
3636,FITfiles/2024-06-01/UMICH_20240601_131500_59.fit,2024-06-01 13:15:00,0,0,, ,train,190.0,3600.0
3608,FITfiles/2024-06-01/UMICH_20240601_133000_59.fit,2024-06-01 13:30:00,0,0,, ,valid,190.0,3600.0
3612,FITfiles/2024-06-01/UMICH_20240601_134500_59.fit,2024-06-01 13:45:00,0,0,, ,train,190.0,3600.0
3607,FITfiles/2024-06-01/UMICH_20240601_140000_59.fit,2024-06-01 14:00:00,0,0,, ,valid,190.0,3600.0
3635,FITfiles/2024-06-01/UMICH_20240601_141500_59.fit,2024-06-01 14:15:00,0,0,, ,valid,190.0,3593.0
3599,FITfiles/2024-06-01/UMICH_20240601_143000_59.fit,2024-06-01 14:30:00,0,0,, ,train,190.0,3600.0
3611,FITfiles/2024-06-01/UMICH_20240601_144500_59.fit,2024-06-01 14:45:00,0,0,, ,train,190.0,3600.0
3632,FITfiles/2024-06-01/UMICH_20240601_150000_59.fit,2024-06-01 15:00:00,0,0,, ,train,190.0,3600.0
3613,FITfiles/2024-06-01/UMICH_20240601_151500_59.fit,2024-06-01 15:15:00,0,0,, ,train,190.0,3600.0
3652,FITfiles/2024-06-01/UMICH_20240601_153000_59.fit,2024-06-01 15:30:00,0,0,, ,valid,190.0,3600.0
3598,FITfiles/2024-06-01/UMICH_20240601_154500_59.fit,2024-06-01 15:45:00,0,0,, ,train,190.0,3600.0
3597,FITfiles/2024-06-01/UMICH_20240601_160000_59.fit,2024-06-01 16:00:00,0,0,, ,train,190.0,3600.0
3605,FITfiles/2024-06-01/UMICH_20240601_161500_59.fit,2024-06-01 16:15:00,0,0,, ,test,190.0,3592.0
3615,FITfiles/2024-06-01/UMICH_20240601_163000_59.fit,2024-06-01 16:30:00,0,0,, ,train,190.0,3600.0
3603,FITfiles/2024-06-01/UMICH_20240601_164500_59.fit,2024-06-01 16:45:00,0,0,, ,train,190.0,3600.0
3595,FITfiles/2024-06-01/UMICH_20240601_170000_59.fit,2024-06-01 17:00:00,0,0,, ,train,190.0,3600.0
3627,FITfiles/2024-06-01/UMICH_20240601_171500_59.fit,2024-06-01 17:15:00,0,0,, ,valid,190.0,3600.0
3594,FITfiles/2024-06-01/UMICH_20240601_173000_59.fit,2024-06-01 17:30:00,0,0,, ,train,190.0,3600.0
3593,FITfiles/2024-06-01/UMICH_20240601_174500_59.fit,2024-06-01 17:45:00,0,0,, ,train,190.0,3600.0
3600,FITfiles/2024-06-01/UMICH_20240601_180000_59.fit,2024-06-01 18:00:00,0,0,, ,test,190.0,3600.0
3610,FITfiles/2024-06-01/UMICH_20240601_181500_59.fit,2024-06-01 18:15:00,0,0,, ,train,190.0,3592.0
3583,FITfiles/2024-06-01/UMICH_20240601_183000_59.fit,2024-06-01 18:30:00,0,0,, ,train,190.0,3600.0
3581,FITfiles/2024-06-01/UMICH_20240601_184500_59.fit,2024-06-01 18:45:00,0,0,, ,train,190.0,3600.0
3575,FITfiles/2024-06-01/UMICH_20240601_190000_59.fit,2024-06-01 19:00:00,0,0,, ,train,190.0,3600.0
3591,FITfiles/2024-06-01/UMICH_20240601_191500_59.fit,2024-06-01 19:15:00,0,0,, ,valid,190.0,3600.0
3584,FITfiles/2024-06-01/UMICH_20240601_193000_59.fit,2024-06-01 19:30:00,0,0,, ,test,190.0,3600.0
3586,FITfiles/2024-06-01/UMICH_20240601_194500_59.fit,2024-06-01 19:45:00,0,0,, ,train,190.0,3600.0
3580,FITfiles/2024-06-01/UMICH_20240601_200000_59.fit,2024-06-01 20:00:00,0,0,, ,train,190.0,3600.0
3577,FITfiles/2024-06-01/UMICH_20240601_201500_59.fit,2024-06-01 20:15:00,0,0,, ,train,190.0,3592.0
3588,FITfiles/2024-06-01/UMICH_20240601_203000_59.fit,2024-06-01 20:30:00,0,0,, ,train,190.0,3600.0
3572,FITfiles/2024-06-01/UMICH_20240601_204500_59.fit,2024-06-01 20:45:00,0,0,, ,valid,190.0,3590.0
5503,FITfiles/2024-06-02/UMICH_20240602_000810_59.fit,2024-06-02 00:08:10,0,0,, ,train,190.0,3600.0
5512,FITfiles/2024-06-02/UMICH_20240602_002310_59.fit,2024-06-02 00:23:10,0,0,, ,valid,190.0,3600.0
5516,FITfiles/2024-06-02/UMICH_20240602_003810_59.fit,2024-06-02 00:38:10,0,0,, ,train,190.0,3600.0
5502,FITfiles/2024-06-02/UMICH_20240602_005309_59.fit,2024-06-02 00:53:09,0,0,, ,train,190.0,3600.0
5500,FITfiles/2024-06-02/UMICH_20240602_010809_59.fit,2024-06-02 01:08:09,0,0,, ,train,190.0,3600.0
5511,FITfiles/2024-06-02/UMICH_20240602_012309_59.fit,2024-06-02 01:23:09,0,0,, ,valid,190.0,3600.0
5504,FITfiles/2024-06-02/UMICH_20240602_013809_59.fit,2024-06-02 01:38:09,0,0,, ,valid,190.0,3600.0
5501,FITfiles/2024-06-02/UMICH_20240602_015309_59.fit,2024-06-02 01:53:09,0,0,, ,train,190.0,3600.0
5496,FITfiles/2024-06-02/UMICH_20240602_022219_59.fit,2024-06-02 02:22:19,0,0,, ,test,190.0,3600.0
5497,FITfiles/2024-06-02/UMICH_20240602_023719_59.fit,2024-06-02 02:37:19,0,0,, ,test,190.0,3600.0
5494,FITfiles/2024-06-02/UMICH_20240602_025219_59.fit,2024-06-02 02:52:19,0,0,, ,test,190.0,3600.0
5561,FITfiles/2024-06-02/UMICH_20240602_030719_59.fit,2024-06-02 03:07:19,0,0,, ,valid,190.0,3600.0
5498,FITfiles/2024-06-02/UMICH_20240602_032219_59.fit,2024-06-02 03:22:19,0,0,, ,test,190.0,3600.0
5493,FITfiles/2024-06-02/UMICH_20240602_033719_59.fit,2024-06-02 03:37:19,0,0,, ,valid,190.0,3600.0
5505,FITfiles/2024-06-02/UMICH_20240602_035219_59.fit,2024-06-02 03:52:19,0,0,, ,valid,190.0,3600.0
7190,FITfiles/2024-06-02/UMICH_20240602_040719_59.fit,2024-06-02 04:07:19,0,0,, ,test,190.0,3600.0
7178,FITfiles/2024-06-02/UMICH_20240602_042219_59.fit,2024-06-02 04:22:19,0,0,, ,train,190.0,1837.0
7188,FITfiles/2024-06-02/UMICH_20240602_063000_59.fit,2024-06-02 06:30:00,0,0,, ,valid,190.0,3600.0
7182,FITfiles/2024-06-02/UMICH_20240602_064500_59.fit,2024-06-02 06:45:00,0,0,, ,valid,190.0,3600.0
7186,FITfiles/2024-06-02/UMICH_20240602_070000_59.fit,2024-06-02 07:00:00,0,0,, ,train,190.0,3600.0
7176,FITfiles/2024-06-02/UMICH_20240602_071500_59.fit,2024-06-02 07:15:00,0,0,, ,train,190.0,3600.0
7189,FITfiles/2024-06-02/UMICH_20240602_073000_59.fit,2024-06-02 07:30:00,0,0,, ,valid,190.0,3600.0
7184,FITfiles/2024-06-02/UMICH_20240602_074500_59.fit,2024-06-02 07:45:00,0,0,, ,train,190.0,3600.0
7177,FITfiles/2024-06-02/UMICH_20240602_080000_59.fit,2024-06-02 08:00:00,0,0,, ,train,190.0,3600.0
7183,FITfiles/2024-06-02/UMICH_20240602_081500_59.fit,2024-06-02 08:15:00,0,0,, ,valid,190.0,3593.0
7181,FITfiles/2024-06-02/UMICH_20240602_083000_59.fit,2024-06-02 08:30:00,0,0,, ,test,190.0,3600.0
7170,FITfiles/2024-06-02/UMICH_20240602_084500_59.fit,2024-06-02 08:45:00,0,0,, ,test,190.0,3600.0
7174,FITfiles/2024-06-02/UMICH_20240602_090000_59.fit,2024-06-02 09:00:00,0,0,, ,train,190.0,3600.0
7179,FITfiles/2024-06-02/UMICH_20240602_091500_59.fit,2024-06-02 09:15:00,0,0,, ,train,190.0,3600.0
7191,FITfiles/2024-06-02/UMICH_20240602_093000_59.fit,2024-06-02 09:30:00,0,0,, ,train,190.0,3600.0
7172,FITfiles/2024-06-02/UMICH_20240602_094500_59.fit,2024-06-02 09:45:00,0,0,, ,train,190.0,3600.0
7173,FITfiles/2024-06-02/UMICH_20240602_100000_59.fit,2024-06-02 10:00:00,0,0,, ,train,190.0,3600.0
7166,FITfiles/2024-06-02/UMICH_20240602_101500_59.fit,2024-06-02 10:15:00,0,0,, ,train,190.0,3600.0
7180,FITfiles/2024-06-02/UMICH_20240602_103000_59.fit,2024-06-02 10:30:00,0,0,, ,valid,190.0,3600.0
7165,FITfiles/2024-06-02/UMICH_20240602_104459_59.fit,2024-06-02 10:44:59,0,0,, ,train,190.0,3600.0
7168,FITfiles/2024-06-02/UMICH_20240602_105959_59.fit,2024-06-02 10:59:59,0,0,, ,train,190.0,3600.0
7162,FITfiles/2024-06-02/UMICH_20240602_111459_59.fit,2024-06-02 11:14:59,0,0,, ,test,190.0,3600.0
7163,FITfiles/2024-06-02/UMICH_20240602_112959_59.fit,2024-06-02 11:29:59,0,0,, ,valid,190.0,3600.0
7171,FITfiles/2024-06-02/UMICH_20240602_114459_59.fit,2024-06-02 11:44:59,0,0,, ,test,190.0,3600.0
7164,FITfiles/2024-06-02/UMICH_20240602_115959_59.fit,2024-06-02 11:59:59,0,0,, ,train,190.0,3600.0
7161,FITfiles/2024-06-02/UMICH_20240602_121459_59.fit,2024-06-02 12:14:59,0,0,, ,train,190.0,3595.0
7175,FITfiles/2024-06-02/UMICH_20240602_123000_59.fit,2024-06-02 12:30:00,0,0,, ,valid,190.0,3600.0
7158,FITfiles/2024-06-02/UMICH_20240602_124500_59.fit,2024-06-02 12:45:00,0,0,, ,test,190.0,3600.0
7156,FITfiles/2024-06-02/UMICH_20240602_130000_59.fit,2024-06-02 13:00:00,0,0,, ,valid,190.0,3600.0
7151,FITfiles/2024-06-02/UMICH_20240602_131500_59.fit,2024-06-02 13:15:00,0,0,, ,test,190.0,3600.0
7160,FITfiles/2024-06-02/UMICH_20240602_133000_59.fit,2024-06-02 13:30:00,0,0,, ,test,190.0,3600.0
7159,FITfiles/2024-06-02/UMICH_20240602_134500_59.fit,2024-06-02 13:45:00,0,0,, ,train,190.0,3600.0
7157,FITfiles/2024-06-02/UMICH_20240602_140000_59.fit,2024-06-02 14:00:00,0,0,, ,train,190.0,3600.0
7201,FITfiles/2024-06-02/UMICH_20240602_141500_59.fit,2024-06-02 14:15:00,0,0,, ,test,190.0,3593.0
7150,FITfiles/2024-06-02/UMICH_20240602_143000_59.fit,2024-06-02 14:30:00,0,0,, ,train,190.0,3600.0
7148,FITfiles/2024-06-02/UMICH_20240602_144500_59.fit,2024-06-02 14:45:00,0,0,, ,train,190.0,3600.0
7187,FITfiles/2024-06-02/UMICH_20240602_150000_59.fit,2024-06-02 15:00:00,0,0,, ,valid,190.0,3600.0
7185,FITfiles/2024-06-02/UMICH_20240602_151500_59.fit,2024-06-02 15:15:00,0,0,, ,train,190.0,3600.0
7169,FITfiles/2024-06-02/UMICH_20240602_153000_59.fit,2024-06-02 15:30:00,0,0,, ,train,190.0,3600.0
7143,FITfiles/2024-06-02/UMICH_20240602_154500_59.fit,2024-06-02 15:45:00,0,0,, ,train,190.0,3600.0
7147,FITfiles/2024-06-02/UMICH_20240602_160000_59.fit,2024-06-02 16:00:00,0,0,, ,train,190.0,3600.0
7154,FITfiles/2024-06-02/UMICH_20240602_161500_59.fit,2024-06-02 16:15:00,0,0,, ,test,190.0,3593.0
7153,FITfiles/2024-06-02/UMICH_20240602_163000_59.fit,2024-06-02 16:30:00,0,0,, ,test,190.0,3600.0
7149,FITfiles/2024-06-02/UMICH_20240602_164500_59.fit,2024-06-02 16:45:00,0,0,, ,valid,190.0,3600.0
7152,FITfiles/2024-06-02/UMICH_20240602_170000_59.fit,2024-06-02 17:00:00,0,0,, ,train,190.0,3600.0
7146,FITfiles/2024-06-02/UMICH_20240602_171500_59.fit,2024-06-02 17:15:00,0,0,, ,valid,190.0,3600.0
7142,FITfiles/2024-06-02/UMICH_20240602_173000_59.fit,2024-06-02 17:30:00,0,0,, ,test,190.0,3600.0
7139,FITfiles/2024-06-02/UMICH_20240602_174500_59.fit,2024-06-02 17:45:00,0,0,, ,train,190.0,3600.0
7141,FITfiles/2024-06-02/UMICH_20240602_180000_59.fit,2024-06-02 18:00:00,0,0,, ,train,190.0,3600.0
7167,FITfiles/2024-06-02/UMICH_20240602_181500_59.fit,2024-06-02 18:15:00,0,0,, ,test,190.0,3592.0
7144,FITfiles/2024-06-02/UMICH_20240602_183000_59.fit,2024-06-02 18:30:00,0,0,, ,valid,190.0,3600.0
7137,FITfiles/2024-06-02/UMICH_20240602_184500_59.fit,2024-06-02 18:45:00,0,0,, ,test,190.0,3600.0
7145,FITfiles/2024-06-02/UMICH_20240602_190000_59.fit,2024-06-02 19:00:00,0,0,, ,train,190.0,3600.0
7135,FITfiles/2024-06-02/UMICH_20240602_191500_59.fit,2024-06-02 19:15:00,0,0,, ,test,190.0,3600.0
7136,FITfiles/2024-06-02/UMICH_20240602_193000_59.fit,2024-06-02 19:30:00,0,0,, ,valid,190.0,3600.0
7138,FITfiles/2024-06-02/UMICH_20240602_194500_59.fit,2024-06-02 19:45:00,0,0,, ,train,190.0,3600.0
7140,FITfiles/2024-06-02/UMICH_20240602_200000_59.fit,2024-06-02 20:00:00,0,0,, ,valid,190.0,3600.0
7133,FITfiles/2024-06-02/UMICH_20240602_201500_59.fit,2024-06-02 20:15:00,0,0,, ,valid,190.0,3592.0
7134,FITfiles/2024-06-02/UMICH_20240602_203000_59.fit,2024-06-02 20:30:00,0,0,, ,train,190.0,3600.0
7132,FITfiles/2024-06-02/UMICH_20240602_204500_59.fit,2024-06-02 20:45:00,0,0,, ,test,190.0,3590.0
2030,FITfiles/2024-06-03/UMICH_20240603_063000_59.fit,2024-06-03 06:30:00,0,0,, ,train,190.0,3600.0
2028,FITfiles/2024-06-03/UMICH_20240603_064500_59.fit,2024-06-03 06:45:00,0,0,, ,train,190.0,3600.0
2036,FITfiles/2024-06-03/UMICH_20240603_070000_59.fit,2024-06-03 07:00:00,0,0,, ,train,190.0,3600.0
2039,FITfiles/2024-06-03/UMICH_20240603_071500_59.fit,2024-06-03 07:15:00,0,0,, ,test,190.0,3600.0
2026,FITfiles/2024-06-03/UMICH_20240603_073000_59.fit,2024-06-03 07:30:00,0,0,, ,train,190.0,3600.0
2038,FITfiles/2024-06-03/UMICH_20240603_074500_59.fit,2024-06-03 07:45:00,0,0,, ,train,190.0,3600.0
2040,FITfiles/2024-06-03/UMICH_20240603_080000_59.fit,2024-06-03 08:00:00,0,0,, ,train,190.0,3600.0
2029,FITfiles/2024-06-03/UMICH_20240603_081500_59.fit,2024-06-03 08:15:00,0,0,, ,train,190.0,3593.0
2027,FITfiles/2024-06-03/UMICH_20240603_083000_59.fit,2024-06-03 08:30:00,0,0,, ,test,190.0,3600.0
2015,FITfiles/2024-06-03/UMICH_20240603_084500_59.fit,2024-06-03 08:45:00,0,0,, ,valid,190.0,3600.0
2025,FITfiles/2024-06-03/UMICH_20240603_090000_59.fit,2024-06-03 09:00:00,0,0,, ,train,190.0,3600.0
2021,FITfiles/2024-06-03/UMICH_20240603_091500_59.fit,2024-06-03 09:15:00,0,0,, ,train,190.0,3600.0
2020,FITfiles/2024-06-03/UMICH_20240603_093000_59.fit,2024-06-03 09:30:00,0,0,, ,train,190.0,3600.0
2019,FITfiles/2024-06-03/UMICH_20240603_094500_59.fit,2024-06-03 09:45:00,0,0,, ,train,190.0,3600.0
2016,FITfiles/2024-06-03/UMICH_20240603_100000_59.fit,2024-06-03 10:00:00,0,0,, ,train,190.0,3600.0
2009,FITfiles/2024-06-03/UMICH_20240603_101500_59.fit,2024-06-03 10:15:00,0,0,, ,test,190.0,3600.0
2014,FITfiles/2024-06-03/UMICH_20240603_102959_59.fit,2024-06-03 10:29:59,0,0,, ,train,190.0,3600.0
2022,FITfiles/2024-06-03/UMICH_20240603_104459_59.fit,2024-06-03 10:44:59,0,0,, ,train,190.0,3600.0
2010,FITfiles/2024-06-03/UMICH_20240603_105959_59.fit,2024-06-03 10:59:59,0,0,, ,train,190.0,3600.0
2007,FITfiles/2024-06-03/UMICH_20240603_111459_59.fit,2024-06-03 11:14:59,0,0,, ,valid,190.0,3600.0
2018,FITfiles/2024-06-03/UMICH_20240603_112959_59.fit,2024-06-03 11:29:59,0,0,, ,train,190.0,3600.0
2006,FITfiles/2024-06-03/UMICH_20240603_114459_59.fit,2024-06-03 11:44:59,0,0,, ,test,190.0,3600.0
2003,FITfiles/2024-06-03/UMICH_20240603_115959_59.fit,2024-06-03 11:59:59,0,0,, ,test,190.0,3600.0
2013,FITfiles/2024-06-03/UMICH_20240603_121459_59.fit,2024-06-03 12:14:59,0,0,, ,test,190.0,3595.0
2011,FITfiles/2024-06-03/UMICH_20240603_123000_59.fit,2024-06-03 12:30:00,1,3,, ,test,190.0,3600.0
2023,FITfiles/2024-06-03/UMICH_20240603_124500_59.fit,2024-06-03 12:45:00,0,0,, ,train,190.0,3600.0
2008,FITfiles/2024-06-03/UMICH_20240603_130000_59.fit,2024-06-03 13:00:00,0,0,, ,train,190.0,3600.0
2002,FITfiles/2024-06-03/UMICH_20240603_131500_59.fit,2024-06-03 13:15:00,0,0,, ,train,190.0,3600.0
2017,FITfiles/2024-06-03/UMICH_20240603_133000_59.fit,2024-06-03 13:30:00,0,0,, ,train,190.0,3600.0
1998,FITfiles/2024-06-03/UMICH_20240603_134500_59.fit,2024-06-03 13:45:00,0,0,, ,test,190.0,3600.0
2004,FITfiles/2024-06-03/UMICH_20240603_140000_59.fit,2024-06-03 14:00:00,0,0,, ,train,190.0,3600.0
2012,FITfiles/2024-06-03/UMICH_20240603_141500_59.fit,2024-06-03 14:15:00,0,0,, ,test,190.0,3592.0
2005,FITfiles/2024-06-03/UMICH_20240603_143000_59.fit,2024-06-03 14:30:00,0,0,, ,train,190.0,3600.0
2001,FITfiles/2024-06-03/UMICH_20240603_144500_59.fit,2024-06-03 14:45:00,0,0,, ,test,190.0,3600.0
2000,FITfiles/2024-06-03/UMICH_20240603_150000_59.fit,2024-06-03 15:00:00,0,0,, ,train,190.0,3600.0
1997,FITfiles/2024-06-03/UMICH_20240603_151500_59.fit,2024-06-03 15:15:00,0,0,, ,valid,190.0,3600.0
1996,FITfiles/2024-06-03/UMICH_20240603_153000_59.fit,2024-06-03 15:30:00,0,0,, ,test,190.0,3600.0
1995,FITfiles/2024-06-03/UMICH_20240603_154500_59.fit,2024-06-03 15:45:00,0,0,, ,test,190.0,3600.0
1991,FITfiles/2024-06-03/UMICH_20240603_160000_59.fit,2024-06-03 16:00:00,0,0,, ,train,190.0,3600.0
1999,FITfiles/2024-06-03/UMICH_20240603_161500_59.fit,2024-06-03 16:15:00,0,0,, ,test,190.0,3592.0
1987,FITfiles/2024-06-03/UMICH_20240603_163000_59.fit,2024-06-03 16:30:00,0,0,, ,test,190.0,3600.0
1994,FITfiles/2024-06-03/UMICH_20240603_164500_59.fit,2024-06-03 16:45:00,0,0,, ,test,190.0,3600.0
1989,FITfiles/2024-06-03/UMICH_20240603_170000_59.fit,2024-06-03 17:00:00,0,0,, ,train,190.0,3600.0
1981,FITfiles/2024-06-03/UMICH_20240603_171500_59.fit,2024-06-03 17:15:00,0,0,, ,train,190.0,3600.0
1982,FITfiles/2024-06-03/UMICH_20240603_173000_59.fit,2024-06-03 17:30:00,0,0,, ,train,190.0,3600.0
1986,FITfiles/2024-06-03/UMICH_20240603_174500_59.fit,2024-06-03 17:45:00,0,0,, ,train,190.0,3600.0
1984,FITfiles/2024-06-03/UMICH_20240603_180000_59.fit,2024-06-03 18:00:00,0,0,, ,train,190.0,3600.0
1985,FITfiles/2024-06-03/UMICH_20240603_181500_59.fit,2024-06-03 18:15:00,0,0,, ,train,190.0,3592.0
1983,FITfiles/2024-06-03/UMICH_20240603_183000_59.fit,2024-06-03 18:30:00,0,0,, ,train,190.0,3600.0
1978,FITfiles/2024-06-03/UMICH_20240603_184500_59.fit,2024-06-03 18:45:00,0,0,, ,train,190.0,3600.0
1992,FITfiles/2024-06-03/UMICH_20240603_190000_59.fit,2024-06-03 19:00:00,0,0,, ,valid,190.0,3600.0
1990,FITfiles/2024-06-03/UMICH_20240603_191500_59.fit,2024-06-03 19:15:00,0,0,, ,valid,190.0,3600.0
1980,FITfiles/2024-06-03/UMICH_20240603_193000_59.fit,2024-06-03 19:30:00,0,0,, ,train,190.0,3600.0
1979,FITfiles/2024-06-03/UMICH_20240603_194500_59.fit,2024-06-03 19:45:00,0,0,, ,train,190.0,3600.0
1977,FITfiles/2024-06-03/UMICH_20240603_200000_59.fit,2024-06-03 20:00:00,0,0,, ,valid,190.0,3600.0
1975,FITfiles/2024-06-03/UMICH_20240603_201500_59.fit,2024-06-03 20:15:00,0,0,, ,valid,190.0,3592.0
1988,FITfiles/2024-06-03/UMICH_20240603_203000_59.fit,2024-06-03 20:30:00,0,0,, ,train,190.0,3600.0
1993,FITfiles/2024-06-03/UMICH_20240603_204500_59.fit,2024-06-03 20:45:00,0,0,, ,train,190.0,3590.0
8072,FITfiles/2024-06-04/UMICH_20240604_063000_59.fit,2024-06-04 06:30:00,0,0,, ,train,190.0,3600.0
7673,FITfiles/2024-06-04/UMICH_20240604_064500_59.fit,2024-06-04 06:45:00,0,0,, ,train,190.0,3600.0
8075,FITfiles/2024-06-04/UMICH_20240604_070000_59.fit,2024-06-04 07:00:00,0,0,, ,train,190.0,3600.0
8071,FITfiles/2024-06-04/UMICH_20240604_071500_59.fit,2024-06-04 07:15:00,0,0,, ,valid,190.0,3600.0
7674,FITfiles/2024-06-04/UMICH_20240604_073000_59.fit,2024-06-04 07:30:00,0,0,, ,train,190.0,3600.0
8077,FITfiles/2024-06-04/UMICH_20240604_074500_59.fit,2024-06-04 07:45:00,0,0,, ,train,190.0,3600.0
8073,FITfiles/2024-06-04/UMICH_20240604_080000_59.fit,2024-06-04 08:00:00,0,0,, ,test,190.0,3600.0
8079,FITfiles/2024-06-04/UMICH_20240604_081500_59.fit,2024-06-04 08:15:00,0,0,, ,train,190.0,3593.0
8064,FITfiles/2024-06-04/UMICH_20240604_083000_59.fit,2024-06-04 08:30:00,0,0,, ,valid,190.0,3600.0
8074,FITfiles/2024-06-04/UMICH_20240604_084500_59.fit,2024-06-04 08:45:00,0,0,, ,train,190.0,3600.0
8068,FITfiles/2024-06-04/UMICH_20240604_090000_59.fit,2024-06-04 09:00:00,0,0,, ,valid,190.0,3600.0
7672,FITfiles/2024-06-04/UMICH_20240604_091500_59.fit,2024-06-04 09:15:00,0,0,, ,train,190.0,3600.0
8069,FITfiles/2024-06-04/UMICH_20240604_093000_59.fit,2024-06-04 09:30:00,0,0,, ,train,190.0,3600.0
8065,FITfiles/2024-06-04/UMICH_20240604_094500_59.fit,2024-06-04 09:45:00,0,0,, ,train,190.0,3600.0
8067,FITfiles/2024-06-04/UMICH_20240604_100000_59.fit,2024-06-04 10:00:00,0,0,, ,train,190.0,3600.0
7671,FITfiles/2024-06-04/UMICH_20240604_101500_59.fit,2024-06-04 10:15:00,0,0,, ,train,190.0,3600.0
8078,FITfiles/2024-06-04/UMICH_20240604_103000_59.fit,2024-06-04 10:30:00,0,0,, ,train,190.0,3600.0
8076,FITfiles/2024-06-04/UMICH_20240604_104500_59.fit,2024-06-04 10:45:00,0,0,, ,train,190.0,3600.0
8066,FITfiles/2024-06-04/UMICH_20240604_105959_59.fit,2024-06-04 10:59:59,0,0,, ,train,190.0,3600.0
8070,FITfiles/2024-06-04/UMICH_20240604_111459_59.fit,2024-06-04 11:14:59,0,0,, ,test,190.0,3600.0
8063,FITfiles/2024-06-04/UMICH_20240604_112959_59.fit,2024-06-04 11:29:59,0,0,, ,test,190.0,3600.0
8057,FITfiles/2024-06-04/UMICH_20240604_114459_59.fit,2024-06-04 11:44:59,0,0,, ,train,190.0,3600.0
8058,FITfiles/2024-06-04/UMICH_20240604_115959_59.fit,2024-06-04 11:59:59,0,0,, ,valid,190.0,3600.0
8053,FITfiles/2024-06-04/UMICH_20240604_121459_59.fit,2024-06-04 12:14:59,0,0,, ,train,190.0,3595.0
8061,FITfiles/2024-06-04/UMICH_20240604_123000_59.fit,2024-06-04 12:30:00,0,0,, ,train,190.0,3600.0
7670,FITfiles/2024-06-04/UMICH_20240604_124500_59.fit,2024-06-04 12:45:00,0,0,, ,train,190.0,3600.0
8060,FITfiles/2024-06-04/UMICH_20240604_130000_59.fit,2024-06-04 13:00:00,0,0,, ,train,190.0,3600.0
8050,FITfiles/2024-06-04/UMICH_20240604_131500_59.fit,2024-06-04 13:15:00,0,0,, ,train,190.0,3600.0
8062,FITfiles/2024-06-04/UMICH_20240604_133000_59.fit,2024-06-04 13:30:00,0,0,, ,train,190.0,3600.0
8055,FITfiles/2024-06-04/UMICH_20240604_134500_59.fit,2024-06-04 13:45:00,0,0,, ,train,190.0,3600.0
8059,FITfiles/2024-06-04/UMICH_20240604_140000_59.fit,2024-06-04 14:00:00,0,0,, ,train,190.0,3600.0
8044,FITfiles/2024-06-04/UMICH_20240604_141500_59.fit,2024-06-04 14:15:00,0,0,, ,valid,190.0,3593.0
8052,FITfiles/2024-06-04/UMICH_20240604_143000_59.fit,2024-06-04 14:30:00,0,0,, ,train,190.0,3600.0
8049,FITfiles/2024-06-04/UMICH_20240604_144500_59.fit,2024-06-04 14:45:00,0,0,, ,test,190.0,3600.0
8051,FITfiles/2024-06-04/UMICH_20240604_150000_59.fit,2024-06-04 15:00:00,0,0,, ,train,190.0,3600.0
8054,FITfiles/2024-06-04/UMICH_20240604_151500_59.fit,2024-06-04 15:15:00,0,0,, ,train,190.0,3600.0
8043,FITfiles/2024-06-04/UMICH_20240604_153000_59.fit,2024-06-04 15:30:00,0,0,, ,train,190.0,3600.0
8056,FITfiles/2024-06-04/UMICH_20240604_154500_59.fit,2024-06-04 15:45:00,0,0,, ,train,190.0,3600.0
8042,FITfiles/2024-06-04/UMICH_20240604_160000_59.fit,2024-06-04 16:00:00,0,0,, ,test,190.0,3600.0
8040,FITfiles/2024-06-04/UMICH_20240604_161500_59.fit,2024-06-04 16:15:00,0,0,, ,test,190.0,3593.0
8041,FITfiles/2024-06-04/UMICH_20240604_163000_59.fit,2024-06-04 16:30:00,0,0,, ,train,190.0,3600.0
7669,FITfiles/2024-06-04/UMICH_20240604_164500_59.fit,2024-06-04 16:45:00,0,0,, ,train,190.0,3600.0
8035,FITfiles/2024-06-04/UMICH_20240604_170000_59.fit,2024-06-04 17:00:00,0,0,, ,train,190.0,3600.0
8039,FITfiles/2024-06-04/UMICH_20240604_171500_59.fit,2024-06-04 17:15:00,0,0,, ,valid,190.0,3600.0
8046,FITfiles/2024-06-04/UMICH_20240604_173000_59.fit,2024-06-04 17:30:00,0,0,, ,train,190.0,3600.0
8047,FITfiles/2024-06-04/UMICH_20240604_174500_59.fit,2024-06-04 17:45:00,0,0,, ,test,190.0,3600.0
8034,FITfiles/2024-06-04/UMICH_20240604_180000_59.fit,2024-06-04 18:00:00,0,0,, ,train,190.0,3600.0
8036,FITfiles/2024-06-04/UMICH_20240604_181500_59.fit,2024-06-04 18:15:00,0,0,, ,test,190.0,3593.0
8048,FITfiles/2024-06-04/UMICH_20240604_183000_59.fit,2024-06-04 18:30:00,0,0,, ,train,190.0,3600.0
8037,FITfiles/2024-06-04/UMICH_20240604_184500_59.fit,2024-06-04 18:45:00,0,0,, ,test,190.0,3600.0
7666,FITfiles/2024-06-04/UMICH_20240604_190000_59.fit,2024-06-04 19:00:00,0,0,, ,train,190.0,3600.0
8038,FITfiles/2024-06-04/UMICH_20240604_191500_59.fit,2024-06-04 19:15:00,0,0,, ,test,190.0,3600.0
7664,FITfiles/2024-06-04/UMICH_20240604_193000_59.fit,2024-06-04 19:30:00,0,0,, ,test,190.0,3600.0
7665,FITfiles/2024-06-04/UMICH_20240604_194500_59.fit,2024-06-04 19:45:00,0,0,, ,train,190.0,3600.0
7667,FITfiles/2024-06-04/UMICH_20240604_200000_59.fit,2024-06-04 20:00:00,0,0,, ,train,190.0,3600.0
7668,FITfiles/2024-06-04/UMICH_20240604_201500_59.fit,2024-06-04 20:15:00,0,0,, ,test,190.0,3592.0
8033,FITfiles/2024-06-04/UMICH_20240604_203000_59.fit,2024-06-04 20:30:00,0,0,, ,train,190.0,3600.0
8045,FITfiles/2024-06-04/UMICH_20240604_204500_59.fit,2024-06-04 20:45:00,0,0,, ,test,190.0,3591.0
6396,FITfiles/2024-06-05/UMICH_20240605_063000_59.fit,2024-06-05 06:30:00,0,0,, ,train,190.0,3600.0
6378,FITfiles/2024-06-05/UMICH_20240605_064500_59.fit,2024-06-05 06:45:00,0,0,, ,train,190.0,3600.0
6375,FITfiles/2024-06-05/UMICH_20240605_070000_59.fit,2024-06-05 07:00:00,0,0,, ,test,190.0,3600.0
6428,FITfiles/2024-06-05/UMICH_20240605_071500_59.fit,2024-06-05 07:15:00,0,0,, ,train,190.0,3600.0
6379,FITfiles/2024-06-05/UMICH_20240605_073000_59.fit,2024-06-05 07:30:00,0,0,, ,train,190.0,3600.0
6382,FITfiles/2024-06-05/UMICH_20240605_074500_59.fit,2024-06-05 07:45:00,0,0,, ,train,190.0,3600.0
6372,FITfiles/2024-06-05/UMICH_20240605_080000_59.fit,2024-06-05 08:00:00,0,0,, ,train,190.0,3600.0
6366,FITfiles/2024-06-05/UMICH_20240605_081500_59.fit,2024-06-05 08:15:00,0,0,, ,train,190.0,3593.0
6374,FITfiles/2024-06-05/UMICH_20240605_083000_59.fit,2024-06-05 08:30:00,0,0,, ,test,190.0,3600.0
6367,FITfiles/2024-06-05/UMICH_20240605_084500_59.fit,2024-06-05 08:45:00,0,0,, ,train,190.0,3600.0
6376,FITfiles/2024-06-05/UMICH_20240605_090000_59.fit,2024-06-05 09:00:00,0,0,, ,test,190.0,3600.0
6371,FITfiles/2024-06-05/UMICH_20240605_091500_59.fit,2024-06-05 09:15:00,0,0,, ,valid,190.0,3600.0
6373,FITfiles/2024-06-05/UMICH_20240605_093000_59.fit,2024-06-05 09:30:00,0,0,, ,test,190.0,3600.0
6369,FITfiles/2024-06-05/UMICH_20240605_094500_59.fit,2024-06-05 09:45:00,0,0,, ,train,190.0,3600.0
6368,FITfiles/2024-06-05/UMICH_20240605_100000_59.fit,2024-06-05 10:00:00,0,0,, ,train,190.0,3600.0
6370,FITfiles/2024-06-05/UMICH_20240605_101500_59.fit,2024-06-05 10:15:00,0,0,, ,train,190.0,3600.0
6377,FITfiles/2024-06-05/UMICH_20240605_103000_59.fit,2024-06-05 10:30:00,0,0,, ,train,190.0,3600.0
6364,FITfiles/2024-06-05/UMICH_20240605_104500_59.fit,2024-06-05 10:45:00,0,0,, ,test,190.0,3600.0
6359,FITfiles/2024-06-05/UMICH_20240605_105959_59.fit,2024-06-05 10:59:59,0,0,, ,train,190.0,3600.0
6357,FITfiles/2024-06-05/UMICH_20240605_111459_59.fit,2024-06-05 11:14:59,0,0,, ,test,190.0,3600.0
6360,FITfiles/2024-06-05/UMICH_20240605_112959_59.fit,2024-06-05 11:29:59,0,0,, ,test,190.0,3600.0
6356,FITfiles/2024-06-05/UMICH_20240605_114459_59.fit,2024-06-05 11:44:59,0,0,, ,valid,190.0,3600.0
6362,FITfiles/2024-06-05/UMICH_20240605_115959_59.fit,2024-06-05 11:59:59,0,0,, ,valid,190.0,3600.0
6351,FITfiles/2024-06-05/UMICH_20240605_121459_59.fit,2024-06-05 12:14:59,0,0,, ,test,190.0,3596.0
6363,FITfiles/2024-06-05/UMICH_20240605_123000_59.fit,2024-06-05 12:30:00,0,0,, ,train,190.0,3600.0
6365,FITfiles/2024-06-05/UMICH_20240605_124500_59.fit,2024-06-05 12:45:00,0,0,, ,train,190.0,3600.0
6361,FITfiles/2024-06-05/UMICH_20240605_130000_59.fit,2024-06-05 13:00:00,0,0,, ,train,190.0,3600.0
6352,FITfiles/2024-06-05/UMICH_20240605_131500_59.fit,2024-06-05 13:15:00,0,0,, ,test,190.0,3600.0
6355,FITfiles/2024-06-05/UMICH_20240605_133000_59.fit,2024-06-05 13:30:00,0,0,, ,test,190.0,3600.0
6358,FITfiles/2024-06-05/UMICH_20240605_134500_59.fit,2024-06-05 13:45:00,0,0,, ,test,190.0,3600.0
6354,FITfiles/2024-06-05/UMICH_20240605_140000_59.fit,2024-06-05 14:00:00,0,0,, ,valid,190.0,3600.0
6347,FITfiles/2024-06-05/UMICH_20240605_141500_59.fit,2024-06-05 14:15:00,0,0,, ,train,190.0,3593.0
6346,FITfiles/2024-06-05/UMICH_20240605_143000_59.fit,2024-06-05 14:30:00,0,0,, ,train,190.0,3600.0
6339,FITfiles/2024-06-05/UMICH_20240605_144500_59.fit,2024-06-05 14:45:00,0,0,, ,train,190.0,3600.0
6350,FITfiles/2024-06-05/UMICH_20240605_150000_59.fit,2024-06-05 15:00:00,0,0,, ,train,190.0,3600.0
6345,FITfiles/2024-06-05/UMICH_20240605_151500_59.fit,2024-06-05 15:15:00,0,0,, ,test,190.0,3600.0
6348,FITfiles/2024-06-05/UMICH_20240605_153000_59.fit,2024-06-05 15:30:00,0,0,, ,train,190.0,3600.0
6341,FITfiles/2024-06-05/UMICH_20240605_154500_59.fit,2024-06-05 15:45:00,0,0,, ,valid,190.0,3600.0
6344,FITfiles/2024-06-05/UMICH_20240605_160000_59.fit,2024-06-05 16:00:00,0,0,, ,train,190.0,3600.0
6353,FITfiles/2024-06-05/UMICH_20240605_161459_59.fit,2024-06-05 16:14:59,0,0,, ,test,190.0,3593.0
6337,FITfiles/2024-06-05/UMICH_20240605_163000_59.fit,2024-06-05 16:30:00,0,0,, ,train,190.0,3600.0
6349,FITfiles/2024-06-05/UMICH_20240605_164500_59.fit,2024-06-05 16:45:00,0,0,, ,valid,190.0,3600.0
6342,FITfiles/2024-06-05/UMICH_20240605_170000_59.fit,2024-06-05 17:00:00,0,0,, ,train,190.0,3600.0
6340,FITfiles/2024-06-05/UMICH_20240605_171500_59.fit,2024-06-05 17:15:00,0,0,, ,test,190.0,3600.0
6333,FITfiles/2024-06-05/UMICH_20240605_173000_59.fit,2024-06-05 17:30:00,0,0,, ,train,190.0,3600.0
6336,FITfiles/2024-06-05/UMICH_20240605_174500_59.fit,2024-06-05 17:45:00,0,0,, ,train,190.0,3600.0
6332,FITfiles/2024-06-05/UMICH_20240605_180000_59.fit,2024-06-05 18:00:00,0,0,, ,train,190.0,3600.0
6343,FITfiles/2024-06-05/UMICH_20240605_181500_59.fit,2024-06-05 18:15:00,0,0,, ,test,190.0,3593.0
6331,FITfiles/2024-06-05/UMICH_20240605_183000_59.fit,2024-06-05 18:30:00,0,0,, ,test,190.0,3600.0
6329,FITfiles/2024-06-05/UMICH_20240605_184500_59.fit,2024-06-05 18:45:00,0,0,, ,train,190.0,3600.0
6334,FITfiles/2024-06-05/UMICH_20240605_190000_59.fit,2024-06-05 19:00:00,0,0,, ,valid,190.0,3600.0
6328,FITfiles/2024-06-05/UMICH_20240605_191500_59.fit,2024-06-05 19:15:00,0,0,, ,valid,190.0,3600.0
6325,FITfiles/2024-06-05/UMICH_20240605_193000_59.fit,2024-06-05 19:30:00,0,0,, ,test,190.0,3600.0
6335,FITfiles/2024-06-05/UMICH_20240605_194500_59.fit,2024-06-05 19:45:00,0,0,, ,train,190.0,3600.0
6326,FITfiles/2024-06-05/UMICH_20240605_200000_59.fit,2024-06-05 20:00:00,0,0,, ,train,190.0,3600.0
6327,FITfiles/2024-06-05/UMICH_20240605_201500_59.fit,2024-06-05 20:15:00,0,0,, ,train,190.0,3593.0
6338,FITfiles/2024-06-05/UMICH_20240605_203000_59.fit,2024-06-05 20:30:00,0,0,, ,train,190.0,3600.0
6330,FITfiles/2024-06-05/UMICH_20240605_204500_59.fit,2024-06-05 20:45:00,0,0,, ,test,190.0,3590.0
4943,FITfiles/2024-06-06/UMICH_20240606_063000_59.fit,2024-06-06 06:30:00,0,0,, ,train,190.0,3600.0
4958,FITfiles/2024-06-06/UMICH_20240606_064500_59.fit,2024-06-06 06:45:00,0,0,, ,train,190.0,3600.0
4939,FITfiles/2024-06-06/UMICH_20240606_070000_59.fit,2024-06-06 07:00:00,0,0,, ,train,190.0,3600.0
4938,FITfiles/2024-06-06/UMICH_20240606_071500_59.fit,2024-06-06 07:15:00,0,0,, ,train,190.0,3600.0
4933,FITfiles/2024-06-06/UMICH_20240606_073000_59.fit,2024-06-06 07:30:00,0,0,, ,train,190.0,3600.0
4941,FITfiles/2024-06-06/UMICH_20240606_074500_59.fit,2024-06-06 07:45:00,0,0,, ,train,190.0,3600.0
4935,FITfiles/2024-06-06/UMICH_20240606_080000_59.fit,2024-06-06 08:00:00,0,0,, ,train,190.0,3600.0
4927,FITfiles/2024-06-06/UMICH_20240606_081500_59.fit,2024-06-06 08:15:00,0,0,, ,train,190.0,3593.0
4932,FITfiles/2024-06-06/UMICH_20240606_083000_59.fit,2024-06-06 08:30:00,0,0,, ,train,190.0,3600.0
4926,FITfiles/2024-06-06/UMICH_20240606_084500_59.fit,2024-06-06 08:45:00,0,0,, ,test,190.0,3600.0
4929,FITfiles/2024-06-06/UMICH_20240606_090000_59.fit,2024-06-06 09:00:00,0,0,, ,train,190.0,3600.0
4919,FITfiles/2024-06-06/UMICH_20240606_091500_59.fit,2024-06-06 09:15:00,0,0,, ,train,190.0,3600.0
4921,FITfiles/2024-06-06/UMICH_20240606_093000_59.fit,2024-06-06 09:30:00,0,0,, ,train,190.0,3600.0
4915,FITfiles/2024-06-06/UMICH_20240606_094500_59.fit,2024-06-06 09:45:00,0,0,, ,valid,190.0,3600.0
4917,FITfiles/2024-06-06/UMICH_20240606_100000_59.fit,2024-06-06 10:00:00,0,0,, ,test,190.0,3600.0
4920,FITfiles/2024-06-06/UMICH_20240606_101500_59.fit,2024-06-06 10:15:00,0,0,, ,train,190.0,3600.0
4930,FITfiles/2024-06-06/UMICH_20240606_102959_59.fit,2024-06-06 10:29:59,0,0,, ,test,190.0,3600.0
4914,FITfiles/2024-06-06/UMICH_20240606_104459_59.fit,2024-06-06 10:44:59,0,0,, ,test,190.0,3600.0
4924,FITfiles/2024-06-06/UMICH_20240606_105959_59.fit,2024-06-06 10:59:59,0,0,, ,train,190.0,3600.0
4916,FITfiles/2024-06-06/UMICH_20240606_111459_59.fit,2024-06-06 11:14:59,0,0,, ,train,190.0,3600.0
4944,FITfiles/2024-06-06/UMICH_20240606_112959_59.fit,2024-06-06 11:29:59,0,0,, ,valid,190.0,3600.0
4365,FITfiles/2024-06-06/UMICH_20240606_114459_59.fit,2024-06-06 11:44:59,0,0,, ,train,190.0,3600.0
4923,FITfiles/2024-06-06/UMICH_20240606_115959_59.fit,2024-06-06 11:59:59,0,0,, ,train,190.0,3600.0
4956,FITfiles/2024-06-06/UMICH_20240606_121459_59.fit,2024-06-06 12:14:59,0,0,, ,test,190.0,3596.0
4925,FITfiles/2024-06-06/UMICH_20240606_123000_59.fit,2024-06-06 12:30:00,0,0,, ,train,190.0,3600.0
4906,FITfiles/2024-06-06/UMICH_20240606_124500_59.fit,2024-06-06 12:45:00,0,0,, ,valid,190.0,3600.0
4366,FITfiles/2024-06-06/UMICH_20240606_130000_59.fit,2024-06-06 13:00:00,0,0,, ,train,190.0,3600.0
4367,FITfiles/2024-06-06/UMICH_20240606_131500_59.fit,2024-06-06 13:15:00,0,0,, ,train,190.0,3600.0
4918,FITfiles/2024-06-06/UMICH_20240606_133000_59.fit,2024-06-06 13:30:00,0,0,, ,valid,190.0,3600.0
4908,FITfiles/2024-06-06/UMICH_20240606_134500_59.fit,2024-06-06 13:45:00,0,0,, ,train,190.0,3600.0
4931,FITfiles/2024-06-06/UMICH_20240606_140000_59.fit,2024-06-06 14:00:00,0,0,, ,valid,190.0,3600.0
4905,FITfiles/2024-06-06/UMICH_20240606_141500_59.fit,2024-06-06 14:15:00,0,0,, ,train,190.0,3593.0
4909,FITfiles/2024-06-06/UMICH_20240606_143000_59.fit,2024-06-06 14:30:00,0,0,, ,valid,190.0,3600.0
4910,FITfiles/2024-06-06/UMICH_20240606_144500_59.fit,2024-06-06 14:45:00,0,0,, ,train,190.0,3600.0
4928,FITfiles/2024-06-06/UMICH_20240606_150000_59.fit,2024-06-06 15:00:00,0,0,, ,valid,190.0,3600.0
4902,FITfiles/2024-06-06/UMICH_20240606_151500_59.fit,2024-06-06 15:15:00,0,0,, ,train,190.0,3600.0
4899,FITfiles/2024-06-06/UMICH_20240606_153000_59.fit,2024-06-06 15:30:00,0,0,, ,train,190.0,3600.0
4900,FITfiles/2024-06-06/UMICH_20240606_154500_59.fit,2024-06-06 15:45:00,0,0,, ,test,190.0,3600.0
4913,FITfiles/2024-06-06/UMICH_20240606_160000_59.fit,2024-06-06 16:00:00,0,0,, ,train,190.0,3600.0
4891,FITfiles/2024-06-06/UMICH_20240606_161459_59.fit,2024-06-06 16:14:59,0,0,, ,valid,190.0,3593.0
4898,FITfiles/2024-06-06/UMICH_20240606_163000_59.fit,2024-06-06 16:30:00,0,0,, ,train,190.0,3600.0
4895,FITfiles/2024-06-06/UMICH_20240606_164500_59.fit,2024-06-06 16:45:00,0,0,, ,train,190.0,3600.0
4907,FITfiles/2024-06-06/UMICH_20240606_170000_59.fit,2024-06-06 17:00:00,0,0,, ,train,190.0,3600.0
4911,FITfiles/2024-06-06/UMICH_20240606_171500_59.fit,2024-06-06 17:15:00,0,0,, ,train,190.0,3600.0
4922,FITfiles/2024-06-06/UMICH_20240606_173000_59.fit,2024-06-06 17:30:00,0,0,, ,train,190.0,3600.0
4897,FITfiles/2024-06-06/UMICH_20240606_174500_59.fit,2024-06-06 17:45:00,0,0,, ,valid,190.0,3600.0
4364,FITfiles/2024-06-06/UMICH_20240606_180000_59.fit,2024-06-06 18:00:00,0,0,, ,test,190.0,3600.0
4912,FITfiles/2024-06-06/UMICH_20240606_181500_59.fit,2024-06-06 18:15:00,0,0,, ,valid,190.0,3593.0
4363,FITfiles/2024-06-06/UMICH_20240606_183000_59.fit,2024-06-06 18:30:00,0,0,, ,train,190.0,3600.0
4890,FITfiles/2024-06-06/UMICH_20240606_184500_59.fit,2024-06-06 18:45:00,0,0,, ,train,190.0,3600.0
4903,FITfiles/2024-06-06/UMICH_20240606_190000_59.fit,2024-06-06 19:00:00,0,0,, ,train,190.0,3600.0
4896,FITfiles/2024-06-06/UMICH_20240606_191500_59.fit,2024-06-06 19:15:00,0,0,, ,valid,190.0,3600.0
4904,FITfiles/2024-06-06/UMICH_20240606_193000_59.fit,2024-06-06 19:30:00,0,0,, ,test,190.0,3600.0
4901,FITfiles/2024-06-06/UMICH_20240606_194500_59.fit,2024-06-06 19:45:00,0,0,, ,train,190.0,3600.0
4893,FITfiles/2024-06-06/UMICH_20240606_200000_59.fit,2024-06-06 20:00:00,0,0,, ,train,190.0,3600.0
4940,FITfiles/2024-06-06/UMICH_20240606_201500_59.fit,2024-06-06 20:15:00,0,0,, ,test,190.0,3592.0
4887,FITfiles/2024-06-06/UMICH_20240606_203000_59.fit,2024-06-06 20:30:00,0,0,, ,valid,190.0,3600.0
4889,FITfiles/2024-06-06/UMICH_20240606_204500_59.fit,2024-06-06 20:45:00,0,0,, ,test,190.0,3590.0
7255,FITfiles/2024-06-07/UMICH_20240607_063000_59.fit,2024-06-07 06:30:00,0,0,, ,valid,190.0,3600.0
7249,FITfiles/2024-06-07/UMICH_20240607_064500_59.fit,2024-06-07 06:45:00,0,0,, ,valid,190.0,3600.0
7245,FITfiles/2024-06-07/UMICH_20240607_070000_59.fit,2024-06-07 07:00:00,0,0,, ,test,190.0,3600.0
7246,FITfiles/2024-06-07/UMICH_20240607_071500_59.fit,2024-06-07 07:15:00,0,0,, ,valid,190.0,3600.0
7250,FITfiles/2024-06-07/UMICH_20240607_073000_59.fit,2024-06-07 07:30:00,0,0,, ,train,190.0,3600.0
7247,FITfiles/2024-06-07/UMICH_20240607_074500_59.fit,2024-06-07 07:45:00,0,0,, ,test,190.0,3600.0
7277,FITfiles/2024-06-07/UMICH_20240607_080000_59.fit,2024-06-07 08:00:00,0,0,, ,train,190.0,3600.0
7242,FITfiles/2024-06-07/UMICH_20240607_081500_59.fit,2024-06-07 08:15:00,0,0,, ,train,190.0,3593.0
7244,FITfiles/2024-06-07/UMICH_20240607_083000_59.fit,2024-06-07 08:30:00,0,0,, ,train,190.0,3600.0
7238,FITfiles/2024-06-07/UMICH_20240607_084500_59.fit,2024-06-07 08:45:00,0,0,, ,train,190.0,3600.0
7232,FITfiles/2024-06-07/UMICH_20240607_090000_59.fit,2024-06-07 09:00:00,0,0,, ,train,190.0,3600.0
7237,FITfiles/2024-06-07/UMICH_20240607_091500_59.fit,2024-06-07 09:15:00,0,0,, ,train,190.0,3600.0
7224,FITfiles/2024-06-07/UMICH_20240607_093000_59.fit,2024-06-07 09:30:00,0,0,, ,train,190.0,3600.0
7227,FITfiles/2024-06-07/UMICH_20240607_094500_59.fit,2024-06-07 09:45:00,0,0,, ,test,190.0,3600.0
7234,FITfiles/2024-06-07/UMICH_20240607_100000_59.fit,2024-06-07 10:00:00,0,0,, ,train,190.0,3600.0
7235,FITfiles/2024-06-07/UMICH_20240607_101500_59.fit,2024-06-07 10:15:00,0,0,, ,test,190.0,3600.0
7270,FITfiles/2024-06-07/UMICH_20240607_102959_59.fit,2024-06-07 10:29:59,1,3,, ,train,190.0,3600.0
7223,FITfiles/2024-06-07/UMICH_20240607_104459_59.fit,2024-06-07 10:44:59,0,0,, ,train,190.0,3600.0
7228,FITfiles/2024-06-07/UMICH_20240607_105959_59.fit,2024-06-07 10:59:59,0,0,, ,test,190.0,3600.0
7236,FITfiles/2024-06-07/UMICH_20240607_111459_59.fit,2024-06-07 11:14:59,0,0,, ,train,190.0,3600.0
7241,FITfiles/2024-06-07/UMICH_20240607_112959_59.fit,2024-06-07 11:29:59,0,0,, ,train,190.0,3600.0
7222,FITfiles/2024-06-07/UMICH_20240607_114459_59.fit,2024-06-07 11:44:59,0,0,, ,train,190.0,3600.0
7226,FITfiles/2024-06-07/UMICH_20240607_115959_59.fit,2024-06-07 11:59:59,0,0,, ,train,190.0,3600.0
7217,FITfiles/2024-06-07/UMICH_20240607_121459_59.fit,2024-06-07 12:14:59,0,0,, ,test,190.0,3595.0
7220,FITfiles/2024-06-07/UMICH_20240607_123000_59.fit,2024-06-07 12:30:00,0,0,, ,train,190.0,3600.0
7233,FITfiles/2024-06-07/UMICH_20240607_124500_59.fit,2024-06-07 12:45:00,0,0,, ,train,190.0,3600.0
7212,FITfiles/2024-06-07/UMICH_20240607_130000_59.fit,2024-06-07 13:00:00,0,0,, ,train,190.0,3600.0
7302,FITfiles/2024-06-07/UMICH_20240607_131500_59.fit,2024-06-07 13:15:00,0,0,, ,test,190.0,3600.0
7231,FITfiles/2024-06-07/UMICH_20240607_133000_59.fit,2024-06-07 13:30:00,0,0,, ,train,190.0,3600.0
7218,FITfiles/2024-06-07/UMICH_20240607_134500_59.fit,2024-06-07 13:45:00,0,0,, ,test,190.0,3600.0
7229,FITfiles/2024-06-07/UMICH_20240607_140000_59.fit,2024-06-07 14:00:00,0,0,, ,test,190.0,3600.0
7221,FITfiles/2024-06-07/UMICH_20240607_141500_59.fit,2024-06-07 14:15:00,0,0,, ,valid,190.0,3593.0
7216,FITfiles/2024-06-07/UMICH_20240607_143000_59.fit,2024-06-07 14:30:00,0,0,, ,train,190.0,3600.0
7210,FITfiles/2024-06-07/UMICH_20240607_144500_59.fit,2024-06-07 14:45:00,0,0,, ,train,190.0,3600.0
7230,FITfiles/2024-06-07/UMICH_20240607_150000_59.fit,2024-06-07 15:00:00,0,0,, ,train,190.0,3600.0
7213,FITfiles/2024-06-07/UMICH_20240607_151500_59.fit,2024-06-07 15:15:00,0,0,, ,train,190.0,3600.0
7215,FITfiles/2024-06-07/UMICH_20240607_153000_59.fit,2024-06-07 15:30:00,0,0,, ,valid,190.0,3600.0
7211,FITfiles/2024-06-07/UMICH_20240607_154500_59.fit,2024-06-07 15:45:00,0,0,, ,train,190.0,3600.0
7209,FITfiles/2024-06-07/UMICH_20240607_160000_59.fit,2024-06-07 16:00:00,0,0,, ,train,190.0,3600.0
7207,FITfiles/2024-06-07/UMICH_20240607_161500_59.fit,2024-06-07 16:15:00,0,0,, ,valid,190.0,3592.0
7199,FITfiles/2024-06-07/UMICH_20240607_163000_59.fit,2024-06-07 16:30:00,0,0,, ,test,190.0,3600.0
7206,FITfiles/2024-06-07/UMICH_20240607_164500_59.fit,2024-06-07 16:45:00,0,0,, ,valid,190.0,3600.0
7204,FITfiles/2024-06-07/UMICH_20240607_170000_59.fit,2024-06-07 17:00:00,0,0,, ,test,190.0,3600.0
7200,FITfiles/2024-06-07/UMICH_20240607_171500_59.fit,2024-06-07 17:15:00,0,0,, ,train,190.0,3600.0
7205,FITfiles/2024-06-07/UMICH_20240607_174500_59.fit,2024-06-07 17:45:00,0,0,, ,train,190.0,3600.0
7202,FITfiles/2024-06-07/UMICH_20240607_180000_59.fit,2024-06-07 18:00:00,0,0,, ,valid,190.0,3600.0
7194,FITfiles/2024-06-07/UMICH_20240607_181500_59.fit,2024-06-07 18:15:00,0,0,, ,train,190.0,3592.0
7214,FITfiles/2024-06-07/UMICH_20240607_183000_59.fit,2024-06-07 18:30:00,0,0,, ,test,190.0,3600.0
7195,FITfiles/2024-06-07/UMICH_20240607_184500_59.fit,2024-06-07 18:45:00,0,0,, ,train,190.0,3600.0
7197,FITfiles/2024-06-07/UMICH_20240607_190000_59.fit,2024-06-07 19:00:00,0,0,, ,valid,190.0,3600.0
7193,FITfiles/2024-06-07/UMICH_20240607_191500_59.fit,2024-06-07 19:15:00,0,0,, ,train,190.0,3600.0
7196,FITfiles/2024-06-07/UMICH_20240607_193000_59.fit,2024-06-07 19:30:00,0,0,, ,test,190.0,3600.0
7198,FITfiles/2024-06-07/UMICH_20240607_194500_59.fit,2024-06-07 19:45:00,0,0,, ,train,190.0,3600.0
7203,FITfiles/2024-06-07/UMICH_20240607_200000_59.fit,2024-06-07 20:00:00,0,0,, ,test,190.0,3600.0
7208,FITfiles/2024-06-07/UMICH_20240607_201500_59.fit,2024-06-07 20:15:00,0,0,, ,train,190.0,3592.0
7243,FITfiles/2024-06-07/UMICH_20240607_203000_59.fit,2024-06-07 20:30:00,0,0,, ,train,190.0,3600.0
7219,FITfiles/2024-06-07/UMICH_20240607_204500_59.fit,2024-06-07 20:45:00,0,0,, ,train,190.0,3591.0
2089,FITfiles/2024-06-08/UMICH_20240608_063000_59.fit,2024-06-08 06:30:00,0,0,, ,train,190.0,3600.0
2086,FITfiles/2024-06-08/UMICH_20240608_064500_59.fit,2024-06-08 06:45:00,0,0,, ,train,190.0,3600.0
2087,FITfiles/2024-06-08/UMICH_20240608_070000_59.fit,2024-06-08 07:00:00,0,0,, ,train,190.0,3600.0
2085,FITfiles/2024-06-08/UMICH_20240608_071500_59.fit,2024-06-08 07:15:00,0,0,, ,test,190.0,3600.0
2081,FITfiles/2024-06-08/UMICH_20240608_073000_59.fit,2024-06-08 07:30:00,0,0,, ,train,190.0,3600.0
2082,FITfiles/2024-06-08/UMICH_20240608_074500_59.fit,2024-06-08 07:45:00,0,0,, ,train,190.0,3600.0
2094,FITfiles/2024-06-08/UMICH_20240608_080000_59.fit,2024-06-08 08:00:00,0,0,, ,valid,190.0,3600.0
2074,FITfiles/2024-06-08/UMICH_20240608_081500_59.fit,2024-06-08 08:15:00,0,0,, ,train,190.0,3593.0
2079,FITfiles/2024-06-08/UMICH_20240608_083000_59.fit,2024-06-08 08:30:00,0,0,, ,train,190.0,3600.0
2077,FITfiles/2024-06-08/UMICH_20240608_084500_59.fit,2024-06-08 08:45:00,0,0,, ,train,190.0,3600.0
2071,FITfiles/2024-06-08/UMICH_20240608_090000_59.fit,2024-06-08 09:00:00,0,0,, ,train,190.0,3600.0
2084,FITfiles/2024-06-08/UMICH_20240608_091500_59.fit,2024-06-08 09:15:00,0,0,, ,train,190.0,3600.0
2066,FITfiles/2024-06-08/UMICH_20240608_093000_59.fit,2024-06-08 09:30:00,0,0,, ,train,190.0,3600.0
2075,FITfiles/2024-06-08/UMICH_20240608_094500_59.fit,2024-06-08 09:45:00,0,0,, ,valid,190.0,3600.0
2072,FITfiles/2024-06-08/UMICH_20240608_100000_59.fit,2024-06-08 10:00:00,0,0,, ,valid,190.0,3600.0
2092,FITfiles/2024-06-08/UMICH_20240608_101500_59.fit,2024-06-08 10:15:00,0,0,, ,test,190.0,3600.0
2080,FITfiles/2024-06-08/UMICH_20240608_103000_59.fit,2024-06-08 10:30:00,0,0,, ,train,190.0,3600.0
2068,FITfiles/2024-06-08/UMICH_20240608_104459_59.fit,2024-06-08 10:44:59,0,0,, ,valid,190.0,3600.0
2063,FITfiles/2024-06-08/UMICH_20240608_105959_59.fit,2024-06-08 10:59:59,0,0,, ,valid,190.0,3600.0
2083,FITfiles/2024-06-08/UMICH_20240608_111459_59.fit,2024-06-08 11:14:59,0,0,, ,train,190.0,3600.0
2069,FITfiles/2024-06-08/UMICH_20240608_112959_59.fit,2024-06-08 11:29:59,0,0,, ,valid,190.0,3600.0
2070,FITfiles/2024-06-08/UMICH_20240608_114459_59.fit,2024-06-08 11:44:59,0,0,, ,train,190.0,3600.0
2067,FITfiles/2024-06-08/UMICH_20240608_115959_59.fit,2024-06-08 11:59:59,0,0,, ,valid,190.0,3600.0
2078,FITfiles/2024-06-08/UMICH_20240608_121459_59.fit,2024-06-08 12:14:59,0,0,, ,valid,190.0,3595.0
2065,FITfiles/2024-06-08/UMICH_20240608_123000_59.fit,2024-06-08 12:30:00,0,0,, ,test,190.0,3600.0
2062,FITfiles/2024-06-08/UMICH_20240608_124500_59.fit,2024-06-08 12:45:00,0,0,, ,valid,190.0,3600.0
2064,FITfiles/2024-06-08/UMICH_20240608_130000_59.fit,2024-06-08 13:00:00,0,0,, ,test,190.0,3600.0
2073,FITfiles/2024-06-08/UMICH_20240608_131500_59.fit,2024-06-08 13:15:00,0,0,, ,train,190.0,3600.0
2061,FITfiles/2024-06-08/UMICH_20240608_133000_59.fit,2024-06-08 13:30:00,0,0,, ,train,190.0,3600.0
2057,FITfiles/2024-06-08/UMICH_20240608_134500_59.fit,2024-06-08 13:45:00,0,0,, ,train,190.0,3600.0
2076,FITfiles/2024-06-08/UMICH_20240608_140000_59.fit,2024-06-08 14:00:00,0,0,, ,train,190.0,3600.0
2054,FITfiles/2024-06-08/UMICH_20240608_141500_59.fit,2024-06-08 14:15:00,0,0,, ,train,190.0,3592.0
2060,FITfiles/2024-06-08/UMICH_20240608_143000_59.fit,2024-06-08 14:30:00,0,0,, ,train,190.0,3600.0
2058,FITfiles/2024-06-08/UMICH_20240608_144500_59.fit,2024-06-08 14:45:00,0,0,, ,train,190.0,3600.0
2046,FITfiles/2024-06-08/UMICH_20240608_150000_59.fit,2024-06-08 15:00:00,0,0,, ,train,190.0,3600.0
2048,FITfiles/2024-06-08/UMICH_20240608_151500_59.fit,2024-06-08 15:15:00,0,0,, ,train,190.0,3600.0
2047,FITfiles/2024-06-08/UMICH_20240608_153000_59.fit,2024-06-08 15:30:00,0,0,, ,valid,190.0,3600.0
2051,FITfiles/2024-06-08/UMICH_20240608_154500_59.fit,2024-06-08 15:45:00,0,0,, ,valid,190.0,3600.0
2052,FITfiles/2024-06-08/UMICH_20240608_160000_59.fit,2024-06-08 16:00:00,0,0,, ,valid,190.0,3600.0
2088,FITfiles/2024-06-08/UMICH_20240608_161500_59.fit,2024-06-08 16:15:00,0,0,, ,train,190.0,3593.0
2056,FITfiles/2024-06-08/UMICH_20240608_163000_59.fit,2024-06-08 16:30:00,0,0,, ,train,190.0,3600.0
2043,FITfiles/2024-06-08/UMICH_20240608_164500_59.fit,2024-06-08 16:45:00,0,0,, ,valid,190.0,3600.0
2059,FITfiles/2024-06-08/UMICH_20240608_170000_59.fit,2024-06-08 17:00:00,0,0,, ,train,190.0,3600.0
2053,FITfiles/2024-06-08/UMICH_20240608_171500_59.fit,2024-06-08 17:15:00,0,0,, ,test,190.0,3600.0
2045,FITfiles/2024-06-08/UMICH_20240608_173000_59.fit,2024-06-08 17:30:00,0,0,, ,test,190.0,3600.0
2037,FITfiles/2024-06-08/UMICH_20240608_174500_59.fit,2024-06-08 17:45:00,0,0,, ,train,190.0,3600.0
2042,FITfiles/2024-06-08/UMICH_20240608_180000_59.fit,2024-06-08 18:00:00,0,0,, ,test,190.0,3600.0
2049,FITfiles/2024-06-08/UMICH_20240608_181500_59.fit,2024-06-08 18:15:00,0,0,, ,test,190.0,3593.0
2044,FITfiles/2024-06-08/UMICH_20240608_183000_59.fit,2024-06-08 18:30:00,0,0,, ,train,190.0,3600.0
2035,FITfiles/2024-06-08/UMICH_20240608_184500_59.fit,2024-06-08 18:45:00,0,0,, ,valid,190.0,3600.0
2041,FITfiles/2024-06-08/UMICH_20240608_190000_59.fit,2024-06-08 19:00:00,0,0,, ,test,190.0,3600.0
2034,FITfiles/2024-06-08/UMICH_20240608_191500_59.fit,2024-06-08 19:15:00,0,0,, ,train,190.0,3600.0
2050,FITfiles/2024-06-08/UMICH_20240608_193000_59.fit,2024-06-08 19:30:00,0,0,, ,train,190.0,3600.0
2055,FITfiles/2024-06-08/UMICH_20240608_194500_59.fit,2024-06-08 19:45:00,0,0,, ,train,190.0,3600.0
2032,FITfiles/2024-06-08/UMICH_20240608_200000_59.fit,2024-06-08 20:00:00,0,0,, ,train,190.0,3600.0
2031,FITfiles/2024-06-08/UMICH_20240608_201500_59.fit,2024-06-08 20:15:00,0,0,, ,train,190.0,3593.0
2024,FITfiles/2024-06-08/UMICH_20240608_203000_59.fit,2024-06-08 20:30:00,0,0,, ,train,190.0,3600.0
2033,FITfiles/2024-06-08/UMICH_20240608_204500_59.fit,2024-06-08 20:45:00,0,0,, ,valid,190.0,3591.0
8862,FITfiles/2024-06-09/UMICH_20240609_063000_59.fit,2024-06-09 06:30:00,0,0,, ,train,190.0,3600.0
8861,FITfiles/2024-06-09/UMICH_20240609_064500_59.fit,2024-06-09 06:45:00,0,0,, ,train,190.0,3600.0
8863,FITfiles/2024-06-09/UMICH_20240609_070000_59.fit,2024-06-09 07:00:00,0,0,, ,test,190.0,3600.0
8859,FITfiles/2024-06-09/UMICH_20240609_071500_59.fit,2024-06-09 07:15:00,0,0,, ,valid,190.0,3600.0
8853,FITfiles/2024-06-09/UMICH_20240609_073000_59.fit,2024-06-09 07:30:00,0,0,, ,test,190.0,3600.0
8860,FITfiles/2024-06-09/UMICH_20240609_074500_59.fit,2024-06-09 07:45:00,0,0,, ,train,190.0,3600.0
8855,FITfiles/2024-06-09/UMICH_20240609_080000_59.fit,2024-06-09 08:00:00,0,0,, ,train,190.0,3600.0
8854,FITfiles/2024-06-09/UMICH_20240609_081500_59.fit,2024-06-09 08:15:00,0,0,, ,train,190.0,3592.0
8856,FITfiles/2024-06-09/UMICH_20240609_083000_59.fit,2024-06-09 08:30:00,0,0,, ,train,190.0,3600.0
8857,FITfiles/2024-06-09/UMICH_20240609_084500_59.fit,2024-06-09 08:45:00,0,0,, ,train,190.0,3600.0
8858,FITfiles/2024-06-09/UMICH_20240609_090000_59.fit,2024-06-09 09:00:00,0,0,, ,train,190.0,3600.0
8852,FITfiles/2024-06-09/UMICH_20240609_091500_59.fit,2024-06-09 09:15:00,0,0,, ,valid,190.0,3600.0
8851,FITfiles/2024-06-09/UMICH_20240609_093000_59.fit,2024-06-09 09:30:00,0,0,, ,train,190.0,3600.0
8850,FITfiles/2024-06-09/UMICH_20240609_094500_59.fit,2024-06-09 09:45:00,0,0,, ,train,190.0,3600.0
8848,FITfiles/2024-06-09/UMICH_20240609_100000_59.fit,2024-06-09 10:00:00,0,0,, ,train,190.0,3600.0
8849,FITfiles/2024-06-09/UMICH_20240609_101500_59.fit,2024-06-09 10:15:00,0,0,, ,train,190.0,3600.0
8841,FITfiles/2024-06-09/UMICH_20240609_102959_59.fit,2024-06-09 10:29:59,0,0,, ,test,190.0,3600.0
8845,FITfiles/2024-06-09/UMICH_20240609_104459_59.fit,2024-06-09 10:44:59,0,0,, ,test,190.0,3600.0
8844,FITfiles/2024-06-09/UMICH_20240609_105959_59.fit,2024-06-09 10:59:59,0,0,, ,train,190.0,3600.0
8843,FITfiles/2024-06-09/UMICH_20240609_111459_59.fit,2024-06-09 11:14:59,0,0,, ,train,190.0,3600.0
8847,FITfiles/2024-06-09/UMICH_20240609_112959_59.fit,2024-06-09 11:29:59,0,0,, ,train,190.0,3600.0
8842,FITfiles/2024-06-09/UMICH_20240609_114459_59.fit,2024-06-09 11:44:59,0,0,, ,train,190.0,3600.0
8840,FITfiles/2024-06-09/UMICH_20240609_115959_59.fit,2024-06-09 11:59:59,0,0,, ,train,190.0,3600.0
8839,FITfiles/2024-06-09/UMICH_20240609_121459_59.fit,2024-06-09 12:14:59,0,0,, ,train,190.0,3595.0
8838,FITfiles/2024-06-09/UMICH_20240609_123000_59.fit,2024-06-09 12:30:00,0,0,, ,test,190.0,3600.0
8836,FITfiles/2024-06-09/UMICH_20240609_124500_59.fit,2024-06-09 12:45:00,0,0,, ,train,190.0,3600.0
8837,FITfiles/2024-06-09/UMICH_20240609_130000_59.fit,2024-06-09 13:00:00,0,0,, ,valid,190.0,3600.0
8846,FITfiles/2024-06-09/UMICH_20240609_131500_59.fit,2024-06-09 13:15:00,0,0,, ,train,190.0,3600.0
2122,FITfiles/2024-06-09/UMICH_20240609_133000_59.fit,2024-06-09 13:30:00,0,0,, ,train,190.0,3600.0
2117,FITfiles/2024-06-09/UMICH_20240609_134500_59.fit,2024-06-09 13:45:00,0,0,, ,test,190.0,3600.0
2113,FITfiles/2024-06-09/UMICH_20240609_140000_59.fit,2024-06-09 14:00:00,0,0,, ,train,190.0,3600.0
2118,FITfiles/2024-06-09/UMICH_20240609_141500_59.fit,2024-06-09 14:15:00,0,0,, ,valid,190.0,3592.0
2112,FITfiles/2024-06-09/UMICH_20240609_143000_59.fit,2024-06-09 14:30:00,0,0,, ,train,190.0,3600.0
2108,FITfiles/2024-06-09/UMICH_20240609_144500_59.fit,2024-06-09 14:45:00,0,0,, ,test,190.0,3600.0
2116,FITfiles/2024-06-09/UMICH_20240609_150000_59.fit,2024-06-09 15:00:00,0,0,, ,train,190.0,3600.0
2111,FITfiles/2024-06-09/UMICH_20240609_151500_59.fit,2024-06-09 15:15:00,0,0,, ,valid,190.0,3600.0
2115,FITfiles/2024-06-09/UMICH_20240609_153000_59.fit,2024-06-09 15:30:00,0,0,, ,train,190.0,3600.0
2119,FITfiles/2024-06-09/UMICH_20240609_154500_59.fit,2024-06-09 15:45:00,0,0,, ,train,190.0,3600.0
2107,FITfiles/2024-06-09/UMICH_20240609_160000_59.fit,2024-06-09 16:00:00,0,0,, ,valid,190.0,3600.0
2101,FITfiles/2024-06-09/UMICH_20240609_161500_59.fit,2024-06-09 16:15:00,0,0,, ,test,190.0,3592.0
2099,FITfiles/2024-06-09/UMICH_20240609_163000_59.fit,2024-06-09 16:30:00,0,0,, ,valid,190.0,3600.0
2114,FITfiles/2024-06-09/UMICH_20240609_164500_59.fit,2024-06-09 16:45:00,0,0,, ,train,190.0,3600.0
2104,FITfiles/2024-06-09/UMICH_20240609_170000_59.fit,2024-06-09 17:00:00,0,0,, ,train,190.0,3600.0
2110,FITfiles/2024-06-09/UMICH_20240609_171500_59.fit,2024-06-09 17:15:00,0,0,, ,train,190.0,3600.0
2109,FITfiles/2024-06-09/UMICH_20240609_173000_59.fit,2024-06-09 17:30:00,0,0,, ,test,190.0,3600.0
2120,FITfiles/2024-06-09/UMICH_20240609_174500_59.fit,2024-06-09 17:45:00,0,0,, ,valid,190.0,3600.0
2100,FITfiles/2024-06-09/UMICH_20240609_180000_59.fit,2024-06-09 18:00:00,0,0,, ,train,190.0,3600.0
2106,FITfiles/2024-06-09/UMICH_20240609_181500_59.fit,2024-06-09 18:15:00,0,0,, ,test,190.0,3593.0
2098,FITfiles/2024-06-09/UMICH_20240609_183000_59.fit,2024-06-09 18:30:00,0,0,, ,train,190.0,3600.0
2105,FITfiles/2024-06-09/UMICH_20240609_184500_59.fit,2024-06-09 18:45:00,0,0,, ,train,190.0,3600.0
2103,FITfiles/2024-06-09/UMICH_20240609_190000_59.fit,2024-06-09 19:00:00,0,0,, ,train,190.0,3600.0
2102,FITfiles/2024-06-09/UMICH_20240609_191500_59.fit,2024-06-09 19:15:00,0,0,, ,train,190.0,3600.0
2096,FITfiles/2024-06-09/UMICH_20240609_193000_59.fit,2024-06-09 19:30:00,0,0,, ,train,190.0,3600.0
2091,FITfiles/2024-06-09/UMICH_20240609_194500_59.fit,2024-06-09 19:45:00,0,0,, ,train,190.0,3600.0
2097,FITfiles/2024-06-09/UMICH_20240609_200000_59.fit,2024-06-09 20:00:00,0,0,, ,test,190.0,3600.0
2095,FITfiles/2024-06-09/UMICH_20240609_201500_59.fit,2024-06-09 20:15:00,0,0,, ,train,190.0,3593.0
2090,FITfiles/2024-06-09/UMICH_20240609_203000_59.fit,2024-06-09 20:30:00,0,0,, ,valid,190.0,3600.0
2093,FITfiles/2024-06-09/UMICH_20240609_204500_59.fit,2024-06-09 20:45:00,0,0,, ,valid,190.0,3591.0
1780,FITfiles/2024-06-10/UMICH_20240610_063000_59.fit,2024-06-10 06:30:00,0,0,, ,train,190.0,3600.0
1778,FITfiles/2024-06-10/UMICH_20240610_064500_59.fit,2024-06-10 06:45:00,0,0,, ,train,190.0,3600.0
1763,FITfiles/2024-06-10/UMICH_20240610_070000_59.fit,2024-06-10 07:00:00,0,0,, ,valid,190.0,3600.0
1784,FITfiles/2024-06-10/UMICH_20240610_071500_59.fit,2024-06-10 07:15:00,0,0,, ,valid,190.0,3600.0
1761,FITfiles/2024-06-10/UMICH_20240610_073000_59.fit,2024-06-10 07:30:00,0,0,, ,train,190.0,3600.0
1764,FITfiles/2024-06-10/UMICH_20240610_074500_59.fit,2024-06-10 07:45:00,0,0,, ,train,190.0,3600.0
1759,FITfiles/2024-06-10/UMICH_20240610_080000_59.fit,2024-06-10 08:00:00,0,0,, ,test,190.0,3600.0
1772,FITfiles/2024-06-10/UMICH_20240610_081500_59.fit,2024-06-10 08:15:00,0,0,, ,valid,190.0,3592.0
1768,FITfiles/2024-06-10/UMICH_20240610_083000_59.fit,2024-06-10 08:30:00,0,0,, ,train,190.0,3600.0
1765,FITfiles/2024-06-10/UMICH_20240610_084500_59.fit,2024-06-10 08:45:00,0,0,, ,valid,190.0,3600.0
1777,FITfiles/2024-06-10/UMICH_20240610_090000_59.fit,2024-06-10 09:00:00,0,0,, ,train,190.0,3600.0
1758,FITfiles/2024-06-10/UMICH_20240610_091500_59.fit,2024-06-10 09:15:00,0,0,, ,train,190.0,3600.0
1754,FITfiles/2024-06-10/UMICH_20240610_093000_59.fit,2024-06-10 09:30:00,0,0,, ,train,190.0,3600.0
1782,FITfiles/2024-06-10/UMICH_20240610_094500_59.fit,2024-06-10 09:45:00,0,0,, ,train,190.0,3600.0
1760,FITfiles/2024-06-10/UMICH_20240610_100000_59.fit,2024-06-10 10:00:00,0,0,, ,train,190.0,3600.0
1762,FITfiles/2024-06-10/UMICH_20240610_101500_59.fit,2024-06-10 10:15:00,0,0,, ,train,190.0,3600.0
1748,FITfiles/2024-06-10/UMICH_20240610_103000_59.fit,2024-06-10 10:30:00,0,0,, ,train,190.0,3600.0
1749,FITfiles/2024-06-10/UMICH_20240610_104459_59.fit,2024-06-10 10:44:59,0,0,, ,test,190.0,3600.0
1755,FITfiles/2024-06-10/UMICH_20240610_105959_59.fit,2024-06-10 10:59:59,0,0,, ,valid,190.0,3600.0
1752,FITfiles/2024-06-10/UMICH_20240610_111459_59.fit,2024-06-10 11:14:59,0,0,, ,train,190.0,3600.0
1803,FITfiles/2024-06-10/UMICH_20240610_112959_59.fit,2024-06-10 11:29:59,0,0,, ,train,190.0,3600.0
1743,FITfiles/2024-06-10/UMICH_20240610_114459_59.fit,2024-06-10 11:44:59,0,0,, ,test,190.0,3600.0
1799,FITfiles/2024-06-10/UMICH_20240610_115959_59.fit,2024-06-10 11:59:59,0,0,, ,train,190.0,3600.0
1757,FITfiles/2024-06-10/UMICH_20240610_121459_59.fit,2024-06-10 12:14:59,0,0,, ,valid,190.0,3595.0
1750,FITfiles/2024-06-10/UMICH_20240610_123000_59.fit,2024-06-10 12:30:00,0,0,, ,train,190.0,3600.0
1747,FITfiles/2024-06-10/UMICH_20240610_124500_59.fit,2024-06-10 12:45:00,0,0,, ,test,190.0,3600.0
1751,FITfiles/2024-06-10/UMICH_20240610_130000_59.fit,2024-06-10 13:00:00,0,0,, ,train,190.0,3600.0
1753,FITfiles/2024-06-10/UMICH_20240610_131500_59.fit,2024-06-10 13:15:00,0,0,, ,train,190.0,3600.0
1740,FITfiles/2024-06-10/UMICH_20240610_133000_59.fit,2024-06-10 13:30:00,0,0,, ,test,190.0,3600.0
1738,FITfiles/2024-06-10/UMICH_20240610_134500_59.fit,2024-06-10 13:45:00,0,0,, ,valid,190.0,3600.0
1742,FITfiles/2024-06-10/UMICH_20240610_140000_59.fit,2024-06-10 14:00:00,0,0,, ,train,190.0,3600.0
1735,FITfiles/2024-06-10/UMICH_20240610_141500_59.fit,2024-06-10 14:15:00,0,0,, ,valid,190.0,3593.0
1739,FITfiles/2024-06-10/UMICH_20240610_143000_59.fit,2024-06-10 14:30:00,0,0,, ,test,190.0,3600.0
1737,FITfiles/2024-06-10/UMICH_20240610_144500_59.fit,2024-06-10 14:45:00,0,0,, ,valid,190.0,3600.0
1745,FITfiles/2024-06-10/UMICH_20240610_150000_59.fit,2024-06-10 15:00:00,0,0,, ,valid,190.0,3600.0
1733,FITfiles/2024-06-10/UMICH_20240610_151500_59.fit,2024-06-10 15:15:00,0,0,, ,test,190.0,3600.0
1732,FITfiles/2024-06-10/UMICH_20240610_153000_59.fit,2024-06-10 15:30:00,0,0,, ,train,190.0,3600.0
1756,FITfiles/2024-06-10/UMICH_20240610_154500_59.fit,2024-06-10 15:45:00,0,0,, ,valid,190.0,3600.0
1741,FITfiles/2024-06-10/UMICH_20240610_160000_59.fit,2024-06-10 16:00:00,0,0,, ,valid,190.0,3600.0
1734,FITfiles/2024-06-10/UMICH_20240610_161500_59.fit,2024-06-10 16:15:00,0,0,, ,train,190.0,3592.0
1731,FITfiles/2024-06-10/UMICH_20240610_163000_59.fit,2024-06-10 16:30:00,0,0,, ,train,190.0,3600.0
1724,FITfiles/2024-06-10/UMICH_20240610_164500_59.fit,2024-06-10 16:45:00,0,0,, ,train,190.0,3600.0
1730,FITfiles/2024-06-10/UMICH_20240610_170000_59.fit,2024-06-10 17:00:00,0,0,, ,test,190.0,3600.0
1789,FITfiles/2024-06-10/UMICH_20240610_171500_59.fit,2024-06-10 17:15:00,0,0,, ,valid,190.0,3600.0
1744,FITfiles/2024-06-10/UMICH_20240610_173000_59.fit,2024-06-10 17:30:00,0,0,, ,test,190.0,3600.0
1736,FITfiles/2024-06-10/UMICH_20240610_174500_59.fit,2024-06-10 17:45:00,0,0,, ,train,190.0,3600.0
1746,FITfiles/2024-06-10/UMICH_20240610_180000_59.fit,2024-06-10 18:00:00,0,0,, ,train,190.0,3600.0
1727,FITfiles/2024-06-10/UMICH_20240610_181500_59.fit,2024-06-10 18:15:00,0,0,, ,train,190.0,3593.0
1722,FITfiles/2024-06-10/UMICH_20240610_183000_59.fit,2024-06-10 18:30:00,0,0,, ,train,190.0,3600.0
1728,FITfiles/2024-06-10/UMICH_20240610_184500_59.fit,2024-06-10 18:45:00,0,0,, ,train,190.0,3600.0
1725,FITfiles/2024-06-10/UMICH_20240610_190000_59.fit,2024-06-10 19:00:00,0,0,, ,train,190.0,3600.0
1721,FITfiles/2024-06-10/UMICH_20240610_191500_59.fit,2024-06-10 19:15:00,0,0,, ,test,190.0,3600.0
1718,FITfiles/2024-06-10/UMICH_20240610_193000_59.fit,2024-06-10 19:30:00,0,0,, ,train,190.0,3600.0
1729,FITfiles/2024-06-10/UMICH_20240610_194500_59.fit,2024-06-10 19:45:00,0,0,, ,valid,190.0,3600.0
1723,FITfiles/2024-06-10/UMICH_20240610_200000_59.fit,2024-06-10 20:00:00,0,0,, ,train,190.0,3600.0
1716,FITfiles/2024-06-10/UMICH_20240610_201500_59.fit,2024-06-10 20:15:00,0,0,, ,valid,190.0,3593.0
1717,FITfiles/2024-06-10/UMICH_20240610_203000_59.fit,2024-06-10 20:30:00,0,0,, ,train,190.0,3600.0
1720,FITfiles/2024-06-10/UMICH_20240610_204500_59.fit,2024-06-10 20:45:00,0,0,, ,test,190.0,3591.0
2710,FITfiles/2024-06-11/UMICH_20240611_063000_59.fit,2024-06-11 06:30:00,0,0,, ,test,190.0,3600.0
2704,FITfiles/2024-06-11/UMICH_20240611_064500_59.fit,2024-06-11 06:45:00,0,0,, ,train,190.0,3600.0
2697,FITfiles/2024-06-11/UMICH_20240611_070000_59.fit,2024-06-11 07:00:00,0,0,, ,train,190.0,3600.0
2696,FITfiles/2024-06-11/UMICH_20240611_071500_59.fit,2024-06-11 07:15:00,0,0,, ,train,190.0,3600.0
2699,FITfiles/2024-06-11/UMICH_20240611_073000_59.fit,2024-06-11 07:30:00,0,0,, ,train,190.0,3600.0
2705,FITfiles/2024-06-11/UMICH_20240611_074500_59.fit,2024-06-11 07:45:00,0,0,, ,valid,190.0,3600.0
2700,FITfiles/2024-06-11/UMICH_20240611_080000_59.fit,2024-06-11 08:00:00,0,0,, ,valid,190.0,3600.0
2708,FITfiles/2024-06-11/UMICH_20240611_081500_59.fit,2024-06-11 08:15:00,0,0,, ,valid,190.0,3593.0
2701,FITfiles/2024-06-11/UMICH_20240611_083000_59.fit,2024-06-11 08:30:00,0,0,, ,train,190.0,3600.0
2698,FITfiles/2024-06-11/UMICH_20240611_084500_59.fit,2024-06-11 08:45:00,0,0,, ,train,190.0,3600.0
2702,FITfiles/2024-06-11/UMICH_20240611_090000_59.fit,2024-06-11 09:00:00,0,0,, ,test,190.0,3600.0
2706,FITfiles/2024-06-11/UMICH_20240611_091500_59.fit,2024-06-11 09:15:00,0,0,, ,test,190.0,3600.0
2693,FITfiles/2024-06-11/UMICH_20240611_093000_59.fit,2024-06-11 09:30:00,0,0,, ,valid,190.0,3600.0
2711,FITfiles/2024-06-11/UMICH_20240611_094500_59.fit,2024-06-11 09:45:00,0,0,, ,train,190.0,3600.0
2703,FITfiles/2024-06-11/UMICH_20240611_100000_59.fit,2024-06-11 10:00:00,0,0,, ,train,190.0,3600.0
2685,FITfiles/2024-06-11/UMICH_20240611_101459_59.fit,2024-06-11 10:14:59,0,0,, ,train,190.0,3600.0
2686,FITfiles/2024-06-11/UMICH_20240611_102959_59.fit,2024-06-11 10:29:59,0,0,, ,train,190.0,3600.0
2689,FITfiles/2024-06-11/UMICH_20240611_104459_59.fit,2024-06-11 10:44:59,0,0,, ,test,190.0,3600.0
2684,FITfiles/2024-06-11/UMICH_20240611_105959_59.fit,2024-06-11 10:59:59,0,0,, ,train,190.0,3600.0
2692,FITfiles/2024-06-11/UMICH_20240611_111459_59.fit,2024-06-11 11:14:59,0,0,, ,test,190.0,3600.0
2690,FITfiles/2024-06-11/UMICH_20240611_112959_59.fit,2024-06-11 11:29:59,0,0,, ,valid,190.0,3600.0
2688,FITfiles/2024-06-11/UMICH_20240611_114459_59.fit,2024-06-11 11:44:59,0,0,, ,test,190.0,3600.0
2695,FITfiles/2024-06-11/UMICH_20240611_115959_59.fit,2024-06-11 11:59:59,0,0,, ,train,190.0,3600.0
2683,FITfiles/2024-06-11/UMICH_20240611_121459_59.fit,2024-06-11 12:14:59,0,0,, ,train,190.0,3595.0
2687,FITfiles/2024-06-11/UMICH_20240611_123000_59.fit,2024-06-11 12:30:00,1,3,, ,valid,190.0,3600.0
2691,FITfiles/2024-06-11/UMICH_20240611_124500_59.fit,2024-06-11 12:45:00,0,0,, ,train,190.0,3600.0
2679,FITfiles/2024-06-11/UMICH_20240611_130000_59.fit,2024-06-11 13:00:00,0,0,, ,train,190.0,3600.0
2682,FITfiles/2024-06-11/UMICH_20240611_131500_59.fit,2024-06-11 13:15:00,0,0,, ,valid,190.0,3600.0
2680,FITfiles/2024-06-11/UMICH_20240611_133000_59.fit,2024-06-11 13:30:00,0,0,, ,train,190.0,3600.0
2677,FITfiles/2024-06-11/UMICH_20240611_134500_59.fit,2024-06-11 13:45:00,0,0,, ,train,190.0,3600.0
2667,FITfiles/2024-06-11/UMICH_20240611_140000_59.fit,2024-06-11 14:00:00,0,0,, ,test,190.0,3600.0
2670,FITfiles/2024-06-11/UMICH_20240611_141500_59.fit,2024-06-11 14:15:00,0,0,, ,train,190.0,3593.0
2672,FITfiles/2024-06-11/UMICH_20240611_143000_59.fit,2024-06-11 14:30:00,0,0,, ,train,190.0,3600.0
2678,FITfiles/2024-06-11/UMICH_20240611_144500_59.fit,2024-06-11 14:45:00,0,0,, ,train,190.0,3600.0
2668,FITfiles/2024-06-11/UMICH_20240611_150000_59.fit,2024-06-11 15:00:00,0,0,, ,test,190.0,3600.0
2681,FITfiles/2024-06-11/UMICH_20240611_151500_59.fit,2024-06-11 15:15:00,0,0,, ,train,190.0,3600.0
2676,FITfiles/2024-06-11/UMICH_20240611_153000_59.fit,2024-06-11 15:30:00,0,0,, ,test,190.0,3600.0
2671,FITfiles/2024-06-11/UMICH_20240611_154500_59.fit,2024-06-11 15:45:00,0,0,, ,train,190.0,3600.0
2664,FITfiles/2024-06-11/UMICH_20240611_160000_59.fit,2024-06-11 16:00:00,0,0,, ,train,190.0,3600.0
2709,FITfiles/2024-06-11/UMICH_20240611_161500_59.fit,2024-06-11 16:15:00,0,0,, ,valid,190.0,3592.0
2669,FITfiles/2024-06-11/UMICH_20240611_163000_59.fit,2024-06-11 16:30:00,0,0,, ,test,190.0,3600.0
2662,FITfiles/2024-06-11/UMICH_20240611_164500_59.fit,2024-06-11 16:45:00,0,0,, ,train,190.0,3600.0
2674,FITfiles/2024-06-11/UMICH_20240611_170000_59.fit,2024-06-11 17:00:00,0,0,, ,train,190.0,3600.0
2657,FITfiles/2024-06-11/UMICH_20240611_171500_59.fit,2024-06-11 17:15:00,0,0,, ,valid,190.0,3600.0
2665,FITfiles/2024-06-11/UMICH_20240611_173000_59.fit,2024-06-11 17:30:00,0,0,, ,train,190.0,3600.0
2652,FITfiles/2024-06-11/UMICH_20240611_174500_59.fit,2024-06-11 17:45:00,0,0,, ,test,190.0,3600.0
2673,FITfiles/2024-06-11/UMICH_20240611_180000_59.fit,2024-06-11 18:00:00,0,0,, ,train,190.0,3600.0
2659,FITfiles/2024-06-11/UMICH_20240611_181500_59.fit,2024-06-11 18:15:00,0,0,, ,test,190.0,3592.0
2658,FITfiles/2024-06-11/UMICH_20240611_183000_59.fit,2024-06-11 18:30:00,0,0,, ,train,190.0,3600.0
2707,FITfiles/2024-06-11/UMICH_20240611_184500_59.fit,2024-06-11 18:45:00,0,0,, ,train,190.0,3600.0
2656,FITfiles/2024-06-11/UMICH_20240611_190000_59.fit,2024-06-11 19:00:00,0,0,, ,valid,190.0,3600.0
2648,FITfiles/2024-06-11/UMICH_20240611_191500_59.fit,2024-06-11 19:15:00,0,0,, ,train,190.0,3600.0
2653,FITfiles/2024-06-11/UMICH_20240611_193000_59.fit,2024-06-11 19:30:00,0,0,, ,test,190.0,3600.0
2654,FITfiles/2024-06-11/UMICH_20240611_194500_59.fit,2024-06-11 19:45:00,0,0,, ,valid,190.0,3600.0
2650,FITfiles/2024-06-11/UMICH_20240611_200000_59.fit,2024-06-11 20:00:00,0,0,, ,train,190.0,3600.0
2645,FITfiles/2024-06-11/UMICH_20240611_201500_59.fit,2024-06-11 20:15:00,0,0,, ,valid,190.0,3593.0
2655,FITfiles/2024-06-11/UMICH_20240611_203000_59.fit,2024-06-11 20:30:00,0,0,, ,train,190.0,3600.0
2646,FITfiles/2024-06-11/UMICH_20240611_204500_59.fit,2024-06-11 20:45:00,0,0,, ,valid,190.0,3591.0
8924,FITfiles/2024-06-12/UMICH_20240612_063000_59.fit,2024-06-12 06:30:00,0,0,, ,valid,190.0,3600.0
8922,FITfiles/2024-06-12/UMICH_20240612_064500_59.fit,2024-06-12 06:45:00,0,0,, ,test,190.0,3600.0
8919,FITfiles/2024-06-12/UMICH_20240612_070000_59.fit,2024-06-12 07:00:00,0,0,, ,test,190.0,3600.0
8914,FITfiles/2024-06-12/UMICH_20240612_071500_59.fit,2024-06-12 07:15:00,0,0,, ,train,190.0,3600.0
8912,FITfiles/2024-06-12/UMICH_20240612_073000_59.fit,2024-06-12 07:30:00,0,0,, ,train,190.0,3600.0
8909,FITfiles/2024-06-12/UMICH_20240612_074500_59.fit,2024-06-12 07:45:00,0,0,, ,test,190.0,3600.0
8911,FITfiles/2024-06-12/UMICH_20240612_080000_59.fit,2024-06-12 08:00:00,0,0,, ,train,190.0,3600.0
8923,FITfiles/2024-06-12/UMICH_20240612_081500_59.fit,2024-06-12 08:15:00,0,0,, ,test,190.0,3593.0
8913,FITfiles/2024-06-12/UMICH_20240612_083000_59.fit,2024-06-12 08:30:00,0,0,, ,train,190.0,3600.0
8921,FITfiles/2024-06-12/UMICH_20240612_084500_59.fit,2024-06-12 08:45:00,0,0,, ,train,190.0,3600.0
8916,FITfiles/2024-06-12/UMICH_20240612_090000_59.fit,2024-06-12 09:00:00,0,0,, ,train,190.0,3600.0
8920,FITfiles/2024-06-12/UMICH_20240612_091500_59.fit,2024-06-12 09:15:00,0,0,, ,train,190.0,3600.0
8915,FITfiles/2024-06-12/UMICH_20240612_093000_59.fit,2024-06-12 09:30:00,0,0,, ,test,190.0,3600.0
8917,FITfiles/2024-06-12/UMICH_20240612_094500_59.fit,2024-06-12 09:45:00,0,0,, ,train,190.0,3600.0
8910,FITfiles/2024-06-12/UMICH_20240612_100000_59.fit,2024-06-12 10:00:00,0,0,, ,train,190.0,3600.0
8906,FITfiles/2024-06-12/UMICH_20240612_101500_59.fit,2024-06-12 10:15:00,0,0,, ,train,190.0,3600.0
8900,FITfiles/2024-06-12/UMICH_20240612_102959_59.fit,2024-06-12 10:29:59,0,0,, ,test,190.0,3600.0
8904,FITfiles/2024-06-12/UMICH_20240612_104459_59.fit,2024-06-12 10:44:59,0,0,, ,test,190.0,3600.0
8903,FITfiles/2024-06-12/UMICH_20240612_105959_59.fit,2024-06-12 10:59:59,0,0,, ,test,190.0,3600.0
8905,FITfiles/2024-06-12/UMICH_20240612_111459_59.fit,2024-06-12 11:14:59,0,0,, ,valid,190.0,3600.0
8918,FITfiles/2024-06-12/UMICH_20240612_112959_59.fit,2024-06-12 11:29:59,0,0,, ,train,190.0,3600.0
8902,FITfiles/2024-06-12/UMICH_20240612_114459_59.fit,2024-06-12 11:44:59,0,0,, ,train,190.0,3600.0
8901,FITfiles/2024-06-12/UMICH_20240612_115959_59.fit,2024-06-12 11:59:59,0,0,, ,test,190.0,3600.0
8908,FITfiles/2024-06-12/UMICH_20240612_121459_59.fit,2024-06-12 12:14:59,0,0,, ,train,190.0,3596.0
8899,FITfiles/2024-06-12/UMICH_20240612_123000_59.fit,2024-06-12 12:30:00,0,0,, ,test,190.0,3600.0
8907,FITfiles/2024-06-12/UMICH_20240612_124500_59.fit,2024-06-12 12:45:00,0,0,, ,test,190.0,3600.0
8891,FITfiles/2024-06-12/UMICH_20240612_130000_59.fit,2024-06-12 13:00:00,0,0,, ,valid,190.0,3600.0
8893,FITfiles/2024-06-12/UMICH_20240612_131500_59.fit,2024-06-12 13:15:00,0,0,, ,train,190.0,3600.0
8889,FITfiles/2024-06-12/UMICH_20240612_133000_59.fit,2024-06-12 13:30:00,0,0,, ,test,190.0,3600.0
8888,FITfiles/2024-06-12/UMICH_20240612_134500_59.fit,2024-06-12 13:45:00,0,0,, ,train,190.0,3600.0
8894,FITfiles/2024-06-12/UMICH_20240612_140000_59.fit,2024-06-12 14:00:00,0,0,, ,test,190.0,3600.0
8925,FITfiles/2024-06-12/UMICH_20240612_141500_59.fit,2024-06-12 14:15:00,0,0,, ,valid,190.0,3593.0
8896,FITfiles/2024-06-12/UMICH_20240612_143000_59.fit,2024-06-12 14:30:00,0,0,, ,test,190.0,3600.0
8897,FITfiles/2024-06-12/UMICH_20240612_144500_59.fit,2024-06-12 14:45:00,0,0,, ,train,190.0,3600.0
8885,FITfiles/2024-06-12/UMICH_20240612_150000_59.fit,2024-06-12 15:00:00,0,0,, ,test,190.0,3600.0
8890,FITfiles/2024-06-12/UMICH_20240612_151500_59.fit,2024-06-12 15:15:00,0,0,, ,train,190.0,3600.0
8887,FITfiles/2024-06-12/UMICH_20240612_153000_59.fit,2024-06-12 15:30:00,0,0,, ,train,190.0,3600.0
8886,FITfiles/2024-06-12/UMICH_20240612_154500_59.fit,2024-06-12 15:45:00,0,0,, ,train,190.0,3600.0
8892,FITfiles/2024-06-12/UMICH_20240612_160000_59.fit,2024-06-12 16:00:00,0,0,, ,test,190.0,3600.0
8895,FITfiles/2024-06-12/UMICH_20240612_161500_59.fit,2024-06-12 16:15:00,0,0,, ,train,190.0,3593.0
8882,FITfiles/2024-06-12/UMICH_20240612_163000_59.fit,2024-06-12 16:30:00,0,0,, ,test,190.0,3600.0
8884,FITfiles/2024-06-12/UMICH_20240612_164500_59.fit,2024-06-12 16:45:00,0,0,, ,valid,190.0,3600.0
8880,FITfiles/2024-06-12/UMICH_20240612_170000_59.fit,2024-06-12 17:00:00,0,0,, ,valid,190.0,3600.0
8881,FITfiles/2024-06-12/UMICH_20240612_171500_59.fit,2024-06-12 17:15:00,0,0,, ,train,190.0,3600.0
8877,FITfiles/2024-06-12/UMICH_20240612_173000_59.fit,2024-06-12 17:30:00,0,0,, ,train,190.0,3600.0
8879,FITfiles/2024-06-12/UMICH_20240612_174500_59.fit,2024-06-12 17:45:00,0,0,, ,train,190.0,3600.0
8883,FITfiles/2024-06-12/UMICH_20240612_180000_59.fit,2024-06-12 18:00:00,0,0,, ,test,190.0,3600.0
8867,FITfiles/2024-06-12/UMICH_20240612_181500_59.fit,2024-06-12 18:15:00,0,0,, ,test,190.0,3593.0
8875,FITfiles/2024-06-12/UMICH_20240612_183000_59.fit,2024-06-12 18:30:00,0,0,, ,train,190.0,3600.0
8870,FITfiles/2024-06-12/UMICH_20240612_184500_59.fit,2024-06-12 18:45:00,0,0,, ,train,190.0,3600.0
8878,FITfiles/2024-06-12/UMICH_20240612_190000_59.fit,2024-06-12 19:00:00,0,0,, ,train,190.0,3600.0
8876,FITfiles/2024-06-12/UMICH_20240612_191500_59.fit,2024-06-12 19:15:00,0,0,, ,train,190.0,3600.0
8872,FITfiles/2024-06-12/UMICH_20240612_193000_59.fit,2024-06-12 19:30:00,0,0,, ,train,190.0,3600.0
8869,FITfiles/2024-06-12/UMICH_20240612_194500_59.fit,2024-06-12 19:45:00,0,0,, ,train,190.0,3600.0
8898,FITfiles/2024-06-12/UMICH_20240612_200000_59.fit,2024-06-12 20:00:00,0,0,, ,train,190.0,3600.0
8874,FITfiles/2024-06-12/UMICH_20240612_201500_59.fit,2024-06-12 20:15:00,0,0,, ,train,190.0,3593.0
8868,FITfiles/2024-06-12/UMICH_20240612_203000_59.fit,2024-06-12 20:30:00,0,0,, ,train,190.0,3600.0
8871,FITfiles/2024-06-12/UMICH_20240612_204500_59.fit,2024-06-12 20:45:00,0,0,, ,train,190.0,3591.0
8018,FITfiles/2024-06-13/UMICH_20240613_063000_59.fit,2024-06-13 06:30:00,0,0,, ,valid,190.0,3600.0
8025,FITfiles/2024-06-13/UMICH_20240613_064500_59.fit,2024-06-13 06:45:00,0,0,, ,train,190.0,3600.0
8031,FITfiles/2024-06-13/UMICH_20240613_070000_59.fit,2024-06-13 07:00:00,0,0,, ,train,190.0,3600.0
8028,FITfiles/2024-06-13/UMICH_20240613_071500_59.fit,2024-06-13 07:15:00,0,0,, ,test,190.0,3600.0
8024,FITfiles/2024-06-13/UMICH_20240613_073000_59.fit,2024-06-13 07:30:00,0,0,, ,train,190.0,3600.0
8026,FITfiles/2024-06-13/UMICH_20240613_074500_59.fit,2024-06-13 07:45:00,0,0,, ,valid,190.0,3600.0
8021,FITfiles/2024-06-13/UMICH_20240613_080000_59.fit,2024-06-13 08:00:00,0,0,, ,train,190.0,3600.0
8020,FITfiles/2024-06-13/UMICH_20240613_081500_59.fit,2024-06-13 08:15:00,0,0,, ,train,190.0,3593.0
8022,FITfiles/2024-06-13/UMICH_20240613_083000_59.fit,2024-06-13 08:30:00,0,0,, ,test,190.0,3600.0
8023,FITfiles/2024-06-13/UMICH_20240613_084500_59.fit,2024-06-13 08:45:00,0,0,, ,train,190.0,3600.0
7662,FITfiles/2024-06-13/UMICH_20240613_090000_59.fit,2024-06-13 09:00:00,0,0,, ,test,190.0,3600.0
7660,FITfiles/2024-06-13/UMICH_20240613_091500_59.fit,2024-06-13 09:15:00,0,0,, ,valid,190.0,3600.0
8027,FITfiles/2024-06-13/UMICH_20240613_093000_59.fit,2024-06-13 09:30:00,0,0,, ,test,190.0,3600.0
7659,FITfiles/2024-06-13/UMICH_20240613_094500_59.fit,2024-06-13 09:45:00,0,0,, ,train,190.0,3600.0
8015,FITfiles/2024-06-13/UMICH_20240613_100000_59.fit,2024-06-13 10:00:00,0,0,, ,train,190.0,3600.0
8029,FITfiles/2024-06-13/UMICH_20240613_101500_59.fit,2024-06-13 10:15:00,0,0,, ,train,190.0,3600.0
8017,FITfiles/2024-06-13/UMICH_20240613_103000_59.fit,2024-06-13 10:30:00,0,0,, ,test,190.0,3600.0
8011,FITfiles/2024-06-13/UMICH_20240613_104500_59.fit,2024-06-13 10:45:00,0,0,, ,valid,190.0,3600.0
8013,FITfiles/2024-06-13/UMICH_20240613_105959_59.fit,2024-06-13 10:59:59,0,0,, ,train,190.0,3600.0
8010,FITfiles/2024-06-13/UMICH_20240613_111459_59.fit,2024-06-13 11:14:59,0,0,, ,train,190.0,3600.0
8014,FITfiles/2024-06-13/UMICH_20240613_112959_59.fit,2024-06-13 11:29:59,0,0,, ,train,190.0,3600.0
8030,FITfiles/2024-06-13/UMICH_20240613_114459_59.fit,2024-06-13 11:44:59,0,0,, ,train,190.0,3600.0
7663,FITfiles/2024-06-13/UMICH_20240613_115959_59.fit,2024-06-13 11:59:59,0,0,, ,train,190.0,3600.0
8005,FITfiles/2024-06-13/UMICH_20240613_121459_59.fit,2024-06-13 12:14:59,0,0,, ,train,190.0,3595.0
8002,FITfiles/2024-06-13/UMICH_20240613_123000_59.fit,2024-06-13 12:30:00,0,0,, ,train,190.0,3600.0
8004,FITfiles/2024-06-13/UMICH_20240613_124500_59.fit,2024-06-13 12:45:00,0,0,, ,test,190.0,3600.0
8006,FITfiles/2024-06-13/UMICH_20240613_130000_59.fit,2024-06-13 13:00:00,0,0,, ,train,190.0,3600.0
8012,FITfiles/2024-06-13/UMICH_20240613_131500_59.fit,2024-06-13 13:15:00,0,0,, ,train,190.0,3600.0
8007,FITfiles/2024-06-13/UMICH_20240613_133000_59.fit,2024-06-13 13:30:00,0,0,, ,train,190.0,3600.0
8009,FITfiles/2024-06-13/UMICH_20240613_134500_59.fit,2024-06-13 13:45:00,0,0,, ,train,190.0,3600.0
8008,FITfiles/2024-06-13/UMICH_20240613_140000_59.fit,2024-06-13 14:00:00,0,0,, ,test,190.0,3600.0
7997,FITfiles/2024-06-13/UMICH_20240613_141500_59.fit,2024-06-13 14:15:00,0,0,, ,test,190.0,3593.0
8016,FITfiles/2024-06-13/UMICH_20240613_143000_59.fit,2024-06-13 14:30:00,0,0,, ,train,190.0,3600.0
7989,FITfiles/2024-06-13/UMICH_20240613_144500_59.fit,2024-06-13 14:45:00,0,0,, ,train,190.0,3600.0
8003,FITfiles/2024-06-13/UMICH_20240613_150000_59.fit,2024-06-13 15:00:00,0,0,, ,train,190.0,3600.0
7995,FITfiles/2024-06-13/UMICH_20240613_151500_59.fit,2024-06-13 15:15:00,0,0,, ,valid,190.0,3600.0
7999,FITfiles/2024-06-13/UMICH_20240613_153000_59.fit,2024-06-13 15:30:00,0,0,, ,train,190.0,3600.0
8019,FITfiles/2024-06-13/UMICH_20240613_154500_59.fit,2024-06-13 15:45:00,0,0,, ,train,190.0,3600.0
8032,FITfiles/2024-06-13/UMICH_20240613_160000_59.fit,2024-06-13 16:00:00,0,0,, ,valid,190.0,3600.0
7991,FITfiles/2024-06-13/UMICH_20240613_161500_59.fit,2024-06-13 16:15:00,0,0,, ,train,190.0,3592.0
7992,FITfiles/2024-06-13/UMICH_20240613_163000_59.fit,2024-06-13 16:30:00,0,0,, ,train,190.0,3600.0
8000,FITfiles/2024-06-13/UMICH_20240613_164500_59.fit,2024-06-13 16:45:00,0,0,, ,test,190.0,3600.0
7994,FITfiles/2024-06-13/UMICH_20240613_170000_59.fit,2024-06-13 17:00:00,0,0,, ,train,190.0,3600.0
7993,FITfiles/2024-06-13/UMICH_20240613_171500_59.fit,2024-06-13 17:15:00,0,0,, ,valid,190.0,3600.0
8001,FITfiles/2024-06-13/UMICH_20240613_173000_59.fit,2024-06-13 17:30:00,0,0,, ,train,190.0,3600.0
7658,FITfiles/2024-06-13/UMICH_20240613_174500_59.fit,2024-06-13 17:45:00,0,0,, ,train,190.0,3600.0
7996,FITfiles/2024-06-13/UMICH_20240613_180000_59.fit,2024-06-13 18:00:00,0,0,, ,valid,190.0,3600.0
7984,FITfiles/2024-06-13/UMICH_20240613_181500_59.fit,2024-06-13 18:15:00,0,0,, ,train,190.0,3593.0
7985,FITfiles/2024-06-13/UMICH_20240613_183000_59.fit,2024-06-13 18:30:00,0,0,, ,train,190.0,3600.0
7977,FITfiles/2024-06-13/UMICH_20240613_184500_59.fit,2024-06-13 18:45:00,0,0,, ,test,190.0,3600.0
7657,FITfiles/2024-06-13/UMICH_20240613_190000_59.fit,2024-06-13 19:00:00,0,0,, ,train,190.0,3600.0
7655,FITfiles/2024-06-13/UMICH_20240613_191500_59.fit,2024-06-13 19:15:00,0,0,, ,test,190.0,3600.0
7971,FITfiles/2024-06-13/UMICH_20240613_193000_59.fit,2024-06-13 19:30:00,0,0,, ,valid,190.0,3600.0
7656,FITfiles/2024-06-13/UMICH_20240613_194500_59.fit,2024-06-13 19:45:00,0,0,, ,valid,190.0,3600.0
7982,FITfiles/2024-06-13/UMICH_20240613_200000_59.fit,2024-06-13 20:00:00,0,0,, ,train,190.0,3600.0
7968,FITfiles/2024-06-13/UMICH_20240613_201500_59.fit,2024-06-13 20:15:00,0,0,, ,valid,190.0,3593.0
7983,FITfiles/2024-06-13/UMICH_20240613_203000_59.fit,2024-06-13 20:30:00,0,0,, ,train,190.0,3600.0
7953,FITfiles/2024-06-13/UMICH_20240613_204500_59.fit,2024-06-13 20:45:00,0,0,, ,train,190.0,3591.0
4561,FITfiles/2024-06-14/UMICH_20240614_063000_59.fit,2024-06-14 06:30:00,0,0,, ,valid,190.0,3600.0
4569,FITfiles/2024-06-14/UMICH_20240614_064500_59.fit,2024-06-14 06:45:00,0,0,, ,valid,190.0,3600.0
4308,FITfiles/2024-06-14/UMICH_20240614_070000_59.fit,2024-06-14 07:00:00,0,0,, ,test,190.0,3600.0
4571,FITfiles/2024-06-14/UMICH_20240614_071500_59.fit,2024-06-14 07:15:00,0,0,, ,train,190.0,3600.0
4553,FITfiles/2024-06-14/UMICH_20240614_073000_59.fit,2024-06-14 07:30:00,0,0,, ,test,190.0,3600.0
4562,FITfiles/2024-06-14/UMICH_20240614_074500_59.fit,2024-06-14 07:45:00,0,0,, ,train,190.0,3600.0
4551,FITfiles/2024-06-14/UMICH_20240614_080000_59.fit,2024-06-14 08:00:00,0,0,, ,train,190.0,3600.0
4549,FITfiles/2024-06-14/UMICH_20240614_081500_59.fit,2024-06-14 08:15:00,0,0,, ,train,190.0,3592.0
4564,FITfiles/2024-06-14/UMICH_20240614_083000_59.fit,2024-06-14 08:30:00,0,0,, ,train,190.0,3600.0
4546,FITfiles/2024-06-14/UMICH_20240614_084500_59.fit,2024-06-14 08:45:00,0,0,, ,train,190.0,3600.0
4545,FITfiles/2024-06-14/UMICH_20240614_090000_59.fit,2024-06-14 09:00:00,0,0,, ,train,190.0,3600.0
4557,FITfiles/2024-06-14/UMICH_20240614_091500_59.fit,2024-06-14 09:15:00,0,0,, ,train,190.0,3600.0
4554,FITfiles/2024-06-14/UMICH_20240614_093000_59.fit,2024-06-14 09:30:00,0,0,, ,train,190.0,3600.0
4307,FITfiles/2024-06-14/UMICH_20240614_094500_59.fit,2024-06-14 09:45:00,0,0,, ,valid,190.0,3600.0
4306,FITfiles/2024-06-14/UMICH_20240614_100000_59.fit,2024-06-14 10:00:00,0,0,, ,train,190.0,3600.0
4550,FITfiles/2024-06-14/UMICH_20240614_101500_59.fit,2024-06-14 10:15:00,0,0,, ,valid,190.0,3600.0
4567,FITfiles/2024-06-14/UMICH_20240614_102959_59.fit,2024-06-14 10:29:59,0,0,, ,valid,190.0,3600.0
4542,FITfiles/2024-06-14/UMICH_20240614_104500_59.fit,2024-06-14 10:45:00,0,0,, ,train,190.0,3600.0
4552,FITfiles/2024-06-14/UMICH_20240614_105959_59.fit,2024-06-14 10:59:59,0,0,, ,valid,190.0,3600.0
4540,FITfiles/2024-06-14/UMICH_20240614_111459_59.fit,2024-06-14 11:14:59,0,0,, ,valid,190.0,3600.0
4547,FITfiles/2024-06-14/UMICH_20240614_112959_59.fit,2024-06-14 11:29:59,0,0,, ,train,190.0,3600.0
4544,FITfiles/2024-06-14/UMICH_20240614_114459_59.fit,2024-06-14 11:44:59,0,0,, ,valid,190.0,3600.0
4543,FITfiles/2024-06-14/UMICH_20240614_115959_59.fit,2024-06-14 11:59:59,0,0,, ,train,190.0,3600.0
4538,FITfiles/2024-06-14/UMICH_20240614_121459_59.fit,2024-06-14 12:14:59,0,0,, ,valid,190.0,3596.0
4539,FITfiles/2024-06-14/UMICH_20240614_123000_59.fit,2024-06-14 12:30:00,0,0,, ,train,190.0,3600.0
4536,FITfiles/2024-06-14/UMICH_20240614_124500_59.fit,2024-06-14 12:45:00,0,0,, ,train,190.0,3600.0
4548,FITfiles/2024-06-14/UMICH_20240614_130000_59.fit,2024-06-14 13:00:00,0,0,, ,train,190.0,3600.0
4541,FITfiles/2024-06-14/UMICH_20240614_131500_59.fit,2024-06-14 13:15:00,0,0,, ,train,190.0,3600.0
4534,FITfiles/2024-06-14/UMICH_20240614_133000_59.fit,2024-06-14 13:30:00,0,0,, ,test,190.0,3600.0
4533,FITfiles/2024-06-14/UMICH_20240614_134500_59.fit,2024-06-14 13:45:00,0,0,, ,train,190.0,3600.0
4529,FITfiles/2024-06-14/UMICH_20240614_140000_59.fit,2024-06-14 14:00:00,0,0,, ,test,190.0,3600.0
4537,FITfiles/2024-06-14/UMICH_20240614_141500_59.fit,2024-06-14 14:15:00,0,0,, ,valid,190.0,3593.0
4535,FITfiles/2024-06-14/UMICH_20240614_143000_59.fit,2024-06-14 14:30:00,0,0,, ,train,190.0,3600.0
4528,FITfiles/2024-06-14/UMICH_20240614_144500_59.fit,2024-06-14 14:45:00,0,0,, ,valid,190.0,3600.0
4526,FITfiles/2024-06-14/UMICH_20240614_150000_59.fit,2024-06-14 15:00:00,0,0,, ,valid,190.0,3600.0
4525,FITfiles/2024-06-14/UMICH_20240614_151500_59.fit,2024-06-14 15:15:00,0,0,, ,train,190.0,3600.0
4523,FITfiles/2024-06-14/UMICH_20240614_153000_59.fit,2024-06-14 15:30:00,0,0,, ,valid,190.0,3600.0
4532,FITfiles/2024-06-14/UMICH_20240614_154500_59.fit,2024-06-14 15:45:00,0,0,, ,train,190.0,3600.0
4527,FITfiles/2024-06-14/UMICH_20240614_160000_59.fit,2024-06-14 16:00:00,0,0,, ,train,190.0,3600.0
4531,FITfiles/2024-06-14/UMICH_20240614_161500_59.fit,2024-06-14 16:15:00,0,0,, ,train,190.0,3592.0
4524,FITfiles/2024-06-14/UMICH_20240614_163000_59.fit,2024-06-14 16:30:00,0,0,, ,train,190.0,3600.0
4530,FITfiles/2024-06-14/UMICH_20240614_164500_59.fit,2024-06-14 16:45:00,0,0,, ,train,190.0,3600.0
4521,FITfiles/2024-06-14/UMICH_20240614_170000_59.fit,2024-06-14 17:00:00,0,0,, ,test,190.0,3600.0
4520,FITfiles/2024-06-14/UMICH_20240614_171500_59.fit,2024-06-14 17:15:00,0,0,, ,train,190.0,3600.0
4304,FITfiles/2024-06-14/UMICH_20240614_173000_59.fit,2024-06-14 17:30:00,0,0,, ,train,190.0,3600.0
4519,FITfiles/2024-06-14/UMICH_20240614_174500_59.fit,2024-06-14 17:45:00,0,0,, ,train,190.0,3600.0
4522,FITfiles/2024-06-14/UMICH_20240614_180000_59.fit,2024-06-14 18:00:00,0,0,, ,train,190.0,3600.0
4302,FITfiles/2024-06-14/UMICH_20240614_181459_59.fit,2024-06-14 18:14:59,0,0,, ,valid,190.0,3593.0
4515,FITfiles/2024-06-14/UMICH_20240614_183000_59.fit,2024-06-14 18:30:00,0,0,, ,test,190.0,3600.0
4514,FITfiles/2024-06-14/UMICH_20240614_184500_59.fit,2024-06-14 18:45:00,0,0,, ,test,190.0,3600.0
4518,FITfiles/2024-06-14/UMICH_20240614_190000_59.fit,2024-06-14 19:00:00,0,0,, ,train,190.0,3600.0
4301,FITfiles/2024-06-14/UMICH_20240614_191500_59.fit,2024-06-14 19:15:00,0,0,, ,train,190.0,3600.0
4512,FITfiles/2024-06-14/UMICH_20240614_193000_59.fit,2024-06-14 19:30:00,0,0,, ,test,190.0,3600.0
4303,FITfiles/2024-06-14/UMICH_20240614_194500_59.fit,2024-06-14 19:45:00,0,0,, ,train,190.0,3600.0
4516,FITfiles/2024-06-14/UMICH_20240614_200000_59.fit,2024-06-14 20:00:00,0,0,, ,train,190.0,3600.0
4300,FITfiles/2024-06-14/UMICH_20240614_201500_59.fit,2024-06-14 20:15:00,0,0,, ,test,190.0,3593.0
4513,FITfiles/2024-06-14/UMICH_20240614_203000_59.fit,2024-06-14 20:30:00,0,0,, ,test,190.0,3600.0
4517,FITfiles/2024-06-14/UMICH_20240614_204500_59.fit,2024-06-14 20:45:00,0,0,, ,train,190.0,3590.0
1969,FITfiles/2024-06-15/UMICH_20240615_063000_59.fit,2024-06-15 06:30:00,0,0,, ,train,190.0,3600.0
1964,FITfiles/2024-06-15/UMICH_20240615_064500_59.fit,2024-06-15 06:45:00,0,0,, ,train,190.0,3600.0
1962,FITfiles/2024-06-15/UMICH_20240615_070000_59.fit,2024-06-15 07:00:00,0,0,, ,train,190.0,3600.0
1970,FITfiles/2024-06-15/UMICH_20240615_071500_59.fit,2024-06-15 07:15:00,0,0,, ,train,190.0,3600.0
1965,FITfiles/2024-06-15/UMICH_20240615_073000_59.fit,2024-06-15 07:30:00,0,0,, ,train,190.0,3600.0
1957,FITfiles/2024-06-15/UMICH_20240615_074500_59.fit,2024-06-15 07:45:00,0,0,, ,valid,190.0,3600.0
1967,FITfiles/2024-06-15/UMICH_20240615_080000_59.fit,2024-06-15 08:00:00,0,0,, ,train,190.0,3600.0
1966,FITfiles/2024-06-15/UMICH_20240615_081500_59.fit,2024-06-15 08:15:00,0,0,, ,valid,190.0,3593.0
1955,FITfiles/2024-06-15/UMICH_20240615_083000_59.fit,2024-06-15 08:30:00,0,0,, ,train,190.0,3600.0
1959,FITfiles/2024-06-15/UMICH_20240615_084500_59.fit,2024-06-15 08:45:00,0,0,, ,train,190.0,3600.0
1958,FITfiles/2024-06-15/UMICH_20240615_090000_59.fit,2024-06-15 09:00:00,0,0,, ,train,190.0,3600.0
1960,FITfiles/2024-06-15/UMICH_20240615_091500_59.fit,2024-06-15 09:15:00,0,0,, ,test,190.0,3600.0
1952,FITfiles/2024-06-15/UMICH_20240615_093000_59.fit,2024-06-15 09:30:00,0,0,, ,train,190.0,3600.0
1956,FITfiles/2024-06-15/UMICH_20240615_094500_59.fit,2024-06-15 09:45:00,0,0,, ,train,190.0,3600.0
1949,FITfiles/2024-06-15/UMICH_20240615_100000_59.fit,2024-06-15 10:00:00,0,0,, ,test,190.0,3600.0
1971,FITfiles/2024-06-15/UMICH_20240615_101500_59.fit,2024-06-15 10:15:00,0,0,, ,train,190.0,3600.0
1954,FITfiles/2024-06-15/UMICH_20240615_102959_59.fit,2024-06-15 10:29:59,0,0,, ,train,190.0,3600.0
1953,FITfiles/2024-06-15/UMICH_20240615_104459_59.fit,2024-06-15 10:44:59,0,0,, ,train,190.0,3600.0
1963,FITfiles/2024-06-15/UMICH_20240615_105959_59.fit,2024-06-15 10:59:59,0,0,, ,test,190.0,3600.0
1946,FITfiles/2024-06-15/UMICH_20240615_111459_59.fit,2024-06-15 11:14:59,0,0,, ,test,190.0,3600.0
1948,FITfiles/2024-06-15/UMICH_20240615_112959_59.fit,2024-06-15 11:29:59,0,0,, ,test,190.0,3600.0
1947,FITfiles/2024-06-15/UMICH_20240615_114459_59.fit,2024-06-15 11:44:59,0,0,, ,train,190.0,3600.0
1943,FITfiles/2024-06-15/UMICH_20240615_115959_59.fit,2024-06-15 11:59:59,0,0,, ,train,190.0,3600.0
1944,FITfiles/2024-06-15/UMICH_20240615_121459_59.fit,2024-06-15 12:14:59,0,0,, ,train,190.0,3595.0
1937,FITfiles/2024-06-15/UMICH_20240615_123000_59.fit,2024-06-15 12:30:00,0,0,, ,test,190.0,3600.0
1939,FITfiles/2024-06-15/UMICH_20240615_124500_59.fit,2024-06-15 12:45:00,0,0,, ,train,190.0,3600.0
1951,FITfiles/2024-06-15/UMICH_20240615_130000_59.fit,2024-06-15 13:00:00,0,0,, ,train,190.0,3600.0
1961,FITfiles/2024-06-15/UMICH_20240615_131500_59.fit,2024-06-15 13:15:00,0,0,, ,train,190.0,3600.0
1936,FITfiles/2024-06-15/UMICH_20240615_133000_59.fit,2024-06-15 13:30:00,0,0,, ,test,190.0,3600.0
1941,FITfiles/2024-06-15/UMICH_20240615_134500_59.fit,2024-06-15 13:45:00,0,0,, ,test,190.0,3600.0
1934,FITfiles/2024-06-15/UMICH_20240615_140000_59.fit,2024-06-15 14:00:00,0,0,, ,train,190.0,3600.0
1932,FITfiles/2024-06-15/UMICH_20240615_141500_59.fit,2024-06-15 14:15:00,0,0,, ,train,190.0,3593.0
1933,FITfiles/2024-06-15/UMICH_20240615_143000_59.fit,2024-06-15 14:30:00,0,0,, ,valid,190.0,3600.0
1930,FITfiles/2024-06-15/UMICH_20240615_144500_59.fit,2024-06-15 14:45:00,0,0,, ,train,190.0,3600.0
1945,FITfiles/2024-06-15/UMICH_20240615_150000_59.fit,2024-06-15 15:00:00,0,0,, ,test,190.0,3600.0
1938,FITfiles/2024-06-15/UMICH_20240615_151500_59.fit,2024-06-15 15:15:00,0,0,, ,train,190.0,3600.0
1940,FITfiles/2024-06-15/UMICH_20240615_153000_59.fit,2024-06-15 15:30:00,0,0,, ,train,190.0,3600.0
1942,FITfiles/2024-06-15/UMICH_20240615_154500_59.fit,2024-06-15 15:45:00,0,0,, ,train,190.0,3600.0
1931,FITfiles/2024-06-15/UMICH_20240615_160000_59.fit,2024-06-15 16:00:00,0,0,, ,test,190.0,3600.0
1929,FITfiles/2024-06-15/UMICH_20240615_161500_59.fit,2024-06-15 16:15:00,0,0,, ,train,190.0,3592.0
1928,FITfiles/2024-06-15/UMICH_20240615_163000_59.fit,2024-06-15 16:30:00,0,0,, ,train,190.0,3600.0
1926,FITfiles/2024-06-15/UMICH_20240615_164500_59.fit,2024-06-15 16:45:00,0,0,, ,valid,190.0,3600.0
1927,FITfiles/2024-06-15/UMICH_20240615_170000_59.fit,2024-06-15 17:00:00,0,0,, ,train,190.0,3600.0
1950,FITfiles/2024-06-15/UMICH_20240615_171500_59.fit,2024-06-15 17:15:00,0,0,, ,train,190.0,3600.0
1919,FITfiles/2024-06-15/UMICH_20240615_173000_59.fit,2024-06-15 17:30:00,0,0,, ,valid,190.0,3600.0
1922,FITfiles/2024-06-15/UMICH_20240615_174500_59.fit,2024-06-15 17:45:00,0,0,, ,train,190.0,3600.0
1921,FITfiles/2024-06-15/UMICH_20240615_180000_59.fit,2024-06-15 18:00:00,0,0,, ,train,190.0,3600.0
1915,FITfiles/2024-06-15/UMICH_20240615_181500_59.fit,2024-06-15 18:15:00,0,0,, ,train,190.0,3592.0
1920,FITfiles/2024-06-15/UMICH_20240615_183000_59.fit,2024-06-15 18:30:00,0,0,, ,test,190.0,3600.0
1923,FITfiles/2024-06-15/UMICH_20240615_184500_59.fit,2024-06-15 18:45:00,0,0,, ,train,190.0,3600.0
1913,FITfiles/2024-06-15/UMICH_20240615_190000_59.fit,2024-06-15 19:00:00,0,0,, ,valid,190.0,3600.0
1924,FITfiles/2024-06-15/UMICH_20240615_191500_59.fit,2024-06-15 19:15:00,0,0,, ,train,190.0,3600.0
1916,FITfiles/2024-06-15/UMICH_20240615_193000_59.fit,2024-06-15 19:30:00,0,0,, ,train,190.0,3600.0
1910,FITfiles/2024-06-15/UMICH_20240615_194500_59.fit,2024-06-15 19:45:00,0,0,, ,test,190.0,3600.0
1909,FITfiles/2024-06-15/UMICH_20240615_200000_59.fit,2024-06-15 20:00:00,0,0,, ,test,190.0,3600.0
1911,FITfiles/2024-06-15/UMICH_20240615_201500_59.fit,2024-06-15 20:15:00,0,0,, ,train,190.0,3593.0
1918,FITfiles/2024-06-15/UMICH_20240615_203000_59.fit,2024-06-15 20:30:00,0,0,, ,train,190.0,3600.0
1912,FITfiles/2024-06-15/UMICH_20240615_204500_59.fit,2024-06-15 20:45:00,0,0,, ,test,190.0,3590.0
5499,FITfiles/2024-06-16/UMICH_20240616_063000_59.fit,2024-06-16 06:30:00,0,0,, ,test,190.0,3600.0
5490,FITfiles/2024-06-16/UMICH_20240616_064500_59.fit,2024-06-16 06:45:00,0,0,, ,train,190.0,3600.0
5492,FITfiles/2024-06-16/UMICH_20240616_070000_59.fit,2024-06-16 07:00:00,0,0,, ,train,190.0,3600.0
5484,FITfiles/2024-06-16/UMICH_20240616_071500_59.fit,2024-06-16 07:15:00,0,0,, ,valid,190.0,3600.0
5483,FITfiles/2024-06-16/UMICH_20240616_073000_59.fit,2024-06-16 07:30:00,0,0,, ,train,190.0,3600.0
5482,FITfiles/2024-06-16/UMICH_20240616_074500_59.fit,2024-06-16 07:45:00,0,0,, ,valid,190.0,3600.0
5486,FITfiles/2024-06-16/UMICH_20240616_080000_59.fit,2024-06-16 08:00:00,0,0,, ,valid,190.0,3600.0
5491,FITfiles/2024-06-16/UMICH_20240616_081500_59.fit,2024-06-16 08:15:00,0,0,, ,train,190.0,3592.0
5487,FITfiles/2024-06-16/UMICH_20240616_083000_59.fit,2024-06-16 08:30:00,0,0,, ,train,190.0,3600.0
5495,FITfiles/2024-06-16/UMICH_20240616_084500_59.fit,2024-06-16 08:45:00,0,0,, ,valid,190.0,3600.0
5506,FITfiles/2024-06-16/UMICH_20240616_090000_59.fit,2024-06-16 09:00:00,0,0,, ,test,190.0,3600.0
5489,FITfiles/2024-06-16/UMICH_20240616_091500_59.fit,2024-06-16 09:15:00,0,0,, ,train,190.0,3600.0
5476,FITfiles/2024-06-16/UMICH_20240616_093000_59.fit,2024-06-16 09:30:00,0,0,, ,train,190.0,3600.0
5480,FITfiles/2024-06-16/UMICH_20240616_094500_59.fit,2024-06-16 09:45:00,0,0,, ,train,190.0,3600.0
5471,FITfiles/2024-06-16/UMICH_20240616_100000_59.fit,2024-06-16 10:00:00,0,0,, ,test,190.0,3600.0
5479,FITfiles/2024-06-16/UMICH_20240616_101500_59.fit,2024-06-16 10:15:00,0,0,, ,valid,190.0,3600.0
5470,FITfiles/2024-06-16/UMICH_20240616_103000_59.fit,2024-06-16 10:30:00,0,0,, ,test,190.0,3600.0
5481,FITfiles/2024-06-16/UMICH_20240616_104500_59.fit,2024-06-16 10:45:00,0,0,, ,train,190.0,3600.0
5485,FITfiles/2024-06-16/UMICH_20240616_105959_59.fit,2024-06-16 10:59:59,0,0,, ,train,190.0,3600.0
5466,FITfiles/2024-06-16/UMICH_20240616_111459_59.fit,2024-06-16 11:14:59,0,0,, ,train,190.0,3600.0
5488,FITfiles/2024-06-16/UMICH_20240616_112959_59.fit,2024-06-16 11:29:59,0,0,, ,train,190.0,3600.0
5478,FITfiles/2024-06-16/UMICH_20240616_114459_59.fit,2024-06-16 11:44:59,0,0,, ,train,190.0,3600.0
5469,FITfiles/2024-06-16/UMICH_20240616_115959_59.fit,2024-06-16 11:59:59,0,0,, ,test,190.0,3600.0
5477,FITfiles/2024-06-16/UMICH_20240616_121459_59.fit,2024-06-16 12:14:59,0,0,, ,train,190.0,3595.0
5468,FITfiles/2024-06-16/UMICH_20240616_123000_59.fit,2024-06-16 12:30:00,0,0,, ,test,190.0,3600.0
5459,FITfiles/2024-06-16/UMICH_20240616_124500_59.fit,2024-06-16 12:45:00,0,0,, ,train,190.0,3600.0
5474,FITfiles/2024-06-16/UMICH_20240616_130000_59.fit,2024-06-16 13:00:00,0,0,, ,test,190.0,3600.0
5462,FITfiles/2024-06-16/UMICH_20240616_131500_59.fit,2024-06-16 13:15:00,0,0,, ,valid,190.0,3600.0
5473,FITfiles/2024-06-16/UMICH_20240616_133000_59.fit,2024-06-16 13:30:00,0,0,, ,train,190.0,3600.0
5467,FITfiles/2024-06-16/UMICH_20240616_134500_59.fit,2024-06-16 13:45:00,0,0,, ,valid,190.0,3600.0
5451,FITfiles/2024-06-16/UMICH_20240616_140000_59.fit,2024-06-16 14:00:00,0,0,, ,train,190.0,3600.0
5464,FITfiles/2024-06-16/UMICH_20240616_141500_59.fit,2024-06-16 14:15:00,0,0,, ,test,190.0,3592.0
5463,FITfiles/2024-06-16/UMICH_20240616_143000_59.fit,2024-06-16 14:30:00,0,0,, ,valid,190.0,3600.0
5456,FITfiles/2024-06-16/UMICH_20240616_144500_59.fit,2024-06-16 14:45:00,0,0,, ,train,190.0,3600.0
5460,FITfiles/2024-06-16/UMICH_20240616_150000_59.fit,2024-06-16 15:00:00,0,0,, ,train,190.0,3600.0
5454,FITfiles/2024-06-16/UMICH_20240616_151500_59.fit,2024-06-16 15:15:00,0,0,, ,train,190.0,3600.0
5455,FITfiles/2024-06-16/UMICH_20240616_153000_59.fit,2024-06-16 15:30:00,0,0,, ,train,190.0,3600.0
5457,FITfiles/2024-06-16/UMICH_20240616_154500_59.fit,2024-06-16 15:45:00,0,0,, ,train,190.0,3600.0
5465,FITfiles/2024-06-16/UMICH_20240616_160000_59.fit,2024-06-16 16:00:00,0,0,, ,test,190.0,3600.0
5475,FITfiles/2024-06-16/UMICH_20240616_161500_59.fit,2024-06-16 16:15:00,0,0,, ,train,190.0,3593.0
5453,FITfiles/2024-06-16/UMICH_20240616_163000_59.fit,2024-06-16 16:30:00,0,0,, ,train,190.0,3600.0
5450,FITfiles/2024-06-16/UMICH_20240616_164500_59.fit,2024-06-16 16:45:00,0,0,, ,test,190.0,3600.0
5448,FITfiles/2024-06-16/UMICH_20240616_170000_59.fit,2024-06-16 17:00:00,0,0,, ,train,190.0,3600.0
5449,FITfiles/2024-06-16/UMICH_20240616_171500_59.fit,2024-06-16 17:15:00,0,0,, ,train,190.0,3600.0
5441,FITfiles/2024-06-16/UMICH_20240616_173000_59.fit,2024-06-16 17:30:00,0,0,, ,train,190.0,3600.0
5442,FITfiles/2024-06-16/UMICH_20240616_174500_59.fit,2024-06-16 17:45:00,0,0,, ,train,190.0,3600.0
5444,FITfiles/2024-06-16/UMICH_20240616_180000_59.fit,2024-06-16 18:00:00,0,0,, ,train,190.0,3600.0
5446,FITfiles/2024-06-16/UMICH_20240616_181500_59.fit,2024-06-16 18:15:00,0,0,, ,train,190.0,3593.0
5436,FITfiles/2024-06-16/UMICH_20240616_183000_59.fit,2024-06-16 18:30:00,0,0,, ,valid,190.0,3600.0
5437,FITfiles/2024-06-16/UMICH_20240616_184500_59.fit,2024-06-16 18:45:00,0,0,, ,test,190.0,3600.0
5452,FITfiles/2024-06-16/UMICH_20240616_190000_59.fit,2024-06-16 19:00:00,0,0,, ,train,190.0,3600.0
5429,FITfiles/2024-06-16/UMICH_20240616_191500_59.fit,2024-06-16 19:15:00,0,0,, ,train,190.0,3600.0
5426,FITfiles/2024-06-16/UMICH_20240616_193000_59.fit,2024-06-16 19:30:00,0,0,, ,train,190.0,3600.0
5458,FITfiles/2024-06-16/UMICH_20240616_194500_59.fit,2024-06-16 19:45:00,0,0,, ,train,190.0,3600.0
5432,FITfiles/2024-06-16/UMICH_20240616_200000_59.fit,2024-06-16 20:00:00,0,0,, ,test,190.0,3600.0
5425,FITfiles/2024-06-16/UMICH_20240616_201459_59.fit,2024-06-16 20:14:59,0,0,, ,train,190.0,3593.0
5420,FITfiles/2024-06-16/UMICH_20240616_203000_59.fit,2024-06-16 20:30:00,0,0,, ,train,190.0,3600.0
5424,FITfiles/2024-06-16/UMICH_20240616_204500_59.fit,2024-06-16 20:45:00,0,0,, ,valid,190.0,3590.0
6996,FITfiles/2024-06-17/UMICH_20240617_063000_59.fit,2024-06-17 06:30:00,0,0,, ,train,190.0,3600.0
7006,FITfiles/2024-06-17/UMICH_20240617_064500_59.fit,2024-06-17 06:45:00,0,0,, ,train,190.0,3600.0
7001,FITfiles/2024-06-17/UMICH_20240617_070000_59.fit,2024-06-17 07:00:00,0,0,, ,valid,190.0,3600.0
6995,FITfiles/2024-06-17/UMICH_20240617_071500_59.fit,2024-06-17 07:15:00,0,0,, ,test,190.0,3600.0
6992,FITfiles/2024-06-17/UMICH_20240617_073000_59.fit,2024-06-17 07:30:00,0,0,, ,train,190.0,3600.0
6988,FITfiles/2024-06-17/UMICH_20240617_074500_59.fit,2024-06-17 07:45:00,0,0,, ,train,190.0,3600.0
6994,FITfiles/2024-06-17/UMICH_20240617_080000_59.fit,2024-06-17 08:00:00,0,0,, ,valid,190.0,3600.0
6993,FITfiles/2024-06-17/UMICH_20240617_081500_59.fit,2024-06-17 08:15:00,0,0,, ,valid,190.0,3593.0
6999,FITfiles/2024-06-17/UMICH_20240617_083000_59.fit,2024-06-17 08:30:00,0,0,, ,train,190.0,3600.0
6982,FITfiles/2024-06-17/UMICH_20240617_084500_59.fit,2024-06-17 08:45:00,0,0,, ,valid,190.0,3600.0
6989,FITfiles/2024-06-17/UMICH_20240617_090000_59.fit,2024-06-17 09:00:00,0,0,, ,test,190.0,3600.0
6991,FITfiles/2024-06-17/UMICH_20240617_091500_59.fit,2024-06-17 09:15:00,0,0,, ,test,190.0,3600.0
6983,FITfiles/2024-06-17/UMICH_20240617_093000_59.fit,2024-06-17 09:30:00,0,0,, ,valid,190.0,3600.0
6987,FITfiles/2024-06-17/UMICH_20240617_094500_59.fit,2024-06-17 09:45:00,0,0,, ,train,190.0,3600.0
7000,FITfiles/2024-06-17/UMICH_20240617_100000_59.fit,2024-06-17 10:00:00,0,0,, ,train,190.0,3600.0
6986,FITfiles/2024-06-17/UMICH_20240617_101500_59.fit,2024-06-17 10:15:00,0,0,, ,train,190.0,3600.0
6985,FITfiles/2024-06-17/UMICH_20240617_102959_59.fit,2024-06-17 10:29:59,0,0,, ,test,190.0,3600.0
6984,FITfiles/2024-06-17/UMICH_20240617_104459_59.fit,2024-06-17 10:44:59,0,0,, ,train,190.0,3600.0
6990,FITfiles/2024-06-17/UMICH_20240617_105959_59.fit,2024-06-17 10:59:59,0,0,, ,train,190.0,3600.0
6974,FITfiles/2024-06-17/UMICH_20240617_111459_59.fit,2024-06-17 11:14:59,0,0,, ,test,190.0,3600.0
7004,FITfiles/2024-06-17/UMICH_20240617_112959_59.fit,2024-06-17 11:29:59,0,0,, ,test,190.0,3600.0
6976,FITfiles/2024-06-17/UMICH_20240617_114459_59.fit,2024-06-17 11:44:59,0,0,, ,test,190.0,3600.0
6998,FITfiles/2024-06-17/UMICH_20240617_115959_59.fit,2024-06-17 11:59:59,0,0,, ,valid,190.0,3600.0
6968,FITfiles/2024-06-17/UMICH_20240617_121459_59.fit,2024-06-17 12:14:59,0,0,, ,train,190.0,3595.0
6980,FITfiles/2024-06-17/UMICH_20240617_123000_59.fit,2024-06-17 12:30:00,0,0,, ,valid,190.0,3600.0
6997,FITfiles/2024-06-17/UMICH_20240617_124500_59.fit,2024-06-17 12:45:00,0,0,, ,train,190.0,3600.0
6970,FITfiles/2024-06-17/UMICH_20240617_130000_59.fit,2024-06-17 13:00:00,0,0,, ,test,190.0,3600.0
6969,FITfiles/2024-06-17/UMICH_20240617_131500_59.fit,2024-06-17 13:15:00,0,0,, ,train,190.0,3600.0
6979,FITfiles/2024-06-17/UMICH_20240617_133000_59.fit,2024-06-17 13:30:00,0,0,, ,valid,190.0,3600.0
6978,FITfiles/2024-06-17/UMICH_20240617_134500_59.fit,2024-06-17 13:45:00,0,0,, ,train,190.0,3600.0
6971,FITfiles/2024-06-17/UMICH_20240617_140000_59.fit,2024-06-17 14:00:00,0,0,, ,train,190.0,3600.0
6967,FITfiles/2024-06-17/UMICH_20240617_141500_59.fit,2024-06-17 14:15:00,0,0,, ,train,190.0,3593.0
6972,FITfiles/2024-06-17/UMICH_20240617_143000_59.fit,2024-06-17 14:30:00,0,0,, ,train,190.0,3600.0
6977,FITfiles/2024-06-17/UMICH_20240617_144500_59.fit,2024-06-17 14:45:00,0,0,, ,train,190.0,3600.0
6966,FITfiles/2024-06-17/UMICH_20240617_150000_59.fit,2024-06-17 15:00:00,0,0,, ,train,190.0,3600.0
6961,FITfiles/2024-06-17/UMICH_20240617_151500_59.fit,2024-06-17 15:15:00,0,0,, ,valid,190.0,3600.0
6958,FITfiles/2024-06-17/UMICH_20240617_153000_59.fit,2024-06-17 15:30:00,0,0,, ,test,190.0,3600.0
6965,FITfiles/2024-06-17/UMICH_20240617_154500_59.fit,2024-06-17 15:45:00,0,0,, ,train,190.0,3600.0
6964,FITfiles/2024-06-17/UMICH_20240617_160000_59.fit,2024-06-17 16:00:00,0,0,, ,test,190.0,3600.0
6960,FITfiles/2024-06-17/UMICH_20240617_161500_59.fit,2024-06-17 16:15:00,0,0,, ,test,190.0,3592.0
6973,FITfiles/2024-06-17/UMICH_20240617_163000_59.fit,2024-06-17 16:30:00,0,0,, ,valid,190.0,3600.0
6963,FITfiles/2024-06-17/UMICH_20240617_164500_59.fit,2024-06-17 16:45:00,0,0,, ,valid,190.0,3600.0
6957,FITfiles/2024-06-17/UMICH_20240617_170000_59.fit,2024-06-17 17:00:00,0,0,, ,train,190.0,3600.0
6952,FITfiles/2024-06-17/UMICH_20240617_171500_59.fit,2024-06-17 17:15:00,0,0,, ,train,190.0,3600.0
6950,FITfiles/2024-06-17/UMICH_20240617_173000_59.fit,2024-06-17 17:30:00,0,0,, ,train,190.0,3600.0
6955,FITfiles/2024-06-17/UMICH_20240617_174500_59.fit,2024-06-17 17:45:00,0,0,, ,train,190.0,3600.0
6951,FITfiles/2024-06-17/UMICH_20240617_180000_59.fit,2024-06-17 18:00:00,0,0,, ,train,190.0,3600.0
6953,FITfiles/2024-06-17/UMICH_20240617_181500_59.fit,2024-06-17 18:15:00,0,0,, ,train,190.0,3592.0
6938,FITfiles/2024-06-17/UMICH_20240617_183000_59.fit,2024-06-17 18:30:00,0,0,, ,train,190.0,3600.0
6954,FITfiles/2024-06-17/UMICH_20240617_184500_59.fit,2024-06-17 18:45:00,0,0,, ,train,190.0,3600.0
6944,FITfiles/2024-06-17/UMICH_20240617_190000_59.fit,2024-06-17 19:00:00,0,0,, ,train,190.0,3600.0
6932,FITfiles/2024-06-17/UMICH_20240617_191500_59.fit,2024-06-17 19:15:00,0,0,, ,valid,190.0,3600.0
6933,FITfiles/2024-06-17/UMICH_20240617_193000_59.fit,2024-06-17 19:30:00,0,0,, ,train,190.0,3600.0
6935,FITfiles/2024-06-17/UMICH_20240617_194500_59.fit,2024-06-17 19:45:00,0,0,, ,valid,190.0,3600.0
6931,FITfiles/2024-06-17/UMICH_20240617_200000_59.fit,2024-06-17 20:00:00,0,0,, ,train,190.0,3600.0
6942,FITfiles/2024-06-17/UMICH_20240617_201500_59.fit,2024-06-17 20:15:00,0,0,, ,train,190.0,3592.0
6924,FITfiles/2024-06-17/UMICH_20240617_203000_59.fit,2024-06-17 20:30:00,0,0,, ,train,190.0,3600.0
6981,FITfiles/2024-06-17/UMICH_20240617_204500_59.fit,2024-06-17 20:45:00,0,0,, ,train,190.0,3590.0
6882,FITfiles/2024-06-18/UMICH_20240618_063000_59.fit,2024-06-18 06:30:00,0,0,, ,train,190.0,3600.0
6874,FITfiles/2024-06-18/UMICH_20240618_064500_59.fit,2024-06-18 06:45:00,0,0,, ,train,190.0,3600.0
6884,FITfiles/2024-06-18/UMICH_20240618_070000_59.fit,2024-06-18 07:00:00,0,0,, ,train,190.0,3600.0
6873,FITfiles/2024-06-18/UMICH_20240618_071500_59.fit,2024-06-18 07:15:00,0,0,, ,valid,190.0,3600.0
6875,FITfiles/2024-06-18/UMICH_20240618_073000_59.fit,2024-06-18 07:30:00,0,0,, ,train,190.0,3600.0
6887,FITfiles/2024-06-18/UMICH_20240618_074500_59.fit,2024-06-18 07:45:00,0,0,, ,train,190.0,3600.0
6871,FITfiles/2024-06-18/UMICH_20240618_080000_59.fit,2024-06-18 08:00:00,0,0,, ,valid,190.0,3600.0
6876,FITfiles/2024-06-18/UMICH_20240618_081500_59.fit,2024-06-18 08:15:00,0,0,, ,valid,190.0,3592.0
6879,FITfiles/2024-06-18/UMICH_20240618_083000_59.fit,2024-06-18 08:30:00,0,0,, ,train,190.0,3600.0
6888,FITfiles/2024-06-18/UMICH_20240618_084500_59.fit,2024-06-18 08:45:00,0,0,, ,train,190.0,3600.0
6893,FITfiles/2024-06-18/UMICH_20240618_090000_59.fit,2024-06-18 09:00:00,0,0,, ,valid,190.0,3600.0
6885,FITfiles/2024-06-18/UMICH_20240618_091500_59.fit,2024-06-18 09:15:00,0,0,, ,train,190.0,3600.0
6877,FITfiles/2024-06-18/UMICH_20240618_093000_59.fit,2024-06-18 09:30:00,0,0,, ,valid,190.0,3600.0
6915,FITfiles/2024-06-18/UMICH_20240618_094500_59.fit,2024-06-18 09:45:00,0,0,, ,valid,190.0,3600.0
6880,FITfiles/2024-06-18/UMICH_20240618_100000_59.fit,2024-06-18 10:00:00,0,0,, ,train,190.0,3600.0
6866,FITfiles/2024-06-18/UMICH_20240618_101500_59.fit,2024-06-18 10:15:00,0,0,, ,train,190.0,3600.0
6868,FITfiles/2024-06-18/UMICH_20240618_103000_59.fit,2024-06-18 10:30:00,0,0,, ,train,190.0,3600.0
6870,FITfiles/2024-06-18/UMICH_20240618_104500_59.fit,2024-06-18 10:45:00,0,0,, ,train,190.0,3600.0
6865,FITfiles/2024-06-18/UMICH_20240618_110000_59.fit,2024-06-18 11:00:00,0,0,, ,train,190.0,3600.0
6860,FITfiles/2024-06-18/UMICH_20240618_111459_59.fit,2024-06-18 11:14:59,0,0,, ,train,190.0,3600.0
6867,FITfiles/2024-06-18/UMICH_20240618_112959_59.fit,2024-06-18 11:29:59,0,0,, ,train,190.0,3600.0
6889,FITfiles/2024-06-18/UMICH_20240618_114459_59.fit,2024-06-18 11:44:59,0,0,, ,train,190.0,3600.0
6852,FITfiles/2024-06-18/UMICH_20240618_115959_59.fit,2024-06-18 11:59:59,0,0,, ,test,190.0,3600.0
6886,FITfiles/2024-06-18/UMICH_20240618_121459_59.fit,2024-06-18 12:14:59,0,0,, ,test,190.0,3595.0
6869,FITfiles/2024-06-18/UMICH_20240618_123000_59.fit,2024-06-18 12:30:00,0,0,, ,train,190.0,3600.0
6858,FITfiles/2024-06-18/UMICH_20240618_124500_59.fit,2024-06-18 12:45:00,0,0,, ,test,190.0,3600.0
6883,FITfiles/2024-06-18/UMICH_20240618_130000_59.fit,2024-06-18 13:00:00,0,0,, ,valid,190.0,3600.0
6862,FITfiles/2024-06-18/UMICH_20240618_131500_59.fit,2024-06-18 13:15:00,0,0,, ,test,190.0,3600.0
6848,FITfiles/2024-06-18/UMICH_20240618_133000_59.fit,2024-06-18 13:30:00,0,0,, ,train,190.0,3600.0
6864,FITfiles/2024-06-18/UMICH_20240618_134500_59.fit,2024-06-18 13:45:00,0,0,, ,train,190.0,3600.0
6855,FITfiles/2024-06-18/UMICH_20240618_140000_59.fit,2024-06-18 14:00:00,0,0,, ,test,190.0,3600.0
6863,FITfiles/2024-06-18/UMICH_20240618_141500_59.fit,2024-06-18 14:15:00,0,0,, ,train,190.0,3592.0
6861,FITfiles/2024-06-18/UMICH_20240618_143000_59.fit,2024-06-18 14:30:00,0,0,, ,train,190.0,3600.0
6857,FITfiles/2024-06-18/UMICH_20240618_144500_59.fit,2024-06-18 14:45:00,0,0,, ,test,190.0,3600.0
6859,FITfiles/2024-06-18/UMICH_20240618_150000_59.fit,2024-06-18 15:00:00,0,0,, ,test,190.0,3600.0
6856,FITfiles/2024-06-18/UMICH_20240618_151500_59.fit,2024-06-18 15:15:00,0,0,, ,test,190.0,3600.0
6854,FITfiles/2024-06-18/UMICH_20240618_153000_59.fit,2024-06-18 15:30:00,0,0,, ,train,190.0,3600.0
6849,FITfiles/2024-06-18/UMICH_20240618_154500_59.fit,2024-06-18 15:45:00,0,0,, ,train,190.0,3600.0
6846,FITfiles/2024-06-18/UMICH_20240618_160000_59.fit,2024-06-18 16:00:00,0,0,, ,train,190.0,3600.0
6845,FITfiles/2024-06-18/UMICH_20240618_161500_59.fit,2024-06-18 16:15:00,0,0,, ,train,190.0,3593.0
6844,FITfiles/2024-06-18/UMICH_20240618_163000_59.fit,2024-06-18 16:30:00,0,0,, ,test,190.0,3600.0
6850,FITfiles/2024-06-18/UMICH_20240618_164500_59.fit,2024-06-18 16:45:00,0,0,, ,valid,190.0,3600.0
6847,FITfiles/2024-06-18/UMICH_20240618_170000_59.fit,2024-06-18 17:00:00,0,0,, ,valid,190.0,3600.0
6853,FITfiles/2024-06-18/UMICH_20240618_171500_59.fit,2024-06-18 17:15:00,0,0,, ,train,190.0,3600.0
6851,FITfiles/2024-06-18/UMICH_20240618_173000_59.fit,2024-06-18 17:30:00,0,0,, ,test,190.0,3600.0
6842,FITfiles/2024-06-18/UMICH_20240618_174500_59.fit,2024-06-18 17:45:00,0,0,, ,test,190.0,3600.0
6843,FITfiles/2024-06-18/UMICH_20240618_180000_59.fit,2024-06-18 18:00:00,0,0,, ,train,190.0,3600.0
6840,FITfiles/2024-06-18/UMICH_20240618_181500_59.fit,2024-06-18 18:15:00,0,0,, ,train,190.0,3592.0
6837,FITfiles/2024-06-18/UMICH_20240618_183000_59.fit,2024-06-18 18:30:00,0,0,, ,train,190.0,3600.0
6835,FITfiles/2024-06-18/UMICH_20240618_184500_59.fit,2024-06-18 18:45:00,0,0,, ,valid,190.0,3600.0
6841,FITfiles/2024-06-18/UMICH_20240618_190000_59.fit,2024-06-18 19:00:00,0,0,, ,train,190.0,3600.0
6838,FITfiles/2024-06-18/UMICH_20240618_191500_59.fit,2024-06-18 19:15:00,0,0,, ,train,190.0,3600.0
6830,FITfiles/2024-06-18/UMICH_20240618_193000_59.fit,2024-06-18 19:30:00,0,0,, ,valid,190.0,3600.0
6839,FITfiles/2024-06-18/UMICH_20240618_194500_59.fit,2024-06-18 19:45:00,0,0,, ,valid,190.0,3600.0
6828,FITfiles/2024-06-18/UMICH_20240618_200000_59.fit,2024-06-18 20:00:00,0,0,, ,train,190.0,3600.0
6831,FITfiles/2024-06-18/UMICH_20240618_201500_59.fit,2024-06-18 20:15:00,0,0,, ,train,190.0,3593.0
6836,FITfiles/2024-06-18/UMICH_20240618_203000_59.fit,2024-06-18 20:30:00,0,0,, ,train,190.0,3600.0
6832,FITfiles/2024-06-18/UMICH_20240618_204500_59.fit,2024-06-18 20:45:00,0,0,, ,test,190.0,3591.0
8135,FITfiles/2024-06-19/UMICH_20240619_063000_59.fit,2024-06-19 06:30:00,0,0,, ,test,190.0,3600.0
8130,FITfiles/2024-06-19/UMICH_20240619_064500_59.fit,2024-06-19 06:45:00,0,0,, ,valid,190.0,3600.0
8131,FITfiles/2024-06-19/UMICH_20240619_070000_59.fit,2024-06-19 07:00:00,0,0,, ,train,190.0,3600.0
8133,FITfiles/2024-06-19/UMICH_20240619_071500_59.fit,2024-06-19 07:15:00,0,0,, ,valid,190.0,3600.0
8136,FITfiles/2024-06-19/UMICH_20240619_073000_59.fit,2024-06-19 07:30:00,0,0,, ,valid,190.0,3600.0
8134,FITfiles/2024-06-19/UMICH_20240619_074500_59.fit,2024-06-19 07:45:00,0,0,, ,valid,190.0,3600.0
8132,FITfiles/2024-06-19/UMICH_20240619_080000_59.fit,2024-06-19 08:00:00,0,0,, ,train,190.0,3600.0
8129,FITfiles/2024-06-19/UMICH_20240619_081500_59.fit,2024-06-19 08:15:00,0,0,, ,train,190.0,3593.0
8120,FITfiles/2024-06-19/UMICH_20240619_083000_59.fit,2024-06-19 08:30:00,0,0,, ,test,190.0,3600.0
8122,FITfiles/2024-06-19/UMICH_20240619_084500_59.fit,2024-06-19 08:45:00,0,0,, ,valid,190.0,3600.0
8119,FITfiles/2024-06-19/UMICH_20240619_090000_59.fit,2024-06-19 09:00:00,0,0,, ,train,190.0,3600.0
8125,FITfiles/2024-06-19/UMICH_20240619_091500_59.fit,2024-06-19 09:15:00,0,0,, ,valid,190.0,3600.0
8128,FITfiles/2024-06-19/UMICH_20240619_093000_59.fit,2024-06-19 09:30:00,0,0,, ,valid,190.0,3600.0
8121,FITfiles/2024-06-19/UMICH_20240619_094500_59.fit,2024-06-19 09:45:00,0,0,, ,train,190.0,3600.0
8124,FITfiles/2024-06-19/UMICH_20240619_100000_59.fit,2024-06-19 10:00:00,0,0,, ,test,190.0,3600.0
8138,FITfiles/2024-06-19/UMICH_20240619_101459_59.fit,2024-06-19 10:14:59,0,0,, ,train,190.0,3600.0
8137,FITfiles/2024-06-19/UMICH_20240619_103000_59.fit,2024-06-19 10:30:00,0,0,, ,valid,190.0,3600.0
8112,FITfiles/2024-06-19/UMICH_20240619_104459_59.fit,2024-06-19 10:44:59,0,0,, ,train,190.0,3600.0
8117,FITfiles/2024-06-19/UMICH_20240619_105959_59.fit,2024-06-19 10:59:59,0,0,, ,valid,190.0,3600.0
8126,FITfiles/2024-06-19/UMICH_20240619_111459_59.fit,2024-06-19 11:14:59,0,0,, ,train,190.0,3600.0
8118,FITfiles/2024-06-19/UMICH_20240619_112959_59.fit,2024-06-19 11:29:59,0,0,, ,train,190.0,3600.0
8116,FITfiles/2024-06-19/UMICH_20240619_114459_59.fit,2024-06-19 11:44:59,0,0,, ,train,190.0,3600.0
8114,FITfiles/2024-06-19/UMICH_20240619_115959_59.fit,2024-06-19 11:59:59,0,0,, ,train,190.0,3600.0
8105,FITfiles/2024-06-19/UMICH_20240619_121459_59.fit,2024-06-19 12:14:59,0,0,, ,valid,190.0,3596.0
8115,FITfiles/2024-06-19/UMICH_20240619_123000_59.fit,2024-06-19 12:30:00,0,0,, ,train,190.0,3600.0
8127,FITfiles/2024-06-19/UMICH_20240619_124500_59.fit,2024-06-19 12:45:00,0,0,, ,train,190.0,3600.0
8110,FITfiles/2024-06-19/UMICH_20240619_130000_59.fit,2024-06-19 13:00:00,0,0,, ,valid,190.0,3600.0
8111,FITfiles/2024-06-19/UMICH_20240619_131500_59.fit,2024-06-19 13:15:00,0,0,, ,train,190.0,3600.0
8113,FITfiles/2024-06-19/UMICH_20240619_133000_59.fit,2024-06-19 13:30:00,0,0,, ,train,190.0,3600.0
8123,FITfiles/2024-06-19/UMICH_20240619_134500_59.fit,2024-06-19 13:45:00,0,0,, ,test,190.0,3600.0
8107,FITfiles/2024-06-19/UMICH_20240619_140000_59.fit,2024-06-19 14:00:00,0,0,, ,train,190.0,3600.0
8100,FITfiles/2024-06-19/UMICH_20240619_141500_59.fit,2024-06-19 14:15:00,0,0,, ,train,190.0,3593.0
8102,FITfiles/2024-06-19/UMICH_20240619_143000_59.fit,2024-06-19 14:30:00,0,0,, ,train,190.0,3600.0
8109,FITfiles/2024-06-19/UMICH_20240619_144500_59.fit,2024-06-19 14:45:00,0,0,, ,train,190.0,3600.0
8104,FITfiles/2024-06-19/UMICH_20240619_150000_59.fit,2024-06-19 15:00:00,0,0,, ,test,190.0,3600.0
8096,FITfiles/2024-06-19/UMICH_20240619_151500_59.fit,2024-06-19 15:15:00,0,0,, ,train,190.0,3600.0
8099,FITfiles/2024-06-19/UMICH_20240619_153000_59.fit,2024-06-19 15:30:00,0,0,, ,train,190.0,3600.0
8101,FITfiles/2024-06-19/UMICH_20240619_154500_59.fit,2024-06-19 15:45:00,0,0,, ,train,190.0,3600.0
8093,FITfiles/2024-06-19/UMICH_20240619_160000_59.fit,2024-06-19 16:00:00,0,0,, ,train,190.0,3600.0
8097,FITfiles/2024-06-19/UMICH_20240619_161500_59.fit,2024-06-19 16:15:00,0,0,, ,train,190.0,3592.0
8098,FITfiles/2024-06-19/UMICH_20240619_163000_59.fit,2024-06-19 16:30:00,0,0,, ,train,190.0,3600.0
8106,FITfiles/2024-06-19/UMICH_20240619_164500_59.fit,2024-06-19 16:45:00,0,0,, ,train,190.0,3600.0
8095,FITfiles/2024-06-19/UMICH_20240619_170000_59.fit,2024-06-19 17:00:00,0,0,, ,train,190.0,3600.0
8091,FITfiles/2024-06-19/UMICH_20240619_171500_59.fit,2024-06-19 17:15:00,0,0,, ,valid,190.0,3600.0
8090,FITfiles/2024-06-19/UMICH_20240619_173000_59.fit,2024-06-19 17:30:00,0,0,, ,test,190.0,3600.0
8094,FITfiles/2024-06-19/UMICH_20240619_174500_59.fit,2024-06-19 17:45:00,0,0,, ,train,190.0,3600.0
8108,FITfiles/2024-06-19/UMICH_20240619_180000_59.fit,2024-06-19 18:00:00,0,0,, ,train,190.0,3600.0
8103,FITfiles/2024-06-19/UMICH_20240619_181500_59.fit,2024-06-19 18:15:00,0,0,, ,train,190.0,3592.0
8089,FITfiles/2024-06-19/UMICH_20240619_183000_59(1).fit,2024-06-19 18:30:00,0,0,, ,valid,190.0,3600.0
8087,FITfiles/2024-06-19/UMICH_20240619_183000_59.fit,2024-06-19 18:30:00,0,0,, ,train,190.0,3600.0
8086,FITfiles/2024-06-19/UMICH_20240619_184500_59.fit,2024-06-19 18:45:00,0,0,, ,valid,190.0,3600.0
8082,FITfiles/2024-06-19/UMICH_20240619_190000_59.fit,2024-06-19 19:00:00,0,0,, ,train,190.0,3600.0
8092,FITfiles/2024-06-19/UMICH_20240619_191500_59.fit,2024-06-19 19:15:00,0,0,, ,test,190.0,3600.0
8088,FITfiles/2024-06-19/UMICH_20240619_193000_59.fit,2024-06-19 19:30:00,0,0,, ,valid,190.0,3600.0
8085,FITfiles/2024-06-19/UMICH_20240619_194500_59.fit,2024-06-19 19:45:00,0,0,, ,valid,190.0,3600.0
8084,FITfiles/2024-06-19/UMICH_20240619_200000_59.fit,2024-06-19 20:00:00,0,0,, ,train,190.0,3600.0
8080,FITfiles/2024-06-19/UMICH_20240619_201500_59.fit,2024-06-19 20:15:00,0,0,, ,test,190.0,3592.0
8081,FITfiles/2024-06-19/UMICH_20240619_203000_59.fit,2024-06-19 20:30:00,0,0,, ,test,190.0,3600.0
8083,FITfiles/2024-06-19/UMICH_20240619_204500_59.fit,2024-06-19 20:45:00,0,0,, ,test,190.0,3590.0
3474,FITfiles/2024-06-20/UMICH_20240620_063000_59.fit,2024-06-20 06:30:00,0,0,, ,train,190.0,3600.0
3458,FITfiles/2024-06-20/UMICH_20240620_064500_59.fit,2024-06-20 06:45:00,0,0,, ,train,190.0,3600.0
3448,FITfiles/2024-06-20/UMICH_20240620_070000_59.fit,2024-06-20 07:00:00,0,0,, ,train,190.0,3600.0
3445,FITfiles/2024-06-20/UMICH_20240620_071500_59.fit,2024-06-20 07:15:00,0,0,, ,test,190.0,3600.0
3456,FITfiles/2024-06-20/UMICH_20240620_073000_59.fit,2024-06-20 07:30:00,0,0,, ,train,190.0,3600.0
3451,FITfiles/2024-06-20/UMICH_20240620_074500_59.fit,2024-06-20 07:45:00,0,0,, ,valid,190.0,3600.0
3459,FITfiles/2024-06-20/UMICH_20240620_080000_59.fit,2024-06-20 08:00:00,0,0,, ,train,190.0,3600.0
3453,FITfiles/2024-06-20/UMICH_20240620_081500_59.fit,2024-06-20 08:15:00,0,0,, ,test,190.0,3593.0
3449,FITfiles/2024-06-20/UMICH_20240620_083000_59.fit,2024-06-20 08:30:00,0,0,, ,train,190.0,3600.0
3443,FITfiles/2024-06-20/UMICH_20240620_084500_59.fit,2024-06-20 08:45:00,0,0,, ,test,190.0,3600.0
3455,FITfiles/2024-06-20/UMICH_20240620_090000_59.fit,2024-06-20 09:00:00,0,0,, ,train,190.0,3600.0
3442,FITfiles/2024-06-20/UMICH_20240620_091500_59.fit,2024-06-20 09:15:00,0,0,, ,train,190.0,3600.0
3441,FITfiles/2024-06-20/UMICH_20240620_093000_59.fit,2024-06-20 09:30:00,0,0,, ,test,190.0,3600.0
3444,FITfiles/2024-06-20/UMICH_20240620_094500_59.fit,2024-06-20 09:45:00,0,0,, ,train,190.0,3600.0
3462,FITfiles/2024-06-20/UMICH_20240620_100000_59.fit,2024-06-20 10:00:00,0,0,, ,valid,190.0,3600.0
3446,FITfiles/2024-06-20/UMICH_20240620_101500_59.fit,2024-06-20 10:15:00,0,0,, ,train,190.0,3600.0
3440,FITfiles/2024-06-20/UMICH_20240620_102959_59.fit,2024-06-20 10:29:59,0,0,, ,test,190.0,3600.0
3454,FITfiles/2024-06-20/UMICH_20240620_104500_59.fit,2024-06-20 10:45:00,0,0,, ,train,190.0,3600.0
3452,FITfiles/2024-06-20/UMICH_20240620_105959_59.fit,2024-06-20 10:59:59,0,0,, ,test,190.0,3600.0
3439,FITfiles/2024-06-20/UMICH_20240620_111459_59.fit,2024-06-20 11:14:59,0,0,, ,valid,190.0,3600.0
3447,FITfiles/2024-06-20/UMICH_20240620_112959_59.fit,2024-06-20 11:29:59,0,0,, ,train,190.0,3600.0
3437,FITfiles/2024-06-20/UMICH_20240620_114459_59.fit,2024-06-20 11:44:59,0,0,, ,train,190.0,3600.0
3436,FITfiles/2024-06-20/UMICH_20240620_115959_59.fit,2024-06-20 11:59:59,0,0,, ,valid,190.0,3600.0
3432,FITfiles/2024-06-20/UMICH_20240620_121459_59.fit,2024-06-20 12:14:59,0,0,, ,train,190.0,3595.0
3435,FITfiles/2024-06-20/UMICH_20240620_123000_59.fit,2024-06-20 12:30:00,0,0,, ,test,190.0,3600.0
3427,FITfiles/2024-06-20/UMICH_20240620_124500_59.fit,2024-06-20 12:45:00,0,0,, ,train,190.0,3600.0
3433,FITfiles/2024-06-20/UMICH_20240620_130000_59.fit,2024-06-20 13:00:00,0,0,, ,train,190.0,3600.0
3426,FITfiles/2024-06-20/UMICH_20240620_131500_59.fit,2024-06-20 13:15:00,0,0,, ,train,190.0,3600.0
3424,FITfiles/2024-06-20/UMICH_20240620_133000_59.fit,2024-06-20 13:30:00,1,3,, ,train,190.0,3600.0
3423,FITfiles/2024-06-20/UMICH_20240620_134500_59.fit,2024-06-20 13:45:00,0,0,, ,train,190.0,3600.0
3422,FITfiles/2024-06-20/UMICH_20240620_140000_59.fit,2024-06-20 14:00:00,0,0,, ,valid,190.0,3600.0
3420,FITfiles/2024-06-20/UMICH_20240620_141500_59.fit,2024-06-20 14:15:00,0,0,, ,test,190.0,3592.0
3416,FITfiles/2024-06-20/UMICH_20240620_143000_59.fit,2024-06-20 14:30:00,0,0,, ,train,190.0,3600.0
3429,FITfiles/2024-06-20/UMICH_20240620_144500_59.fit,2024-06-20 14:45:00,0,0,, ,valid,190.0,3600.0
3415,FITfiles/2024-06-20/UMICH_20240620_150000_59.fit,2024-06-20 15:00:00,0,0,, ,train,190.0,3600.0
3431,FITfiles/2024-06-20/UMICH_20240620_151500_59.fit,2024-06-20 15:15:00,0,0,, ,train,190.0,3600.0
3438,FITfiles/2024-06-20/UMICH_20240620_153000_59.fit,2024-06-20 15:30:00,0,0,, ,valid,190.0,3600.0
3417,FITfiles/2024-06-20/UMICH_20240620_154500_59.fit,2024-06-20 15:45:00,0,0,, ,train,190.0,3600.0
3409,FITfiles/2024-06-20/UMICH_20240620_160000_59.fit,2024-06-20 16:00:00,0,0,, ,train,190.0,3600.0
3418,FITfiles/2024-06-20/UMICH_20240620_161500_59.fit,2024-06-20 16:15:00,0,0,, ,train,190.0,3593.0
3408,FITfiles/2024-06-20/UMICH_20240620_163000_59.fit,2024-06-20 16:30:00,0,0,, ,valid,190.0,3600.0
3430,FITfiles/2024-06-20/UMICH_20240620_164500_59.fit,2024-06-20 16:45:00,0,0,, ,train,190.0,3600.0
3412,FITfiles/2024-06-20/UMICH_20240620_170000_59.fit,2024-06-20 17:00:00,0,0,, ,train,190.0,3600.0
3411,FITfiles/2024-06-20/UMICH_20240620_171500_59.fit,2024-06-20 17:15:00,0,0,, ,valid,190.0,3600.0
3425,FITfiles/2024-06-20/UMICH_20240620_173000_59.fit,2024-06-20 17:30:00,0,0,, ,test,190.0,3600.0
3465,FITfiles/2024-06-20/UMICH_20240620_174500_59.fit,2024-06-20 17:45:00,0,0,, ,valid,190.0,3600.0
3421,FITfiles/2024-06-20/UMICH_20240620_180000_59.fit,2024-06-20 18:00:00,0,0,, ,train,190.0,3600.0
3400,FITfiles/2024-06-20/UMICH_20240620_181500_59.fit,2024-06-20 18:15:00,0,0,, ,train,190.0,3593.0
3413,FITfiles/2024-06-20/UMICH_20240620_183000_59.fit,2024-06-20 18:30:00,0,0,, ,train,190.0,3600.0
3414,FITfiles/2024-06-20/UMICH_20240620_184500_59.fit,2024-06-20 18:45:00,0,0,, ,valid,190.0,3600.0
3434,FITfiles/2024-06-20/UMICH_20240620_190000_59.fit,2024-06-20 19:00:00,0,0,, ,train,190.0,3600.0
3419,FITfiles/2024-06-20/UMICH_20240620_191500_59.fit,2024-06-20 19:15:00,0,0,, ,train,190.0,3600.0
3404,FITfiles/2024-06-20/UMICH_20240620_193000_59.fit,2024-06-20 19:30:00,0,0,, ,train,190.0,3600.0
3398,FITfiles/2024-06-20/UMICH_20240620_194500_59.fit,2024-06-20 19:45:00,0,0,, ,train,190.0,3600.0
3399,FITfiles/2024-06-20/UMICH_20240620_200000_59.fit,2024-06-20 20:00:00,0,0,, ,valid,190.0,3600.0
3402,FITfiles/2024-06-20/UMICH_20240620_201500_59.fit,2024-06-20 20:15:00,0,0,, ,train,190.0,3593.0
3396,FITfiles/2024-06-20/UMICH_20240620_203000_59.fit,2024-06-20 20:30:00,0,0,, ,test,190.0,3600.0
3395,FITfiles/2024-06-20/UMICH_20240620_204500_59.fit,2024-06-20 20:45:00,0,0,, ,valid,190.0,3590.0
2232,FITfiles/2024-06-21/UMICH_20240621_063000_59.fit,2024-06-21 06:30:00,0,0,, ,train,190.0,3600.0
2217,FITfiles/2024-06-21/UMICH_20240621_064500_59.fit,2024-06-21 06:45:00,0,0,, ,train,190.0,3600.0
2220,FITfiles/2024-06-21/UMICH_20240621_070000_59.fit,2024-06-21 07:00:00,0,0,, ,train,190.0,3600.0
2210,FITfiles/2024-06-21/UMICH_20240621_071500_59.fit,2024-06-21 07:15:00,0,0,, ,valid,190.0,3600.0
2208,FITfiles/2024-06-21/UMICH_20240621_073000_59.fit,2024-06-21 07:30:00,0,0,, ,train,190.0,3600.0
2205,FITfiles/2024-06-21/UMICH_20240621_074500_59.fit,2024-06-21 07:45:00,0,0,, ,train,190.0,3600.0
2206,FITfiles/2024-06-21/UMICH_20240621_080000_59.fit,2024-06-21 08:00:00,0,0,, ,train,190.0,3600.0
2216,FITfiles/2024-06-21/UMICH_20240621_081500_59.fit,2024-06-21 08:15:00,0,0,, ,valid,190.0,3592.0
2200,FITfiles/2024-06-21/UMICH_20240621_083000_59.fit,2024-06-21 08:30:00,0,0,, ,test,190.0,3600.0
2211,FITfiles/2024-06-21/UMICH_20240621_084500_59.fit,2024-06-21 08:45:00,0,0,, ,train,190.0,3600.0
2190,FITfiles/2024-06-21/UMICH_20240621_090000_59.fit,2024-06-21 09:00:00,0,0,, ,train,190.0,3600.0
2201,FITfiles/2024-06-21/UMICH_20240621_091500_59.fit,2024-06-21 09:15:00,0,0,, ,train,190.0,3600.0
2225,FITfiles/2024-06-21/UMICH_20240621_093000_59.fit,2024-06-21 09:30:00,0,0,, ,train,190.0,3600.0
2193,FITfiles/2024-06-21/UMICH_20240621_094500_59.fit,2024-06-21 09:45:00,0,0,, ,train,190.0,3600.0
2197,FITfiles/2024-06-21/UMICH_20240621_100000_59.fit,2024-06-21 10:00:00,0,0,, ,train,190.0,3600.0
2218,FITfiles/2024-06-21/UMICH_20240621_101500_59.fit,2024-06-21 10:15:00,1,7,, ,test,190.0,3600.0
2192,FITfiles/2024-06-21/UMICH_20240621_103000_59.fit,2024-06-21 10:30:00,0,0,, ,test,190.0,3600.0
2188,FITfiles/2024-06-21/UMICH_20240621_104459_59.fit,2024-06-21 10:44:59,0,0,, ,train,190.0,3600.0
2189,FITfiles/2024-06-21/UMICH_20240621_105959_59.fit,2024-06-21 10:59:59,0,0,, ,train,190.0,3600.0
2181,FITfiles/2024-06-21/UMICH_20240621_111459_59.fit,2024-06-21 11:14:59,0,0,, ,test,190.0,3600.0
2157,FITfiles/2024-06-21/UMICH_20240621_112959_59.fit,2024-06-21 11:29:59,0,0,, ,train,190.0,3600.0
2158,FITfiles/2024-06-21/UMICH_20240621_114459_59.fit,2024-06-21 11:44:59,0,0,, ,train,190.0,3600.0
2155,FITfiles/2024-06-21/UMICH_20240621_115959_59.fit,2024-06-21 11:59:59,0,0,, ,train,190.0,3600.0
2150,FITfiles/2024-06-21/UMICH_20240621_121459_59.fit,2024-06-21 12:14:59,0,0,, ,train,190.0,3595.0
2153,FITfiles/2024-06-21/UMICH_20240621_123000_59.fit,2024-06-21 12:30:00,0,0,, ,train,190.0,3600.0
2156,FITfiles/2024-06-21/UMICH_20240621_124500_59.fit,2024-06-21 12:45:00,0,0,, ,train,190.0,3600.0
2146,FITfiles/2024-06-21/UMICH_20240621_130000_59.fit,2024-06-21 13:00:00,0,0,, ,train,190.0,3600.0
2148,FITfiles/2024-06-21/UMICH_20240621_131500_59.fit,2024-06-21 13:15:00,0,0,, ,test,190.0,3600.0
2145,FITfiles/2024-06-21/UMICH_20240621_133000_59.fit,2024-06-21 13:30:00,0,0,, ,test,190.0,3600.0
2161,FITfiles/2024-06-21/UMICH_20240621_134500_59.fit,2024-06-21 13:45:00,0,0,, ,test,190.0,3600.0
2152,FITfiles/2024-06-21/UMICH_20240621_140000_59.fit,2024-06-21 14:00:00,0,0,, ,test,190.0,3600.0
2149,FITfiles/2024-06-21/UMICH_20240621_141500_59.fit,2024-06-21 14:15:00,0,0,, ,test,190.0,3592.0
2163,FITfiles/2024-06-21/UMICH_20240621_143000_59.fit,2024-06-21 14:30:00,0,0,, ,train,190.0,3600.0
2147,FITfiles/2024-06-21/UMICH_20240621_144500_59.fit,2024-06-21 14:45:00,0,0,, ,train,190.0,3600.0
2154,FITfiles/2024-06-21/UMICH_20240621_150000_59.fit,2024-06-21 15:00:00,0,0,, ,valid,190.0,3600.0
2142,FITfiles/2024-06-21/UMICH_20240621_151500_59.fit,2024-06-21 15:15:00,0,0,, ,train,190.0,3600.0
2151,FITfiles/2024-06-21/UMICH_20240621_153000_59.fit,2024-06-21 15:30:00,0,0,, ,valid,190.0,3600.0
2160,FITfiles/2024-06-21/UMICH_20240621_154500_59.fit,2024-06-21 15:45:00,0,0,, ,valid,190.0,3600.0
2143,FITfiles/2024-06-21/UMICH_20240621_160000_59.fit,2024-06-21 16:00:00,0,0,, ,test,190.0,3600.0
2141,FITfiles/2024-06-21/UMICH_20240621_161500_59.fit,2024-06-21 16:15:00,0,0,, ,test,190.0,3592.0
2162,FITfiles/2024-06-21/UMICH_20240621_163000_59.fit,2024-06-21 16:30:00,0,0,, ,train,190.0,3600.0
2139,FITfiles/2024-06-21/UMICH_20240621_164500_59.fit,2024-06-21 16:45:00,0,0,, ,train,190.0,3600.0
2159,FITfiles/2024-06-21/UMICH_20240621_170000_59.fit,2024-06-21 17:00:00,0,0,, ,valid,190.0,3600.0
2144,FITfiles/2024-06-21/UMICH_20240621_171500_59.fit,2024-06-21 17:15:00,0,0,, ,valid,190.0,3600.0
2140,FITfiles/2024-06-21/UMICH_20240621_173000_59.fit,2024-06-21 17:30:00,0,0,, ,train,190.0,3600.0
2138,FITfiles/2024-06-21/UMICH_20240621_174500_59.fit,2024-06-21 17:45:00,0,0,, ,train,190.0,3600.0
2134,FITfiles/2024-06-21/UMICH_20240621_180000_59.fit,2024-06-21 18:00:00,0,0,, ,valid,190.0,3600.0
2133,FITfiles/2024-06-21/UMICH_20240621_181500_59.fit,2024-06-21 18:15:00,0,0,, ,test,190.0,3593.0
2135,FITfiles/2024-06-21/UMICH_20240621_183000_59.fit,2024-06-21 18:30:00,0,0,, ,train,190.0,3600.0
2137,FITfiles/2024-06-21/UMICH_20240621_184500_59.fit,2024-06-21 18:45:00,0,0,, ,train,190.0,3600.0
2128,FITfiles/2024-06-21/UMICH_20240621_190000_59.fit,2024-06-21 19:00:00,0,0,, ,train,190.0,3600.0
2129,FITfiles/2024-06-21/UMICH_20240621_191500_59.fit,2024-06-21 19:15:00,0,0,, ,valid,190.0,3600.0
2131,FITfiles/2024-06-21/UMICH_20240621_193000_59.fit,2024-06-21 19:30:00,1,3,, ,train,190.0,3600.0
2125,FITfiles/2024-06-21/UMICH_20240621_194500_59.fit,2024-06-21 19:45:00,1,2,, ,train,190.0,3600.0
2136,FITfiles/2024-06-21/UMICH_20240621_200000_59.fit,2024-06-21 20:00:00,0,0,, ,test,190.0,3600.0
2130,FITfiles/2024-06-21/UMICH_20240621_201500_59.fit,2024-06-21 20:15:00,0,0,, ,train,190.0,3593.0
2127,FITfiles/2024-06-21/UMICH_20240621_203000_59.fit,2024-06-21 20:30:00,0,0,, ,test,190.0,3600.0
2132,FITfiles/2024-06-21/UMICH_20240621_204500_59.fit,2024-06-21 20:45:00,0,0,, ,train,190.0,3590.0
2249,FITfiles/2024-06-22/UMICH_20240622_063000_59.fit,2024-06-22 06:30:00,0,0,, ,valid,190.0,3600.0
2246,FITfiles/2024-06-22/UMICH_20240622_064500_59.fit,2024-06-22 06:45:00,0,0,, ,valid,190.0,3600.0
2252,FITfiles/2024-06-22/UMICH_20240622_070000_59.fit,2024-06-22 07:00:00,0,0,, ,test,190.0,3600.0
2239,FITfiles/2024-06-22/UMICH_20240622_071500_59.fit,2024-06-22 07:15:00,0,0,, ,train,190.0,3600.0
2235,FITfiles/2024-06-22/UMICH_20240622_073000_59.fit,2024-06-22 07:30:00,0,0,, ,valid,190.0,3600.0
2231,FITfiles/2024-06-22/UMICH_20240622_074500_59.fit,2024-06-22 07:45:00,0,0,, ,test,190.0,3600.0
2234,FITfiles/2024-06-22/UMICH_20240622_080000_59.fit,2024-06-22 08:00:00,0,0,, ,train,190.0,3600.0
2227,FITfiles/2024-06-22/UMICH_20240622_081500_59.fit,2024-06-22 08:15:00,0,0,, ,train,190.0,3593.0
2226,FITfiles/2024-06-22/UMICH_20240622_083000_59.fit,2024-06-22 08:30:00,0,0,, ,train,190.0,3600.0
2228,FITfiles/2024-06-22/UMICH_20240622_084500_59.fit,2024-06-22 08:45:00,0,0,, ,train,190.0,3600.0
2236,FITfiles/2024-06-22/UMICH_20240622_090000_59.fit,2024-06-22 09:00:00,0,0,, ,valid,190.0,3600.0
2237,FITfiles/2024-06-22/UMICH_20240622_091500_59.fit,2024-06-22 09:15:00,0,0,, ,train,190.0,3600.0
2233,FITfiles/2024-06-22/UMICH_20240622_093000_59.fit,2024-06-22 09:30:00,0,0,, ,train,190.0,3600.0
2222,FITfiles/2024-06-22/UMICH_20240622_094500_59.fit,2024-06-22 09:45:00,0,0,, ,train,190.0,3600.0
2229,FITfiles/2024-06-22/UMICH_20240622_100000_59.fit,2024-06-22 10:00:00,0,0,, ,test,190.0,3600.0
2223,FITfiles/2024-06-22/UMICH_20240622_101500_59.fit,2024-06-22 10:15:00,0,0,, ,valid,190.0,3600.0
2230,FITfiles/2024-06-22/UMICH_20240622_103000_59.fit,2024-06-22 10:30:00,0,0,, ,valid,190.0,3600.0
2221,FITfiles/2024-06-22/UMICH_20240622_104459_59.fit,2024-06-22 10:44:59,0,0,, ,train,190.0,3600.0
2215,FITfiles/2024-06-22/UMICH_20240622_105959_59.fit,2024-06-22 10:59:59,0,0,, ,train,190.0,3600.0
2209,FITfiles/2024-06-22/UMICH_20240622_111459_59.fit,2024-06-22 11:14:59,0,0,, ,train,190.0,3600.0
2219,FITfiles/2024-06-22/UMICH_20240622_112959_59.fit,2024-06-22 11:29:59,0,0,, ,valid,190.0,3600.0
2213,FITfiles/2024-06-22/UMICH_20240622_114459_59.fit,2024-06-22 11:44:59,0,0,, ,train,190.0,3600.0
2214,FITfiles/2024-06-22/UMICH_20240622_115959_59.fit,2024-06-22 11:59:59,0,0,, ,train,190.0,3600.0
2207,FITfiles/2024-06-22/UMICH_20240622_121459_59.fit,2024-06-22 12:14:59,0,0,, ,train,190.0,3595.0
2212,FITfiles/2024-06-22/UMICH_20240622_123000_59.fit,2024-06-22 12:30:00,0,0,, ,train,190.0,3600.0
2224,FITfiles/2024-06-22/UMICH_20240622_124500_59.fit,2024-06-22 12:45:00,0,0,, ,train,190.0,3600.0
2198,FITfiles/2024-06-22/UMICH_20240622_130000_59.fit,2024-06-22 13:00:00,0,0,, ,train,190.0,3600.0
2195,FITfiles/2024-06-22/UMICH_20240622_131500_59.fit,2024-06-22 13:15:00,0,0,, ,valid,190.0,3600.0
2204,FITfiles/2024-06-22/UMICH_20240622_133000_59.fit,2024-06-22 13:30:00,0,0,, ,train,190.0,3600.0
2196,FITfiles/2024-06-22/UMICH_20240622_134500_59.fit,2024-06-22 13:45:00,0,0,, ,train,190.0,3600.0
2185,FITfiles/2024-06-22/UMICH_20240622_140000_59.fit,2024-06-22 14:00:00,0,0,, ,train,190.0,3600.0
2187,FITfiles/2024-06-22/UMICH_20240622_141500_59.fit,2024-06-22 14:15:00,0,0,, ,train,190.0,3592.0
2203,FITfiles/2024-06-22/UMICH_20240622_143000_59.fit,2024-06-22 14:30:00,0,0,, ,test,190.0,3600.0
2199,FITfiles/2024-06-22/UMICH_20240622_144500_59.fit,2024-06-22 14:45:00,0,0,, ,valid,190.0,3600.0
2186,FITfiles/2024-06-22/UMICH_20240622_150000_59.fit,2024-06-22 15:00:00,0,0,, ,train,190.0,3600.0
2194,FITfiles/2024-06-22/UMICH_20240622_151500_59.fit,2024-06-22 15:15:00,0,0,, ,valid,190.0,3600.0
2183,FITfiles/2024-06-22/UMICH_20240622_153000_59.fit,2024-06-22 15:30:00,0,0,, ,test,190.0,3600.0
2180,FITfiles/2024-06-22/UMICH_20240622_154500_59.fit,2024-06-22 15:45:00,0,0,, ,valid,190.0,3600.0
2202,FITfiles/2024-06-22/UMICH_20240622_160000_59.fit,2024-06-22 16:00:00,0,0,, ,train,190.0,3600.0
2178,FITfiles/2024-06-22/UMICH_20240622_161500_59.fit,2024-06-22 16:15:00,0,0,, ,train,190.0,3593.0
2176,FITfiles/2024-06-22/UMICH_20240622_163000_59.fit,2024-06-22 16:30:00,0,0,, ,test,190.0,3600.0
2182,FITfiles/2024-06-22/UMICH_20240622_164500_59.fit,2024-06-22 16:45:00,0,0,, ,train,190.0,3600.0
2174,FITfiles/2024-06-22/UMICH_20240622_170000_59.fit,2024-06-22 17:00:00,0,0,, ,valid,190.0,3600.0
2184,FITfiles/2024-06-22/UMICH_20240622_171500_59.fit,2024-06-22 17:15:00,0,0,, ,train,190.0,3600.0
2191,FITfiles/2024-06-22/UMICH_20240622_173000_59.fit,2024-06-22 17:30:00,0,0,, ,train,190.0,3600.0
2169,FITfiles/2024-06-22/UMICH_20240622_174500_59.fit,2024-06-22 17:45:00,0,0,, ,test,190.0,3600.0
2177,FITfiles/2024-06-22/UMICH_20240622_180000_59.fit,2024-06-22 18:00:00,0,0,, ,train,190.0,3600.0
2172,FITfiles/2024-06-22/UMICH_20240622_181500_59.fit,2024-06-22 18:15:00,0,0,, ,train,190.0,3592.0
2175,FITfiles/2024-06-22/UMICH_20240622_183000_59.fit,2024-06-22 18:30:00,0,0,, ,train,190.0,3600.0
2173,FITfiles/2024-06-22/UMICH_20240622_184500_59.fit,2024-06-22 18:45:00,0,0,, ,train,190.0,3600.0
2171,FITfiles/2024-06-22/UMICH_20240622_190000_59.fit,2024-06-22 19:00:00,0,0,, ,valid,190.0,3600.0
2170,FITfiles/2024-06-22/UMICH_20240622_191500_59.fit,2024-06-22 19:15:00,0,0,, ,valid,190.0,3600.0
2179,FITfiles/2024-06-22/UMICH_20240622_193000_59.fit,2024-06-22 19:30:00,0,0,, ,valid,190.0,3600.0
2165,FITfiles/2024-06-22/UMICH_20240622_194500_59.fit,2024-06-22 19:45:00,0,0,, ,train,190.0,3600.0
2166,FITfiles/2024-06-22/UMICH_20240622_200000_59.fit,2024-06-22 20:00:00,0,0,, ,train,190.0,3600.0
2167,FITfiles/2024-06-22/UMICH_20240622_201500_59.fit,2024-06-22 20:15:00,0,0,, ,train,190.0,3593.0
2168,FITfiles/2024-06-22/UMICH_20240622_203000_59.fit,2024-06-22 20:30:00,0,0,, ,train,190.0,3600.0
2164,FITfiles/2024-06-22/UMICH_20240622_204500_59.fit,2024-06-22 20:45:00,0,0,, ,train,190.0,3590.0
4504,FITfiles/2024-06-23/UMICH_20240623_063000_59.fit,2024-06-23 06:30:00,0,0,, ,train,190.0,3600.0
4507,FITfiles/2024-06-23/UMICH_20240623_064500_59.fit,2024-06-23 06:45:00,0,0,, ,test,190.0,3600.0
4290,FITfiles/2024-06-23/UMICH_20240623_070000_59.fit,2024-06-23 07:00:00,0,0,, ,train,190.0,3600.0
4502,FITfiles/2024-06-23/UMICH_20240623_071500_59.fit,2024-06-23 07:15:00,0,0,, ,train,190.0,3600.0
4493,FITfiles/2024-06-23/UMICH_20240623_073000_59.fit,2024-06-23 07:30:00,0,0,, ,train,190.0,3600.0
4500,FITfiles/2024-06-23/UMICH_20240623_074500_59.fit,2024-06-23 07:45:00,0,0,, ,valid,190.0,3600.0
4495,FITfiles/2024-06-23/UMICH_20240623_080000_59.fit,2024-06-23 08:00:00,0,0,, ,test,190.0,3600.0
4506,FITfiles/2024-06-23/UMICH_20240623_081500_59.fit,2024-06-23 08:15:00,0,0,, ,train,190.0,3592.0
4508,FITfiles/2024-06-23/UMICH_20240623_083000_59.fit,2024-06-23 08:30:00,0,0,, ,train,190.0,3600.0
4503,FITfiles/2024-06-23/UMICH_20240623_084500_59.fit,2024-06-23 08:45:00,0,0,, ,valid,190.0,3600.0
4499,FITfiles/2024-06-23/UMICH_20240623_090000_59.fit,2024-06-23 09:00:00,0,0,, ,train,190.0,3600.0
4498,FITfiles/2024-06-23/UMICH_20240623_091500_59.fit,2024-06-23 09:15:00,0,0,, ,train,190.0,3600.0
4289,FITfiles/2024-06-23/UMICH_20240623_093000_59.fit,2024-06-23 09:30:00,0,0,, ,train,190.0,3600.0
4505,FITfiles/2024-06-23/UMICH_20240623_094500_59.fit,2024-06-23 09:45:00,0,0,, ,test,190.0,3600.0
4489,FITfiles/2024-06-23/UMICH_20240623_100000_59.fit,2024-06-23 10:00:00,0,0,, ,train,190.0,3600.0
4485,FITfiles/2024-06-23/UMICH_20240623_101500_59.fit,2024-06-23 10:15:00,0,0,, ,train,190.0,3600.0
4484,FITfiles/2024-06-23/UMICH_20240623_103000_59.fit,2024-06-23 10:30:00,0,0,, ,train,190.0,3600.0
4475,FITfiles/2024-06-23/UMICH_20240623_104459_59.fit,2024-06-23 10:44:59,0,0,, ,train,190.0,3600.0
4481,FITfiles/2024-06-23/UMICH_20240623_105959_59.fit,2024-06-23 10:59:59,0,0,, ,train,190.0,3600.0
4478,FITfiles/2024-06-23/UMICH_20240623_111459_59.fit,2024-06-23 11:14:59,0,0,, ,train,190.0,3600.0
4483,FITfiles/2024-06-23/UMICH_20240623_112959_59.fit,2024-06-23 11:29:59,0,0,, ,valid,190.0,3600.0
4470,FITfiles/2024-06-23/UMICH_20240623_114459_59.fit,2024-06-23 11:44:59,0,0,, ,train,190.0,3600.0
4487,FITfiles/2024-06-23/UMICH_20240623_115959_59.fit,2024-06-23 11:59:59,0,0,, ,valid,190.0,3600.0
4474,FITfiles/2024-06-23/UMICH_20240623_121459_59.fit,2024-06-23 12:14:59,0,0,, ,train,190.0,3595.0
4490,FITfiles/2024-06-23/UMICH_20240623_123000_59.fit,2024-06-23 12:30:00,0,0,, ,train,190.0,3600.0
4477,FITfiles/2024-06-23/UMICH_20240623_124500_59.fit,2024-06-23 12:45:00,0,0,, ,train,190.0,3600.0
4472,FITfiles/2024-06-23/UMICH_20240623_130000_59.fit,2024-06-23 13:00:00,0,0,, ,train,190.0,3600.0
4463,FITfiles/2024-06-23/UMICH_20240623_131500_59.fit,2024-06-23 13:15:00,0,0,, ,train,190.0,3600.0
4482,FITfiles/2024-06-23/UMICH_20240623_133000_59.fit,2024-06-23 13:30:00,0,0,, ,train,190.0,3600.0
4468,FITfiles/2024-06-23/UMICH_20240623_134500_59.fit,2024-06-23 13:45:00,0,0,, ,train,190.0,3600.0
4476,FITfiles/2024-06-23/UMICH_20240623_140000_59.fit,2024-06-23 14:00:00,0,0,, ,test,190.0,3600.0
4467,FITfiles/2024-06-23/UMICH_20240623_141500_59.fit,2024-06-23 14:15:00,0,0,, ,test,190.0,3592.0
4479,FITfiles/2024-06-23/UMICH_20240623_143000_59.fit,2024-06-23 14:30:00,0,0,, ,train,190.0,3600.0
4471,FITfiles/2024-06-23/UMICH_20240623_144500_59.fit,2024-06-23 14:45:00,0,0,, ,train,190.0,3600.0
4466,FITfiles/2024-06-23/UMICH_20240623_150000_59.fit,2024-06-23 15:00:00,0,0,, ,valid,190.0,3600.0
4285,FITfiles/2024-06-23/UMICH_20240623_151500_59.fit,2024-06-23 15:15:00,0,0,, ,valid,190.0,3600.0
4457,FITfiles/2024-06-23/UMICH_20240623_153000_59.fit,2024-06-23 15:30:00,0,0,, ,valid,190.0,3600.0
4459,FITfiles/2024-06-23/UMICH_20240623_154500_59.fit,2024-06-23 15:45:00,0,0,, ,train,190.0,3600.0
4286,FITfiles/2024-06-23/UMICH_20240623_160000_59.fit,2024-06-23 16:00:00,0,0,, ,train,190.0,3600.0
4465,FITfiles/2024-06-23/UMICH_20240623_161459_59.fit,2024-06-23 16:14:59,0,0,, ,train,190.0,3593.0
4458,FITfiles/2024-06-23/UMICH_20240623_163000_59.fit,2024-06-23 16:30:00,0,0,, ,valid,190.0,3600.0
4460,FITfiles/2024-06-23/UMICH_20240623_164500_59.fit,2024-06-23 16:45:00,0,0,, ,train,190.0,3600.0
4488,FITfiles/2024-06-23/UMICH_20240623_170000_59.fit,2024-06-23 17:00:00,0,0,, ,valid,190.0,3600.0
4455,FITfiles/2024-06-23/UMICH_20240623_171500_59.fit,2024-06-23 17:15:00,0,0,, ,train,190.0,3600.0
4462,FITfiles/2024-06-23/UMICH_20240623_173000_59.fit,2024-06-23 17:30:00,0,0,, ,valid,190.0,3600.0
4461,FITfiles/2024-06-23/UMICH_20240623_174500_59.fit,2024-06-23 17:45:00,0,0,, ,valid,190.0,3600.0
4464,FITfiles/2024-06-23/UMICH_20240623_180000_59.fit,2024-06-23 18:00:00,0,0,, ,valid,190.0,3600.0
4480,FITfiles/2024-06-23/UMICH_20240623_181500_59.fit,2024-06-23 18:15:00,0,0,, ,train,190.0,3593.0
4454,FITfiles/2024-06-23/UMICH_20240623_183000_59.fit,2024-06-23 18:30:00,0,0,, ,valid,190.0,3600.0
4450,FITfiles/2024-06-23/UMICH_20240623_184500_59.fit,2024-06-23 18:45:00,0,0,, ,train,190.0,3600.0
4452,FITfiles/2024-06-23/UMICH_20240623_190000_59.fit,2024-06-23 19:00:00,0,0,, ,train,190.0,3600.0
4284,FITfiles/2024-06-23/UMICH_20240623_191500_59.fit,2024-06-23 19:15:00,0,0,, ,valid,190.0,3600.0
4449,FITfiles/2024-06-23/UMICH_20240623_193000_59.fit,2024-06-23 19:30:00,0,0,, ,valid,190.0,3600.0
4447,FITfiles/2024-06-23/UMICH_20240623_194500_59.fit,2024-06-23 19:45:00,0,0,, ,test,190.0,3600.0
4448,FITfiles/2024-06-23/UMICH_20240623_200000_59.fit,2024-06-23 20:00:00,0,0,, ,train,190.0,3600.0
4445,FITfiles/2024-06-23/UMICH_20240623_201500_59.fit,2024-06-23 20:15:00,0,0,, ,valid,190.0,3593.0
4456,FITfiles/2024-06-23/UMICH_20240623_203000_59.fit,2024-06-23 20:30:00,0,0,, ,train,190.0,3600.0
4442,FITfiles/2024-06-23/UMICH_20240623_204500_59.fit,2024-06-23 20:45:00,0,0,, ,train,190.0,3590.0
4054,FITfiles/2024-06-24/UMICH_20240624_063000_59.fit,2024-06-24 06:30:00,0,0,, ,train,190.0,3600.0
4065,FITfiles/2024-06-24/UMICH_20240624_064500_59.fit,2024-06-24 06:45:00,0,0,, ,train,190.0,3600.0
4050,FITfiles/2024-06-24/UMICH_20240624_070000_59.fit,2024-06-24 07:00:00,0,0,, ,train,190.0,3600.0
4041,FITfiles/2024-06-24/UMICH_20240624_071500_59.fit,2024-06-24 07:15:00,0,0,, ,test,190.0,3600.0
4043,FITfiles/2024-06-24/UMICH_20240624_073000_59.fit,2024-06-24 07:30:00,0,0,, ,train,190.0,3600.0
4046,FITfiles/2024-06-24/UMICH_20240624_074500_59.fit,2024-06-24 07:45:00,0,0,, ,train,190.0,3600.0
4038,FITfiles/2024-06-24/UMICH_20240624_080000_59.fit,2024-06-24 08:00:00,0,0,, ,train,190.0,3600.0
4052,FITfiles/2024-06-24/UMICH_20240624_081500_59.fit,2024-06-24 08:15:00,0,0,, ,train,190.0,3593.0
4048,FITfiles/2024-06-24/UMICH_20240624_083000_59.fit,2024-06-24 08:30:00,0,0,, ,train,190.0,3600.0
4045,FITfiles/2024-06-24/UMICH_20240624_084500_59.fit,2024-06-24 08:45:00,0,0,, ,train,190.0,3600.0
4040,FITfiles/2024-06-24/UMICH_20240624_090000_59.fit,2024-06-24 09:00:00,0,0,, ,valid,190.0,3600.0
4056,FITfiles/2024-06-24/UMICH_20240624_091500_59.fit,2024-06-24 09:15:00,0,0,, ,train,190.0,3600.0
4039,FITfiles/2024-06-24/UMICH_20240624_093000_59.fit,2024-06-24 09:30:00,0,0,, ,valid,190.0,3600.0
4044,FITfiles/2024-06-24/UMICH_20240624_094500_59.fit,2024-06-24 09:45:00,0,0,, ,train,190.0,3600.0
4098,FITfiles/2024-06-24/UMICH_20240624_100000_59.fit,2024-06-24 10:00:00,0,0,, ,test,190.0,3600.0
4036,FITfiles/2024-06-24/UMICH_20240624_101500_59.fit,2024-06-24 10:15:00,0,0,, ,train,190.0,3600.0
4049,FITfiles/2024-06-24/UMICH_20240624_103000_59.fit,2024-06-24 10:30:00,0,0,, ,test,190.0,3600.0
4042,FITfiles/2024-06-24/UMICH_20240624_104500_59.fit,2024-06-24 10:45:00,0,0,, ,train,190.0,3600.0
4064,FITfiles/2024-06-24/UMICH_20240624_105959_59.fit,2024-06-24 10:59:59,0,0,, ,train,190.0,3600.0
4047,FITfiles/2024-06-24/UMICH_20240624_111459_59.fit,2024-06-24 11:14:59,0,0,, ,test,190.0,3600.0
4035,FITfiles/2024-06-24/UMICH_20240624_112959_59.fit,2024-06-24 11:29:59,0,0,, ,test,190.0,3600.0
4037,FITfiles/2024-06-24/UMICH_20240624_114459_59.fit,2024-06-24 11:44:59,0,0,, ,test,190.0,3600.0
4033,FITfiles/2024-06-24/UMICH_20240624_115959_59.fit,2024-06-24 11:59:59,0,0,, ,train,190.0,3600.0
4030,FITfiles/2024-06-24/UMICH_20240624_121459_59.fit,2024-06-24 12:14:59,0,0,, ,train,190.0,3595.0
4024,FITfiles/2024-06-24/UMICH_20240624_123000_59.fit,2024-06-24 12:30:00,1,3,, ,train,190.0,3600.0
4066,FITfiles/2024-06-24/UMICH_20240624_124500_59.fit,2024-06-24 12:45:00,0,0,, ,train,190.0,3600.0
4032,FITfiles/2024-06-24/UMICH_20240624_130000_59.fit,2024-06-24 13:00:00,0,0,, ,test,190.0,3600.0
4025,FITfiles/2024-06-24/UMICH_20240624_131500_59.fit,2024-06-24 13:15:00,0,0,, ,train,190.0,3600.0
4029,FITfiles/2024-06-24/UMICH_20240624_133000_59.fit,2024-06-24 13:30:00,0,0,, ,train,190.0,3600.0
4023,FITfiles/2024-06-24/UMICH_20240624_134500_59.fit,2024-06-24 13:45:00,0,0,, ,train,190.0,3600.0
4031,FITfiles/2024-06-24/UMICH_20240624_140000_59.fit,2024-06-24 14:00:00,0,0,, ,valid,190.0,3600.0
4021,FITfiles/2024-06-24/UMICH_20240624_141500_59.fit,2024-06-24 14:15:00,0,0,, ,train,190.0,3592.0
4020,FITfiles/2024-06-24/UMICH_20240624_143000_59.fit,2024-06-24 14:30:00,0,0,, ,test,190.0,3600.0
4026,FITfiles/2024-06-24/UMICH_20240624_144500_59.fit,2024-06-24 14:45:00,0,0,, ,test,190.0,3600.0
4018,FITfiles/2024-06-24/UMICH_20240624_150000_59.fit,2024-06-24 15:00:00,0,0,, ,valid,190.0,3600.0
4019,FITfiles/2024-06-24/UMICH_20240624_151500_59.fit,2024-06-24 15:15:00,0,0,, ,train,190.0,3600.0
4022,FITfiles/2024-06-24/UMICH_20240624_153000_59.fit,2024-06-24 15:30:00,0,0,, ,test,190.0,3600.0
4016,FITfiles/2024-06-24/UMICH_20240624_154500_59.fit,2024-06-24 15:45:00,0,0,, ,train,190.0,3600.0
4027,FITfiles/2024-06-24/UMICH_20240624_160000_59.fit,2024-06-24 16:00:00,0,0,, ,train,190.0,3600.0
4028,FITfiles/2024-06-24/UMICH_20240624_161500_59.fit,2024-06-24 16:15:00,0,0,, ,train,190.0,3593.0
4017,FITfiles/2024-06-24/UMICH_20240624_163000_59.fit,2024-06-24 16:30:00,0,0,, ,train,190.0,3600.0
4015,FITfiles/2024-06-24/UMICH_20240624_164500_59.fit,2024-06-24 16:45:00,0,0,, ,valid,190.0,3600.0
4034,FITfiles/2024-06-24/UMICH_20240624_170000_59.fit,2024-06-24 17:00:00,0,0,, ,train,190.0,3600.0
4007,FITfiles/2024-06-24/UMICH_20240624_171500_59.fit,2024-06-24 17:15:00,0,0,, ,test,190.0,3600.0
4012,FITfiles/2024-06-24/UMICH_20240624_173000_59.fit,2024-06-24 17:30:00,0,0,, ,valid,190.0,3600.0
4005,FITfiles/2024-06-24/UMICH_20240624_174500_59.fit,2024-06-24 17:45:00,0,0,, ,train,190.0,3600.0
4014,FITfiles/2024-06-24/UMICH_20240624_180000_59.fit,2024-06-24 18:00:00,0,0,, ,train,190.0,3600.0
4010,FITfiles/2024-06-24/UMICH_20240624_181500_59.fit,2024-06-24 18:15:00,0,0,, ,train,190.0,3592.0
4009,FITfiles/2024-06-24/UMICH_20240624_183000_59.fit,2024-06-24 18:30:00,0,0,, ,valid,190.0,3600.0
4013,FITfiles/2024-06-24/UMICH_20240624_184500_59.fit,2024-06-24 18:45:00,0,0,, ,valid,190.0,3600.0
4008,FITfiles/2024-06-24/UMICH_20240624_190000_59.fit,2024-06-24 19:00:00,0,0,, ,train,190.0,3600.0
4011,FITfiles/2024-06-24/UMICH_20240624_191500_59.fit,2024-06-24 19:15:00,0,0,, ,train,190.0,3600.0
4003,FITfiles/2024-06-24/UMICH_20240624_193000_59.fit,2024-06-24 19:30:00,0,0,, ,train,190.0,3600.0
4006,FITfiles/2024-06-24/UMICH_20240624_194500_59.fit,2024-06-24 19:45:00,0,0,, ,train,190.0,3600.0
4001,FITfiles/2024-06-24/UMICH_20240624_200000_59.fit,2024-06-24 20:00:00,0,0,, ,valid,190.0,3600.0
4002,FITfiles/2024-06-24/UMICH_20240624_201500_59.fit,2024-06-24 20:15:00,0,0,, ,train,190.0,3593.0
4004,FITfiles/2024-06-24/UMICH_20240624_203000_59.fit,2024-06-24 20:30:00,0,0,, ,train,190.0,3600.0
4000,FITfiles/2024-06-24/UMICH_20240624_204500_59.fit,2024-06-24 20:45:00,0,0,, ,train,190.0,3591.0
4647,FITfiles/2024-06-25/UMICH_20240625_063000_59.fit,2024-06-25 06:30:00,0,0,, ,train,190.0,3600.0
4643,FITfiles/2024-06-25/UMICH_20240625_064500_59.fit,2024-06-25 06:45:00,0,0,, ,test,190.0,3600.0
4638,FITfiles/2024-06-25/UMICH_20240625_070000_59.fit,2024-06-25 07:00:00,0,0,, ,train,190.0,3600.0
4645,FITfiles/2024-06-25/UMICH_20240625_071500_59.fit,2024-06-25 07:15:00,0,0,, ,train,190.0,3600.0
4317,FITfiles/2024-06-25/UMICH_20240625_073000_59.fit,2024-06-25 07:30:00,0,0,, ,train,190.0,3600.0
4639,FITfiles/2024-06-25/UMICH_20240625_074500_59.fit,2024-06-25 07:45:00,0,0,, ,test,190.0,3600.0
4646,FITfiles/2024-06-25/UMICH_20240625_080000_59.fit,2024-06-25 08:00:00,0,0,, ,train,190.0,3600.0
4637,FITfiles/2024-06-25/UMICH_20240625_081500_59.fit,2024-06-25 08:15:00,0,0,, ,train,190.0,3593.0
4635,FITfiles/2024-06-25/UMICH_20240625_083000_59.fit,2024-06-25 08:30:00,0,0,, ,train,190.0,3600.0
4644,FITfiles/2024-06-25/UMICH_20240625_084500_59.fit,2024-06-25 08:45:00,0,0,, ,train,190.0,3600.0
4636,FITfiles/2024-06-25/UMICH_20240625_090000_59.fit,2024-06-25 09:00:00,0,0,, ,train,190.0,3600.0
4316,FITfiles/2024-06-25/UMICH_20240625_091500_59.fit,2024-06-25 09:15:00,0,0,, ,test,190.0,3600.0
4642,FITfiles/2024-06-25/UMICH_20240625_093000_59.fit,2024-06-25 09:30:00,0,0,, ,valid,190.0,3600.0
4640,FITfiles/2024-06-25/UMICH_20240625_094500_59.fit,2024-06-25 09:45:00,0,0,, ,train,190.0,3600.0
4629,FITfiles/2024-06-25/UMICH_20240625_100000_59.fit,2024-06-25 10:00:00,0,0,, ,train,190.0,3600.0
4634,FITfiles/2024-06-25/UMICH_20240625_101500_59.fit,2024-06-25 10:15:00,0,0,, ,valid,190.0,3600.0
4626,FITfiles/2024-06-25/UMICH_20240625_102959_59.fit,2024-06-25 10:29:59,0,0,, ,train,190.0,3600.0
4631,FITfiles/2024-06-25/UMICH_20240625_104459_59.fit,2024-06-25 10:44:59,0,0,, ,valid,190.0,3600.0
4623,FITfiles/2024-06-25/UMICH_20240625_105959_59.fit,2024-06-25 10:59:59,0,0,, ,valid,190.0,3600.0
4641,FITfiles/2024-06-25/UMICH_20240625_111459_59.fit,2024-06-25 11:14:59,0,0,, ,valid,190.0,3600.0
4625,FITfiles/2024-06-25/UMICH_20240625_112959_59.fit,2024-06-25 11:29:59,0,0,, ,train,190.0,3600.0
4628,FITfiles/2024-06-25/UMICH_20240625_114459_59.fit,2024-06-25 11:44:59,0,0,, ,train,190.0,3600.0
4618,FITfiles/2024-06-25/UMICH_20240625_115959_59.fit,2024-06-25 11:59:59,0,0,, ,train,190.0,3600.0
4619,FITfiles/2024-06-25/UMICH_20240625_121459_59.fit,2024-06-25 12:14:59,0,0,, ,train,190.0,3596.0
4632,FITfiles/2024-06-25/UMICH_20240625_123000_59.fit,2024-06-25 12:30:00,0,0,, ,train,190.0,3600.0
4624,FITfiles/2024-06-25/UMICH_20240625_124500_59.fit,2024-06-25 12:45:00,1,3,, ,train,190.0,3600.0
4615,FITfiles/2024-06-25/UMICH_20240625_130000_59.fit,2024-06-25 13:00:00,0,0,, ,train,190.0,3600.0
4620,FITfiles/2024-06-25/UMICH_20240625_131500_59.fit,2024-06-25 13:15:00,0,0,, ,train,190.0,3600.0
4617,FITfiles/2024-06-25/UMICH_20240625_133000_59.fit,2024-06-25 13:30:00,0,0,, ,test,190.0,3600.0
4319,FITfiles/2024-06-25/UMICH_20240625_134500_59.fit,2024-06-25 13:45:00,0,0,, ,train,190.0,3600.0
4621,FITfiles/2024-06-25/UMICH_20240625_140000_59.fit,2024-06-25 14:00:00,0,0,, ,valid,190.0,3600.0
4611,FITfiles/2024-06-25/UMICH_20240625_141500_59.fit,2024-06-25 14:15:00,0,0,, ,train,190.0,3593.0
4630,FITfiles/2024-06-25/UMICH_20240625_143000_59.fit,2024-06-25 14:30:00,0,0,, ,train,190.0,3600.0
4633,FITfiles/2024-06-25/UMICH_20240625_144500_59.fit,2024-06-25 14:45:00,0,0,, ,train,190.0,3600.0
4610,FITfiles/2024-06-25/UMICH_20240625_150000_59.fit,2024-06-25 15:00:00,0,0,, ,train,190.0,3600.0
4622,FITfiles/2024-06-25/UMICH_20240625_151500_59.fit,2024-06-25 15:15:00,0,0,, ,train,190.0,3600.0
4616,FITfiles/2024-06-25/UMICH_20240625_153000_59.fit,2024-06-25 15:30:00,0,0,, ,train,190.0,3600.0
4608,FITfiles/2024-06-25/UMICH_20240625_154500_59.fit,2024-06-25 15:45:00,0,0,, ,train,190.0,3600.0
4315,FITfiles/2024-06-25/UMICH_20240625_160000_59.fit,2024-06-25 16:00:00,0,0,, ,train,190.0,3600.0
4607,FITfiles/2024-06-25/UMICH_20240625_161500_59.fit,2024-06-25 16:15:00,0,0,, ,train,190.0,3592.0
4605,FITfiles/2024-06-25/UMICH_20240625_163000_59.fit,2024-06-25 16:30:00,0,0,, ,train,190.0,3600.0
4612,FITfiles/2024-06-25/UMICH_20240625_164500_59.fit,2024-06-25 16:45:00,0,0,, ,test,190.0,3600.0
4314,FITfiles/2024-06-25/UMICH_20240625_170000_59.fit,2024-06-25 17:00:00,0,0,, ,train,190.0,3600.0
4609,FITfiles/2024-06-25/UMICH_20240625_171500_59.fit,2024-06-25 17:15:00,0,0,, ,test,190.0,3600.0
4603,FITfiles/2024-06-25/UMICH_20240625_173000_59.fit,2024-06-25 17:30:00,0,0,, ,train,190.0,3600.0
4606,FITfiles/2024-06-25/UMICH_20240625_174500_59.fit,2024-06-25 17:45:00,0,0,, ,train,190.0,3600.0
4614,FITfiles/2024-06-25/UMICH_20240625_180000_59.fit,2024-06-25 18:00:00,0,0,, ,test,190.0,3600.0
4600,FITfiles/2024-06-25/UMICH_20240625_181500_59.fit,2024-06-25 18:15:00,1,3,, ,train,190.0,3592.0
4598,FITfiles/2024-06-25/UMICH_20240625_183000_59.fit,2024-06-25 18:30:00,0,0,, ,valid,190.0,3600.0
4596,FITfiles/2024-06-25/UMICH_20240625_184500_59.fit,2024-06-25 18:45:00,0,0,, ,test,190.0,3600.0
4599,FITfiles/2024-06-25/UMICH_20240625_190000_59.fit,2024-06-25 19:00:00,0,0,, ,train,190.0,3600.0
4602,FITfiles/2024-06-25/UMICH_20240625_191500_59.fit,2024-06-25 19:15:00,0,0,, ,train,190.0,3600.0
4590,FITfiles/2024-06-25/UMICH_20240625_193000_59.fit,2024-06-25 19:30:00,0,0,, ,train,190.0,3600.0
4597,FITfiles/2024-06-25/UMICH_20240625_194500_59.fit,2024-06-25 19:45:00,0,0,, ,test,190.0,3600.0
4587,FITfiles/2024-06-25/UMICH_20240625_200000_59.fit,2024-06-25 20:00:00,0,0,, ,train,190.0,3600.0
4592,FITfiles/2024-06-25/UMICH_20240625_201500_59.fit,2024-06-25 20:15:00,0,0,, ,train,190.0,3592.0
4613,FITfiles/2024-06-25/UMICH_20240625_203000_59.fit,2024-06-25 20:30:00,0,0,, ,valid,190.0,3600.0
4579,FITfiles/2024-06-25/UMICH_20240625_204500_59.fit,2024-06-25 20:45:00,0,0,, ,valid,190.0,3591.0
2830,FITfiles/2024-06-26/UMICH_20240626_063000_59.fit,2024-06-26 06:30:00,0,0,, ,train,190.0,3600.0
2820,FITfiles/2024-06-26/UMICH_20240626_064500_59.fit,2024-06-26 06:45:00,0,0,, ,train,190.0,3600.0
2827,FITfiles/2024-06-26/UMICH_20240626_070000_59.fit,2024-06-26 07:00:00,0,0,, ,test,190.0,3600.0
2825,FITfiles/2024-06-26/UMICH_20240626_071500_59.fit,2024-06-26 07:15:00,0,0,, ,valid,190.0,3600.0
2822,FITfiles/2024-06-26/UMICH_20240626_073000_59.fit,2024-06-26 07:30:00,0,0,, ,train,190.0,3600.0
2824,FITfiles/2024-06-26/UMICH_20240626_074500_59.fit,2024-06-26 07:45:00,0,0,, ,valid,190.0,3600.0
2816,FITfiles/2024-06-26/UMICH_20240626_080000_59.fit,2024-06-26 08:00:00,0,0,, ,test,190.0,3600.0
2823,FITfiles/2024-06-26/UMICH_20240626_081500_59.fit,2024-06-26 08:15:00,0,0,, ,train,190.0,3592.0
2814,FITfiles/2024-06-26/UMICH_20240626_083000_59.fit,2024-06-26 08:30:00,0,0,, ,test,190.0,3600.0
2818,FITfiles/2024-06-26/UMICH_20240626_084500_59.fit,2024-06-26 08:45:00,0,0,, ,test,190.0,3600.0
2817,FITfiles/2024-06-26/UMICH_20240626_090000_59.fit,2024-06-26 09:00:00,0,0,, ,test,190.0,3600.0
2809,FITfiles/2024-06-26/UMICH_20240626_091500_59.fit,2024-06-26 09:15:00,0,0,, ,train,190.0,3600.0
2821,FITfiles/2024-06-26/UMICH_20240626_093000_59.fit,2024-06-26 09:30:00,0,0,, ,train,190.0,3600.0
2819,FITfiles/2024-06-26/UMICH_20240626_094500_59.fit,2024-06-26 09:45:00,0,0,, ,train,190.0,3600.0
2813,FITfiles/2024-06-26/UMICH_20240626_100000_59.fit,2024-06-26 10:00:00,0,0,, ,test,190.0,3600.0
2810,FITfiles/2024-06-26/UMICH_20240626_101500_59.fit,2024-06-26 10:15:00,0,0,, ,train,190.0,3600.0
2812,FITfiles/2024-06-26/UMICH_20240626_103000_59.fit,2024-06-26 10:30:00,0,0,, ,train,190.0,3600.0
2808,FITfiles/2024-06-26/UMICH_20240626_104500_59.fit,2024-06-26 10:45:00,0,0,, ,test,190.0,3600.0
2811,FITfiles/2024-06-26/UMICH_20240626_105959_59.fit,2024-06-26 10:59:59,0,0,, ,train,190.0,3600.0
2805,FITfiles/2024-06-26/UMICH_20240626_111459_59.fit,2024-06-26 11:14:59,0,0,, ,valid,190.0,3600.0
2804,FITfiles/2024-06-26/UMICH_20240626_112959_59.fit,2024-06-26 11:29:59,0,0,, ,train,190.0,3600.0
2802,FITfiles/2024-06-26/UMICH_20240626_114459_59.fit,2024-06-26 11:44:59,0,0,, ,train,190.0,3600.0
2796,FITfiles/2024-06-26/UMICH_20240626_115959_59.fit,2024-06-26 11:59:59,0,0,, ,train,190.0,3600.0
2800,FITfiles/2024-06-26/UMICH_20240626_121459_59.fit,2024-06-26 12:14:59,0,0,, ,test,190.0,3595.0
2807,FITfiles/2024-06-26/UMICH_20240626_123000_59.fit,2024-06-26 12:30:00,0,0,, ,train,190.0,3600.0
2803,FITfiles/2024-06-26/UMICH_20240626_124500_59.fit,2024-06-26 12:45:00,0,0,, ,train,190.0,3600.0
2799,FITfiles/2024-06-26/UMICH_20240626_130000_59.fit,2024-06-26 13:00:00,0,0,, ,train,190.0,3600.0
2794,FITfiles/2024-06-26/UMICH_20240626_131500_59.fit,2024-06-26 13:15:00,0,0,, ,train,190.0,3600.0
2806,FITfiles/2024-06-26/UMICH_20240626_133000_59.fit,2024-06-26 13:30:00,0,0,, ,valid,190.0,3600.0
2798,FITfiles/2024-06-26/UMICH_20240626_134500_59.fit,2024-06-26 13:45:00,0,0,, ,valid,190.0,3600.0
2831,FITfiles/2024-06-26/UMICH_20240626_140000_59.fit,2024-06-26 14:00:00,0,0,, ,train,190.0,3600.0
2793,FITfiles/2024-06-26/UMICH_20240626_141500_59.fit,2024-06-26 14:15:00,0,0,, ,train,190.0,3592.0
2826,FITfiles/2024-06-26/UMICH_20240626_143000_59.fit,2024-06-26 14:30:00,0,0,, ,valid,190.0,3600.0
2795,FITfiles/2024-06-26/UMICH_20240626_144500_59.fit,2024-06-26 14:45:00,0,0,, ,train,190.0,3600.0
2801,FITfiles/2024-06-26/UMICH_20240626_150000_59.fit,2024-06-26 15:00:00,0,0,, ,train,190.0,3600.0
2784,FITfiles/2024-06-26/UMICH_20240626_151500_59.fit,2024-06-26 15:15:00,0,0,, ,train,190.0,3600.0
2790,FITfiles/2024-06-26/UMICH_20240626_153000_59.fit,2024-06-26 15:30:00,0,0,, ,train,190.0,3600.0
2781,FITfiles/2024-06-26/UMICH_20240626_154500_59.fit,2024-06-26 15:45:00,0,0,, ,valid,190.0,3600.0
2787,FITfiles/2024-06-26/UMICH_20240626_160000_59.fit,2024-06-26 16:00:00,0,0,, ,train,190.0,3600.0
2797,FITfiles/2024-06-26/UMICH_20240626_161500_59.fit,2024-06-26 16:15:00,0,0,, ,valid,190.0,3592.0
2791,FITfiles/2024-06-26/UMICH_20240626_163000_59.fit,2024-06-26 16:30:00,0,0,, ,test,190.0,3600.0
2785,FITfiles/2024-06-26/UMICH_20240626_164500_59.fit,2024-06-26 16:45:00,0,0,, ,test,190.0,3600.0
2782,FITfiles/2024-06-26/UMICH_20240626_170000_59.fit,2024-06-26 17:00:00,0,0,, ,train,190.0,3600.0
2783,FITfiles/2024-06-26/UMICH_20240626_171500_59.fit,2024-06-26 17:15:00,0,0,, ,valid,190.0,3600.0
2776,FITfiles/2024-06-26/UMICH_20240626_173000_59.fit,2024-06-26 17:30:00,0,0,, ,test,190.0,3600.0
2789,FITfiles/2024-06-26/UMICH_20240626_174500_59.fit,2024-06-26 17:45:00,0,0,, ,valid,190.0,3600.0
2792,FITfiles/2024-06-26/UMICH_20240626_180000_59.fit,2024-06-26 18:00:00,0,0,, ,train,190.0,3600.0
2777,FITfiles/2024-06-26/UMICH_20240626_181500_59.fit,2024-06-26 18:15:00,0,0,, ,test,190.0,3592.0
2788,FITfiles/2024-06-26/UMICH_20240626_183000_59.fit,2024-06-26 18:30:00,0,0,, ,train,190.0,3600.0
2786,FITfiles/2024-06-26/UMICH_20240626_184500_59.fit,2024-06-26 18:45:00,0,0,, ,train,190.0,3600.0
2778,FITfiles/2024-06-26/UMICH_20240626_190000_59.fit,2024-06-26 19:00:00,0,0,, ,train,190.0,3600.0
2772,FITfiles/2024-06-26/UMICH_20240626_191500_59.fit,2024-06-26 19:15:00,0,0,, ,train,190.0,3600.0
2828,FITfiles/2024-06-26/UMICH_20240626_193000_59.fit,2024-06-26 19:30:00,0,0,, ,test,190.0,3600.0
2775,FITfiles/2024-06-26/UMICH_20240626_194500_59.fit,2024-06-26 19:45:00,0,0,, ,train,190.0,3600.0
2771,FITfiles/2024-06-26/UMICH_20240626_200000_59.fit,2024-06-26 20:00:00,1,3,, ,train,190.0,3600.0
2753,FITfiles/2024-06-26/UMICH_20240626_201500_59.fit,2024-06-26 20:15:00,0,0,, ,train,190.0,3593.0
2769,FITfiles/2024-06-26/UMICH_20240626_203000_59.fit,2024-06-26 20:30:00,0,0,, ,valid,190.0,3600.0
2780,FITfiles/2024-06-26/UMICH_20240626_204500_59.fit,2024-06-26 20:45:00,0,0,, ,train,190.0,3591.0
7854,FITfiles/2024-06-27/UMICH_20240627_063000_59.fit,2024-06-27 06:30:00,0,0,, ,train,190.0,3600.0
7851,FITfiles/2024-06-27/UMICH_20240627_064500_59.fit,2024-06-27 06:45:00,0,0,, ,valid,190.0,3600.0
7849,FITfiles/2024-06-27/UMICH_20240627_070000_59.fit,2024-06-27 07:00:00,0,0,, ,train,190.0,3600.0
7585,FITfiles/2024-06-27/UMICH_20240627_071500_59.fit,2024-06-27 07:15:00,0,0,, ,train,190.0,3600.0
7853,FITfiles/2024-06-27/UMICH_20240627_073000_59.fit,2024-06-27 07:30:00,1,3,, ,train,190.0,3600.0
7845,FITfiles/2024-06-27/UMICH_20240627_074500_59.fit,2024-06-27 07:45:00,0,0,, ,test,190.0,3600.0
7852,FITfiles/2024-06-27/UMICH_20240627_080000_59.fit,2024-06-27 08:00:00,0,0,, ,train,190.0,3600.0
7847,FITfiles/2024-06-27/UMICH_20240627_081500_59.fit,2024-06-27 08:15:00,0,0,, ,train,190.0,3592.0
7846,FITfiles/2024-06-27/UMICH_20240627_083000_59.fit,2024-06-27 08:30:00,0,0,, ,train,190.0,3600.0
7850,FITfiles/2024-06-27/UMICH_20240627_084500_59.fit,2024-06-27 08:45:00,0,0,, ,train,190.0,3600.0
7844,FITfiles/2024-06-27/UMICH_20240627_090000_59.fit,2024-06-27 09:00:00,0,0,, ,valid,190.0,3600.0
7855,FITfiles/2024-06-27/UMICH_20240627_091500_59.fit,2024-06-27 09:15:00,0,0,, ,test,190.0,3600.0
7838,FITfiles/2024-06-27/UMICH_20240627_093000_59.fit,2024-06-27 09:30:00,0,0,, ,test,190.0,3600.0
7840,FITfiles/2024-06-27/UMICH_20240627_094500_59.fit,2024-06-27 09:45:00,0,0,, ,train,190.0,3600.0
7586,FITfiles/2024-06-27/UMICH_20240627_100000_59.fit,2024-06-27 10:00:00,0,0,, ,train,190.0,3600.0
7843,FITfiles/2024-06-27/UMICH_20240627_101500_59.fit,2024-06-27 10:15:00,0,0,, ,test,190.0,3600.0
7583,FITfiles/2024-06-27/UMICH_20240627_103000_59.fit,2024-06-27 10:30:00,0,0,, ,test,190.0,3600.0
7841,FITfiles/2024-06-27/UMICH_20240627_104459_59.fit,2024-06-27 10:44:59,0,0,, ,train,190.0,3600.0
7842,FITfiles/2024-06-27/UMICH_20240627_105959_59.fit,2024-06-27 10:59:59,0,0,, ,valid,190.0,3600.0
7827,FITfiles/2024-06-27/UMICH_20240627_111459_59.fit,2024-06-27 11:14:59,0,0,, ,test,190.0,3600.0
7829,FITfiles/2024-06-27/UMICH_20240627_112959_59.fit,2024-06-27 11:29:59,0,0,, ,train,190.0,3600.0
7835,FITfiles/2024-06-27/UMICH_20240627_114459_59.fit,2024-06-27 11:44:59,0,0,, ,train,190.0,3600.0
7836,FITfiles/2024-06-27/UMICH_20240627_115959_59.fit,2024-06-27 11:59:59,0,0,, ,train,190.0,3600.0
7826,FITfiles/2024-06-27/UMICH_20240627_121459_59.fit,2024-06-27 12:14:59,0,0,, ,train,190.0,3595.0
7830,FITfiles/2024-06-27/UMICH_20240627_123000_59.fit,2024-06-27 12:30:00,0,0,, ,train,190.0,3600.0
7822,FITfiles/2024-06-27/UMICH_20240627_124500_59.fit,2024-06-27 12:45:00,0,0,, ,valid,190.0,3600.0
7825,FITfiles/2024-06-27/UMICH_20240627_130000_59.fit,2024-06-27 13:00:00,0,0,, ,test,190.0,3600.0
7831,FITfiles/2024-06-27/UMICH_20240627_131500_59.fit,2024-06-27 13:15:00,0,0,, ,train,190.0,3600.0
7833,FITfiles/2024-06-27/UMICH_20240627_133000_59.fit,2024-06-27 13:30:00,0,0,, ,valid,190.0,3600.0
7821,FITfiles/2024-06-27/UMICH_20240627_134500_59.fit,2024-06-27 13:45:00,0,0,, ,train,190.0,3600.0
7848,FITfiles/2024-06-27/UMICH_20240627_140000_59.fit,2024-06-27 14:00:00,0,0,, ,train,190.0,3600.0
7820,FITfiles/2024-06-27/UMICH_20240627_141500_59.fit,2024-06-27 14:15:00,0,0,, ,train,190.0,3593.0
7834,FITfiles/2024-06-27/UMICH_20240627_143000_59.fit,2024-06-27 14:30:00,0,0,, ,test,190.0,3600.0
7587,FITfiles/2024-06-27/UMICH_20240627_144500_59.fit,2024-06-27 14:45:00,0,0,, ,train,190.0,3600.0
7582,FITfiles/2024-06-27/UMICH_20240627_150000_59.fit,2024-06-27 15:00:00,0,0,, ,train,190.0,3600.0
7832,FITfiles/2024-06-27/UMICH_20240627_151500_59.fit,2024-06-27 15:15:00,0,0,, ,valid,190.0,3600.0
7823,FITfiles/2024-06-27/UMICH_20240627_153000_59.fit,2024-06-27 15:30:00,0,0,, ,train,190.0,3600.0
7584,FITfiles/2024-06-27/UMICH_20240627_154500_59.fit,2024-06-27 15:45:00,1,3,, ,train,190.0,3600.0
7837,FITfiles/2024-06-27/UMICH_20240627_160000_59.fit,2024-06-27 16:00:00,0,0,, ,train,190.0,3600.0
7828,FITfiles/2024-06-27/UMICH_20240627_161500_59.fit,2024-06-27 16:15:00,0,0,, ,train,190.0,3593.0
7814,FITfiles/2024-06-27/UMICH_20240627_163000_59.fit,2024-06-27 16:30:00,0,0,, ,train,190.0,3600.0
7824,FITfiles/2024-06-27/UMICH_20240627_164500_59.fit,2024-06-27 16:45:00,0,0,, ,train,190.0,3600.0
7581,FITfiles/2024-06-27/UMICH_20240627_170000_59.fit,2024-06-27 17:00:00,1,3,, ,train,190.0,3600.0
7817,FITfiles/2024-06-27/UMICH_20240627_171500_59.fit,2024-06-27 17:15:00,0,0,, ,test,190.0,3600.0
7816,FITfiles/2024-06-27/UMICH_20240627_173000_59.fit,2024-06-27 17:30:00,0,0,, ,test,190.0,3600.0
7818,FITfiles/2024-06-27/UMICH_20240627_174500_59.fit,2024-06-27 17:45:00,0,0,, ,train,190.0,3600.0
7815,FITfiles/2024-06-27/UMICH_20240627_180000_59.fit,2024-06-27 18:00:00,0,0,, ,train,190.0,3600.0
7804,FITfiles/2024-06-27/UMICH_20240627_181500_59.fit,2024-06-27 18:15:00,0,0,, ,train,190.0,3593.0
7807,FITfiles/2024-06-27/UMICH_20240627_183000_59.fit,2024-06-27 18:30:00,0,0,, ,test,190.0,3600.0
7805,FITfiles/2024-06-27/UMICH_20240627_184500_59.fit,2024-06-27 18:45:00,0,0,, ,test,190.0,3600.0
7811,FITfiles/2024-06-27/UMICH_20240627_190000_59.fit,2024-06-27 19:00:00,0,0,, ,train,190.0,3600.0
7806,FITfiles/2024-06-27/UMICH_20240627_191500_59.fit,2024-06-27 19:15:00,0,0,, ,valid,190.0,3600.0
7809,FITfiles/2024-06-27/UMICH_20240627_193000_59.fit,2024-06-27 19:30:00,1,5,, ,train,190.0,3600.0
7808,FITfiles/2024-06-27/UMICH_20240627_194500_59.fit,2024-06-27 19:45:00,1,5,, ,train,190.0,3600.0
7797,FITfiles/2024-06-27/UMICH_20240627_200000_59.fit,2024-06-27 20:00:00,0,0,, ,test,190.0,3600.0
7812,FITfiles/2024-06-27/UMICH_20240627_201459_59.fit,2024-06-27 20:14:59,0,0,, ,train,190.0,3593.0
7802,FITfiles/2024-06-27/UMICH_20240627_203000_59.fit,2024-06-27 20:30:00,0,0,, ,train,190.0,3600.0
7799,FITfiles/2024-06-27/UMICH_20240627_204500_59.fit,2024-06-27 20:45:00,0,0,, ,train,190.0,3590.0
2580,FITfiles/2024-06-28/UMICH_20240628_063000_59.fit,2024-06-28 06:30:00,0,0,, ,train,190.0,3600.0
2621,FITfiles/2024-06-28/UMICH_20240628_064500_59.fit,2024-06-28 06:45:00,0,0,, ,train,190.0,3600.0
2579,FITfiles/2024-06-28/UMICH_20240628_070000_59.fit,2024-06-28 07:00:00,0,0,, ,valid,190.0,3600.0
2572,FITfiles/2024-06-28/UMICH_20240628_071500_59.fit,2024-06-28 07:15:00,0,0,, ,valid,190.0,3600.0
2569,FITfiles/2024-06-28/UMICH_20240628_073000_59.fit,2024-06-28 07:30:00,0,0,, ,train,190.0,3600.0
2568,FITfiles/2024-06-28/UMICH_20240628_074500_59.fit,2024-06-28 07:45:00,0,0,, ,valid,190.0,3600.0
2560,FITfiles/2024-06-28/UMICH_20240628_080000_59.fit,2024-06-28 08:00:00,0,0,, ,test,190.0,3600.0
2559,FITfiles/2024-06-28/UMICH_20240628_081500_59.fit,2024-06-28 08:15:00,0,0,, ,train,190.0,3593.0
2562,FITfiles/2024-06-28/UMICH_20240628_083000_59.fit,2024-06-28 08:30:00,0,0,, ,train,190.0,3600.0
2575,FITfiles/2024-06-28/UMICH_20240628_084500_59.fit,2024-06-28 08:45:00,0,0,, ,valid,190.0,3600.0
2563,FITfiles/2024-06-28/UMICH_20240628_090000_59.fit,2024-06-28 09:00:00,0,0,, ,train,190.0,3600.0
2566,FITfiles/2024-06-28/UMICH_20240628_091500_59.fit,2024-06-28 09:15:00,0,0,, ,test,190.0,3600.0
2557,FITfiles/2024-06-28/UMICH_20240628_093000_59.fit,2024-06-28 09:30:00,0,0,, ,test,190.0,3600.0
2564,FITfiles/2024-06-28/UMICH_20240628_094500_59.fit,2024-06-28 09:45:00,0,0,, ,train,190.0,3600.0
2565,FITfiles/2024-06-28/UMICH_20240628_100000_59.fit,2024-06-28 10:00:00,0,0,, ,train,190.0,3600.0
2570,FITfiles/2024-06-28/UMICH_20240628_101500_59.fit,2024-06-28 10:15:00,0,0,, ,valid,190.0,3600.0
2558,FITfiles/2024-06-28/UMICH_20240628_103000_59.fit,2024-06-28 10:30:00,0,0,, ,train,190.0,3600.0
2556,FITfiles/2024-06-28/UMICH_20240628_104459_59.fit,2024-06-28 10:44:59,0,0,, ,train,190.0,3600.0
2553,FITfiles/2024-06-28/UMICH_20240628_110000_59.fit,2024-06-28 11:00:00,0,0,, ,valid,190.0,3600.0
2561,FITfiles/2024-06-28/UMICH_20240628_111459_59.fit,2024-06-28 11:14:59,0,0,, ,train,190.0,3600.0
2567,FITfiles/2024-06-28/UMICH_20240628_112959_59.fit,2024-06-28 11:29:59,0,0,, ,test,190.0,3600.0
2545,FITfiles/2024-06-28/UMICH_20240628_114459_59.fit,2024-06-28 11:44:59,0,0,, ,train,190.0,3600.0
2550,FITfiles/2024-06-28/UMICH_20240628_115959_59.fit,2024-06-28 11:59:59,0,0,, ,test,190.0,3600.0
2549,FITfiles/2024-06-28/UMICH_20240628_121459_59.fit,2024-06-28 12:14:59,0,0,, ,train,190.0,3595.0
2552,FITfiles/2024-06-28/UMICH_20240628_123000_59.fit,2024-06-28 12:30:00,0,0,, ,train,190.0,3600.0
2574,FITfiles/2024-06-28/UMICH_20240628_124500_59.fit,2024-06-28 12:45:00,0,0,, ,test,190.0,3600.0
2546,FITfiles/2024-06-28/UMICH_20240628_130000_59.fit,2024-06-28 13:00:00,0,0,, ,train,190.0,3600.0
2554,FITfiles/2024-06-28/UMICH_20240628_131500_59.fit,2024-06-28 13:15:00,0,0,, ,train,190.0,3600.0
2544,FITfiles/2024-06-28/UMICH_20240628_133000_59.fit,2024-06-28 13:30:00,0,0,, ,train,190.0,3600.0
2547,FITfiles/2024-06-28/UMICH_20240628_134500_59.fit,2024-06-28 13:45:00,0,0,, ,train,190.0,3600.0
2542,FITfiles/2024-06-28/UMICH_20240628_140000_59.fit,2024-06-28 14:00:00,0,0,, ,train,190.0,3600.0
2540,FITfiles/2024-06-28/UMICH_20240628_141500_59.fit,2024-06-28 14:15:00,0,0,, ,train,190.0,3592.0
2555,FITfiles/2024-06-28/UMICH_20240628_143000_59.fit,2024-06-28 14:30:00,0,0,, ,train,190.0,3600.0
2551,FITfiles/2024-06-28/UMICH_20240628_144500_59.fit,2024-06-28 14:45:00,0,0,, ,test,190.0,3600.0
2541,FITfiles/2024-06-28/UMICH_20240628_150000_59.fit,2024-06-28 15:00:00,0,0,, ,train,190.0,3600.0
2535,FITfiles/2024-06-28/UMICH_20240628_151500_59.fit,2024-06-28 15:15:00,0,0,, ,valid,190.0,3600.0
2533,FITfiles/2024-06-28/UMICH_20240628_153000_59.fit,2024-06-28 15:30:00,0,0,, ,valid,190.0,3600.0
2571,FITfiles/2024-06-28/UMICH_20240628_154500_59.fit,2024-06-28 15:45:00,0,0,, ,train,190.0,3600.0
2537,FITfiles/2024-06-28/UMICH_20240628_160000_59.fit,2024-06-28 16:00:00,0,0,, ,test,190.0,3600.0
2536,FITfiles/2024-06-28/UMICH_20240628_161500_59.fit,2024-06-28 16:15:00,0,0,, ,valid,190.0,3592.0
2538,FITfiles/2024-06-28/UMICH_20240628_163000_59.fit,2024-06-28 16:30:00,0,0,, ,test,190.0,3600.0
2528,FITfiles/2024-06-28/UMICH_20240628_164500_59.fit,2024-06-28 16:45:00,0,0,, ,train,190.0,3600.0
2527,FITfiles/2024-06-28/UMICH_20240628_170000_59.fit,2024-06-28 17:00:00,0,0,, ,train,190.0,3600.0
2534,FITfiles/2024-06-28/UMICH_20240628_171500_59.fit,2024-06-28 17:15:00,0,0,, ,test,190.0,3600.0
2532,FITfiles/2024-06-28/UMICH_20240628_173000_59.fit,2024-06-28 17:30:00,0,0,, ,train,190.0,3600.0
2543,FITfiles/2024-06-28/UMICH_20240628_174500_59.fit,2024-06-28 17:45:00,0,0,, ,train,190.0,3600.0
2523,FITfiles/2024-06-28/UMICH_20240628_180000_59.fit,2024-06-28 18:00:00,0,0,, ,valid,190.0,3600.0
2524,FITfiles/2024-06-28/UMICH_20240628_181500_59.fit,2024-06-28 18:15:00,0,0,, ,test,190.0,3592.0
2548,FITfiles/2024-06-28/UMICH_20240628_183000_59.fit,2024-06-28 18:30:00,0,0,, ,test,190.0,3600.0
2529,FITfiles/2024-06-28/UMICH_20240628_184500_59.fit,2024-06-28 18:45:00,0,0,, ,train,190.0,3600.0
2539,FITfiles/2024-06-28/UMICH_20240628_190000_59.fit,2024-06-28 19:00:00,0,0,, ,train,190.0,3600.0
2531,FITfiles/2024-06-28/UMICH_20240628_191500_59.fit,2024-06-28 19:15:00,0,0,, ,valid,190.0,3600.0
2530,FITfiles/2024-06-28/UMICH_20240628_193000_59.fit,2024-06-28 19:30:00,0,0,, ,train,190.0,3600.0
2522,FITfiles/2024-06-28/UMICH_20240628_194500_59.fit,2024-06-28 19:45:00,0,0,, ,valid,190.0,3600.0
2521,FITfiles/2024-06-28/UMICH_20240628_200000_59.fit,2024-06-28 20:00:00,0,0,, ,valid,190.0,3600.0
2525,FITfiles/2024-06-28/UMICH_20240628_201500_59.fit,2024-06-28 20:15:00,0,0,, ,train,190.0,3592.0
2520,FITfiles/2024-06-28/UMICH_20240628_203000_59.fit,2024-06-28 20:30:00,0,0,, ,valid,190.0,3600.0
2526,FITfiles/2024-06-28/UMICH_20240628_204500_59.fit,2024-06-28 20:45:00,0,0,, ,train,190.0,3591.0
2455,FITfiles/2024-06-29/UMICH_20240629_063000_59.fit,2024-06-29 06:30:00,0,0,, ,train,190.0,3600.0
2459,FITfiles/2024-06-29/UMICH_20240629_064500_59.fit,2024-06-29 06:45:00,0,0,, ,test,190.0,3600.0
2472,FITfiles/2024-06-29/UMICH_20240629_070000_59.fit,2024-06-29 07:00:00,0,0,, ,test,190.0,3600.0
2462,FITfiles/2024-06-29/UMICH_20240629_071500_59.fit,2024-06-29 07:15:00,0,0,, ,test,190.0,3600.0
2470,FITfiles/2024-06-29/UMICH_20240629_073000_59.fit,2024-06-29 07:30:00,0,0,, ,train,190.0,3600.0
2450,FITfiles/2024-06-29/UMICH_20240629_074500_59.fit,2024-06-29 07:45:00,0,0,, ,train,190.0,3600.0
2451,FITfiles/2024-06-29/UMICH_20240629_080000_59.fit,2024-06-29 08:00:00,0,0,, ,test,190.0,3600.0
2452,FITfiles/2024-06-29/UMICH_20240629_081500_59.fit,2024-06-29 08:15:00,0,0,, ,train,190.0,3593.0
2447,FITfiles/2024-06-29/UMICH_20240629_083000_59.fit,2024-06-29 08:30:00,0,0,, ,train,190.0,3600.0
2519,FITfiles/2024-06-29/UMICH_20240629_084500_59.fit,2024-06-29 08:45:00,0,0,, ,train,190.0,3600.0
2458,FITfiles/2024-06-29/UMICH_20240629_090000_59.fit,2024-06-29 09:00:00,0,0,, ,train,190.0,3600.0
2445,FITfiles/2024-06-29/UMICH_20240629_091500_59.fit,2024-06-29 09:15:00,0,0,, ,train,190.0,3600.0
2441,FITfiles/2024-06-29/UMICH_20240629_093000_59.fit,2024-06-29 09:30:00,0,0,, ,train,190.0,3600.0
2446,FITfiles/2024-06-29/UMICH_20240629_094500_59.fit,2024-06-29 09:45:00,0,0,, ,train,190.0,3600.0
2442,FITfiles/2024-06-29/UMICH_20240629_100000_59.fit,2024-06-29 10:00:00,0,0,, ,valid,190.0,3600.0
2449,FITfiles/2024-06-29/UMICH_20240629_101500_59.fit,2024-06-29 10:15:00,0,0,, ,train,190.0,3600.0
2448,FITfiles/2024-06-29/UMICH_20240629_103000_59.fit,2024-06-29 10:30:00,0,0,, ,valid,190.0,3600.0
2443,FITfiles/2024-06-29/UMICH_20240629_104459_59.fit,2024-06-29 10:44:59,0,0,, ,train,190.0,3600.0
2438,FITfiles/2024-06-29/UMICH_20240629_105959_59.fit,2024-06-29 10:59:59,0,0,, ,valid,190.0,3600.0
2433,FITfiles/2024-06-29/UMICH_20240629_111459_59.fit,2024-06-29 11:14:59,0,0,, ,valid,190.0,3600.0
2431,FITfiles/2024-06-29/UMICH_20240629_112959_59.fit,2024-06-29 11:29:59,0,0,, ,train,190.0,3600.0
2434,FITfiles/2024-06-29/UMICH_20240629_114459_59.fit,2024-06-29 11:44:59,0,0,, ,test,190.0,3600.0
2432,FITfiles/2024-06-29/UMICH_20240629_115959_59.fit,2024-06-29 11:59:59,0,0,, ,valid,190.0,3600.0
2428,FITfiles/2024-06-29/UMICH_20240629_121459_59.fit,2024-06-29 12:14:59,0,0,, ,valid,190.0,3595.0
2423,FITfiles/2024-06-29/UMICH_20240629_123000_59.fit,2024-06-29 12:30:00,0,0,, ,train,190.0,3600.0
2453,FITfiles/2024-06-29/UMICH_20240629_124500_59.fit,2024-06-29 12:45:00,0,0,, ,test,190.0,3600.0
2436,FITfiles/2024-06-29/UMICH_20240629_130000_59.fit,2024-06-29 13:00:00,0,0,, ,test,190.0,3600.0
2439,FITfiles/2024-06-29/UMICH_20240629_131500_59.fit,2024-06-29 13:15:00,0,0,, ,train,190.0,3600.0
2429,FITfiles/2024-06-29/UMICH_20240629_133000_59.fit,2024-06-29 13:30:00,0,0,, ,test,190.0,3600.0
2426,FITfiles/2024-06-29/UMICH_20240629_134500_59.fit,2024-06-29 13:45:00,0,0,, ,train,190.0,3600.0
2424,FITfiles/2024-06-29/UMICH_20240629_140000_59.fit,2024-06-29 14:00:00,0,0,, ,test,190.0,3600.0
2430,FITfiles/2024-06-29/UMICH_20240629_141500_59.fit,2024-06-29 14:15:00,0,0,, ,train,190.0,3592.0
2427,FITfiles/2024-06-29/UMICH_20240629_143000_59.fit,2024-06-29 14:30:00,0,0,, ,valid,190.0,3600.0
2437,FITfiles/2024-06-29/UMICH_20240629_144500_59.fit,2024-06-29 14:45:00,0,0,, ,train,190.0,3600.0
2425,FITfiles/2024-06-29/UMICH_20240629_150000_59.fit,2024-06-29 15:00:00,0,0,, ,train,190.0,3600.0
2418,FITfiles/2024-06-29/UMICH_20240629_151500_59.fit,2024-06-29 15:15:00,0,0,, ,train,190.0,3600.0
2444,FITfiles/2024-06-29/UMICH_20240629_153000_59.fit,2024-06-29 15:30:00,0,0,, ,valid,190.0,3600.0
2417,FITfiles/2024-06-29/UMICH_20240629_154500_59.fit,2024-06-29 15:45:00,0,0,, ,train,190.0,3600.0
2413,FITfiles/2024-06-29/UMICH_20240629_160000_59.fit,2024-06-29 16:00:00,0,0,, ,train,190.0,3600.0
2420,FITfiles/2024-06-29/UMICH_20240629_161500_59.fit,2024-06-29 16:15:00,0,0,, ,test,190.0,3592.0
2435,FITfiles/2024-06-29/UMICH_20240629_163000_59.fit,2024-06-29 16:30:00,0,0,, ,test,190.0,3600.0
2440,FITfiles/2024-06-29/UMICH_20240629_164500_59.fit,2024-06-29 16:45:00,0,0,, ,test,190.0,3600.0
2411,FITfiles/2024-06-29/UMICH_20240629_170000_59.fit,2024-06-29 17:00:00,0,0,, ,valid,190.0,3600.0
2419,FITfiles/2024-06-29/UMICH_20240629_171500_59.fit,2024-06-29 17:15:00,0,0,, ,test,190.0,3600.0
2415,FITfiles/2024-06-29/UMICH_20240629_173000_59.fit,2024-06-29 17:30:00,0,0,, ,train,190.0,3600.0
2421,FITfiles/2024-06-29/UMICH_20240629_174500_59.fit,2024-06-29 17:45:00,0,0,, ,train,190.0,3600.0
2422,FITfiles/2024-06-29/UMICH_20240629_180000_59.fit,2024-06-29 18:00:00,0,0,, ,train,190.0,3600.0
2416,FITfiles/2024-06-29/UMICH_20240629_181459_59.fit,2024-06-29 18:14:59,0,0,, ,train,190.0,3593.0
2412,FITfiles/2024-06-29/UMICH_20240629_183000_59.fit,2024-06-29 18:30:00,0,0,, ,train,190.0,3600.0
2414,FITfiles/2024-06-29/UMICH_20240629_184500_59.fit,2024-06-29 18:45:00,0,0,, ,valid,190.0,3600.0
2404,FITfiles/2024-06-29/UMICH_20240629_190000_59.fit,2024-06-29 19:00:00,0,0,, ,train,190.0,3600.0
2409,FITfiles/2024-06-29/UMICH_20240629_191500_59.fit,2024-06-29 19:15:00,0,0,, ,train,190.0,3600.0
2407,FITfiles/2024-06-29/UMICH_20240629_193000_59.fit,2024-06-29 19:30:00,0,0,, ,train,190.0,3600.0
2410,FITfiles/2024-06-29/UMICH_20240629_194500_59.fit,2024-06-29 19:45:00,0,0,, ,train,190.0,3600.0
2406,FITfiles/2024-06-29/UMICH_20240629_200000_59.fit,2024-06-29 20:00:00,0,0,, ,valid,190.0,3600.0
2408,FITfiles/2024-06-29/UMICH_20240629_201500_59.fit,2024-06-29 20:15:00,0,0,, ,train,190.0,3592.0
2405,FITfiles/2024-06-29/UMICH_20240629_203000_59.fit,2024-06-29 20:30:00,0,0,, ,train,190.0,3600.0
2402,FITfiles/2024-06-29/UMICH_20240629_204500_59.fit,2024-06-29 20:45:00,0,0,, ,train,190.0,3590.0
7986,FITfiles/2024-06-30/UMICH_20240630_161500_59.fit,2024-06-30 16:15:00,0,0,, ,train,190.0,3593.0
7990,FITfiles/2024-06-30/UMICH_20240630_163000_59.fit,2024-06-30 16:30:00,0,0,, ,valid,190.0,3600.0
7976,FITfiles/2024-06-30/UMICH_20240630_164500_59.fit,2024-06-30 16:45:00,0,0,, ,test,190.0,3600.0
7979,FITfiles/2024-06-30/UMICH_20240630_170000_59.fit,2024-06-30 17:00:00,0,0,, ,valid,190.0,3600.0
7978,FITfiles/2024-06-30/UMICH_20240630_171500_59.fit,2024-06-30 17:15:00,0,0,, ,valid,190.0,3600.0
7975,FITfiles/2024-06-30/UMICH_20240630_173000_59.fit,2024-06-30 17:30:00,0,0,, ,train,190.0,3600.0
7988,FITfiles/2024-06-30/UMICH_20240630_174500_59.fit,2024-06-30 17:45:00,0,0,, ,valid,190.0,3600.0
7965,FITfiles/2024-06-30/UMICH_20240630_180000_59.fit,2024-06-30 18:00:00,0,0,, ,train,190.0,3600.0
7967,FITfiles/2024-06-30/UMICH_20240630_181500_59.fit,2024-06-30 18:15:00,0,0,, ,train,190.0,3592.0
7973,FITfiles/2024-06-30/UMICH_20240630_183000_59.fit,2024-06-30 18:30:00,0,0,, ,valid,190.0,3600.0
7957,FITfiles/2024-06-30/UMICH_20240630_184500_59.fit,2024-06-30 18:45:00,0,0,, ,test,190.0,3600.0
7963,FITfiles/2024-06-30/UMICH_20240630_190000_59.fit,2024-06-30 19:00:00,0,0,, ,train,190.0,3600.0
7966,FITfiles/2024-06-30/UMICH_20240630_191500_59.fit,2024-06-30 19:15:00,0,0,, ,train,190.0,3600.0
7970,FITfiles/2024-06-30/UMICH_20240630_193000_59.fit,2024-06-30 19:30:00,0,0,, ,valid,190.0,3600.0
7964,FITfiles/2024-06-30/UMICH_20240630_194500_59.fit,2024-06-30 19:45:00,0,0,, ,train,190.0,3600.0
7954,FITfiles/2024-06-30/UMICH_20240630_200000_59.fit,2024-06-30 20:00:00,0,0,, ,train,190.0,3600.0
7959,FITfiles/2024-06-30/UMICH_20240630_201500_59.fit,2024-06-30 20:15:00,0,0,, ,train,190.0,3592.0
7948,FITfiles/2024-06-30/UMICH_20240630_203000_59.fit,2024-06-30 20:30:00,0,0,, ,train,190.0,3600.0
7951,FITfiles/2024-06-30/UMICH_20240630_204500_59.fit,2024-06-30 20:45:00,0,0,, ,train,190.0,3591.0
2510,FITfiles/2024-07-01/UMICH_20240701_063000_59.fit,2024-07-01 06:30:00,0,0,, ,train,190.0,3600.0
2513,FITfiles/2024-07-01/UMICH_20240701_064500_59.fit,2024-07-01 06:45:00,1,3,, ,test,190.0,3600.0
2516,FITfiles/2024-07-01/UMICH_20240701_070000_59.fit,2024-07-01 07:00:00,0,0,, ,valid,190.0,3600.0
2514,FITfiles/2024-07-01/UMICH_20240701_071500_59.fit,2024-07-01 07:15:00,0,0,, ,train,190.0,3600.0
2508,FITfiles/2024-07-01/UMICH_20240701_073000_59.fit,2024-07-01 07:30:00,0,0,, ,test,190.0,3600.0
2511,FITfiles/2024-07-01/UMICH_20240701_074500_59.fit,2024-07-01 07:45:00,0,0,, ,test,190.0,3600.0
2507,FITfiles/2024-07-01/UMICH_20240701_080000_59.fit,2024-07-01 08:00:00,0,0,, ,train,190.0,3600.0
2503,FITfiles/2024-07-01/UMICH_20240701_081500_59.fit,2024-07-01 08:15:00,0,0,, ,test,190.0,3592.0
2515,FITfiles/2024-07-01/UMICH_20240701_083000_59.fit,2024-07-01 08:30:00,0,0,, ,train,190.0,3600.0
2502,FITfiles/2024-07-01/UMICH_20240701_084500_59.fit,2024-07-01 08:45:00,0,0,, ,train,190.0,3600.0
2505,FITfiles/2024-07-01/UMICH_20240701_090000_59.fit,2024-07-01 09:00:00,0,0,, ,train,190.0,3600.0
2509,FITfiles/2024-07-01/UMICH_20240701_091500_59.fit,2024-07-01 09:15:00,0,0,, ,valid,190.0,3600.0
2499,FITfiles/2024-07-01/UMICH_20240701_093000_59.fit,2024-07-01 09:30:00,1,5,, ,train,190.0,3600.0
2498,FITfiles/2024-07-01/UMICH_20240701_094500_59.fit,2024-07-01 09:45:00,0,0,, ,train,190.0,3600.0
2501,FITfiles/2024-07-01/UMICH_20240701_100000_59.fit,2024-07-01 10:00:00,0,0,, ,train,190.0,3600.0
2504,FITfiles/2024-07-01/UMICH_20240701_101500_59.fit,2024-07-01 10:15:00,0,0,, ,train,190.0,3600.0
2493,FITfiles/2024-07-01/UMICH_20240701_103000_59.fit,2024-07-01 10:30:00,0,0,, ,train,190.0,3600.0
2517,FITfiles/2024-07-01/UMICH_20240701_104500_59.fit,2024-07-01 10:45:00,0,0,, ,train,190.0,3600.0
2489,FITfiles/2024-07-01/UMICH_20240701_105959_59.fit,2024-07-01 10:59:59,0,0,, ,test,190.0,3600.0
2512,FITfiles/2024-07-01/UMICH_20240701_111459_59.fit,2024-07-01 11:14:59,0,0,, ,test,190.0,3600.0
2492,FITfiles/2024-07-01/UMICH_20240701_112959_59.fit,2024-07-01 11:29:59,0,0,, ,train,190.0,3600.0
2500,FITfiles/2024-07-01/UMICH_20240701_114459_59.fit,2024-07-01 11:44:59,0,0,, ,train,190.0,3600.0
2490,FITfiles/2024-07-01/UMICH_20240701_115959_59.fit,2024-07-01 11:59:59,0,0,, ,train,190.0,3600.0
2494,FITfiles/2024-07-01/UMICH_20240701_121459_59.fit,2024-07-01 12:14:59,0,0,, ,test,190.0,3595.0
2485,FITfiles/2024-07-01/UMICH_20240701_123000_59.fit,2024-07-01 12:30:00,0,0,, ,valid,190.0,3600.0
2495,FITfiles/2024-07-01/UMICH_20240701_124500_59.fit,2024-07-01 12:45:00,0,0,, ,train,190.0,3600.0
2497,FITfiles/2024-07-01/UMICH_20240701_130000_59.fit,2024-07-01 13:00:00,0,0,, ,test,190.0,3600.0
2496,FITfiles/2024-07-01/UMICH_20240701_131500_59.fit,2024-07-01 13:15:00,0,0,, ,test,190.0,3600.0
2482,FITfiles/2024-07-01/UMICH_20240701_133000_59.fit,2024-07-01 13:30:00,0,0,, ,valid,190.0,3600.0
2484,FITfiles/2024-07-01/UMICH_20240701_134500_59.fit,2024-07-01 13:45:00,0,0,, ,valid,190.0,3600.0
2487,FITfiles/2024-07-01/UMICH_20240701_140000_59.fit,2024-07-01 14:00:00,0,0,, ,train,190.0,3600.0
2483,FITfiles/2024-07-01/UMICH_20240701_141500_59.fit,2024-07-01 14:15:00,0,0,, ,train,190.0,3593.0
2481,FITfiles/2024-07-01/UMICH_20240701_143000_59.fit,2024-07-01 14:30:00,0,0,, ,test,190.0,3600.0
2480,FITfiles/2024-07-01/UMICH_20240701_144500_59.fit,2024-07-01 14:45:00,0,0,, ,test,190.0,3600.0
2491,FITfiles/2024-07-01/UMICH_20240701_150000_59.fit,2024-07-01 15:00:00,0,0,, ,train,190.0,3600.0
2488,FITfiles/2024-07-01/UMICH_20240701_151500_59.fit,2024-07-01 15:15:00,0,0,, ,train,190.0,3600.0
2475,FITfiles/2024-07-01/UMICH_20240701_153000_59.fit,2024-07-01 15:30:00,0,0,, ,train,190.0,3600.0
2486,FITfiles/2024-07-01/UMICH_20240701_154500_59.fit,2024-07-01 15:45:00,0,0,, ,train,190.0,3600.0
2506,FITfiles/2024-07-01/UMICH_20240701_160000_59.fit,2024-07-01 16:00:00,0,0,, ,train,190.0,3600.0
2476,FITfiles/2024-07-01/UMICH_20240701_161500_59.fit,2024-07-01 16:15:00,0,0,, ,train,190.0,3593.0
2478,FITfiles/2024-07-01/UMICH_20240701_163000_59.fit,2024-07-01 16:30:00,0,0,, ,valid,190.0,3600.0
2471,FITfiles/2024-07-01/UMICH_20240701_164500_59.fit,2024-07-01 16:45:00,0,0,, ,test,190.0,3600.0
2461,FITfiles/2024-07-01/UMICH_20240701_170000_59.fit,2024-07-01 17:00:00,0,0,, ,train,190.0,3600.0
2464,FITfiles/2024-07-01/UMICH_20240701_171500_59.fit,2024-07-01 17:15:00,0,0,, ,train,190.0,3600.0
2473,FITfiles/2024-07-01/UMICH_20240701_173000_59.fit,2024-07-01 17:30:00,0,0,, ,train,190.0,3600.0
2479,FITfiles/2024-07-01/UMICH_20240701_174500_59.fit,2024-07-01 17:45:00,0,0,, ,train,190.0,3600.0
2460,FITfiles/2024-07-01/UMICH_20240701_180000_59.fit,2024-07-01 18:00:00,0,0,, ,train,190.0,3600.0
2474,FITfiles/2024-07-01/UMICH_20240701_181500_59.fit,2024-07-01 18:15:00,0,0,, ,train,190.0,3593.0
2467,FITfiles/2024-07-01/UMICH_20240701_183000_59.fit,2024-07-01 18:30:00,0,0,, ,valid,190.0,3600.0
2463,FITfiles/2024-07-01/UMICH_20240701_184500_59.fit,2024-07-01 18:45:00,0,0,, ,train,190.0,3600.0
2465,FITfiles/2024-07-01/UMICH_20240701_190000_59.fit,2024-07-01 19:00:00,0,0,, ,train,190.0,3600.0
2457,FITfiles/2024-07-01/UMICH_20240701_191500_59.fit,2024-07-01 19:15:00,0,0,, ,train,190.0,3600.0
2466,FITfiles/2024-07-01/UMICH_20240701_193000_59.fit,2024-07-01 19:30:00,0,0,, ,train,190.0,3600.0
2454,FITfiles/2024-07-01/UMICH_20240701_194500_59.fit,2024-07-01 19:45:00,0,0,, ,test,190.0,3600.0
2456,FITfiles/2024-07-01/UMICH_20240701_200000_59.fit,2024-07-01 20:00:00,0,0,, ,train,190.0,3600.0
2477,FITfiles/2024-07-01/UMICH_20240701_201500_59.fit,2024-07-01 20:15:00,0,0,, ,train,190.0,3593.0
2469,FITfiles/2024-07-01/UMICH_20240701_203000_59.fit,2024-07-01 20:30:00,0,0,, ,test,190.0,3600.0
2468,FITfiles/2024-07-01/UMICH_20240701_204500_59.fit,2024-07-01 20:45:00,0,0,, ,test,190.0,3591.0
8204,FITfiles/2024-07-02/UMICH_20240702_063000_59.fit,2024-07-02 06:30:00,0,0,, ,test,190.0,3600.0
8185,FITfiles/2024-07-02/UMICH_20240702_064500_59.fit,2024-07-02 06:45:00,0,0,, ,valid,190.0,3600.0
8194,FITfiles/2024-07-02/UMICH_20240702_070000_59.fit,2024-07-02 07:00:00,0,0,, ,test,190.0,3600.0
8190,FITfiles/2024-07-02/UMICH_20240702_071500_59.fit,2024-07-02 07:15:00,0,0,, ,train,190.0,3600.0
8181,FITfiles/2024-07-02/UMICH_20240702_073000_59.fit,2024-07-02 07:30:00,0,0,, ,test,190.0,3600.0
8189,FITfiles/2024-07-02/UMICH_20240702_074500_59.fit,2024-07-02 07:45:00,0,0,, ,valid,190.0,3600.0
8187,FITfiles/2024-07-02/UMICH_20240702_080000_59.fit,2024-07-02 08:00:00,0,0,, ,train,190.0,3600.0
8183,FITfiles/2024-07-02/UMICH_20240702_081500_59.fit,2024-07-02 08:15:00,0,0,, ,train,190.0,3593.0
8186,FITfiles/2024-07-02/UMICH_20240702_083000_59.fit,2024-07-02 08:30:00,0,0,, ,train,190.0,3600.0
8177,FITfiles/2024-07-02/UMICH_20240702_084500_59.fit,2024-07-02 08:45:00,0,0,, ,valid,190.0,3600.0
8178,FITfiles/2024-07-02/UMICH_20240702_090000_59.fit,2024-07-02 09:00:00,0,0,, ,train,190.0,3600.0
8176,FITfiles/2024-07-02/UMICH_20240702_091500_59.fit,2024-07-02 09:15:00,0,0,, ,train,190.0,3600.0
8191,FITfiles/2024-07-02/UMICH_20240702_093000_59.fit,2024-07-02 09:30:00,0,0,, ,train,190.0,3600.0
8188,FITfiles/2024-07-02/UMICH_20240702_094500_59.fit,2024-07-02 09:45:00,0,0,, ,train,190.0,3600.0
8182,FITfiles/2024-07-02/UMICH_20240702_100000_59.fit,2024-07-02 10:00:00,0,0,, ,valid,190.0,3600.0
8193,FITfiles/2024-07-02/UMICH_20240702_101500_59.fit,2024-07-02 10:15:00,0,0,, ,test,190.0,3600.0
8172,FITfiles/2024-07-02/UMICH_20240702_103000_59.fit,2024-07-02 10:30:00,0,0,, ,train,190.0,3600.0
8174,FITfiles/2024-07-02/UMICH_20240702_104459_59.fit,2024-07-02 10:44:59,0,0,, ,test,190.0,3600.0
8173,FITfiles/2024-07-02/UMICH_20240702_105959_59.fit,2024-07-02 10:59:59,0,0,, ,valid,190.0,3600.0
8179,FITfiles/2024-07-02/UMICH_20240702_111459_59.fit,2024-07-02 11:14:59,0,0,, ,train,190.0,3600.0
8184,FITfiles/2024-07-02/UMICH_20240702_112959_59.fit,2024-07-02 11:29:59,0,0,, ,train,190.0,3600.0
8215,FITfiles/2024-07-02/UMICH_20240702_114459_59.fit,2024-07-02 11:44:59,0,0,, ,valid,190.0,3600.0
8180,FITfiles/2024-07-02/UMICH_20240702_115959_59.fit,2024-07-02 11:59:59,0,0,, ,train,190.0,3600.0
8213,FITfiles/2024-07-02/UMICH_20240702_121459_59.fit,2024-07-02 12:14:59,0,0,, ,train,190.0,1108.0
8160,FITfiles/2024-07-02/UMICH_20240702_121939_59.fit,2024-07-02 12:19:39,0,0,, ,valid,190.0,390.0
8170,FITfiles/2024-07-02/Beelink1_20240702_122200_59.fit,2024-07-02 12:22:00,0,0,, ,train,190.0,1910.0
8157,FITfiles/2024-07-02/Beelink1_20240702_123000_59.fit,2024-07-02 12:30:00,0,0,, ,train,190.0,3600.0
8175,FITfiles/2024-07-02/Beelink1_20240702_124500_59.fit,2024-07-02 12:45:00,0,0,, ,train,190.0,3600.0
8167,FITfiles/2024-07-02/Beelink1_20240702_130000_59.fit,2024-07-02 13:00:00,0,0,, ,train,190.0,3600.0
8192,FITfiles/2024-07-02/Beelink1_20240702_131500_59.fit,2024-07-02 13:15:00,0,0,, ,train,190.0,3600.0
8153,FITfiles/2024-07-02/Beelink1_20240702_133000_59.fit,2024-07-02 13:30:00,0,0,, ,train,190.0,3600.0
8169,FITfiles/2024-07-02/Beelink1_20240702_134500_59.fit,2024-07-02 13:45:00,0,0,, ,train,190.0,3600.0
8159,FITfiles/2024-07-02/Beelink1_20240702_140000_59.fit,2024-07-02 14:00:00,0,0,, ,train,190.0,3600.0
8166,FITfiles/2024-07-02/Beelink1_20240702_141500_59.fit,2024-07-02 14:15:00,0,0,, ,train,190.0,3592.0
8165,FITfiles/2024-07-02/Beelink1_20240702_143000_59.fit,2024-07-02 14:30:00,0,0,, ,test,190.0,3600.0
8163,FITfiles/2024-07-02/Beelink1_20240702_144500_59.fit,2024-07-02 14:45:00,0,0,, ,train,190.0,3600.0
8158,FITfiles/2024-07-02/Beelink1_20240702_150000_59.fit,2024-07-02 15:00:00,0,0,, ,test,190.0,3600.0
8151,FITfiles/2024-07-02/Beelink1_20240702_151500_59.fit,2024-07-02 15:15:00,0,0,, ,train,190.0,3600.0
8171,FITfiles/2024-07-02/Beelink1_20240702_153000_59.fit,2024-07-02 15:30:00,0,0,, ,test,190.0,3600.0
8152,FITfiles/2024-07-02/Beelink1_20240702_154500_59.fit,2024-07-02 15:45:00,0,0,, ,test,190.0,3600.0
8214,FITfiles/2024-07-02/Beelink1_20240702_160000_59.fit,2024-07-02 16:00:00,0,0,, ,train,190.0,3600.0
8164,FITfiles/2024-07-02/Beelink1_20240702_161500_59.fit,2024-07-02 16:15:00,0,0,, ,valid,190.0,3592.0
8162,FITfiles/2024-07-02/Beelink1_20240702_163000_59.fit,2024-07-02 16:30:00,0,0,, ,train,190.0,3600.0
8168,FITfiles/2024-07-02/Beelink1_20240702_164500_59.fit,2024-07-02 16:45:00,0,0,, ,valid,190.0,3600.0
8150,FITfiles/2024-07-02/Beelink1_20240702_170000_59.fit,2024-07-02 17:00:00,0,0,, ,train,190.0,3600.0
8156,FITfiles/2024-07-02/Beelink1_20240702_171500_59.fit,2024-07-02 17:15:00,0,0,, ,train,190.0,3600.0
8155,FITfiles/2024-07-02/Beelink1_20240702_173000_59.fit,2024-07-02 17:30:00,0,0,, ,train,190.0,3600.0
8149,FITfiles/2024-07-02/Beelink1_20240702_174500_59.fit,2024-07-02 17:45:00,0,0,, ,test,190.0,3600.0
8161,FITfiles/2024-07-02/Beelink1_20240702_180000_59.fit,2024-07-02 18:00:00,0,0,, ,valid,190.0,3600.0
8146,FITfiles/2024-07-02/Beelink1_20240702_181500_59.fit,2024-07-02 18:15:00,0,0,, ,train,190.0,3593.0
8141,FITfiles/2024-07-02/Beelink1_20240702_183000_59.fit,2024-07-02 18:30:00,0,0,, ,train,190.0,3600.0
8148,FITfiles/2024-07-02/Beelink1_20240702_184500_59.fit,2024-07-02 18:45:00,0,0,, ,train,190.0,3600.0
8154,FITfiles/2024-07-02/Beelink1_20240702_190000_59.fit,2024-07-02 19:00:00,0,0,, ,train,190.0,3600.0
8147,FITfiles/2024-07-02/Beelink1_20240702_191500_59.fit,2024-07-02 19:15:00,0,0,, ,train,190.0,3600.0
8139,FITfiles/2024-07-02/Beelink1_20240702_193000_59.fit,2024-07-02 19:30:00,0,0,, ,train,190.0,3600.0
8145,FITfiles/2024-07-02/Beelink1_20240702_194500_59.fit,2024-07-02 19:45:00,0,0,, ,valid,190.0,3600.0
8144,FITfiles/2024-07-02/Beelink1_20240702_200000_59.fit,2024-07-02 20:00:00,0,0,, ,train,190.0,3600.0
8142,FITfiles/2024-07-02/Beelink1_20240702_201500_59.fit,2024-07-02 20:15:00,0,0,, ,train,190.0,3593.0
8143,FITfiles/2024-07-02/Beelink1_20240702_203000_59.fit,2024-07-02 20:30:00,0,0,, ,train,190.0,3600.0
8140,FITfiles/2024-07-02/Beelink1_20240702_204500_59.fit,2024-07-02 20:45:00,0,0,, ,train,190.0,3591.0
8764,FITfiles/2024-07-03/Beelink1_20240703_063000_59.fit,2024-07-03 06:30:00,0,0,, ,valid,190.0,3600.0
8771,FITfiles/2024-07-03/Beelink1_20240703_064500_59.fit,2024-07-03 06:45:00,0,0,, ,train,190.0,3600.0
8772,FITfiles/2024-07-03/Beelink1_20240703_070000_59.fit,2024-07-03 07:00:00,0,0,, ,train,190.0,3600.0
8766,FITfiles/2024-07-03/Beelink1_20240703_071500_59.fit,2024-07-03 07:15:00,0,0,, ,train,190.0,3600.0
8761,FITfiles/2024-07-03/Beelink1_20240703_073000_59.fit,2024-07-03 07:30:00,0,0,, ,train,190.0,3600.0
8762,FITfiles/2024-07-03/Beelink1_20240703_074500_59.fit,2024-07-03 07:45:00,0,0,, ,train,190.0,3600.0
8765,FITfiles/2024-07-03/Beelink1_20240703_080000_59.fit,2024-07-03 08:00:00,0,0,, ,train,190.0,3600.0
8769,FITfiles/2024-07-03/Beelink1_20240703_081500_59.fit,2024-07-03 08:15:00,0,0,, ,test,190.0,3592.0
8768,FITfiles/2024-07-03/Beelink1_20240703_083000_59.fit,2024-07-03 08:30:00,0,0,, ,train,190.0,3600.0
8755,FITfiles/2024-07-03/Beelink1_20240703_084500_59.fit,2024-07-03 08:45:00,0,0,, ,valid,190.0,3600.0
8760,FITfiles/2024-07-03/Beelink1_20240703_090000_59.fit,2024-07-03 09:00:00,0,0,, ,train,190.0,3600.0
8753,FITfiles/2024-07-03/Beelink1_20240703_091500_59.fit,2024-07-03 09:15:00,0,0,, ,valid,190.0,3600.0
8750,FITfiles/2024-07-03/Beelink1_20240703_093000_59.fit,2024-07-03 09:30:00,0,0,, ,train,190.0,3600.0
8752,FITfiles/2024-07-03/Beelink1_20240703_094500_59.fit,2024-07-03 09:45:00,0,0,, ,test,190.0,3600.0
8758,FITfiles/2024-07-03/Beelink1_20240703_100000_59.fit,2024-07-03 10:00:00,0,0,, ,test,190.0,3600.0
8756,FITfiles/2024-07-03/Beelink1_20240703_101500_59.fit,2024-07-03 10:15:00,0,0,, ,train,190.0,3600.0
8751,FITfiles/2024-07-03/Beelink1_20240703_102959_59.fit,2024-07-03 10:29:59,0,0,, ,train,190.0,3600.0
8747,FITfiles/2024-07-03/Beelink1_20240703_104459_59.fit,2024-07-03 10:44:59,0,0,, ,train,190.0,3600.0
8740,FITfiles/2024-07-03/Beelink1_20240703_105959_59.fit,2024-07-03 10:59:59,0,0,, ,test,190.0,3600.0
8757,FITfiles/2024-07-03/Beelink1_20240703_111459_59.fit,2024-07-03 11:14:59,0,0,, ,train,190.0,3600.0
8759,FITfiles/2024-07-03/Beelink1_20240703_112959_59.fit,2024-07-03 11:29:59,0,0,, ,train,190.0,3600.0
8754,FITfiles/2024-07-03/Beelink1_20240703_114459_59.fit,2024-07-03 11:44:59,0,0,, ,test,190.0,3600.0
8744,FITfiles/2024-07-03/Beelink1_20240703_115959_59.fit,2024-07-03 11:59:59,0,0,, ,train,190.0,3600.0
8749,FITfiles/2024-07-03/Beelink1_20240703_121459_59.fit,2024-07-03 12:14:59,0,0,, ,train,190.0,3595.0
8742,FITfiles/2024-07-03/Beelink1_20240703_123000_59.fit,2024-07-03 12:30:00,0,0,, ,test,190.0,3600.0
8745,FITfiles/2024-07-03/Beelink1_20240703_124500_59.fit,2024-07-03 12:45:00,0,0,, ,train,190.0,3600.0
8739,FITfiles/2024-07-03/Beelink1_20240703_130000_59.fit,2024-07-03 13:00:00,0,0,, ,train,190.0,3600.0
8738,FITfiles/2024-07-03/Beelink1_20240703_131500_59.fit,2024-07-03 13:15:00,0,0,, ,train,190.0,3600.0
8743,FITfiles/2024-07-03/Beelink1_20240703_133000_59.fit,2024-07-03 13:30:00,0,0,, ,train,190.0,3600.0
8737,FITfiles/2024-07-03/Beelink1_20240703_134500_59.fit,2024-07-03 13:45:00,0,0,, ,train,190.0,3600.0
8763,FITfiles/2024-07-03/Beelink1_20240703_140000_59.fit,2024-07-03 14:00:00,0,0,, ,train,190.0,3600.0
8748,FITfiles/2024-07-03/Beelink1_20240703_141500_59.fit,2024-07-03 14:15:00,0,0,, ,train,190.0,3593.0
8741,FITfiles/2024-07-03/Beelink1_20240703_143000_59.fit,2024-07-03 14:30:00,0,0,, ,valid,190.0,3600.0
8746,FITfiles/2024-07-03/Beelink1_20240703_144500_59.fit,2024-07-03 14:45:00,0,0,, ,train,190.0,3600.0
8736,FITfiles/2024-07-03/Beelink1_20240703_150000_59.fit,2024-07-03 15:00:00,0,0,, ,train,190.0,3600.0
8732,FITfiles/2024-07-03/Beelink1_20240703_151500_59.fit,2024-07-03 15:15:00,0,0,, ,valid,190.0,3600.0
8735,FITfiles/2024-07-03/Beelink1_20240703_153000_59.fit,2024-07-03 15:30:00,0,0,, ,train,190.0,3600.0
8734,FITfiles/2024-07-03/Beelink1_20240703_154500_59.fit,2024-07-03 15:45:00,0,0,, ,train,190.0,3600.0
8730,FITfiles/2024-07-03/Beelink1_20240703_160000_59.fit,2024-07-03 16:00:00,0,0,, ,valid,190.0,3600.0
8733,FITfiles/2024-07-03/Beelink1_20240703_161500_59.fit,2024-07-03 16:15:00,0,0,, ,test,190.0,3592.0
8726,FITfiles/2024-07-03/Beelink1_20240703_163000_59.fit,2024-07-03 16:30:00,0,0,, ,train,190.0,3600.0
8728,FITfiles/2024-07-03/Beelink1_20240703_164500_59.fit,2024-07-03 16:45:00,0,0,, ,train,190.0,3600.0
8724,FITfiles/2024-07-03/Beelink1_20240703_170000_59.fit,2024-07-03 17:00:00,0,0,, ,test,190.0,3600.0
8723,FITfiles/2024-07-03/Beelink1_20240703_171500_59.fit,2024-07-03 17:15:00,0,0,, ,train,190.0,3600.0
8720,FITfiles/2024-07-03/Beelink1_20240703_173000_59.fit,2024-07-03 17:30:00,0,0,, ,train,190.0,3600.0
8731,FITfiles/2024-07-03/Beelink1_20240703_174500_59.fit,2024-07-03 17:45:00,0,0,, ,train,190.0,3600.0
8722,FITfiles/2024-07-03/Beelink1_20240703_180000_59.fit,2024-07-03 18:00:00,0,0,, ,train,190.0,3600.0
8725,FITfiles/2024-07-03/Beelink1_20240703_181500_59.fit,2024-07-03 18:15:00,0,0,, ,train,190.0,3592.0
8718,FITfiles/2024-07-03/Beelink1_20240703_183000_59.fit,2024-07-03 18:30:00,0,0,, ,test,190.0,3600.0
8719,FITfiles/2024-07-03/Beelink1_20240703_184500_59.fit,2024-07-03 18:45:00,0,0,, ,train,190.0,3600.0
8717,FITfiles/2024-07-03/Beelink1_20240703_190000_59.fit,2024-07-03 19:00:00,0,0,, ,train,190.0,3600.0
8714,FITfiles/2024-07-03/Beelink1_20240703_191500_59.fit,2024-07-03 19:15:00,0,0,, ,train,190.0,3600.0
8716,FITfiles/2024-07-03/Beelink1_20240703_193000_59.fit,2024-07-03 19:30:00,0,0,, ,train,190.0,3600.0
8729,FITfiles/2024-07-03/Beelink1_20240703_194500_59.fit,2024-07-03 19:45:00,0,0,, ,train,190.0,3600.0
8727,FITfiles/2024-07-03/Beelink1_20240703_200000_59.fit,2024-07-03 20:00:00,0,0,, ,train,190.0,3600.0
8712,FITfiles/2024-07-03/Beelink1_20240703_201500_59.fit,2024-07-03 20:15:00,0,0,, ,valid,190.0,3592.0
8713,FITfiles/2024-07-03/Beelink1_20240703_203000_59.fit,2024-07-03 20:30:00,0,0,, ,train,190.0,3600.0
8715,FITfiles/2024-07-03/Beelink1_20240703_204500_59.fit,2024-07-03 20:45:00,0,0,, ,train,190.0,3590.0
6499,FITfiles/2024-07-04/Beelink1_20240704_063000_59.fit,2024-07-04 06:30:00,0,0,, ,train,190.0,3600.0
6490,FITfiles/2024-07-04/Beelink1_20240704_064500_59.fit,2024-07-04 06:45:00,0,0,, ,train,190.0,3600.0
6497,FITfiles/2024-07-04/Beelink1_20240704_070000_59.fit,2024-07-04 07:00:00,0,0,, ,train,190.0,3600.0
6488,FITfiles/2024-07-04/Beelink1_20240704_071500_59.fit,2024-07-04 07:15:00,0,0,, ,train,190.0,3600.0
6485,FITfiles/2024-07-04/Beelink1_20240704_073000_59.fit,2024-07-04 07:30:00,0,0,, ,train,190.0,3600.0
6486,FITfiles/2024-07-04/Beelink1_20240704_074500_59.fit,2024-07-04 07:45:00,0,0,, ,train,190.0,3600.0
6482,FITfiles/2024-07-04/Beelink1_20240704_080000_59.fit,2024-07-04 08:00:00,0,0,, ,valid,190.0,3600.0
6491,FITfiles/2024-07-04/Beelink1_20240704_081500_59.fit,2024-07-04 08:15:00,0,0,, ,train,190.0,3592.0
6495,FITfiles/2024-07-04/Beelink1_20240704_083000_59.fit,2024-07-04 08:30:00,0,0,, ,train,190.0,3600.0
6479,FITfiles/2024-07-04/Beelink1_20240704_084500_59.fit,2024-07-04 08:45:00,0,0,, ,train,190.0,3600.0
6480,FITfiles/2024-07-04/Beelink1_20240704_090000_59.fit,2024-07-04 09:00:00,0,0,, ,test,190.0,3600.0
6487,FITfiles/2024-07-04/Beelink1_20240704_091500_59.fit,2024-07-04 09:15:00,0,0,, ,valid,190.0,3600.0
6484,FITfiles/2024-07-04/Beelink1_20240704_093000_59.fit,2024-07-04 09:30:00,0,0,, ,test,190.0,3600.0
6492,FITfiles/2024-07-04/Beelink1_20240704_094500_59.fit,2024-07-04 09:45:00,0,0,, ,train,190.0,3600.0
6478,FITfiles/2024-07-04/Beelink1_20240704_100000_59.fit,2024-07-04 10:00:00,0,0,, ,test,190.0,3600.0
6477,FITfiles/2024-07-04/Beelink1_20240704_101500_59.fit,2024-07-04 10:15:00,0,0,, ,valid,190.0,3600.0
6481,FITfiles/2024-07-04/Beelink1_20240704_103000_59.fit,2024-07-04 10:30:00,0,0,, ,train,190.0,3600.0
6471,FITfiles/2024-07-04/Beelink1_20240704_104459_59.fit,2024-07-04 10:44:59,0,0,, ,valid,190.0,3600.0
6475,FITfiles/2024-07-04/Beelink1_20240704_105959_59.fit,2024-07-04 10:59:59,0,0,, ,valid,190.0,3600.0
6466,FITfiles/2024-07-04/Beelink1_20240704_111459_59.fit,2024-07-04 11:14:59,0,0,, ,train,190.0,3600.0
6483,FITfiles/2024-07-04/Beelink1_20240704_112959_59.fit,2024-07-04 11:29:59,0,0,, ,train,190.0,3600.0
6463,FITfiles/2024-07-04/Beelink1_20240704_114459_59.fit,2024-07-04 11:44:59,0,0,, ,train,190.0,3600.0
6489,FITfiles/2024-07-04/Beelink1_20240704_115959_59.fit,2024-07-04 11:59:59,0,0,, ,train,190.0,3600.0
6494,FITfiles/2024-07-04/Beelink1_20240704_121459_59.fit,2024-07-04 12:14:59,0,0,, ,train,190.0,3595.0
6474,FITfiles/2024-07-04/Beelink1_20240704_123000_59.fit,2024-07-04 12:30:00,0,0,, ,valid,190.0,3600.0
6470,FITfiles/2024-07-04/Beelink1_20240704_124500_59.fit,2024-07-04 12:45:00,0,0,, ,valid,190.0,3600.0
6464,FITfiles/2024-07-04/Beelink1_20240704_130000_59.fit,2024-07-04 13:00:00,0,0,, ,test,190.0,3600.0
6460,FITfiles/2024-07-04/Beelink1_20240704_131500_59.fit,2024-07-04 13:15:00,0,0,, ,train,190.0,3600.0
6502,FITfiles/2024-07-04/Beelink1_20240704_133000_59.fit,2024-07-04 13:30:00,0,0,, ,train,190.0,3600.0
6472,FITfiles/2024-07-04/Beelink1_20240704_134500_59.fit,2024-07-04 13:45:00,0,0,, ,train,190.0,3600.0
6469,FITfiles/2024-07-04/Beelink1_20240704_140000_59.fit,2024-07-04 14:00:00,0,0,, ,train,190.0,3600.0
6461,FITfiles/2024-07-04/Beelink1_20240704_141500_59.fit,2024-07-04 14:15:00,0,0,, ,train,190.0,3593.0
6493,FITfiles/2024-07-04/Beelink1_20240704_143000_59.fit,2024-07-04 14:30:00,0,0,, ,valid,190.0,3600.0
6458,FITfiles/2024-07-04/Beelink1_20240704_144500_59.fit,2024-07-04 14:45:00,0,0,, ,train,190.0,3600.0
6456,FITfiles/2024-07-04/Beelink1_20240704_150000_59.fit,2024-07-04 15:00:00,0,0,, ,valid,190.0,3600.0
6451,FITfiles/2024-07-04/Beelink1_20240704_151500_59.fit,2024-07-04 15:15:00,0,0,, ,train,190.0,3600.0
6476,FITfiles/2024-07-04/Beelink1_20240704_153000_59.fit,2024-07-04 15:30:00,0,0,, ,train,190.0,3600.0
6447,FITfiles/2024-07-04/Beelink1_20240704_154500_59.fit,2024-07-04 15:45:00,0,0,, ,test,190.0,3600.0
6465,FITfiles/2024-07-04/Beelink1_20240704_160000_59.fit,2024-07-04 16:00:00,0,0,, ,valid,190.0,3600.0
6448,FITfiles/2024-07-04/Beelink1_20240704_161500_59.fit,2024-07-04 16:15:00,0,0,, ,valid,190.0,3593.0
6450,FITfiles/2024-07-04/Beelink1_20240704_163000_59.fit,2024-07-04 16:30:00,0,0,, ,train,190.0,3600.0
6443,FITfiles/2024-07-04/Beelink1_20240704_164500_59.fit,2024-07-04 16:45:00,0,0,, ,test,190.0,3600.0
6445,FITfiles/2024-07-04/Beelink1_20240704_170000_59.fit,2024-07-04 17:00:00,0,0,, ,train,190.0,3600.0
6462,FITfiles/2024-07-04/Beelink1_20240704_171500_59.fit,2024-07-04 17:15:00,0,0,, ,test,190.0,3600.0
6454,FITfiles/2024-07-04/Beelink1_20240704_173000_59.fit,2024-07-04 17:30:00,0,0,, ,train,190.0,3600.0
6442,FITfiles/2024-07-04/Beelink1_20240704_174500_59.fit,2024-07-04 17:45:00,0,0,, ,test,190.0,3600.0
6467,FITfiles/2024-07-04/Beelink1_20240704_180000_59.fit,2024-07-04 18:00:00,0,0,, ,valid,190.0,3600.0
6468,FITfiles/2024-07-04/Beelink1_20240704_181500_59.fit,2024-07-04 18:15:00,0,0,, ,train,190.0,3593.0
6449,FITfiles/2024-07-04/Beelink1_20240704_183000_59.fit,2024-07-04 18:30:00,0,0,, ,valid,190.0,3600.0
6459,FITfiles/2024-07-04/Beelink1_20240704_184500_59.fit,2024-07-04 18:45:00,0,0,, ,train,190.0,3600.0
6437,FITfiles/2024-07-04/Beelink1_20240704_190000_59.fit,2024-07-04 19:00:00,0,0,, ,test,190.0,3600.0
6457,FITfiles/2024-07-04/Beelink1_20240704_191500_59.fit,2024-07-04 19:15:00,0,0,, ,valid,190.0,3600.0
6455,FITfiles/2024-07-04/Beelink1_20240704_193000_59.fit,2024-07-04 19:30:00,0,0,, ,test,190.0,3600.0
6440,FITfiles/2024-07-04/Beelink1_20240704_194500_59.fit,2024-07-04 19:45:00,0,0,, ,train,190.0,3600.0
6438,FITfiles/2024-07-04/Beelink1_20240704_200000_59.fit,2024-07-04 20:00:00,0,0,, ,train,190.0,3600.0
6439,FITfiles/2024-07-04/Beelink1_20240704_201500_59.fit,2024-07-04 20:15:00,0,0,, ,valid,190.0,3592.0
6432,FITfiles/2024-07-04/Beelink1_20240704_203000_59.fit,2024-07-04 20:30:00,0,0,, ,train,190.0,3600.0
6423,FITfiles/2024-07-04/Beelink1_20240704_204500_59.fit,2024-07-04 20:45:00,0,0,, ,valid,190.0,3591.0
2891,FITfiles/2024-07-05/Beelink1_20240705_063000_59.fit,2024-07-05 06:30:00,0,0,, ,test,190.0,3600.0
2895,FITfiles/2024-07-05/Beelink1_20240705_064500_59.fit,2024-07-05 06:45:00,0,0,, ,train,190.0,3600.0
2890,FITfiles/2024-07-05/Beelink1_20240705_070000_59.fit,2024-07-05 07:00:00,0,0,, ,valid,190.0,3600.0
2881,FITfiles/2024-07-05/Beelink1_20240705_071500_59.fit,2024-07-05 07:15:00,0,0,, ,valid,190.0,3600.0
2892,FITfiles/2024-07-05/Beelink1_20240705_073000_59.fit,2024-07-05 07:30:00,0,0,, ,train,190.0,3600.0
2901,FITfiles/2024-07-05/Beelink1_20240705_074500_59.fit,2024-07-05 07:45:00,0,0,, ,train,190.0,3600.0
2876,FITfiles/2024-07-05/Beelink1_20240705_080000_59.fit,2024-07-05 08:00:00,0,0,, ,test,190.0,3600.0
2874,FITfiles/2024-07-05/Beelink1_20240705_081500_59.fit,2024-07-05 08:15:00,0,0,, ,valid,190.0,3592.0
2877,FITfiles/2024-07-05/Beelink1_20240705_083000_59.fit,2024-07-05 08:30:00,0,0,, ,test,190.0,3600.0
2886,FITfiles/2024-07-05/Beelink1_20240705_084500_59.fit,2024-07-05 08:45:00,0,0,, ,valid,190.0,3600.0
2883,FITfiles/2024-07-05/Beelink1_20240705_090000_59.fit,2024-07-05 09:00:00,0,0,, ,test,190.0,3600.0
2884,FITfiles/2024-07-05/Beelink1_20240705_091500_59.fit,2024-07-05 09:15:00,0,0,, ,valid,190.0,3600.0
2899,FITfiles/2024-07-05/Beelink1_20240705_093000_59.fit,2024-07-05 09:30:00,0,0,, ,test,190.0,3600.0
2869,FITfiles/2024-07-05/Beelink1_20240705_094500_59.fit,2024-07-05 09:45:00,0,0,, ,train,190.0,3600.0
2902,FITfiles/2024-07-05/Beelink1_20240705_100000_59.fit,2024-07-05 10:00:00,0,0,, ,train,190.0,3600.0
2864,FITfiles/2024-07-05/Beelink1_20240705_101500_59.fit,2024-07-05 10:15:00,0,0,, ,test,190.0,3600.0
2866,FITfiles/2024-07-05/Beelink1_20240705_103000_59.fit,2024-07-05 10:30:00,0,0,, ,train,190.0,3600.0
2878,FITfiles/2024-07-05/Beelink1_20240705_104459_59.fit,2024-07-05 10:44:59,0,0,, ,valid,190.0,3600.0
2880,FITfiles/2024-07-05/Beelink1_20240705_105959_59.fit,2024-07-05 10:59:59,0,0,, ,train,190.0,3600.0
2872,FITfiles/2024-07-05/Beelink1_20240705_111459_59.fit,2024-07-05 11:14:59,0,0,, ,valid,190.0,3600.0
2889,FITfiles/2024-07-05/Beelink1_20240705_112959_59.fit,2024-07-05 11:29:59,0,0,, ,train,190.0,3600.0
2875,FITfiles/2024-07-05/Beelink1_20240705_114459_59.fit,2024-07-05 11:44:59,0,0,, ,train,190.0,3600.0
2861,FITfiles/2024-07-05/Beelink1_20240705_115959_59.fit,2024-07-05 11:59:59,0,0,, ,test,190.0,3600.0
2862,FITfiles/2024-07-05/Beelink1_20240705_121459_59.fit,2024-07-05 12:14:59,0,0,, ,train,190.0,3595.0
2868,FITfiles/2024-07-05/Beelink1_20240705_123000_59.fit,2024-07-05 12:30:00,0,0,, ,train,190.0,3600.0
2859,FITfiles/2024-07-05/Beelink1_20240705_124500_59.fit,2024-07-05 12:45:00,0,0,, ,train,190.0,3600.0
2867,FITfiles/2024-07-05/Beelink1_20240705_130000_59.fit,2024-07-05 13:00:00,0,0,, ,train,190.0,3600.0
2879,FITfiles/2024-07-05/Beelink1_20240705_131500_59.fit,2024-07-05 13:15:00,0,0,, ,train,190.0,3600.0
2858,FITfiles/2024-07-05/Beelink1_20240705_133000_59.fit,2024-07-05 13:30:00,0,0,, ,valid,190.0,3600.0
2857,FITfiles/2024-07-05/Beelink1_20240705_134500_59.fit,2024-07-05 13:45:00,0,0,, ,test,190.0,3600.0
2870,FITfiles/2024-07-05/Beelink1_20240705_140000_59.fit,2024-07-05 14:00:00,0,0,, ,test,190.0,3600.0
2871,FITfiles/2024-07-05/Beelink1_20240705_141500_59.fit,2024-07-05 14:15:00,0,0,, ,test,190.0,3593.0
2860,FITfiles/2024-07-05/Beelink1_20240705_143000_59.fit,2024-07-05 14:30:00,0,0,, ,test,190.0,3600.0
2865,FITfiles/2024-07-05/Beelink1_20240705_144500_59.fit,2024-07-05 14:45:00,0,0,, ,train,190.0,3600.0
2873,FITfiles/2024-07-05/Beelink1_20240705_150000_59.fit,2024-07-05 15:00:00,0,0,, ,valid,190.0,3600.0
2854,FITfiles/2024-07-05/Beelink1_20240705_151500_59.fit,2024-07-05 15:15:00,0,0,, ,train,190.0,3600.0
2850,FITfiles/2024-07-05/Beelink1_20240705_153000_59.fit,2024-07-05 15:30:00,0,0,, ,train,190.0,3600.0
2851,FITfiles/2024-07-05/Beelink1_20240705_154500_59.fit,2024-07-05 15:45:00,0,0,, ,train,190.0,3600.0
2852,FITfiles/2024-07-05/Beelink1_20240705_160000_59.fit,2024-07-05 16:00:00,0,0,, ,valid,190.0,3600.0
2848,FITfiles/2024-07-05/Beelink1_20240705_161500_59.fit,2024-07-05 16:15:00,0,0,, ,valid,190.0,3593.0
2845,FITfiles/2024-07-05/Beelink1_20240705_163000_59.fit,2024-07-05 16:30:00,0,0,, ,train,190.0,3600.0
2849,FITfiles/2024-07-05/Beelink1_20240705_164500_59.fit,2024-07-05 16:45:00,0,0,, ,train,190.0,3600.0
2844,FITfiles/2024-07-05/Beelink1_20240705_170000_59.fit,2024-07-05 17:00:00,0,0,, ,test,190.0,3600.0
2853,FITfiles/2024-07-05/Beelink1_20240705_171500_59.fit,2024-07-05 17:15:00,0,0,, ,train,190.0,3600.0
2863,FITfiles/2024-07-05/Beelink1_20240705_173000_59.fit,2024-07-05 17:30:00,0,0,, ,test,190.0,3600.0
2846,FITfiles/2024-07-05/Beelink1_20240705_174500_59.fit,2024-07-05 17:45:00,0,0,, ,valid,190.0,3600.0
2856,FITfiles/2024-07-05/Beelink1_20240705_180000_59.fit,2024-07-05 18:00:00,0,0,, ,test,190.0,3600.0
2847,FITfiles/2024-07-05/Beelink1_20240705_181500_59.fit,2024-07-05 18:15:00,0,0,, ,train,190.0,3593.0
2843,FITfiles/2024-07-05/Beelink1_20240705_183000_59.fit,2024-07-05 18:30:00,0,0,, ,train,190.0,3600.0
2855,FITfiles/2024-07-05/Beelink1_20240705_184500_59.fit,2024-07-05 18:45:00,0,0,, ,train,190.0,3600.0
2840,FITfiles/2024-07-05/Beelink1_20240705_190000_59.fit,2024-07-05 19:00:00,0,0,, ,train,190.0,3600.0
2839,FITfiles/2024-07-05/Beelink1_20240705_191500_59.fit,2024-07-05 19:15:00,0,0,, ,train,190.0,3600.0
2842,FITfiles/2024-07-05/Beelink1_20240705_193000_59.fit,2024-07-05 19:30:00,0,0,, ,valid,190.0,3600.0
2838,FITfiles/2024-07-05/Beelink1_20240705_194500_59.fit,2024-07-05 19:45:00,0,0,, ,train,190.0,3600.0
2841,FITfiles/2024-07-05/Beelink1_20240705_200000_59.fit,2024-07-05 20:00:00,0,0,, ,train,190.0,3600.0
2837,FITfiles/2024-07-05/Beelink1_20240705_201459_59.fit,2024-07-05 20:14:59,0,0,, ,train,190.0,3593.0
2836,FITfiles/2024-07-05/Beelink1_20240705_203000_59.fit,2024-07-05 20:30:00,0,0,, ,test,190.0,3600.0
2835,FITfiles/2024-07-05/Beelink1_20240705_204500_59.fit,2024-07-05 20:45:00,0,0,, ,train,190.0,3591.0
5765,FITfiles/2024-07-06/Beelink1_20240706_063000_59.fit,2024-07-06 06:30:00,0,0,, ,test,190.0,3600.0
5764,FITfiles/2024-07-06/Beelink1_20240706_064500_59.fit,2024-07-06 06:45:00,0,0,, ,test,190.0,3600.0
5752,FITfiles/2024-07-06/Beelink1_20240706_070000_59.fit,2024-07-06 07:00:00,0,0,, ,valid,190.0,3600.0
5761,FITfiles/2024-07-06/Beelink1_20240706_071500_59.fit,2024-07-06 07:15:00,0,0,, ,test,190.0,3600.0
5763,FITfiles/2024-07-06/Beelink1_20240706_073000_59.fit,2024-07-06 07:30:00,0,0,, ,train,190.0,3600.0
5750,FITfiles/2024-07-06/Beelink1_20240706_074500_59.fit,2024-07-06 07:45:00,0,0,, ,train,190.0,3600.0
5754,FITfiles/2024-07-06/Beelink1_20240706_080000_59.fit,2024-07-06 08:00:00,0,0,, ,test,190.0,3600.0
5756,FITfiles/2024-07-06/Beelink1_20240706_081500_59.fit,2024-07-06 08:15:00,0,0,, ,test,190.0,3593.0
5759,FITfiles/2024-07-06/Beelink1_20240706_083000_59.fit,2024-07-06 08:30:00,0,0,, ,train,190.0,3600.0
5748,FITfiles/2024-07-06/Beelink1_20240706_084500_59.fit,2024-07-06 08:45:00,0,0,, ,valid,190.0,3600.0
5744,FITfiles/2024-07-06/Beelink1_20240706_090000_59.fit,2024-07-06 09:00:00,0,0,, ,train,190.0,3600.0
5751,FITfiles/2024-07-06/Beelink1_20240706_091500_59.fit,2024-07-06 09:15:00,0,0,, ,train,190.0,3600.0
5743,FITfiles/2024-07-06/Beelink1_20240706_093000_59.fit,2024-07-06 09:30:00,0,0,, ,train,190.0,3600.0
5755,FITfiles/2024-07-06/Beelink1_20240706_094500_59.fit,2024-07-06 09:45:00,0,0,, ,test,190.0,3600.0
5753,FITfiles/2024-07-06/Beelink1_20240706_100000_59.fit,2024-07-06 10:00:00,0,0,, ,test,190.0,3600.0
5809,FITfiles/2024-07-06/Beelink1_20240706_101500_59.fit,2024-07-06 10:15:00,0,0,, ,train,190.0,3600.0
5746,FITfiles/2024-07-06/Beelink1_20240706_103000_59.fit,2024-07-06 10:30:00,0,0,, ,train,190.0,3600.0
5740,FITfiles/2024-07-06/Beelink1_20240706_104500_59.fit,2024-07-06 10:45:00,0,0,, ,train,190.0,3600.0
5741,FITfiles/2024-07-06/Beelink1_20240706_105959_59.fit,2024-07-06 10:59:59,0,0,, ,test,190.0,3600.0
5735,FITfiles/2024-07-06/Beelink1_20240706_111459_59.fit,2024-07-06 11:14:59,0,0,, ,test,190.0,3600.0
5749,FITfiles/2024-07-06/Beelink1_20240706_112959_59.fit,2024-07-06 11:29:59,0,0,, ,train,190.0,3600.0
5757,FITfiles/2024-07-06/Beelink1_20240706_114459_59.fit,2024-07-06 11:44:59,0,0,, ,train,190.0,3600.0
5742,FITfiles/2024-07-06/Beelink1_20240706_115959_59.fit,2024-07-06 11:59:59,0,0,, ,valid,190.0,3600.0
5730,FITfiles/2024-07-06/Beelink1_20240706_121459_59.fit,2024-07-06 12:14:59,0,0,, ,train,190.0,3595.0
5739,FITfiles/2024-07-06/Beelink1_20240706_123000_59.fit,2024-07-06 12:30:00,0,0,, ,train,190.0,3600.0
5729,FITfiles/2024-07-06/Beelink1_20240706_124500_59.fit,2024-07-06 12:45:00,0,0,, ,train,190.0,3600.0
5758,FITfiles/2024-07-06/Beelink1_20240706_130000_59.fit,2024-07-06 13:00:00,0,0,, ,valid,190.0,3600.0
5732,FITfiles/2024-07-06/Beelink1_20240706_131500_59.fit,2024-07-06 13:15:00,0,0,, ,valid,190.0,3600.0
5736,FITfiles/2024-07-06/Beelink1_20240706_133000_59.fit,2024-07-06 13:30:00,0,0,, ,train,190.0,3600.0
5747,FITfiles/2024-07-06/Beelink1_20240706_134500_59.fit,2024-07-06 13:45:00,0,0,, ,train,190.0,3600.0
5737,FITfiles/2024-07-06/Beelink1_20240706_140000_59.fit,2024-07-06 14:00:00,0,0,, ,train,190.0,3600.0
5727,FITfiles/2024-07-06/Beelink1_20240706_141500_59.fit,2024-07-06 14:15:00,0,0,, ,test,190.0,3592.0
5733,FITfiles/2024-07-06/Beelink1_20240706_143000_59.fit,2024-07-06 14:30:00,0,0,, ,valid,190.0,3600.0
5731,FITfiles/2024-07-06/Beelink1_20240706_144500_59.fit,2024-07-06 14:45:00,0,0,, ,train,190.0,3600.0
5726,FITfiles/2024-07-06/Beelink1_20240706_150000_59.fit,2024-07-06 15:00:00,0,0,, ,train,190.0,3600.0
5745,FITfiles/2024-07-06/Beelink1_20240706_151500_59.fit,2024-07-06 15:15:00,0,0,, ,train,190.0,3600.0
5721,FITfiles/2024-07-06/Beelink1_20240706_153000_59.fit,2024-07-06 15:30:00,0,0,, ,train,190.0,3600.0
5734,FITfiles/2024-07-06/Beelink1_20240706_154500_59.fit,2024-07-06 15:45:00,0,0,, ,train,190.0,3600.0
5728,FITfiles/2024-07-06/Beelink1_20240706_160000_59.fit,2024-07-06 16:00:00,0,0,, ,train,190.0,3600.0
5722,FITfiles/2024-07-06/Beelink1_20240706_161500_59.fit,2024-07-06 16:15:00,0,0,, ,train,190.0,3593.0
5716,FITfiles/2024-07-06/Beelink1_20240706_163000_59.fit,2024-07-06 16:30:00,0,0,, ,train,190.0,3600.0
5762,FITfiles/2024-07-06/Beelink1_20240706_164500_59.fit,2024-07-06 16:45:00,0,0,, ,test,190.0,3600.0
5738,FITfiles/2024-07-06/Beelink1_20240706_170000_59.fit,2024-07-06 17:00:00,0,0,, ,test,190.0,3600.0
5723,FITfiles/2024-07-06/Beelink1_20240706_171500_59.fit,2024-07-06 17:15:00,0,0,, ,test,190.0,3600.0
5720,FITfiles/2024-07-06/Beelink1_20240706_173000_59.fit,2024-07-06 17:30:00,0,0,, ,test,190.0,3600.0
5715,FITfiles/2024-07-06/Beelink1_20240706_174500_59.fit,2024-07-06 17:45:00,0,0,, ,train,190.0,3600.0
5724,FITfiles/2024-07-06/Beelink1_20240706_180000_59.fit,2024-07-06 18:00:00,0,0,, ,train,190.0,3600.0
5717,FITfiles/2024-07-06/Beelink1_20240706_181500_59.fit,2024-07-06 18:15:00,0,0,, ,train,190.0,3593.0
5718,FITfiles/2024-07-06/Beelink1_20240706_183000_59.fit,2024-07-06 18:30:00,0,0,, ,test,190.0,3600.0
5719,FITfiles/2024-07-06/Beelink1_20240706_184500_59.fit,2024-07-06 18:45:00,0,0,, ,train,190.0,3600.0
5704,FITfiles/2024-07-06/Beelink1_20240706_190000_59.fit,2024-07-06 19:00:00,0,0,, ,valid,190.0,3600.0
5710,FITfiles/2024-07-06/Beelink1_20240706_191500_59.fit,2024-07-06 19:15:00,0,0,, ,train,190.0,3600.0
5707,FITfiles/2024-07-06/Beelink1_20240706_193000_59.fit,2024-07-06 19:30:00,0,0,, ,test,190.0,3600.0
5713,FITfiles/2024-07-06/Beelink1_20240706_194500_59.fit,2024-07-06 19:45:00,0,0,, ,train,190.0,3600.0
5702,FITfiles/2024-07-06/Beelink1_20240706_200000_59.fit,2024-07-06 20:00:00,0,0,, ,train,190.0,3600.0
5703,FITfiles/2024-07-06/Beelink1_20240706_201500_59.fit,2024-07-06 20:15:00,0,0,, ,test,190.0,3593.0
5725,FITfiles/2024-07-06/Beelink1_20240706_203000_59.fit,2024-07-06 20:30:00,0,0,, ,valid,190.0,3600.0
5705,FITfiles/2024-07-06/Beelink1_20240706_204500_59.fit,2024-07-06 20:45:00,0,0,, ,valid,190.0,3591.0
4736,FITfiles/2024-07-07/Beelink1_20240707_063000_59.fit,2024-07-07 06:30:00,0,0,, ,valid,190.0,3600.0
4724,FITfiles/2024-07-07/Beelink1_20240707_064500_59.fit,2024-07-07 06:45:00,0,0,, ,train,190.0,3600.0
4717,FITfiles/2024-07-07/Beelink1_20240707_070000_59.fit,2024-07-07 07:00:00,0,0,, ,train,190.0,3600.0
4746,FITfiles/2024-07-07/Beelink1_20240707_071500_59.fit,2024-07-07 07:15:00,0,0,, ,test,190.0,3600.0
4716,FITfiles/2024-07-07/Beelink1_20240707_073000_59.fit,2024-07-07 07:30:00,0,0,, ,train,190.0,3600.0
4718,FITfiles/2024-07-07/Beelink1_20240707_074500_59.fit,2024-07-07 07:45:00,0,0,, ,train,190.0,3600.0
4732,FITfiles/2024-07-07/Beelink1_20240707_080000_59.fit,2024-07-07 08:00:00,0,0,, ,test,190.0,3600.0
4735,FITfiles/2024-07-07/Beelink1_20240707_081500_59.fit,2024-07-07 08:15:00,0,0,, ,train,190.0,3593.0
4729,FITfiles/2024-07-07/Beelink1_20240707_083000_59.fit,2024-07-07 08:30:00,0,0,, ,test,190.0,3600.0
4733,FITfiles/2024-07-07/Beelink1_20240707_084500_59.fit,2024-07-07 08:45:00,0,0,, ,valid,190.0,3600.0
4730,FITfiles/2024-07-07/Beelink1_20240707_090000_59.fit,2024-07-07 09:00:00,0,0,, ,train,190.0,3600.0
4336,FITfiles/2024-07-07/Beelink1_20240707_091500_59.fit,2024-07-07 09:15:00,0,0,, ,train,190.0,3600.0
4719,FITfiles/2024-07-07/Beelink1_20240707_093000_59.fit,2024-07-07 09:30:00,0,0,, ,valid,190.0,3600.0
4726,FITfiles/2024-07-07/Beelink1_20240707_094500_59.fit,2024-07-07 09:45:00,0,0,, ,valid,190.0,3600.0
4728,FITfiles/2024-07-07/Beelink1_20240707_100000_59.fit,2024-07-07 10:00:00,0,0,, ,valid,190.0,3600.0
4725,FITfiles/2024-07-07/Beelink1_20240707_101500_59.fit,2024-07-07 10:15:00,0,0,, ,valid,190.0,3600.0
4714,FITfiles/2024-07-07/Beelink1_20240707_102959_59.fit,2024-07-07 10:29:59,0,0,, ,test,190.0,3600.0
4710,FITfiles/2024-07-07/Beelink1_20240707_104459_59.fit,2024-07-07 10:44:59,0,0,, ,test,190.0,3600.0
4707,FITfiles/2024-07-07/Beelink1_20240707_105959_59.fit,2024-07-07 10:59:59,0,0,, ,train,190.0,3600.0
4712,FITfiles/2024-07-07/Beelink1_20240707_111459_59.fit,2024-07-07 11:14:59,0,0,, ,train,190.0,3600.0
4711,FITfiles/2024-07-07/Beelink1_20240707_112959_59.fit,2024-07-07 11:29:59,0,0,, ,valid,190.0,3600.0
4708,FITfiles/2024-07-07/Beelink1_20240707_114459_59.fit,2024-07-07 11:44:59,0,0,, ,train,190.0,3600.0
4334,FITfiles/2024-07-07/Beelink1_20240707_115959_59.fit,2024-07-07 11:59:59,0,0,, ,valid,190.0,3600.0
4702,FITfiles/2024-07-07/Beelink1_20240707_121459_59.fit,2024-07-07 12:14:59,0,0,, ,train,190.0,3596.0
4704,FITfiles/2024-07-07/Beelink1_20240707_123000_59.fit,2024-07-07 12:30:00,0,0,, ,train,190.0,3600.0
4705,FITfiles/2024-07-07/Beelink1_20240707_124500_59.fit,2024-07-07 12:45:00,0,0,, ,train,190.0,3600.0
4715,FITfiles/2024-07-07/Beelink1_20240707_130000_59.fit,2024-07-07 13:00:00,0,0,, ,train,190.0,3600.0
4722,FITfiles/2024-07-07/Beelink1_20240707_131500_59.fit,2024-07-07 13:15:00,0,0,, ,train,190.0,3600.0
4701,FITfiles/2024-07-07/Beelink1_20240707_133000_59.fit,2024-07-07 13:30:00,0,0,, ,test,190.0,3600.0
4721,FITfiles/2024-07-07/Beelink1_20240707_134500_59.fit,2024-07-07 13:45:00,0,0,, ,valid,190.0,3600.0
4713,FITfiles/2024-07-07/Beelink1_20240707_140000_59.fit,2024-07-07 14:00:00,0,0,, ,train,190.0,3600.0
4695,FITfiles/2024-07-07/Beelink1_20240707_141500_59.fit,2024-07-07 14:15:00,0,0,, ,train,190.0,3592.0
4709,FITfiles/2024-07-07/Beelink1_20240707_143000_59.fit,2024-07-07 14:30:00,0,0,, ,valid,190.0,3600.0
4333,FITfiles/2024-07-07/Beelink1_20240707_144500_59.fit,2024-07-07 14:45:00,0,0,, ,train,190.0,3600.0
4720,FITfiles/2024-07-07/Beelink1_20240707_150000_59.fit,2024-07-07 15:00:00,0,0,, ,train,190.0,3600.0
4703,FITfiles/2024-07-07/Beelink1_20240707_151500_59.fit,2024-07-07 15:15:00,0,0,, ,test,190.0,3600.0
4700,FITfiles/2024-07-07/Beelink1_20240707_153000_59.fit,2024-07-07 15:30:00,0,0,, ,train,190.0,3600.0
4699,FITfiles/2024-07-07/Beelink1_20240707_154500_59.fit,2024-07-07 15:45:00,0,0,, ,train,190.0,3600.0
4691,FITfiles/2024-07-07/Beelink1_20240707_160000_59.fit,2024-07-07 16:00:00,0,0,, ,valid,190.0,3600.0
4692,FITfiles/2024-07-07/Beelink1_20240707_161500_59.fit,2024-07-07 16:15:00,0,0,, ,train,190.0,3592.0
4696,FITfiles/2024-07-07/Beelink1_20240707_163000_59.fit,2024-07-07 16:30:00,0,0,, ,valid,190.0,3600.0
4332,FITfiles/2024-07-07/Beelink1_20240707_164500_59.fit,2024-07-07 16:45:00,0,0,, ,train,190.0,3600.0
4693,FITfiles/2024-07-07/Beelink1_20240707_170000_59.fit,2024-07-07 17:00:00,0,0,, ,train,190.0,3600.0
4706,FITfiles/2024-07-07/Beelink1_20240707_171500_59.fit,2024-07-07 17:15:00,0,0,, ,train,190.0,3600.0
4335,FITfiles/2024-07-07/Beelink1_20240707_173000_59.fit,2024-07-07 17:30:00,0,0,, ,train,190.0,3600.0
4775,FITfiles/2024-07-13/Beelink1_20240713_170700_01.fit,2024-07-13 17:07:00,0,0,, ,train,190.0,3600.0
4751,FITfiles/2024-07-13/Beelink1_20240713_172204_01.fit,2024-07-13 17:22:04,0,0,, ,train,190.0,3600.0
4758,FITfiles/2024-07-13/Beelink1_20240713_173704_01.fit,2024-07-13 17:37:04,0,0,, ,valid,190.0,3600.0
4750,FITfiles/2024-07-13/Beelink1_20240713_175204_01.fit,2024-07-13 17:52:04,0,0,, ,train,190.0,3600.0
4754,FITfiles/2024-07-13/Beelink1_20240713_180704_01.fit,2024-07-13 18:07:04,0,0,, ,train,190.0,3600.0
4339,FITfiles/2024-07-13/Beelink1_20240713_182204_01.fit,2024-07-13 18:22:04,0,0,, ,train,190.0,1897.0
4753,FITfiles/2024-07-13/Beelink1_20240713_183000_59.fit,2024-07-13 18:30:00,0,0,, ,train,190.0,3600.0
4748,FITfiles/2024-07-13/Beelink1_20240713_184500_59.fit,2024-07-13 18:45:00,0,0,, ,train,190.0,3600.0
4756,FITfiles/2024-07-13/Beelink1_20240713_190000_59.fit,2024-07-13 19:00:00,0,0,, ,train,190.0,3600.0
4766,FITfiles/2024-07-13/Beelink1_20240713_191500_59.fit,2024-07-13 19:15:00,0,0,, ,valid,190.0,3600.0
4744,FITfiles/2024-07-13/Beelink1_20240713_193000_59.fit,2024-07-13 19:30:00,0,0,, ,train,190.0,3600.0
4770,FITfiles/2024-07-13/Beelink1_20240713_194500_59.fit,2024-07-13 19:45:00,0,0,, ,train,190.0,3600.0
4749,FITfiles/2024-07-13/Beelink1_20240713_200000_59.fit,2024-07-13 20:00:00,0,0,, ,valid,190.0,3600.0
4742,FITfiles/2024-07-13/Beelink1_20240713_201500_59.fit,2024-07-13 20:15:00,0,0,, ,valid,190.0,3592.0
4763,FITfiles/2024-07-13/Beelink1_20240713_203000_59.fit,2024-07-13 20:30:00,0,0,, ,train,190.0,3600.0
4338,FITfiles/2024-07-13/Beelink1_20240713_204500_59.fit,2024-07-13 20:45:00,0,0,, ,test,190.0,3590.0
5711,FITfiles/2024-07-14/Beelink1_20240714_063000_59.fit,2024-07-14 06:30:00,0,0,, ,train,190.0,3600.0
5699,FITfiles/2024-07-14/Beelink1_20240714_064500_59.fit,2024-07-14 06:45:00,0,0,, ,test,190.0,3600.0
5701,FITfiles/2024-07-14/Beelink1_20240714_070000_59.fit,2024-07-14 07:00:00,0,0,, ,train,190.0,3600.0
5695,FITfiles/2024-07-14/Beelink1_20240714_071500_59.fit,2024-07-14 07:15:00,0,0,, ,test,190.0,3600.0
5697,FITfiles/2024-07-14/Beelink1_20240714_073000_59.fit,2024-07-14 07:30:00,0,0,, ,test,190.0,3600.0
5690,FITfiles/2024-07-14/Beelink1_20240714_074500_59.fit,2024-07-14 07:45:00,0,0,, ,train,190.0,3600.0
5693,FITfiles/2024-07-14/Beelink1_20240714_080000_59.fit,2024-07-14 08:00:00,0,0,, ,test,190.0,3600.0
5712,FITfiles/2024-07-14/Beelink1_20240714_081500_59.fit,2024-07-14 08:15:00,0,0,, ,train,190.0,3593.0
5694,FITfiles/2024-07-14/Beelink1_20240714_083000_59.fit,2024-07-14 08:30:00,0,0,, ,valid,190.0,3600.0
5691,FITfiles/2024-07-14/Beelink1_20240714_084500_59.fit,2024-07-14 08:45:00,0,0,, ,train,190.0,3600.0
5687,FITfiles/2024-07-14/Beelink1_20240714_090000_59.fit,2024-07-14 09:00:00,0,0,, ,test,190.0,3600.0
5681,FITfiles/2024-07-14/Beelink1_20240714_091500_59.fit,2024-07-14 09:15:00,0,0,, ,valid,190.0,3600.0
5714,FITfiles/2024-07-14/Beelink1_20240714_093000_59.fit,2024-07-14 09:30:00,0,0,, ,train,190.0,3600.0
5686,FITfiles/2024-07-14/Beelink1_20240714_094500_59.fit,2024-07-14 09:45:00,0,0,, ,test,190.0,3600.0
5685,FITfiles/2024-07-14/Beelink1_20240714_100000_59.fit,2024-07-14 10:00:00,0,0,, ,train,190.0,3600.0
5696,FITfiles/2024-07-14/Beelink1_20240714_101500_59.fit,2024-07-14 10:15:00,0,0,, ,test,190.0,3600.0
5708,FITfiles/2024-07-14/Beelink1_20240714_103000_59.fit,2024-07-14 10:30:00,0,0,, ,train,190.0,3600.0
5679,FITfiles/2024-07-14/Beelink1_20240714_104459_59.fit,2024-07-14 10:44:59,0,0,, ,train,190.0,3600.0
5706,FITfiles/2024-07-14/Beelink1_20240714_105959_59.fit,2024-07-14 10:59:59,0,0,, ,train,190.0,3600.0
5677,FITfiles/2024-07-14/Beelink1_20240714_111459_59.fit,2024-07-14 11:14:59,0,0,, ,test,190.0,3600.0
5692,FITfiles/2024-07-14/Beelink1_20240714_112959_59.fit,2024-07-14 11:29:59,0,0,, ,train,190.0,3600.0
5698,FITfiles/2024-07-14/Beelink1_20240714_114459_59.fit,2024-07-14 11:44:59,0,0,, ,train,190.0,3600.0
5683,FITfiles/2024-07-14/Beelink1_20240714_115959_59.fit,2024-07-14 11:59:59,0,0,, ,train,190.0,3600.0
5673,FITfiles/2024-07-14/Beelink1_20240714_121459_59.fit,2024-07-14 12:14:59,0,0,, ,train,190.0,3595.0
5674,FITfiles/2024-07-14/Beelink1_20240714_123000_59.fit,2024-07-14 12:30:00,0,0,, ,train,190.0,3600.0
5680,FITfiles/2024-07-14/Beelink1_20240714_124500_59.fit,2024-07-14 12:45:00,0,0,, ,valid,190.0,3600.0
5688,FITfiles/2024-07-14/Beelink1_20240714_130000_59.fit,2024-07-14 13:00:00,0,0,, ,test,190.0,3600.0
5676,FITfiles/2024-07-14/Beelink1_20240714_131500_59.fit,2024-07-14 13:15:00,0,0,, ,test,190.0,3600.0
5678,FITfiles/2024-07-14/Beelink1_20240714_133000_59.fit,2024-07-14 13:30:00,0,0,, ,train,190.0,3600.0
5667,FITfiles/2024-07-14/Beelink1_20240714_134500_59.fit,2024-07-14 13:45:00,0,0,, ,test,190.0,3600.0
5682,FITfiles/2024-07-14/Beelink1_20240714_140000_59.fit,2024-07-14 14:00:00,0,0,, ,train,190.0,3600.0
5665,FITfiles/2024-07-14/Beelink1_20240714_141500_59.fit,2024-07-14 14:15:00,0,0,, ,valid,190.0,3592.0
5689,FITfiles/2024-07-14/Beelink1_20240714_143000_59.fit,2024-07-14 14:30:00,0,0,, ,train,190.0,3600.0
5668,FITfiles/2024-07-14/Beelink1_20240714_144500_59.fit,2024-07-14 14:45:00,0,0,, ,train,190.0,3600.0
5664,FITfiles/2024-07-14/Beelink1_20240714_150000_59.fit,2024-07-14 15:00:00,0,0,, ,test,190.0,3600.0
5670,FITfiles/2024-07-14/Beelink1_20240714_151500_59.fit,2024-07-14 15:15:00,0,0,, ,valid,190.0,3600.0
5663,FITfiles/2024-07-14/Beelink1_20240714_153000_59.fit,2024-07-14 15:30:00,0,0,, ,train,190.0,3600.0
5661,FITfiles/2024-07-14/Beelink1_20240714_154500_59.fit,2024-07-14 15:45:00,0,0,, ,train,190.0,3600.0
5662,FITfiles/2024-07-14/Beelink1_20240714_160000_59.fit,2024-07-14 16:00:00,0,0,, ,train,190.0,3600.0
5709,FITfiles/2024-07-14/Beelink1_20240714_161500_59.fit,2024-07-14 16:15:00,0,0,, ,train,190.0,3592.0
5656,FITfiles/2024-07-14/Beelink1_20240714_163000_59.fit,2024-07-14 16:30:00,0,0,, ,test,190.0,3600.0
5669,FITfiles/2024-07-14/Beelink1_20240714_164500_59.fit,2024-07-14 16:45:00,0,0,, ,valid,190.0,3600.0
5660,FITfiles/2024-07-14/Beelink1_20240714_170000_59.fit,2024-07-14 17:00:00,0,0,, ,train,190.0,3600.0
5671,FITfiles/2024-07-14/Beelink1_20240714_171500_59.fit,2024-07-14 17:15:00,0,0,, ,valid,190.0,3600.0
5700,FITfiles/2024-07-14/Beelink1_20240714_173000_59.fit,2024-07-14 17:30:00,0,0,, ,train,190.0,3600.0
5675,FITfiles/2024-07-14/Beelink1_20240714_174500_59.fit,2024-07-14 17:45:00,0,0,, ,valid,190.0,3600.0
5655,FITfiles/2024-07-14/Beelink1_20240714_180000_59.fit,2024-07-14 18:00:00,0,0,, ,test,190.0,3600.0
5657,FITfiles/2024-07-14/Beelink1_20240714_181500_59.fit,2024-07-14 18:15:00,0,0,, ,valid,190.0,3592.0
5659,FITfiles/2024-07-14/Beelink1_20240714_183000_59.fit,2024-07-14 18:30:00,0,0,, ,train,190.0,3600.0
5653,FITfiles/2024-07-14/Beelink1_20240714_184500_59.fit,2024-07-14 18:45:00,0,0,, ,train,190.0,3600.0
5658,FITfiles/2024-07-14/Beelink1_20240714_190000_59.fit,2024-07-14 19:00:00,0,0,, ,train,190.0,3600.0
5672,FITfiles/2024-07-14/Beelink1_20240714_191500_59.fit,2024-07-14 19:15:00,0,0,, ,test,190.0,3600.0
5650,FITfiles/2024-07-14/Beelink1_20240714_193000_59.fit,2024-07-14 19:30:00,0,0,, ,train,190.0,3600.0
5646,FITfiles/2024-07-14/Beelink1_20240714_194500_59.fit,2024-07-14 19:45:00,0,0,, ,valid,190.0,3600.0
5651,FITfiles/2024-07-14/Beelink1_20240714_200000_59.fit,2024-07-14 20:00:00,0,0,, ,train,190.0,3600.0
5654,FITfiles/2024-07-14/Beelink1_20240714_201500_59.fit,2024-07-14 20:15:00,0,0,, ,test,190.0,3592.0
5641,FITfiles/2024-07-14/Beelink1_20240714_203000_59.fit,2024-07-14 20:30:00,0,0,, ,train,190.0,3600.0
5647,FITfiles/2024-07-14/Beelink1_20240714_204500_59.fit,2024-07-14 20:45:00,0,0,, ,train,190.0,3590.0
5113,FITfiles/2024-07-15/Beelink1_20240715_063000_59.fit,2024-07-15 06:30:00,0,0,, ,valid,190.0,3600.0
5034,FITfiles/2024-07-15/Beelink1_20240715_064500_59.fit,2024-07-15 06:45:00,0,0,, ,train,190.0,3600.0
5031,FITfiles/2024-07-15/Beelink1_20240715_070000_59.fit,2024-07-15 07:00:00,0,0,, ,train,190.0,3600.0
5032,FITfiles/2024-07-15/Beelink1_20240715_071500_59.fit,2024-07-15 07:15:00,0,0,, ,valid,190.0,3600.0
5025,FITfiles/2024-07-15/Beelink1_20240715_073000_59.fit,2024-07-15 07:30:00,0,0,, ,test,190.0,3600.0
5014,FITfiles/2024-07-15/Beelink1_20240715_074500_59.fit,2024-07-15 07:45:00,0,0,, ,test,190.0,3600.0
5019,FITfiles/2024-07-15/Beelink1_20240715_080000_59.fit,2024-07-15 08:00:00,0,0,, ,train,190.0,3600.0
5018,FITfiles/2024-07-15/Beelink1_20240715_081500_59.fit,2024-07-15 08:15:00,0,0,, ,valid,190.0,3592.0
5022,FITfiles/2024-07-15/Beelink1_20240715_083000_59.fit,2024-07-15 08:30:00,0,0,, ,test,190.0,3600.0
5033,FITfiles/2024-07-15/Beelink1_20240715_084500_59.fit,2024-07-15 08:45:00,0,0,, ,train,190.0,3600.0
5026,FITfiles/2024-07-15/Beelink1_20240715_090000_59.fit,2024-07-15 09:00:00,0,0,, ,train,190.0,3600.0
4375,FITfiles/2024-07-15/Beelink1_20240715_091500_59.fit,2024-07-15 09:15:00,0,0,, ,train,190.0,3600.0
5023,FITfiles/2024-07-15/Beelink1_20240715_093000_59.fit,2024-07-15 09:30:00,0,0,, ,train,190.0,3600.0
5005,FITfiles/2024-07-15/Beelink1_20240715_094500_59.fit,2024-07-15 09:45:00,0,0,, ,train,190.0,3600.0
5003,FITfiles/2024-07-15/Beelink1_20240715_100000_59.fit,2024-07-15 10:00:00,0,0,, ,train,190.0,3600.0
5024,FITfiles/2024-07-15/Beelink1_20240715_101500_59.fit,2024-07-15 10:15:00,0,0,, ,valid,190.0,3600.0
5009,FITfiles/2024-07-15/Beelink1_20240715_103000_59.fit,2024-07-15 10:30:00,0,0,, ,test,190.0,3600.0
5007,FITfiles/2024-07-15/Beelink1_20240715_104500_59.fit,2024-07-15 10:45:00,0,0,, ,train,190.0,3600.0
5010,FITfiles/2024-07-15/Beelink1_20240715_105959_59.fit,2024-07-15 10:59:59,0,0,, ,train,190.0,3600.0
4374,FITfiles/2024-07-15/Beelink1_20240715_111459_59.fit,2024-07-15 11:14:59,0,0,, ,train,190.0,3600.0
4999,FITfiles/2024-07-15/Beelink1_20240715_112959_59.fit,2024-07-15 11:29:59,0,0,, ,train,190.0,3600.0
5004,FITfiles/2024-07-15/Beelink1_20240715_114459_59.fit,2024-07-15 11:44:59,0,0,, ,train,190.0,3600.0
5028,FITfiles/2024-07-15/Beelink1_20240715_115959_59.fit,2024-07-15 11:59:59,0,0,, ,train,190.0,3600.0
5001,FITfiles/2024-07-15/Beelink1_20240715_121459_59.fit,2024-07-15 12:14:59,0,0,, ,train,190.0,3595.0
5044,FITfiles/2024-07-15/Beelink1_20240715_123000_59.fit,2024-07-15 12:30:00,0,0,, ,valid,190.0,3600.0
5015,FITfiles/2024-07-15/Beelink1_20240715_124500_59.fit,2024-07-15 12:45:00,0,0,, ,train,190.0,3600.0
5016,FITfiles/2024-07-15/Beelink1_20240715_130000_59.fit,2024-07-15 13:00:00,0,0,, ,valid,190.0,3600.0
5006,FITfiles/2024-07-15/Beelink1_20240715_131500_59.fit,2024-07-15 13:15:00,0,0,, ,train,190.0,3600.0
5013,FITfiles/2024-07-15/Beelink1_20240715_133000_59.fit,2024-07-15 13:30:00,0,0,, ,train,190.0,3600.0
5000,FITfiles/2024-07-15/Beelink1_20240715_134500_59.fit,2024-07-15 13:45:00,0,0,, ,valid,190.0,3600.0
5029,FITfiles/2024-07-15/Beelink1_20240715_140000_59.fit,2024-07-15 14:00:00,0,0,, ,train,190.0,3600.0
4998,FITfiles/2024-07-15/Beelink1_20240715_141500_59.fit,2024-07-15 14:15:00,0,0,, ,valid,190.0,3592.0
5008,FITfiles/2024-07-15/Beelink1_20240715_143000_59.fit,2024-07-15 14:30:00,0,0,, ,train,190.0,3600.0
5011,FITfiles/2024-07-15/Beelink1_20240715_144500_59.fit,2024-07-15 14:45:00,0,0,, ,train,190.0,3600.0
4997,FITfiles/2024-07-15/Beelink1_20240715_150000_59.fit,2024-07-15 15:00:00,0,0,, ,train,190.0,3600.0
4373,FITfiles/2024-07-15/Beelink1_20240715_151500_59.fit,2024-07-15 15:15:00,0,0,, ,train,190.0,3600.0
4986,FITfiles/2024-07-15/Beelink1_20240715_153000_59.fit,2024-07-15 15:30:00,0,0,, ,train,190.0,3600.0
4993,FITfiles/2024-07-15/Beelink1_20240715_154500_59.fit,2024-07-15 15:45:00,0,0,, ,train,190.0,3600.0
4996,FITfiles/2024-07-15/Beelink1_20240715_160000_59.fit,2024-07-15 16:00:00,0,0,, ,valid,190.0,3600.0
5002,FITfiles/2024-07-15/Beelink1_20240715_161500_59.fit,2024-07-15 16:15:00,0,0,, ,test,190.0,3592.0
4995,FITfiles/2024-07-15/Beelink1_20240715_163000_59.fit,2024-07-15 16:30:00,0,0,, ,valid,190.0,3600.0
4990,FITfiles/2024-07-15/Beelink1_20240715_164500_59.fit,2024-07-15 16:45:00,0,0,, ,train,190.0,3600.0
4994,FITfiles/2024-07-15/Beelink1_20240715_170000_59.fit,2024-07-15 17:00:00,0,0,, ,train,190.0,3600.0
4989,FITfiles/2024-07-15/Beelink1_20240715_171500_59.fit,2024-07-15 17:15:00,0,0,, ,train,190.0,3600.0
4372,FITfiles/2024-07-15/Beelink1_20240715_173000_59.fit,2024-07-15 17:30:00,0,0,, ,valid,190.0,3600.0
5027,FITfiles/2024-07-15/Beelink1_20240715_174500_59.fit,2024-07-15 17:45:00,0,0,, ,train,190.0,3600.0
4988,FITfiles/2024-07-15/Beelink1_20240715_180000_59.fit,2024-07-15 18:00:00,0,0,, ,valid,190.0,3600.0
4987,FITfiles/2024-07-15/Beelink1_20240715_181500_59.fit,2024-07-15 18:15:00,0,0,, ,train,190.0,3592.0
4979,FITfiles/2024-07-15/Beelink1_20240715_183000_59.fit,2024-07-15 18:30:00,0,0,, ,train,190.0,3600.0
4984,FITfiles/2024-07-15/Beelink1_20240715_184500_59.fit,2024-07-15 18:45:00,0,0,, ,train,190.0,3600.0
4982,FITfiles/2024-07-15/Beelink1_20240715_190000_59.fit,2024-07-15 19:00:00,0,0,, ,test,190.0,3600.0
4983,FITfiles/2024-07-15/Beelink1_20240715_191500_59.fit,2024-07-15 19:15:00,0,0,, ,train,190.0,3600.0
4981,FITfiles/2024-07-15/Beelink1_20240715_193000_59.fit,2024-07-15 19:30:00,0,0,, ,train,190.0,3600.0
4978,FITfiles/2024-07-15/Beelink1_20240715_194500_59.fit,2024-07-15 19:45:00,0,0,, ,train,190.0,3600.0
4972,FITfiles/2024-07-15/Beelink1_20240715_200000_59.fit,2024-07-15 20:00:00,0,0,, ,train,190.0,3600.0
4976,FITfiles/2024-07-15/Beelink1_20240715_201500_59.fit,2024-07-15 20:15:00,0,0,, ,train,190.0,3592.0
4975,FITfiles/2024-07-15/Beelink1_20240715_203000_59.fit,2024-07-15 20:30:00,0,0,, ,test,190.0,3600.0
4977,FITfiles/2024-07-15/Beelink1_20240715_204500_59.fit,2024-07-15 20:45:00,0,0,, ,train,190.0,3590.0
3521,FITfiles/2024-07-16/Beelink1_20240716_063000_59.fit,2024-07-16 06:30:00,0,0,, ,train,190.0,3600.0
3525,FITfiles/2024-07-16/Beelink1_20240716_064500_59.fit,2024-07-16 06:45:00,0,0,, ,valid,190.0,3600.0
3518,FITfiles/2024-07-16/Beelink1_20240716_070000_59.fit,2024-07-16 07:00:00,0,0,, ,test,190.0,3600.0
3527,FITfiles/2024-07-16/Beelink1_20240716_071500_59.fit,2024-07-16 07:15:00,0,0,, ,train,190.0,3600.0
3536,FITfiles/2024-07-16/Beelink1_20240716_073000_59.fit,2024-07-16 07:30:00,0,0,, ,train,190.0,3600.0
3509,FITfiles/2024-07-16/Beelink1_20240716_074500_59.fit,2024-07-16 07:45:00,0,0,, ,train,190.0,3600.0
3517,FITfiles/2024-07-16/Beelink1_20240716_080000_59.fit,2024-07-16 08:00:00,0,0,, ,test,190.0,3600.0
3513,FITfiles/2024-07-16/Beelink1_20240716_081500_59.fit,2024-07-16 08:15:00,0,0,, ,test,190.0,3593.0
3524,FITfiles/2024-07-16/Beelink1_20240716_083000_59.fit,2024-07-16 08:30:00,0,0,, ,train,190.0,3600.0
3505,FITfiles/2024-07-16/Beelink1_20240716_084500_59.fit,2024-07-16 08:45:00,0,0,, ,train,190.0,3600.0
3540,FITfiles/2024-07-16/Beelink1_20240716_090000_59.fit,2024-07-16 09:00:00,0,0,, ,train,190.0,3600.0
3511,FITfiles/2024-07-16/Beelink1_20240716_091500_59.fit,2024-07-16 09:15:00,0,0,, ,test,190.0,3600.0
3519,FITfiles/2024-07-16/Beelink1_20240716_093000_59.fit,2024-07-16 09:30:00,0,0,, ,valid,190.0,3600.0
3510,FITfiles/2024-07-16/Beelink1_20240716_094500_59.fit,2024-07-16 09:45:00,0,0,, ,train,190.0,3600.0
3494,FITfiles/2024-07-16/Beelink1_20240716_100000_59.fit,2024-07-16 10:00:00,0,0,, ,train,190.0,3600.0
3495,FITfiles/2024-07-16/Beelink1_20240716_101500_59.fit,2024-07-16 10:15:00,0,0,, ,valid,190.0,3600.0
3502,FITfiles/2024-07-16/Beelink1_20240716_103000_59.fit,2024-07-16 10:30:00,0,0,, ,train,190.0,3600.0
3507,FITfiles/2024-07-16/Beelink1_20240716_104459_59.fit,2024-07-16 10:44:59,0,0,, ,valid,190.0,3600.0
3504,FITfiles/2024-07-16/Beelink1_20240716_105959_59.fit,2024-07-16 10:59:59,0,0,, ,train,190.0,3600.0
3498,FITfiles/2024-07-16/Beelink1_20240716_111459_59.fit,2024-07-16 11:14:59,0,0,, ,valid,190.0,3600.0
3492,FITfiles/2024-07-16/Beelink1_20240716_112959_59.fit,2024-07-16 11:29:59,0,0,, ,train,190.0,3600.0
3503,FITfiles/2024-07-16/Beelink1_20240716_114459_59.fit,2024-07-16 11:44:59,0,0,, ,train,190.0,3600.0
3490,FITfiles/2024-07-16/Beelink1_20240716_115959_59.fit,2024-07-16 11:59:59,0,0,, ,train,190.0,3600.0
3496,FITfiles/2024-07-16/Beelink1_20240716_121459_59.fit,2024-07-16 12:14:59,0,0,, ,valid,190.0,3595.0
3497,FITfiles/2024-07-16/Beelink1_20240716_123000_59.fit,2024-07-16 12:30:00,0,0,, ,train,190.0,3600.0
3487,FITfiles/2024-07-16/Beelink1_20240716_124500_59.fit,2024-07-16 12:45:00,0,0,, ,train,190.0,3600.0
3489,FITfiles/2024-07-16/Beelink1_20240716_130000_59.fit,2024-07-16 13:00:00,0,0,, ,valid,190.0,3600.0
3501,FITfiles/2024-07-16/Beelink1_20240716_131500_59.fit,2024-07-16 13:15:00,0,0,, ,test,190.0,3600.0
3506,FITfiles/2024-07-16/Beelink1_20240716_133000_59.fit,2024-07-16 13:30:00,0,0,, ,train,190.0,3600.0
3491,FITfiles/2024-07-16/Beelink1_20240716_134500_59.fit,2024-07-16 13:45:00,0,0,, ,train,190.0,3600.0
3486,FITfiles/2024-07-16/Beelink1_20240716_140000_59.fit,2024-07-16 14:00:00,0,0,, ,train,190.0,3600.0
3493,FITfiles/2024-07-16/Beelink1_20240716_141500_59.fit,2024-07-16 14:15:00,0,0,, ,valid,190.0,3592.0
3500,FITfiles/2024-07-16/Beelink1_20240716_143000_59.fit,2024-07-16 14:30:00,0,0,, ,test,190.0,3600.0
3484,FITfiles/2024-07-16/Beelink1_20240716_144500_59.fit,2024-07-16 14:45:00,0,0,, ,train,190.0,3600.0
3488,FITfiles/2024-07-16/Beelink1_20240716_150000_59.fit,2024-07-16 15:00:00,0,0,, ,train,190.0,3600.0
3479,FITfiles/2024-07-16/Beelink1_20240716_151500_59.fit,2024-07-16 15:15:00,0,0,, ,train,190.0,3600.0
3515,FITfiles/2024-07-16/Beelink1_20240716_153000_59.fit,2024-07-16 15:30:00,0,0,, ,train,190.0,3600.0
3480,FITfiles/2024-07-16/Beelink1_20240716_154500_59.fit,2024-07-16 15:45:00,0,0,, ,train,190.0,3600.0
3481,FITfiles/2024-07-16/Beelink1_20240716_160000_59.fit,2024-07-16 16:00:00,0,0,, ,valid,190.0,3600.0
3482,FITfiles/2024-07-16/Beelink1_20240716_161500_59.fit,2024-07-16 16:15:00,0,0,, ,test,190.0,3592.0
3499,FITfiles/2024-07-16/Beelink1_20240716_163000_59.fit,2024-07-16 16:30:00,0,0,, ,test,190.0,3600.0
3477,FITfiles/2024-07-16/Beelink1_20240716_164500_59.fit,2024-07-16 16:45:00,0,0,, ,train,190.0,3600.0
3485,FITfiles/2024-07-16/Beelink1_20240716_170000_59.fit,2024-07-16 17:00:00,0,0,, ,train,190.0,3600.0
3473,FITfiles/2024-07-16/Beelink1_20240716_171500_59.fit,2024-07-16 17:15:00,0,0,, ,train,190.0,3600.0
3478,FITfiles/2024-07-16/Beelink1_20240716_173000_59.fit,2024-07-16 17:30:00,0,0,, ,train,190.0,3600.0
3471,FITfiles/2024-07-16/Beelink1_20240716_174500_59.fit,2024-07-16 17:45:00,0,0,, ,valid,190.0,3600.0
3475,FITfiles/2024-07-16/Beelink1_20240716_180000_59.fit,2024-07-16 18:00:00,0,0,, ,train,190.0,3600.0
3483,FITfiles/2024-07-16/Beelink1_20240716_181500_59.fit,2024-07-16 18:15:00,0,0,, ,train,190.0,3592.0
3467,FITfiles/2024-07-16/Beelink1_20240716_183000_59.fit,2024-07-16 18:30:00,0,0,, ,train,190.0,3600.0
3469,FITfiles/2024-07-16/Beelink1_20240716_184500_59.fit,2024-07-16 18:45:00,0,0,, ,train,190.0,3600.0
3476,FITfiles/2024-07-16/Beelink1_20240716_190000_59.fit,2024-07-16 19:00:00,0,0,, ,train,190.0,3600.0
3464,FITfiles/2024-07-16/Beelink1_20240716_191500_59.fit,2024-07-16 19:15:00,0,0,, ,test,190.0,3600.0
3461,FITfiles/2024-07-16/Beelink1_20240716_193000_59.fit,2024-07-16 19:30:00,0,0,, ,valid,190.0,3600.0
3463,FITfiles/2024-07-16/Beelink1_20240716_194500_59.fit,2024-07-16 19:45:00,0,0,, ,train,190.0,3600.0
3472,FITfiles/2024-07-16/Beelink1_20240716_200000_59.fit,2024-07-16 20:00:00,0,0,, ,valid,190.0,3600.0
3470,FITfiles/2024-07-16/Beelink1_20240716_201500_59.fit,2024-07-16 20:15:00,0,0,, ,test,190.0,3592.0
3468,FITfiles/2024-07-16/Beelink1_20240716_203000_59.fit,2024-07-16 20:30:00,0,0,, ,train,190.0,3600.0
3460,FITfiles/2024-07-16/Beelink1_20240716_204500_59.fit,2024-07-16 20:45:00,0,0,, ,train,190.0,3591.0
6006,FITfiles/2024-07-17/Beelink1_20240717_063000_59.fit,2024-07-17 06:30:00,0,0,, ,train,190.0,3600.0
5997,FITfiles/2024-07-17/Beelink1_20240717_064500_59.fit,2024-07-17 06:45:00,0,0,, ,train,190.0,3600.0
6003,FITfiles/2024-07-17/Beelink1_20240717_070000_59.fit,2024-07-17 07:00:00,0,0,, ,train,190.0,3600.0
5999,FITfiles/2024-07-17/Beelink1_20240717_071500_59.fit,2024-07-17 07:15:00,0,0,, ,train,190.0,3600.0
5998,FITfiles/2024-07-17/Beelink1_20240717_073000_59.fit,2024-07-17 07:30:00,0,0,, ,test,190.0,3600.0
5993,FITfiles/2024-07-17/Beelink1_20240717_074500_59.fit,2024-07-17 07:45:00,0,0,, ,valid,190.0,3600.0
5996,FITfiles/2024-07-17/Beelink1_20240717_080000_59.fit,2024-07-17 08:00:00,0,0,, ,train,190.0,3600.0
5988,FITfiles/2024-07-17/Beelink1_20240717_081500_59.fit,2024-07-17 08:15:00,0,0,, ,test,190.0,3592.0
5987,FITfiles/2024-07-17/Beelink1_20240717_083000_59.fit,2024-07-17 08:30:00,0,0,, ,train,190.0,3600.0
5935,FITfiles/2024-07-17/Beelink1_20240717_084500_59.fit,2024-07-17 08:45:00,0,0,, ,train,190.0,3600.0
5929,FITfiles/2024-07-17/Beelink1_20240717_090000_59.fit,2024-07-17 09:00:00,0,0,, ,valid,190.0,3600.0
5930,FITfiles/2024-07-17/Beelink1_20240717_091500_59.fit,2024-07-17 09:15:00,0,0,, ,train,190.0,3600.0
5914,FITfiles/2024-07-17/Beelink1_20240717_093000_59.fit,2024-07-17 09:30:00,0,0,, ,train,190.0,3600.0
5917,FITfiles/2024-07-17/Beelink1_20240717_094500_59.fit,2024-07-17 09:45:00,0,0,, ,valid,190.0,3600.0
5926,FITfiles/2024-07-17/Beelink1_20240717_100000_59.fit,2024-07-17 10:00:00,0,0,, ,valid,190.0,3600.0
5910,FITfiles/2024-07-17/Beelink1_20240717_101500_59.fit,2024-07-17 10:15:00,0,0,, ,test,190.0,3600.0
5915,FITfiles/2024-07-17/Beelink1_20240717_103000_59.fit,2024-07-17 10:30:00,0,0,, ,train,190.0,3600.0
5920,FITfiles/2024-07-17/Beelink1_20240717_104500_59.fit,2024-07-17 10:45:00,0,0,, ,train,190.0,3600.0
5907,FITfiles/2024-07-17/Beelink1_20240717_110000_59.fit,2024-07-17 11:00:00,0,0,, ,train,190.0,3600.0
5911,FITfiles/2024-07-17/Beelink1_20240717_111459_59.fit,2024-07-17 11:14:59,0,0,, ,train,190.0,3600.0
5903,FITfiles/2024-07-17/Beelink1_20240717_112959_59.fit,2024-07-17 11:29:59,0,0,, ,test,190.0,3600.0
5908,FITfiles/2024-07-17/Beelink1_20240717_114459_59.fit,2024-07-17 11:44:59,0,0,, ,train,190.0,3600.0
5923,FITfiles/2024-07-17/Beelink1_20240717_115959_59.fit,2024-07-17 11:59:59,0,0,, ,test,190.0,3600.0
5913,FITfiles/2024-07-17/Beelink1_20240717_121459_59.fit,2024-07-17 12:14:59,0,0,, ,train,190.0,3594.0
5924,FITfiles/2024-07-17/Beelink1_20240717_123000_59.fit,2024-07-17 12:30:00,0,0,, ,train,190.0,3600.0
5928,FITfiles/2024-07-17/Beelink1_20240717_124500_59.fit,2024-07-17 12:45:00,0,0,, ,test,190.0,3600.0
5932,FITfiles/2024-07-17/Beelink1_20240717_130000_59.fit,2024-07-17 13:00:00,0,0,, ,train,190.0,3600.0
5912,FITfiles/2024-07-17/Beelink1_20240717_131500_59.fit,2024-07-17 13:15:00,0,0,, ,test,190.0,3600.0
5906,FITfiles/2024-07-17/Beelink1_20240717_133000_59.fit,2024-07-17 13:30:00,0,0,, ,test,190.0,3600.0
5916,FITfiles/2024-07-17/Beelink1_20240717_134500_59.fit,2024-07-17 13:45:00,0,0,, ,train,190.0,3600.0
5902,FITfiles/2024-07-17/Beelink1_20240717_140000_59.fit,2024-07-17 14:00:00,0,0,, ,test,190.0,3600.0
5909,FITfiles/2024-07-17/Beelink1_20240717_141500_59.fit,2024-07-17 14:15:00,0,0,, ,train,190.0,3593.0
5925,FITfiles/2024-07-17/Beelink1_20240717_143000_59.fit,2024-07-17 14:30:00,0,0,, ,valid,190.0,3600.0
5901,FITfiles/2024-07-17/Beelink1_20240717_144500_59.fit,2024-07-17 14:45:00,0,0,, ,test,190.0,3600.0
5919,FITfiles/2024-07-17/Beelink1_20240717_150000_59.fit,2024-07-17 15:00:00,0,0,, ,test,190.0,3600.0
5922,FITfiles/2024-07-17/Beelink1_20240717_151500_59.fit,2024-07-17 15:15:00,0,0,, ,train,190.0,3600.0
5904,FITfiles/2024-07-17/Beelink1_20240717_153000_59.fit,2024-07-17 15:30:00,0,0,, ,train,190.0,3600.0
5918,FITfiles/2024-07-17/Beelink1_20240717_154500_59.fit,2024-07-17 15:45:00,0,0,, ,valid,190.0,3600.0
5899,FITfiles/2024-07-17/Beelink1_20240717_160000_59.fit,2024-07-17 16:00:00,0,0,, ,valid,190.0,3600.0
5900,FITfiles/2024-07-17/Beelink1_20240717_161500_59.fit,2024-07-17 16:15:00,0,0,, ,train,190.0,3592.0
5894,FITfiles/2024-07-17/Beelink1_20240717_163000_59.fit,2024-07-17 16:30:00,0,0,, ,valid,190.0,3600.0
5891,FITfiles/2024-07-17/Beelink1_20240717_164500_59.fit,2024-07-17 16:45:00,0,0,, ,test,190.0,3600.0
5897,FITfiles/2024-07-17/Beelink1_20240717_170000_59.fit,2024-07-17 17:00:00,0,0,, ,train,190.0,3600.0
5887,FITfiles/2024-07-17/Beelink1_20240717_171500_59.fit,2024-07-17 17:15:00,0,0,, ,train,190.0,3600.0
5898,FITfiles/2024-07-17/Beelink1_20240717_173000_59.fit,2024-07-17 17:30:00,0,0,, ,valid,190.0,3600.0
5895,FITfiles/2024-07-17/Beelink1_20240717_174500_59.fit,2024-07-17 17:45:00,0,0,, ,train,190.0,3600.0
5892,FITfiles/2024-07-17/Beelink1_20240717_180000_59.fit,2024-07-17 18:00:00,0,0,, ,valid,190.0,3600.0
5888,FITfiles/2024-07-17/Beelink1_20240717_181500_59.fit,2024-07-17 18:15:00,0,0,, ,train,190.0,3592.0
5886,FITfiles/2024-07-17/Beelink1_20240717_183000_59.fit,2024-07-17 18:30:00,0,0,, ,train,190.0,3600.0
5896,FITfiles/2024-07-17/Beelink1_20240717_184500_59.fit,2024-07-17 18:45:00,0,0,, ,valid,190.0,3600.0
5890,FITfiles/2024-07-17/Beelink1_20240717_190000_59.fit,2024-07-17 19:00:00,0,0,, ,train,190.0,3600.0
5880,FITfiles/2024-07-17/Beelink1_20240717_191500_59.fit,2024-07-17 19:15:00,0,0,, ,train,190.0,3600.0
5879,FITfiles/2024-07-17/Beelink1_20240717_193000_59.fit,2024-07-17 19:30:00,0,0,, ,train,190.0,3600.0
5905,FITfiles/2024-07-17/Beelink1_20240717_194500_59.fit,2024-07-17 19:45:00,0,0,, ,valid,190.0,3600.0
5883,FITfiles/2024-07-17/Beelink1_20240717_200000_59.fit,2024-07-17 20:00:00,0,0,, ,valid,190.0,3600.0
5884,FITfiles/2024-07-17/Beelink1_20240717_201500_59.fit,2024-07-17 20:15:00,0,0,, ,train,190.0,3593.0
5878,FITfiles/2024-07-17/Beelink1_20240717_203000_59.fit,2024-07-17 20:30:00,0,0,, ,test,190.0,3600.0
5885,FITfiles/2024-07-17/Beelink1_20240717_204500_59.fit,2024-07-17 20:45:00,0,0,, ,valid,190.0,3591.0
5213,FITfiles/2024-07-18/Beelink1_20240718_063000_59.fit,2024-07-18 06:30:00,0,0,, ,train,190.0,3600.0
5202,FITfiles/2024-07-18/Beelink1_20240718_064500_59.fit,2024-07-18 06:45:00,0,0,, ,train,190.0,3600.0
5205,FITfiles/2024-07-18/Beelink1_20240718_070000_59.fit,2024-07-18 07:00:00,0,0,, ,test,190.0,3600.0
5212,FITfiles/2024-07-18/Beelink1_20240718_071500_59.fit,2024-07-18 07:15:00,0,0,, ,train,190.0,3600.0
5217,FITfiles/2024-07-18/Beelink1_20240718_073000_59.fit,2024-07-18 07:30:00,0,0,, ,train,190.0,3600.0
5197,FITfiles/2024-07-18/Beelink1_20240718_074500_59.fit,2024-07-18 07:45:00,0,0,, ,train,190.0,3600.0
5203,FITfiles/2024-07-18/Beelink1_20240718_080000_59.fit,2024-07-18 08:00:00,0,0,, ,valid,190.0,3600.0
5192,FITfiles/2024-07-18/Beelink1_20240718_081500_59.fit,2024-07-18 08:15:00,0,0,, ,train,190.0,3592.0
5191,FITfiles/2024-07-18/Beelink1_20240718_083000_59.fit,2024-07-18 08:30:00,0,0,, ,train,190.0,3600.0
5185,FITfiles/2024-07-18/Beelink1_20240718_084500_59.fit,2024-07-18 08:45:00,0,0,, ,train,190.0,3600.0
5189,FITfiles/2024-07-18/Beelink1_20240718_090000_59.fit,2024-07-18 09:00:00,0,0,, ,train,190.0,3600.0
5177,FITfiles/2024-07-18/Beelink1_20240718_091500_59.fit,2024-07-18 09:15:00,0,0,, ,test,190.0,3600.0
5184,FITfiles/2024-07-18/Beelink1_20240718_093000_59.fit,2024-07-18 09:30:00,0,0,, ,test,190.0,3600.0
5178,FITfiles/2024-07-18/Beelink1_20240718_094500_59.fit,2024-07-18 09:45:00,0,0,, ,train,190.0,3600.0
5181,FITfiles/2024-07-18/Beelink1_20240718_100000_59.fit,2024-07-18 10:00:00,0,0,, ,train,190.0,3600.0
5173,FITfiles/2024-07-18/Beelink1_20240718_101500_59.fit,2024-07-18 10:15:00,0,0,, ,valid,190.0,3600.0
5183,FITfiles/2024-07-18/Beelink1_20240718_103000_59.fit,2024-07-18 10:30:00,0,0,, ,valid,190.0,3600.0
5174,FITfiles/2024-07-18/Beelink1_20240718_104500_59.fit,2024-07-18 10:45:00,0,0,, ,train,190.0,3600.0
5167,FITfiles/2024-07-18/Beelink1_20240718_105959_59.fit,2024-07-18 10:59:59,0,0,, ,test,190.0,3600.0
5168,FITfiles/2024-07-18/Beelink1_20240718_111459_59.fit,2024-07-18 11:14:59,0,0,, ,train,190.0,3600.0
5164,FITfiles/2024-07-18/Beelink1_20240718_112959_59.fit,2024-07-18 11:29:59,0,0,, ,train,190.0,3600.0
5171,FITfiles/2024-07-18/Beelink1_20240718_114459_59.fit,2024-07-18 11:44:59,0,0,, ,train,190.0,3600.0
5073,FITfiles/2024-07-18/Beelink1_20240718_115959_59.fit,2024-07-18 11:59:59,0,0,, ,valid,190.0,3600.0
5080,FITfiles/2024-07-18/Beelink1_20240718_121459_59.fit,2024-07-18 12:14:59,0,0,, ,train,190.0,3595.0
5071,FITfiles/2024-07-18/Beelink1_20240718_123000_59.fit,2024-07-18 12:30:00,0,0,, ,train,190.0,3600.0
5072,FITfiles/2024-07-18/Beelink1_20240718_124500_59.fit,2024-07-18 12:45:00,0,0,, ,train,190.0,3600.0
5074,FITfiles/2024-07-18/Beelink1_20240718_130000_59.fit,2024-07-18 13:00:00,0,0,, ,train,190.0,3600.0
5061,FITfiles/2024-07-18/Beelink1_20240718_131500_59.fit,2024-07-18 13:15:00,0,0,, ,train,190.0,3600.0
5066,FITfiles/2024-07-18/Beelink1_20240718_133000_59.fit,2024-07-18 13:30:00,0,0,, ,train,190.0,3600.0
5076,FITfiles/2024-07-18/Beelink1_20240718_134500_59.fit,2024-07-18 13:45:00,0,0,, ,train,190.0,3600.0
5068,FITfiles/2024-07-18/Beelink1_20240718_140000_59.fit,2024-07-18 14:00:00,0,0,, ,test,190.0,3600.0
5069,FITfiles/2024-07-18/Beelink1_20240718_141500_59.fit,2024-07-18 14:15:00,0,0,, ,valid,190.0,3592.0
5078,FITfiles/2024-07-18/Beelink1_20240718_143000_59.fit,2024-07-18 14:30:00,0,0,, ,train,190.0,3600.0
5057,FITfiles/2024-07-18/Beelink1_20240718_144500_59.fit,2024-07-18 14:45:00,0,0,, ,train,190.0,3600.0
5056,FITfiles/2024-07-18/Beelink1_20240718_150000_59.fit,2024-07-18 15:00:00,0,0,, ,train,190.0,3600.0
5064,FITfiles/2024-07-18/Beelink1_20240718_151500_59.fit,2024-07-18 15:15:00,0,0,, ,valid,190.0,3600.0
5079,FITfiles/2024-07-18/Beelink1_20240718_153000_59.fit,2024-07-18 15:30:00,0,0,, ,test,190.0,3600.0
5050,FITfiles/2024-07-18/Beelink1_20240718_154500_59.fit,2024-07-18 15:45:00,0,0,, ,train,190.0,3600.0
5051,FITfiles/2024-07-18/Beelink1_20240718_160000_59.fit,2024-07-18 16:00:00,0,0,, ,test,190.0,3600.0
5043,FITfiles/2024-07-18/Beelink1_20240718_161500_59.fit,2024-07-18 16:15:00,0,0,, ,train,190.0,3592.0
5052,FITfiles/2024-07-18/Beelink1_20240718_163000_59.fit,2024-07-18 16:30:00,0,0,, ,valid,190.0,3600.0
5048,FITfiles/2024-07-18/Beelink1_20240718_164500_59.fit,2024-07-18 16:45:00,0,0,, ,train,190.0,3600.0
5062,FITfiles/2024-07-18/Beelink1_20240718_170000_59.fit,2024-07-18 17:00:00,0,0,, ,test,190.0,3600.0
5053,FITfiles/2024-07-18/Beelink1_20240718_171500_59.fit,2024-07-18 17:15:00,0,0,, ,train,190.0,3600.0
5039,FITfiles/2024-07-18/Beelink1_20240718_173000_59.fit,2024-07-18 17:30:00,0,0,, ,train,190.0,3600.0
5060,FITfiles/2024-07-18/Beelink1_20240718_174500_59.fit,2024-07-18 17:45:00,0,0,, ,train,190.0,3600.0
5036,FITfiles/2024-07-18/Beelink1_20240718_180000_59.fit,2024-07-18 18:00:00,0,0,, ,test,190.0,3600.0
5049,FITfiles/2024-07-18/Beelink1_20240718_181500_59.fit,2024-07-18 18:15:00,0,0,, ,valid,190.0,3592.0
4377,FITfiles/2024-07-18/Beelink1_20240718_183000_59.fit,2024-07-18 18:30:00,0,0,, ,train,190.0,3600.0
5035,FITfiles/2024-07-18/Beelink1_20240718_184500_59.fit,2024-07-18 18:45:00,0,0,, ,valid,190.0,3600.0
5046,FITfiles/2024-07-18/Beelink1_20240718_190000_59.fit,2024-07-18 19:00:00,0,0,, ,train,190.0,3600.0
5054,FITfiles/2024-07-18/Beelink1_20240718_191500_59.fit,2024-07-18 19:15:00,0,0,, ,test,190.0,3600.0
5037,FITfiles/2024-07-18/Beelink1_20240718_193000_59.fit,2024-07-18 19:30:00,0,0,, ,test,190.0,3600.0
5030,FITfiles/2024-07-18/Beelink1_20240718_194500_59.fit,2024-07-18 19:45:00,0,0,, ,train,190.0,3600.0
4376,FITfiles/2024-07-18/Beelink1_20240718_200000_59.fit,2024-07-18 20:00:00,0,0,, ,valid,190.0,3600.0
5021,FITfiles/2024-07-18/Beelink1_20240718_201500_59.fit,2024-07-18 20:15:00,0,0,, ,train,190.0,3593.0
5012,FITfiles/2024-07-18/Beelink1_20240718_203000_59.fit,2024-07-18 20:30:00,0,0,, ,train,190.0,3600.0
5020,FITfiles/2024-07-18/Beelink1_20240718_204500_59.fit,2024-07-18 20:45:00,0,0,, ,test,190.0,3591.0
3006,FITfiles/2024-07-19/Beelink1_20240719_063000_59.fit,2024-07-19 06:30:00,0,0,, ,train,190.0,3600.0
3003,FITfiles/2024-07-19/Beelink1_20240719_064500_59.fit,2024-07-19 06:45:00,0,0,, ,train,190.0,3600.0
3009,FITfiles/2024-07-19/Beelink1_20240719_070000_59.fit,2024-07-19 07:00:00,0,0,, ,test,190.0,3600.0
3002,FITfiles/2024-07-19/Beelink1_20240719_071500_59.fit,2024-07-19 07:15:00,0,0,, ,train,190.0,3600.0
2995,FITfiles/2024-07-19/Beelink1_20240719_073000_59.fit,2024-07-19 07:30:00,0,0,, ,test,190.0,3600.0
2991,FITfiles/2024-07-19/Beelink1_20240719_074500_59.fit,2024-07-19 07:45:00,0,0,, ,valid,190.0,3600.0
3001,FITfiles/2024-07-19/Beelink1_20240719_080000_59.fit,2024-07-19 08:00:00,0,0,, ,train,190.0,3600.0
2994,FITfiles/2024-07-19/Beelink1_20240719_081500_59.fit,2024-07-19 08:15:00,0,0,, ,valid,190.0,3592.0
2997,FITfiles/2024-07-19/Beelink1_20240719_083000_59.fit,2024-07-19 08:30:00,0,0,, ,test,190.0,3600.0
2999,FITfiles/2024-07-19/Beelink1_20240719_084500_59.fit,2024-07-19 08:45:00,0,0,, ,valid,190.0,3600.0
2990,FITfiles/2024-07-19/Beelink1_20240719_090000_59.fit,2024-07-19 09:00:00,0,0,, ,train,190.0,3600.0
3018,FITfiles/2024-07-19/Beelink1_20240719_091500_59.fit,2024-07-19 09:15:00,0,0,, ,train,190.0,3600.0
3000,FITfiles/2024-07-19/Beelink1_20240719_093000_59.fit,2024-07-19 09:30:00,0,0,, ,train,190.0,3600.0
2988,FITfiles/2024-07-19/Beelink1_20240719_094500_59.fit,2024-07-19 09:45:00,0,0,, ,test,190.0,3600.0
2984,FITfiles/2024-07-19/Beelink1_20240719_100000_59.fit,2024-07-19 10:00:00,0,0,, ,train,190.0,3600.0
2992,FITfiles/2024-07-19/Beelink1_20240719_101500_59.fit,2024-07-19 10:15:00,0,0,, ,train,190.0,3600.0
2978,FITfiles/2024-07-19/Beelink1_20240719_103000_59.fit,2024-07-19 10:30:00,0,0,, ,train,190.0,3600.0
2986,FITfiles/2024-07-19/Beelink1_20240719_104500_59.fit,2024-07-19 10:45:00,0,0,, ,train,190.0,3600.0
2985,FITfiles/2024-07-19/Beelink1_20240719_110000_59.fit,2024-07-19 11:00:00,0,0,, ,valid,190.0,3600.0
2980,FITfiles/2024-07-19/Beelink1_20240719_111500_59.fit,2024-07-19 11:15:00,0,0,, ,valid,190.0,3600.0
2979,FITfiles/2024-07-19/Beelink1_20240719_112959_59.fit,2024-07-19 11:29:59,0,0,, ,train,190.0,3600.0
2982,FITfiles/2024-07-19/Beelink1_20240719_114459_59.fit,2024-07-19 11:44:59,0,0,, ,valid,190.0,3600.0
2969,FITfiles/2024-07-19/Beelink1_20240719_115959_59.fit,2024-07-19 11:59:59,0,0,, ,train,190.0,3600.0
2981,FITfiles/2024-07-19/Beelink1_20240719_121459_59.fit,2024-07-19 12:14:59,0,0,, ,test,190.0,3595.0
2998,FITfiles/2024-07-19/Beelink1_20240719_123000_59.fit,2024-07-19 12:30:00,0,0,, ,train,190.0,3600.0
2989,FITfiles/2024-07-19/Beelink1_20240719_124500_59.fit,2024-07-19 12:45:00,0,0,, ,valid,190.0,3600.0
2973,FITfiles/2024-07-19/Beelink1_20240719_130000_59.fit,2024-07-19 13:00:00,0,0,, ,train,190.0,3600.0
2993,FITfiles/2024-07-19/Beelink1_20240719_131500_59.fit,2024-07-19 13:15:00,0,0,, ,train,190.0,3600.0
2972,FITfiles/2024-07-19/Beelink1_20240719_133000_59.fit,2024-07-19 13:30:00,0,0,, ,test,190.0,3600.0
3005,FITfiles/2024-07-19/Beelink1_20240719_134500_59.fit,2024-07-19 13:45:00,0,0,, ,train,190.0,3600.0
2970,FITfiles/2024-07-19/Beelink1_20240719_140000_59.fit,2024-07-19 14:00:00,0,0,, ,train,190.0,3600.0
2983,FITfiles/2024-07-19/Beelink1_20240719_141500_59.fit,2024-07-19 14:15:00,0,0,, ,train,190.0,3592.0
2996,FITfiles/2024-07-19/Beelink1_20240719_143000_59.fit,2024-07-19 14:30:00,0,0,, ,train,190.0,3600.0
2987,FITfiles/2024-07-19/Beelink1_20240719_144500_59.fit,2024-07-19 14:45:00,0,0,, ,train,190.0,3600.0
2962,FITfiles/2024-07-19/Beelink1_20240719_150000_59.fit,2024-07-19 15:00:00,0,0,, ,test,190.0,3600.0
2961,FITfiles/2024-07-19/Beelink1_20240719_151500_59.fit,2024-07-19 15:15:00,0,0,, ,test,190.0,3600.0
2965,FITfiles/2024-07-19/Beelink1_20240719_153000_59.fit,2024-07-19 15:30:00,0,0,, ,train,190.0,3600.0
2974,FITfiles/2024-07-19/Beelink1_20240719_154500_59.fit,2024-07-19 15:45:00,0,0,, ,valid,190.0,3600.0
2971,FITfiles/2024-07-19/Beelink1_20240719_160000_59.fit,2024-07-19 16:00:00,0,0,, ,test,190.0,3600.0
2968,FITfiles/2024-07-19/Beelink1_20240719_161500_59.fit,2024-07-19 16:15:00,0,0,, ,train,190.0,3592.0
2977,FITfiles/2024-07-19/Beelink1_20240719_163000_59.fit,2024-07-19 16:30:00,0,0,, ,valid,190.0,3600.0
2963,FITfiles/2024-07-19/Beelink1_20240719_164500_59.fit,2024-07-19 16:45:00,0,0,, ,train,190.0,3600.0
2953,FITfiles/2024-07-19/Beelink1_20240719_170000_59.fit,2024-07-19 17:00:00,0,0,, ,train,190.0,3600.0
2967,FITfiles/2024-07-19/Beelink1_20240719_171500_59.fit,2024-07-19 17:15:00,0,0,, ,train,190.0,3600.0
2966,FITfiles/2024-07-19/Beelink1_20240719_173000_59.fit,2024-07-19 17:30:00,0,0,, ,train,190.0,3600.0
2964,FITfiles/2024-07-19/Beelink1_20240719_174500_59.fit,2024-07-19 17:45:00,0,0,, ,test,190.0,3600.0
2976,FITfiles/2024-07-19/Beelink1_20240719_180000_59.fit,2024-07-19 18:00:00,0,0,, ,train,190.0,3600.0
2954,FITfiles/2024-07-19/Beelink1_20240719_181500_59.fit,2024-07-19 18:15:00,0,0,, ,train,190.0,3592.0
2959,FITfiles/2024-07-19/Beelink1_20240719_183000_59.fit,2024-07-19 18:30:00,0,0,, ,train,190.0,3600.0
2975,FITfiles/2024-07-19/Beelink1_20240719_184500_59.fit,2024-07-19 18:45:00,0,0,, ,train,190.0,3600.0
2955,FITfiles/2024-07-19/Beelink1_20240719_190000_59.fit,2024-07-19 19:00:00,0,0,, ,train,190.0,3600.0
2951,FITfiles/2024-07-19/Beelink1_20240719_191500_59.fit,2024-07-19 19:15:00,0,0,, ,test,190.0,3600.0
2957,FITfiles/2024-07-19/Beelink1_20240719_193000_59.fit,2024-07-19 19:30:00,0,0,, ,test,190.0,3600.0
2950,FITfiles/2024-07-19/Beelink1_20240719_194500_59.fit,2024-07-19 19:45:00,0,0,, ,train,190.0,3600.0
2943,FITfiles/2024-07-19/Beelink1_20240719_200000_59.fit,2024-07-19 20:00:00,0,0,, ,test,190.0,3600.0
2952,FITfiles/2024-07-19/Beelink1_20240719_201500_59.fit,2024-07-19 20:15:00,0,0,, ,test,190.0,3593.0
2948,FITfiles/2024-07-19/Beelink1_20240719_203000_59.fit,2024-07-19 20:30:00,0,0,, ,valid,190.0,3600.0
2956,FITfiles/2024-07-19/Beelink1_20240719_204500_59.fit,2024-07-19 20:45:00,0,0,, ,valid,190.0,3591.0
7865,FITfiles/2024-07-20/Beelink1_20240720_063000_59.fit,2024-07-20 06:30:00,0,0,, ,train,190.0,3600.0
7868,FITfiles/2024-07-20/Beelink1_20240720_064500_59.fit,2024-07-20 06:45:00,0,0,, ,valid,190.0,3600.0
7632,FITfiles/2024-07-20/Beelink1_20240720_070000_59.fit,2024-07-20 07:00:00,0,0,, ,test,190.0,3600.0
7631,FITfiles/2024-07-20/Beelink1_20240720_071500_59.fit,2024-07-20 07:15:00,0,0,, ,train,190.0,3600.0
7864,FITfiles/2024-07-20/Beelink1_20240720_073000_59.fit,2024-07-20 07:30:00,0,0,, ,test,190.0,3600.0
7627,FITfiles/2024-07-20/Beelink1_20240720_074500_59.fit,2024-07-20 07:45:00,0,0,, ,test,190.0,3600.0
7633,FITfiles/2024-07-20/Beelink1_20240720_080000_59.fit,2024-07-20 08:00:00,0,0,, ,test,190.0,3600.0
7867,FITfiles/2024-07-20/Beelink1_20240720_081500_59.fit,2024-07-20 08:15:00,0,0,, ,valid,190.0,3593.0
7863,FITfiles/2024-07-20/Beelink1_20240720_083000_59.fit,2024-07-20 08:30:00,0,0,, ,test,190.0,3600.0
7634,FITfiles/2024-07-20/Beelink1_20240720_084500_59.fit,2024-07-20 08:45:00,0,0,, ,train,190.0,3600.0
7862,FITfiles/2024-07-20/Beelink1_20240720_090000_59.fit,2024-07-20 09:00:00,0,0,, ,train,190.0,3600.0
7860,FITfiles/2024-07-20/Beelink1_20240720_091500_59.fit,2024-07-20 09:15:00,0,0,, ,train,190.0,3600.0
7628,FITfiles/2024-07-20/Beelink1_20240720_093000_59.fit,2024-07-20 09:30:00,0,0,, ,test,190.0,3600.0
7626,FITfiles/2024-07-20/Beelink1_20240720_094500_59.fit,2024-07-20 09:45:00,0,0,, ,valid,190.0,3600.0
7866,FITfiles/2024-07-20/Beelink1_20240720_100000_59.fit,2024-07-20 10:00:00,0,0,, ,train,190.0,3600.0
7856,FITfiles/2024-07-20/Beelink1_20240720_101500_59.fit,2024-07-20 10:15:00,0,0,, ,test,190.0,3600.0
7620,FITfiles/2024-07-20/Beelink1_20240720_103000_59.fit,2024-07-20 10:30:00,0,0,, ,train,190.0,3600.0
7861,FITfiles/2024-07-20/Beelink1_20240720_104459_59.fit,2024-07-20 10:44:59,0,0,, ,train,190.0,3600.0
7857,FITfiles/2024-07-20/Beelink1_20240720_105959_59.fit,2024-07-20 10:59:59,0,0,, ,train,190.0,3600.0
7859,FITfiles/2024-07-20/Beelink1_20240720_111459_59.fit,2024-07-20 11:14:59,0,0,, ,train,190.0,3600.0
7630,FITfiles/2024-07-20/Beelink1_20240720_112959_59.fit,2024-07-20 11:29:59,0,0,, ,valid,190.0,3600.0
7619,FITfiles/2024-07-20/Beelink1_20240720_114459_59.fit,2024-07-20 11:44:59,0,0,, ,train,190.0,3600.0
7623,FITfiles/2024-07-20/Beelink1_20240720_115959_59.fit,2024-07-20 11:59:59,0,0,, ,train,190.0,3600.0
7616,FITfiles/2024-07-20/Beelink1_20240720_121459_59.fit,2024-07-20 12:14:59,0,0,, ,train,190.0,3595.0
7622,FITfiles/2024-07-20/Beelink1_20240720_123000_59.fit,2024-07-20 12:30:00,0,0,, ,valid,190.0,3600.0
7858,FITfiles/2024-07-20/Beelink1_20240720_124500_59.fit,2024-07-20 12:45:00,0,0,, ,valid,190.0,3600.0
7624,FITfiles/2024-07-20/Beelink1_20240720_130000_59.fit,2024-07-20 13:00:00,0,0,, ,test,190.0,3600.0
7617,FITfiles/2024-07-20/Beelink1_20240720_131500_59.fit,2024-07-20 13:15:00,0,0,, ,train,190.0,3600.0
7614,FITfiles/2024-07-20/Beelink1_20240720_133000_59.fit,2024-07-20 13:30:00,0,0,, ,test,190.0,3600.0
7613,FITfiles/2024-07-20/Beelink1_20240720_134500_59.fit,2024-07-20 13:45:00,0,0,, ,test,190.0,3600.0
7621,FITfiles/2024-07-20/Beelink1_20240720_140000_59.fit,2024-07-20 14:00:00,0,0,, ,valid,190.0,3600.0
7611,FITfiles/2024-07-20/Beelink1_20240720_141500_59.fit,2024-07-20 14:15:00,0,0,, ,train,190.0,3592.0
7606,FITfiles/2024-07-20/Beelink1_20240720_143000_59.fit,2024-07-20 14:30:00,0,0,, ,train,190.0,3600.0
7625,FITfiles/2024-07-20/Beelink1_20240720_144500_59.fit,2024-07-20 14:45:00,0,0,, ,train,190.0,3600.0
7610,FITfiles/2024-07-20/Beelink1_20240720_150000_59.fit,2024-07-20 15:00:00,0,0,, ,train,190.0,3600.0
7607,FITfiles/2024-07-20/Beelink1_20240720_151500_59.fit,2024-07-20 15:15:00,0,0,, ,train,190.0,3600.0
7599,FITfiles/2024-07-20/Beelink1_20240720_153000_59.fit,2024-07-20 15:30:00,0,0,, ,train,190.0,3600.0
7605,FITfiles/2024-07-20/Beelink1_20240720_154500_59.fit,2024-07-20 15:45:00,0,0,, ,train,190.0,3600.0
7604,FITfiles/2024-07-20/Beelink1_20240720_160000_59.fit,2024-07-20 16:00:00,0,0,, ,train,190.0,3600.0
7612,FITfiles/2024-07-20/Beelink1_20240720_161500_59.fit,2024-07-20 16:15:00,0,0,, ,train,190.0,3593.0
7609,FITfiles/2024-07-20/Beelink1_20240720_163000_59.fit,2024-07-20 16:30:00,0,0,, ,train,190.0,3600.0
7602,FITfiles/2024-07-20/Beelink1_20240720_164500_59.fit,2024-07-20 16:45:00,0,0,, ,train,190.0,3600.0
7603,FITfiles/2024-07-20/Beelink1_20240720_170000_59.fit,2024-07-20 17:00:00,0,0,, ,train,190.0,3600.0
7601,FITfiles/2024-07-20/Beelink1_20240720_171500_59.fit,2024-07-20 17:15:00,0,0,, ,valid,190.0,3600.0
7598,FITfiles/2024-07-20/Beelink1_20240720_173000_59.fit,2024-07-20 17:30:00,0,0,, ,valid,190.0,3600.0
7600,FITfiles/2024-07-20/Beelink1_20240720_174500_59.fit,2024-07-20 17:45:00,0,0,, ,test,190.0,3600.0
7618,FITfiles/2024-07-20/Beelink1_20240720_180000_59.fit,2024-07-20 18:00:00,0,0,, ,test,190.0,3600.0
7608,FITfiles/2024-07-20/Beelink1_20240720_181500_59.fit,2024-07-20 18:15:00,0,0,, ,train,190.0,3592.0
7595,FITfiles/2024-07-20/Beelink1_20240720_183000_59.fit,2024-07-20 18:30:00,0,0,, ,train,190.0,3600.0
7629,FITfiles/2024-07-20/Beelink1_20240720_184500_59.fit,2024-07-20 18:45:00,0,0,, ,train,190.0,3600.0
7591,FITfiles/2024-07-20/Beelink1_20240720_190000_59.fit,2024-07-20 19:00:00,0,0,, ,test,190.0,3600.0
7593,FITfiles/2024-07-20/Beelink1_20240720_191500_59.fit,2024-07-20 19:15:00,0,0,, ,train,190.0,3600.0
7596,FITfiles/2024-07-20/Beelink1_20240720_193000_59.fit,2024-07-20 19:30:00,0,0,, ,valid,190.0,3600.0
7597,FITfiles/2024-07-20/Beelink1_20240720_194500_59.fit,2024-07-20 19:45:00,0,0,, ,train,190.0,3600.0
7615,FITfiles/2024-07-20/Beelink1_20240720_200000_59.fit,2024-07-20 20:00:00,0,0,, ,valid,190.0,3600.0
7594,FITfiles/2024-07-20/Beelink1_20240720_201500_59.fit,2024-07-20 20:15:00,0,0,, ,train,190.0,3592.0
7590,FITfiles/2024-07-20/Beelink1_20240720_203000_59.fit,2024-07-20 20:30:00,0,0,, ,test,190.0,3600.0
7592,FITfiles/2024-07-20/Beelink1_20240720_204500_59.fit,2024-07-20 20:45:00,0,0,, ,test,190.0,3590.0
3988,FITfiles/2024-07-21/Beelink1_20240721_063000_59.fit,2024-07-21 06:30:00,0,0,, ,train,190.0,3600.0
3991,FITfiles/2024-07-21/Beelink1_20240721_064500_59.fit,2024-07-21 06:45:00,0,0,, ,test,190.0,3600.0
3987,FITfiles/2024-07-21/Beelink1_20240721_070000_59.fit,2024-07-21 07:00:00,0,0,, ,train,190.0,3600.0
3981,FITfiles/2024-07-21/Beelink1_20240721_071500_59.fit,2024-07-21 07:15:00,0,0,, ,valid,190.0,3600.0
3997,FITfiles/2024-07-21/Beelink1_20240721_073000_59.fit,2024-07-21 07:30:00,0,0,, ,train,190.0,3600.0
3992,FITfiles/2024-07-21/Beelink1_20240721_074500_59.fit,2024-07-21 07:45:00,0,0,, ,valid,190.0,3600.0
3995,FITfiles/2024-07-21/Beelink1_20240721_080000_59.fit,2024-07-21 08:00:00,0,0,, ,train,190.0,3600.0
3983,FITfiles/2024-07-21/Beelink1_20240721_081500_59.fit,2024-07-21 08:15:00,0,0,, ,train,190.0,3592.0
3986,FITfiles/2024-07-21/Beelink1_20240721_083000_59.fit,2024-07-21 08:30:00,0,0,, ,train,190.0,3600.0
3984,FITfiles/2024-07-21/Beelink1_20240721_084500_59.fit,2024-07-21 08:45:00,0,0,, ,train,190.0,3600.0
3999,FITfiles/2024-07-21/Beelink1_20240721_090000_59.fit,2024-07-21 09:00:00,0,0,, ,test,190.0,3600.0
3985,FITfiles/2024-07-21/Beelink1_20240721_091500_59.fit,2024-07-21 09:15:00,0,0,, ,test,190.0,3600.0
3980,FITfiles/2024-07-21/Beelink1_20240721_093000_59.fit,2024-07-21 09:30:00,0,0,, ,test,190.0,3600.0
3990,FITfiles/2024-07-21/Beelink1_20240721_094500_59.fit,2024-07-21 09:45:00,0,0,, ,test,190.0,3600.0
3972,FITfiles/2024-07-21/Beelink1_20240721_100000_59.fit,2024-07-21 10:00:00,0,0,, ,train,190.0,3600.0
3978,FITfiles/2024-07-21/Beelink1_20240721_101500_59.fit,2024-07-21 10:15:00,0,0,, ,valid,190.0,3600.0
3979,FITfiles/2024-07-21/Beelink1_20240721_103000_59.fit,2024-07-21 10:30:00,0,0,, ,train,190.0,3600.0
3982,FITfiles/2024-07-21/Beelink1_20240721_104500_59.fit,2024-07-21 10:45:00,0,0,, ,valid,190.0,3600.0
3976,FITfiles/2024-07-21/Beelink1_20240721_105959_59.fit,2024-07-21 10:59:59,0,0,, ,train,190.0,3600.0
3996,FITfiles/2024-07-21/Beelink1_20240721_111459_59.fit,2024-07-21 11:14:59,0,0,, ,valid,190.0,3600.0
3973,FITfiles/2024-07-21/Beelink1_20240721_112959_59.fit,2024-07-21 11:29:59,0,0,, ,valid,190.0,3600.0
3975,FITfiles/2024-07-21/Beelink1_20240721_114459_59.fit,2024-07-21 11:44:59,0,0,, ,train,190.0,3600.0
3967,FITfiles/2024-07-21/Beelink1_20240721_115959_59.fit,2024-07-21 11:59:59,0,0,, ,test,190.0,3600.0
3969,FITfiles/2024-07-21/Beelink1_20240721_121459_59.fit,2024-07-21 12:14:59,0,0,, ,train,190.0,3594.0
3965,FITfiles/2024-07-21/Beelink1_20240721_123000_59.fit,2024-07-21 12:30:00,0,0,, ,valid,190.0,3600.0
3964,FITfiles/2024-07-21/Beelink1_20240721_124500_59.fit,2024-07-21 12:45:00,0,0,, ,test,190.0,3600.0
3993,FITfiles/2024-07-21/Beelink1_20240721_130000_59.fit,2024-07-21 13:00:00,0,0,, ,train,190.0,3600.0
3966,FITfiles/2024-07-21/Beelink1_20240721_131500_59.fit,2024-07-21 13:15:00,0,0,, ,train,190.0,3600.0
3974,FITfiles/2024-07-21/Beelink1_20240721_133000_59.fit,2024-07-21 13:30:00,0,0,, ,valid,190.0,3600.0
3952,FITfiles/2024-07-21/Beelink1_20240721_134500_59.fit,2024-07-21 13:45:00,0,0,, ,train,190.0,3600.0
3960,FITfiles/2024-07-21/Beelink1_20240721_140000_59.fit,2024-07-21 14:00:00,0,0,, ,train,190.0,3600.0
3953,FITfiles/2024-07-21/Beelink1_20240721_141500_59.fit,2024-07-21 14:15:00,0,0,, ,train,190.0,3592.0
3957,FITfiles/2024-07-21/Beelink1_20240721_143000_59.fit,2024-07-21 14:30:00,0,0,, ,train,190.0,3600.0
3962,FITfiles/2024-07-21/Beelink1_20240721_144500_59.fit,2024-07-21 14:45:00,0,0,, ,train,190.0,3600.0
3958,FITfiles/2024-07-21/Beelink1_20240721_150000_59.fit,2024-07-21 15:00:00,0,0,, ,train,190.0,3600.0
3961,FITfiles/2024-07-21/Beelink1_20240721_151500_59.fit,2024-07-21 15:15:00,0,0,, ,test,190.0,3600.0
3950,FITfiles/2024-07-21/Beelink1_20240721_153000_59.fit,2024-07-21 15:30:00,0,0,, ,test,190.0,3600.0
3971,FITfiles/2024-07-21/Beelink1_20240721_154500_59.fit,2024-07-21 15:45:00,0,0,, ,valid,190.0,3600.0
3954,FITfiles/2024-07-21/Beelink1_20240721_160000_59.fit,2024-07-21 16:00:00,0,0,, ,train,190.0,3600.0
3963,FITfiles/2024-07-21/Beelink1_20240721_161500_59.fit,2024-07-21 16:15:00,0,0,, ,train,190.0,3592.0
3955,FITfiles/2024-07-21/Beelink1_20240721_163000_59.fit,2024-07-21 16:30:00,0,0,, ,valid,190.0,3600.0
3942,FITfiles/2024-07-21/Beelink1_20240721_164500_59.fit,2024-07-21 16:45:00,0,0,, ,train,190.0,3600.0
3948,FITfiles/2024-07-21/Beelink1_20240721_170000_59.fit,2024-07-21 17:00:00,0,0,, ,train,190.0,3600.0
3959,FITfiles/2024-07-21/Beelink1_20240721_171500_59.fit,2024-07-21 17:15:00,0,0,, ,train,190.0,3600.0
3951,FITfiles/2024-07-21/Beelink1_20240721_173000_59.fit,2024-07-21 17:30:00,0,0,, ,valid,190.0,3600.0
3956,FITfiles/2024-07-21/Beelink1_20240721_174500_59.fit,2024-07-21 17:45:00,0,0,, ,train,190.0,3600.0
3949,FITfiles/2024-07-21/Beelink1_20240721_180000_59.fit,2024-07-21 18:00:00,0,0,, ,train,190.0,3600.0
3947,FITfiles/2024-07-21/Beelink1_20240721_181500_59.fit,2024-07-21 18:15:00,0,0,, ,train,190.0,3592.0
3977,FITfiles/2024-07-21/Beelink1_20240721_183000_59.fit,2024-07-21 18:30:00,0,0,, ,train,190.0,3600.0
3970,FITfiles/2024-07-21/Beelink1_20240721_184500_59.fit,2024-07-21 18:45:00,0,0,, ,valid,190.0,3600.0
3941,FITfiles/2024-07-21/Beelink1_20240721_190000_59.fit,2024-07-21 19:00:00,0,0,, ,train,190.0,3600.0
3938,FITfiles/2024-07-21/Beelink1_20240721_191500_59.fit,2024-07-21 19:15:00,0,0,, ,test,190.0,3600.0
3939,FITfiles/2024-07-21/Beelink1_20240721_193000_59.fit,2024-07-21 19:30:00,0,0,, ,train,190.0,3600.0
3935,FITfiles/2024-07-21/Beelink1_20240721_194500_59.fit,2024-07-21 19:45:00,0,0,, ,train,190.0,3600.0
3968,FITfiles/2024-07-21/Beelink1_20240721_200000_59.fit,2024-07-21 20:00:00,0,0,, ,train,190.0,3600.0
3933,FITfiles/2024-07-21/Beelink1_20240721_201500_59.fit,2024-07-21 20:15:00,0,0,, ,test,190.0,3592.0
3944,FITfiles/2024-07-21/Beelink1_20240721_203000_59.fit,2024-07-21 20:30:00,0,0,, ,train,190.0,3600.0
3946,FITfiles/2024-07-21/Beelink1_20240721_204500_59.fit,2024-07-21 20:45:00,0,0,, ,test,190.0,3591.0
3589,FITfiles/2024-07-22/Beelink1_20240722_025400_01.fit,2024-07-22 02:54:00,0,0,, ,test,190.0,3600.0
3590,FITfiles/2024-07-22/Beelink1_20240722_030900_01.fit,2024-07-22 03:09:00,0,0,, ,train,190.0,3600.0
3578,FITfiles/2024-07-22/Beelink1_20240722_032400_01.fit,2024-07-22 03:24:00,0,0,, ,train,190.0,3600.0
3596,FITfiles/2024-07-22/Beelink1_20240722_033900_01.fit,2024-07-22 03:39:00,0,0,, ,valid,190.0,3600.0
3618,FITfiles/2024-07-22/Beelink1_20240722_035400_01.fit,2024-07-22 03:54:00,0,0,, ,train,190.0,3600.0
3592,FITfiles/2024-07-22/Beelink1_20240722_040900_01.fit,2024-07-22 04:09:00,0,0,, ,train,190.0,3600.0
3565,FITfiles/2024-07-22/Beelink1_20240722_042400_01.fit,2024-07-22 04:24:00,0,0,, ,train,190.0,1431.0
3571,FITfiles/2024-07-22/Beelink1_20240722_063000_59.fit,2024-07-22 06:30:00,0,0,, ,train,190.0,3600.0
3579,FITfiles/2024-07-22/Beelink1_20240722_064500_59.fit,2024-07-22 06:45:00,0,0,, ,valid,190.0,3600.0
3574,FITfiles/2024-07-22/Beelink1_20240722_070000_59.fit,2024-07-22 07:00:00,0,0,, ,train,190.0,3600.0
3621,FITfiles/2024-07-22/Beelink1_20240722_071500_59.fit,2024-07-22 07:15:00,0,0,, ,train,190.0,3600.0
3573,FITfiles/2024-07-22/Beelink1_20240722_073000_59.fit,2024-07-22 07:30:00,0,0,, ,train,190.0,3600.0
3570,FITfiles/2024-07-22/Beelink1_20240722_074500_59.fit,2024-07-22 07:45:00,0,0,, ,train,190.0,3600.0
3587,FITfiles/2024-07-22/Beelink1_20240722_080000_59.fit,2024-07-22 08:00:00,0,0,, ,valid,190.0,3600.0
3561,FITfiles/2024-07-22/Beelink1_20240722_081500_59.fit,2024-07-22 08:15:00,0,0,, ,valid,190.0,3593.0
3557,FITfiles/2024-07-22/Beelink1_20240722_083000_59.fit,2024-07-22 08:30:00,0,0,, ,train,190.0,3600.0
3568,FITfiles/2024-07-22/Beelink1_20240722_084500_59.fit,2024-07-22 08:45:00,0,0,, ,train,190.0,3600.0
3582,FITfiles/2024-07-22/Beelink1_20240722_090000_59.fit,2024-07-22 09:00:00,0,0,, ,train,190.0,3600.0
3560,FITfiles/2024-07-22/Beelink1_20240722_091500_59.fit,2024-07-22 09:15:00,0,0,, ,train,190.0,3600.0
3569,FITfiles/2024-07-22/Beelink1_20240722_093000_59.fit,2024-07-22 09:30:00,0,0,, ,train,190.0,3600.0
3566,FITfiles/2024-07-22/Beelink1_20240722_094500_59.fit,2024-07-22 09:45:00,0,0,, ,test,190.0,3600.0
3554,FITfiles/2024-07-22/Beelink1_20240722_100000_59.fit,2024-07-22 10:00:00,0,0,, ,train,190.0,3600.0
3567,FITfiles/2024-07-22/Beelink1_20240722_101500_59.fit,2024-07-22 10:15:00,0,0,, ,test,190.0,3600.0
3559,FITfiles/2024-07-22/Beelink1_20240722_103000_59.fit,2024-07-22 10:30:00,0,0,, ,train,190.0,3600.0
3576,FITfiles/2024-07-22/Beelink1_20240722_104459_59.fit,2024-07-22 10:44:59,0,0,, ,train,190.0,3600.0
3558,FITfiles/2024-07-22/Beelink1_20240722_105959_59.fit,2024-07-22 10:59:59,0,0,, ,valid,190.0,3600.0
3563,FITfiles/2024-07-22/Beelink1_20240722_111459_59.fit,2024-07-22 11:14:59,0,0,, ,test,190.0,3600.0
3562,FITfiles/2024-07-22/Beelink1_20240722_112959_59.fit,2024-07-22 11:29:59,0,0,, ,train,190.0,3600.0
3545,FITfiles/2024-07-22/Beelink1_20240722_114459_59.fit,2024-07-22 11:44:59,0,0,, ,train,190.0,3600.0
3549,FITfiles/2024-07-22/Beelink1_20240722_115959_59.fit,2024-07-22 11:59:59,0,0,, ,train,190.0,3600.0
3606,FITfiles/2024-07-22/Beelink1_20240722_121459_59.fit,2024-07-22 12:14:59,0,0,, ,test,190.0,3595.0
3548,FITfiles/2024-07-22/Beelink1_20240722_123000_59.fit,2024-07-22 12:30:00,0,0,, ,train,190.0,3600.0
3550,FITfiles/2024-07-22/Beelink1_20240722_124500_59.fit,2024-07-22 12:45:00,0,0,, ,train,190.0,3600.0
3555,FITfiles/2024-07-22/Beelink1_20240722_130000_59.fit,2024-07-22 13:00:00,0,0,, ,valid,190.0,3600.0
3553,FITfiles/2024-07-22/Beelink1_20240722_131500_59.fit,2024-07-22 13:15:00,0,0,, ,train,190.0,3600.0
3585,FITfiles/2024-07-22/Beelink1_20240722_133000_59.fit,2024-07-22 13:30:00,0,0,, ,train,190.0,3600.0
3556,FITfiles/2024-07-22/Beelink1_20240722_134500_59.fit,2024-07-22 13:45:00,0,0,, ,train,190.0,3600.0
3542,FITfiles/2024-07-22/Beelink1_20240722_140000_59.fit,2024-07-22 14:00:00,0,0,, ,train,190.0,3600.0
3546,FITfiles/2024-07-22/Beelink1_20240722_141500_59.fit,2024-07-22 14:15:00,0,0,, ,test,190.0,3592.0
3534,FITfiles/2024-07-22/Beelink1_20240722_143000_59.fit,2024-07-22 14:30:00,0,0,, ,valid,190.0,3600.0
3539,FITfiles/2024-07-22/Beelink1_20240722_144500_59.fit,2024-07-22 14:45:00,0,0,, ,train,190.0,3600.0
3532,FITfiles/2024-07-22/Beelink1_20240722_150000_59.fit,2024-07-22 15:00:00,0,0,, ,train,190.0,3600.0
3537,FITfiles/2024-07-22/Beelink1_20240722_151500_59.fit,2024-07-22 15:15:00,0,0,, ,test,190.0,3600.0
3543,FITfiles/2024-07-22/Beelink1_20240722_153000_59.fit,2024-07-22 15:30:00,0,0,, ,train,190.0,3600.0
3530,FITfiles/2024-07-22/Beelink1_20240722_154500_59.fit,2024-07-22 15:45:00,0,0,, ,train,190.0,3600.0
3541,FITfiles/2024-07-22/Beelink1_20240722_160000_59.fit,2024-07-22 16:00:00,0,0,, ,valid,190.0,3600.0
3526,FITfiles/2024-07-22/Beelink1_20240722_161500_59.fit,2024-07-22 16:15:00,0,0,, ,valid,190.0,3592.0
3564,FITfiles/2024-07-22/Beelink1_20240722_163000_59.fit,2024-07-22 16:30:00,0,0,, ,train,190.0,3600.0
3547,FITfiles/2024-07-22/Beelink1_20240722_164500_59.fit,2024-07-22 16:45:00,0,0,, ,train,190.0,3600.0
3531,FITfiles/2024-07-22/Beelink1_20240722_170000_59.fit,2024-07-22 17:00:00,0,0,, ,train,190.0,3600.0
3520,FITfiles/2024-07-22/Beelink1_20240722_171500_59.fit,2024-07-22 17:15:00,0,0,, ,train,190.0,3600.0
3528,FITfiles/2024-07-22/Beelink1_20240722_173000_59.fit,2024-07-22 17:30:00,0,0,, ,valid,190.0,3600.0
3535,FITfiles/2024-07-22/Beelink1_20240722_174500_59.fit,2024-07-22 17:45:00,0,0,, ,test,190.0,3600.0
3552,FITfiles/2024-07-22/Beelink1_20240722_180000_59.fit,2024-07-22 18:00:00,0,0,, ,train,190.0,3600.0
3551,FITfiles/2024-07-22/Beelink1_20240722_181500_59.fit,2024-07-22 18:15:00,0,0,, ,train,190.0,3593.0
3538,FITfiles/2024-07-22/Beelink1_20240722_183000_59.fit,2024-07-22 18:30:00,0,0,, ,train,190.0,3600.0
3529,FITfiles/2024-07-22/Beelink1_20240722_184500_59.fit,2024-07-22 18:45:00,0,0,, ,train,190.0,3600.0
3516,FITfiles/2024-07-22/Beelink1_20240722_190000_59.fit,2024-07-22 19:00:00,0,0,, ,valid,190.0,3600.0
3533,FITfiles/2024-07-22/Beelink1_20240722_191500_59.fit,2024-07-22 19:15:00,0,0,, ,valid,190.0,3600.0
3544,FITfiles/2024-07-22/Beelink1_20240722_193000_59.fit,2024-07-22 19:30:00,0,0,, ,valid,190.0,3600.0
3514,FITfiles/2024-07-22/Beelink1_20240722_194500_59.fit,2024-07-22 19:45:00,0,0,, ,train,190.0,3600.0
3522,FITfiles/2024-07-22/Beelink1_20240722_200000_59.fit,2024-07-22 20:00:00,0,0,, ,train,190.0,3600.0
3508,FITfiles/2024-07-22/Beelink1_20240722_201500_59.fit,2024-07-22 20:15:00,0,0,, ,valid,190.0,3592.0
3512,FITfiles/2024-07-22/Beelink1_20240722_203000_59.fit,2024-07-22 20:30:00,0,0,, ,test,190.0,3600.0
3523,FITfiles/2024-07-22/Beelink1_20240722_204500_59.fit,2024-07-22 20:45:00,0,0,, ,train,190.0,3591.0
8646,FITfiles/2024-07-23/Beelink1_20240723_063000_59.fit,2024-07-23 06:30:00,0,0,, ,valid,190.0,3600.0
8644,FITfiles/2024-07-23/Beelink1_20240723_064500_59.fit,2024-07-23 06:45:00,0,0,, ,test,190.0,3600.0
8641,FITfiles/2024-07-23/Beelink1_20240723_070000_59.fit,2024-07-23 07:00:00,0,0,, ,test,190.0,3600.0
8640,FITfiles/2024-07-23/Beelink1_20240723_071500_59.fit,2024-07-23 07:15:00,0,0,, ,train,190.0,3600.0
8649,FITfiles/2024-07-23/Beelink1_20240723_073000_59.fit,2024-07-23 07:30:00,0,0,, ,test,190.0,3600.0
8645,FITfiles/2024-07-23/Beelink1_20240723_074500_59.fit,2024-07-23 07:45:00,0,0,, ,train,190.0,3600.0
8638,FITfiles/2024-07-23/Beelink1_20240723_080000_59.fit,2024-07-23 08:00:00,0,0,, ,train,190.0,3600.0
8636,FITfiles/2024-07-23/Beelink1_20240723_081500_59.fit,2024-07-23 08:15:00,0,0,, ,test,190.0,3590.0
8630,FITfiles/2024-07-23/Beelink1_20240723_083000_59.fit,2024-07-23 08:30:00,0,0,, ,train,190.0,3600.0
8634,FITfiles/2024-07-23/Beelink1_20240723_084500_59.fit,2024-07-23 08:45:00,0,0,, ,valid,190.0,3600.0
8648,FITfiles/2024-07-23/Beelink1_20240723_090000_59.fit,2024-07-23 09:00:00,0,0,, ,train,190.0,3600.0
8631,FITfiles/2024-07-23/Beelink1_20240723_091500_59.fit,2024-07-23 09:15:00,0,0,, ,train,190.0,3600.0
8647,FITfiles/2024-07-23/Beelink1_20240723_093000_59.fit,2024-07-23 09:30:00,0,0,, ,train,190.0,3600.0
8635,FITfiles/2024-07-23/Beelink1_20240723_094500_59.fit,2024-07-23 09:45:00,0,0,, ,train,190.0,3600.0
8637,FITfiles/2024-07-23/Beelink1_20240723_100000_59.fit,2024-07-23 10:00:00,0,0,, ,train,190.0,3600.0
8632,FITfiles/2024-07-23/Beelink1_20240723_101500_59.fit,2024-07-23 10:15:00,0,0,, ,valid,190.0,3600.0
8633,FITfiles/2024-07-23/Beelink1_20240723_103000_59.fit,2024-07-23 10:30:00,0,0,, ,train,190.0,3600.0
8642,FITfiles/2024-07-23/Beelink1_20240723_104500_59.fit,2024-07-23 10:45:00,0,0,, ,valid,190.0,3600.0
8643,FITfiles/2024-07-23/Beelink1_20240723_110000_59.fit,2024-07-23 11:00:00,0,0,, ,train,190.0,3600.0
8629,FITfiles/2024-07-23/Beelink1_20240723_111500_59.fit,2024-07-23 11:15:00,0,0,, ,train,190.0,3600.0
8639,FITfiles/2024-07-23/Beelink1_20240723_113000_59.fit,2024-07-23 11:30:00,0,0,, ,train,190.0,3600.0
8628,FITfiles/2024-07-23/Beelink1_20240723_114459_59.fit,2024-07-23 11:44:59,0,0,, ,train,190.0,3600.0
8625,FITfiles/2024-07-23/Beelink1_20240723_115959_59.fit,2024-07-23 11:59:59,0,0,, ,train,190.0,3600.0
8626,FITfiles/2024-07-23/Beelink1_20240723_121459_59.fit,2024-07-23 12:14:59,0,0,, ,train,190.0,3594.0
8650,FITfiles/2024-07-23/Beelink1_20240723_123000_59.fit,2024-07-23 12:30:00,0,0,, ,valid,190.0,3600.0
8624,FITfiles/2024-07-23/Beelink1_20240723_124500_59.fit,2024-07-23 12:45:00,0,0,, ,train,190.0,3600.0
8619,FITfiles/2024-07-23/Beelink1_20240723_130000_59.fit,2024-07-23 13:00:00,0,0,, ,train,190.0,3600.0
8627,FITfiles/2024-07-23/Beelink1_20240723_131500_59.fit,2024-07-23 13:15:00,0,0,, ,valid,190.0,3600.0
8620,FITfiles/2024-07-23/Beelink1_20240723_133000_59.fit,2024-07-23 13:30:00,0,0,, ,valid,190.0,3600.0
8617,FITfiles/2024-07-23/Beelink1_20240723_134500_59.fit,2024-07-23 13:45:00,0,0,, ,train,190.0,3600.0
8616,FITfiles/2024-07-23/Beelink1_20240723_140000_59.fit,2024-07-23 14:00:00,0,0,, ,test,190.0,3600.0
8612,FITfiles/2024-07-23/Beelink1_20240723_141500_59.fit,2024-07-23 14:15:00,0,0,, ,test,190.0,3592.0
8613,FITfiles/2024-07-23/Beelink1_20240723_143000_59.fit,2024-07-23 14:30:00,0,0,, ,train,190.0,3600.0
8622,FITfiles/2024-07-23/Beelink1_20240723_144500_59.fit,2024-07-23 14:45:00,0,0,, ,train,190.0,3600.0
8609,FITfiles/2024-07-23/Beelink1_20240723_150000_59.fit,2024-07-23 15:00:00,0,0,, ,train,190.0,3600.0
8623,FITfiles/2024-07-23/Beelink1_20240723_151500_59.fit,2024-07-23 15:15:00,0,0,, ,train,190.0,3600.0
8611,FITfiles/2024-07-23/Beelink1_20240723_153000_59.fit,2024-07-23 15:30:00,0,0,, ,train,190.0,3600.0
8618,FITfiles/2024-07-23/Beelink1_20240723_154500_59.fit,2024-07-23 15:45:00,0,0,, ,train,190.0,3600.0
8607,FITfiles/2024-07-23/Beelink1_20240723_160000_59.fit,2024-07-23 16:00:00,0,0,, ,valid,190.0,3600.0
8621,FITfiles/2024-07-23/Beelink1_20240723_161500_59.fit,2024-07-23 16:15:00,0,0,, ,train,190.0,3592.0
8614,FITfiles/2024-07-23/Beelink1_20240723_163000_59.fit,2024-07-23 16:30:00,0,0,, ,train,190.0,3600.0
8603,FITfiles/2024-07-23/Beelink1_20240723_164500_59.fit,2024-07-23 16:45:00,0,0,, ,train,190.0,3600.0
8608,FITfiles/2024-07-23/Beelink1_20240723_170000_59.fit,2024-07-23 17:00:00,0,0,, ,valid,190.0,3600.0
8606,FITfiles/2024-07-23/Beelink1_20240723_171500_59.fit,2024-07-23 17:15:00,0,0,, ,train,190.0,3600.0
8610,FITfiles/2024-07-23/Beelink1_20240723_173000_59.fit,2024-07-23 17:30:00,0,0,, ,train,190.0,3600.0
8605,FITfiles/2024-07-23/Beelink1_20240723_174500_59.fit,2024-07-23 17:45:00,0,0,, ,test,190.0,3600.0
8602,FITfiles/2024-07-23/Beelink1_20240723_180000_59.fit,2024-07-23 18:00:00,0,0,, ,valid,190.0,3600.0
8604,FITfiles/2024-07-23/Beelink1_20240723_181500_59.fit,2024-07-23 18:15:00,0,0,, ,train,190.0,3593.0
8601,FITfiles/2024-07-23/Beelink1_20240723_183000_59.fit,2024-07-23 18:30:00,0,0,, ,train,190.0,3600.0
8615,FITfiles/2024-07-23/Beelink1_20240723_184500_59.fit,2024-07-23 18:45:00,0,0,, ,train,190.0,3600.0
8600,FITfiles/2024-07-23/Beelink1_20240723_190000_59.fit,2024-07-23 19:00:00,0,0,, ,train,190.0,3600.0
8595,FITfiles/2024-07-23/Beelink1_20240723_191500_59.fit,2024-07-23 19:15:00,0,0,, ,valid,190.0,3600.0
8598,FITfiles/2024-07-23/Beelink1_20240723_193000_59.fit,2024-07-23 19:30:00,0,0,, ,valid,190.0,3600.0
8597,FITfiles/2024-07-23/Beelink1_20240723_194500_59.fit,2024-07-23 19:45:00,0,0,, ,train,190.0,3600.0
8599,FITfiles/2024-07-23/Beelink1_20240723_200000_59.fit,2024-07-23 20:00:00,0,0,, ,test,190.0,3600.0
8596,FITfiles/2024-07-23/Beelink1_20240723_201500_59.fit,2024-07-23 20:15:00,0,0,, ,test,190.0,3592.0
8593,FITfiles/2024-07-23/Beelink1_20240723_203000_59.fit,2024-07-23 20:30:00,0,0,, ,train,190.0,3600.0
8594,FITfiles/2024-07-23/Beelink1_20240723_204500_59.fit,2024-07-23 20:45:00,0,0,, ,test,190.0,3590.0
6176,FITfiles/2024-07-24/Beelink1_20240724_063000_59.fit,2024-07-24 06:30:00,0,0,, ,valid,190.0,3600.0
6175,FITfiles/2024-07-24/Beelink1_20240724_064500_59.fit,2024-07-24 06:45:00,0,0,, ,valid,190.0,3600.0
6169,FITfiles/2024-07-24/Beelink1_20240724_070000_59.fit,2024-07-24 07:00:00,0,0,, ,train,190.0,3600.0
6172,FITfiles/2024-07-24/Beelink1_20240724_071500_59.fit,2024-07-24 07:15:00,0,0,, ,train,190.0,3600.0
6163,FITfiles/2024-07-24/Beelink1_20240724_073000_59.fit,2024-07-24 07:30:00,0,0,, ,train,190.0,3600.0
6170,FITfiles/2024-07-24/Beelink1_20240724_074500_59.fit,2024-07-24 07:45:00,0,0,, ,test,190.0,3600.0
6160,FITfiles/2024-07-24/Beelink1_20240724_080000_59.fit,2024-07-24 08:00:00,0,0,, ,test,190.0,3600.0
6164,FITfiles/2024-07-24/Beelink1_20240724_081500_59.fit,2024-07-24 08:15:00,0,0,, ,valid,190.0,3592.0
6150,FITfiles/2024-07-24/Beelink1_20240724_083000_59.fit,2024-07-24 08:30:00,0,0,, ,train,190.0,3600.0
6156,FITfiles/2024-07-24/Beelink1_20240724_084500_59.fit,2024-07-24 08:45:00,0,0,, ,train,190.0,3600.0
6152,FITfiles/2024-07-24/Beelink1_20240724_090000_59.fit,2024-07-24 09:00:00,0,0,, ,train,190.0,3600.0
6148,FITfiles/2024-07-24/Beelink1_20240724_091500_59.fit,2024-07-24 09:15:00,0,0,, ,valid,190.0,3600.0
6154,FITfiles/2024-07-24/Beelink1_20240724_093000_59.fit,2024-07-24 09:30:00,0,0,, ,train,190.0,3600.0
6142,FITfiles/2024-07-24/Beelink1_20240724_094500_59.fit,2024-07-24 09:45:00,0,0,, ,valid,190.0,3600.0
6144,FITfiles/2024-07-24/Beelink1_20240724_100000_59.fit,2024-07-24 10:00:00,0,0,, ,valid,190.0,3600.0
6145,FITfiles/2024-07-24/Beelink1_20240724_101500_59.fit,2024-07-24 10:15:00,0,0,, ,train,190.0,3600.0
6155,FITfiles/2024-07-24/Beelink1_20240724_103000_59.fit,2024-07-24 10:30:00,0,0,, ,test,190.0,3600.0
6162,FITfiles/2024-07-24/Beelink1_20240724_104500_59.fit,2024-07-24 10:45:00,0,0,, ,train,190.0,3600.0
6133,FITfiles/2024-07-24/Beelink1_20240724_105959_59.fit,2024-07-24 10:59:59,0,0,, ,valid,190.0,3600.0
6121,FITfiles/2024-07-24/Beelink1_20240724_111459_59.fit,2024-07-24 11:14:59,0,0,, ,train,190.0,3600.0
6117,FITfiles/2024-07-24/Beelink1_20240724_112959_59.fit,2024-07-24 11:29:59,0,0,, ,train,190.0,3600.0
6128,FITfiles/2024-07-24/Beelink1_20240724_114459_59.fit,2024-07-24 11:44:59,0,0,, ,valid,190.0,3600.0
6126,FITfiles/2024-07-24/Beelink1_20240724_115959_59.fit,2024-07-24 11:59:59,0,0,, ,test,190.0,3600.0
6127,FITfiles/2024-07-24/Beelink1_20240724_121459_59.fit,2024-07-24 12:14:59,0,0,, ,test,190.0,3594.0
6137,FITfiles/2024-07-24/Beelink1_20240724_123000_59.fit,2024-07-24 12:30:00,0,0,, ,valid,190.0,3600.0
6119,FITfiles/2024-07-24/Beelink1_20240724_124500_59.fit,2024-07-24 12:45:00,0,0,, ,test,190.0,3600.0
6122,FITfiles/2024-07-24/Beelink1_20240724_130000_59.fit,2024-07-24 13:00:00,0,0,, ,train,190.0,3600.0
6138,FITfiles/2024-07-24/Beelink1_20240724_131500_59.fit,2024-07-24 13:15:00,0,0,, ,valid,190.0,3600.0
6116,FITfiles/2024-07-24/Beelink1_20240724_133000_59.fit,2024-07-24 13:30:00,0,0,, ,train,190.0,3600.0
6114,FITfiles/2024-07-24/Beelink1_20240724_134500_59.fit,2024-07-24 13:45:00,0,0,, ,train,190.0,3600.0
6118,FITfiles/2024-07-24/Beelink1_20240724_140000_59.fit,2024-07-24 14:00:00,0,0,, ,train,190.0,3600.0
6112,FITfiles/2024-07-24/Beelink1_20240724_141459_59.fit,2024-07-24 14:14:59,0,0,, ,train,190.0,3593.0
6140,FITfiles/2024-07-24/Beelink1_20240724_143000_59.fit,2024-07-24 14:30:00,0,0,, ,valid,190.0,3600.0
6125,FITfiles/2024-07-24/Beelink1_20240724_144500_59.fit,2024-07-24 14:45:00,0,0,, ,train,190.0,3600.0
6109,FITfiles/2024-07-24/Beelink1_20240724_150000_59.fit,2024-07-24 15:00:00,0,0,, ,train,190.0,3600.0
6110,FITfiles/2024-07-24/Beelink1_20240724_151500_59.fit,2024-07-24 15:15:00,0,0,, ,valid,190.0,3600.0
6111,FITfiles/2024-07-24/Beelink1_20240724_153000_59.fit,2024-07-24 15:30:00,0,0,, ,valid,190.0,3600.0
6107,FITfiles/2024-07-24/Beelink1_20240724_154500_59.fit,2024-07-24 15:45:00,0,0,, ,test,190.0,3600.0
6108,FITfiles/2024-07-24/Beelink1_20240724_160000_59.fit,2024-07-24 16:00:00,0,0,, ,train,190.0,3600.0
6101,FITfiles/2024-07-24/Beelink1_20240724_161500_59.fit,2024-07-24 16:15:00,0,0,, ,test,190.0,3593.0
6131,FITfiles/2024-07-24/Beelink1_20240724_163000_59.fit,2024-07-24 16:30:00,0,0,, ,train,190.0,3600.0
6104,FITfiles/2024-07-24/Beelink1_20240724_164500_59.fit,2024-07-24 16:45:00,0,0,, ,test,190.0,3600.0
6106,FITfiles/2024-07-24/Beelink1_20240724_170000_59.fit,2024-07-24 17:00:00,0,0,, ,train,190.0,3600.0
6100,FITfiles/2024-07-24/Beelink1_20240724_171500_59.fit,2024-07-24 17:15:00,0,0,, ,train,190.0,3600.0
6129,FITfiles/2024-07-24/Beelink1_20240724_173000_59.fit,2024-07-24 17:30:00,0,0,, ,train,190.0,3600.0
6091,FITfiles/2024-07-24/Beelink1_20240724_174500_59.fit,2024-07-24 17:45:00,0,0,, ,train,190.0,3600.0
6113,FITfiles/2024-07-24/Beelink1_20240724_180000_59.fit,2024-07-24 18:00:00,0,0,, ,valid,190.0,3600.0
6097,FITfiles/2024-07-24/Beelink1_20240724_181500_59.fit,2024-07-24 18:15:00,0,0,, ,train,190.0,3593.0
6094,FITfiles/2024-07-24/Beelink1_20240724_183000_59.fit,2024-07-24 18:30:00,0,0,, ,train,190.0,3600.0
6098,FITfiles/2024-07-24/Beelink1_20240724_184500_59.fit,2024-07-24 18:45:00,0,0,, ,valid,190.0,3600.0
6102,FITfiles/2024-07-24/Beelink1_20240724_190000_59.fit,2024-07-24 19:00:00,0,0,, ,train,190.0,3600.0
6089,FITfiles/2024-07-24/Beelink1_20240724_191500_59.fit,2024-07-24 19:15:00,0,0,, ,test,190.0,3600.0
6092,FITfiles/2024-07-24/Beelink1_20240724_193000_59.fit,2024-07-24 19:30:00,0,0,, ,valid,190.0,3600.0
6103,FITfiles/2024-07-24/Beelink1_20240724_194500_59.fit,2024-07-24 19:45:00,0,0,, ,train,190.0,3600.0
6095,FITfiles/2024-07-24/Beelink1_20240724_200000_59.fit,2024-07-24 20:00:00,0,0,, ,train,190.0,3600.0
6096,FITfiles/2024-07-24/Beelink1_20240724_201500_59.fit,2024-07-24 20:15:00,0,0,, ,train,190.0,3592.0
6093,FITfiles/2024-07-24/Beelink1_20240724_203000_59.fit,2024-07-24 20:30:00,0,0,, ,train,190.0,3600.0
6099,FITfiles/2024-07-24/Beelink1_20240724_204500_59.fit,2024-07-24 20:45:00,0,0,, ,valid,190.0,3591.0
6556,FITfiles/2024-07-25/Beelink1_20240725_063000_59.fit,2024-07-25 06:30:00,0,0,, ,train,190.0,3600.0
6558,FITfiles/2024-07-25/Beelink1_20240725_064500_59.fit,2024-07-25 06:45:00,0,0,, ,valid,190.0,3600.0
6561,FITfiles/2024-07-25/Beelink1_20240725_070000_59.fit,2024-07-25 07:00:00,0,0,, ,train,190.0,3600.0
6632,FITfiles/2024-07-25/Beelink1_20240725_071500_59.fit,2024-07-25 07:15:00,0,0,, ,train,190.0,3600.0
6547,FITfiles/2024-07-25/Beelink1_20240725_073000_59.fit,2024-07-25 07:30:00,0,0,, ,train,190.0,3600.0
6554,FITfiles/2024-07-25/Beelink1_20240725_074500_59.fit,2024-07-25 07:45:00,0,0,, ,train,190.0,3600.0
6542,FITfiles/2024-07-25/Beelink1_20240725_080000_59.fit,2024-07-25 08:00:00,0,0,, ,train,190.0,3600.0
6564,FITfiles/2024-07-25/Beelink1_20240725_081500_59.fit,2024-07-25 08:15:00,0,0,, ,test,190.0,3593.0
6552,FITfiles/2024-07-25/Beelink1_20240725_083000_59.fit,2024-07-25 08:30:00,0,0,, ,train,190.0,3600.0
6557,FITfiles/2024-07-25/Beelink1_20240725_084500_59.fit,2024-07-25 08:45:00,0,0,, ,train,190.0,3600.0
6541,FITfiles/2024-07-25/Beelink1_20240725_090000_59.fit,2024-07-25 09:00:00,0,0,, ,valid,190.0,3600.0
6535,FITfiles/2024-07-25/Beelink1_20240725_091500_59.fit,2024-07-25 09:15:00,0,0,, ,train,190.0,3600.0
6548,FITfiles/2024-07-25/Beelink1_20240725_093000_59.fit,2024-07-25 09:30:00,0,0,, ,train,190.0,3600.0
6532,FITfiles/2024-07-25/Beelink1_20240725_094500_59.fit,2024-07-25 09:45:00,0,0,, ,train,190.0,3600.0
6559,FITfiles/2024-07-25/Beelink1_20240725_100000_59.fit,2024-07-25 10:00:00,0,0,, ,train,190.0,3600.0
6538,FITfiles/2024-07-25/Beelink1_20240725_101500_59.fit,2024-07-25 10:15:00,0,0,, ,train,190.0,3600.0
6544,FITfiles/2024-07-25/Beelink1_20240725_102959_59.fit,2024-07-25 10:29:59,0,0,, ,train,190.0,3600.0
6545,FITfiles/2024-07-25/Beelink1_20240725_104459_59.fit,2024-07-25 10:44:59,0,0,, ,train,190.0,3600.0
6551,FITfiles/2024-07-25/Beelink1_20240725_105959_59.fit,2024-07-25 10:59:59,0,0,, ,valid,190.0,3600.0
6546,FITfiles/2024-07-25/Beelink1_20240725_111459_59.fit,2024-07-25 11:14:59,0,0,, ,train,190.0,3600.0
6549,FITfiles/2024-07-25/Beelink1_20240725_112959_59.fit,2024-07-25 11:29:59,0,0,, ,test,190.0,3600.0
6531,FITfiles/2024-07-25/Beelink1_20240725_114459_59.fit,2024-07-25 11:44:59,0,0,, ,train,190.0,3600.0
6529,FITfiles/2024-07-25/Beelink1_20240725_115959_59.fit,2024-07-25 11:59:59,0,0,, ,train,190.0,3600.0
6540,FITfiles/2024-07-25/Beelink1_20240725_121459_59.fit,2024-07-25 12:14:59,0,0,, ,train,190.0,3595.0
6537,FITfiles/2024-07-25/Beelink1_20240725_123000_59.fit,2024-07-25 12:30:00,0,0,, ,train,190.0,3600.0
6543,FITfiles/2024-07-25/Beelink1_20240725_124500_59.fit,2024-07-25 12:45:00,0,0,, ,valid,190.0,3600.0
6560,FITfiles/2024-07-25/Beelink1_20240725_130000_59.fit,2024-07-25 13:00:00,0,0,, ,train,190.0,3600.0
6550,FITfiles/2024-07-25/Beelink1_20240725_131500_59.fit,2024-07-25 13:15:00,0,0,, ,test,190.0,3600.0
6524,FITfiles/2024-07-25/Beelink1_20240725_133000_59.fit,2024-07-25 13:30:00,0,0,, ,test,190.0,3600.0
6526,FITfiles/2024-07-25/Beelink1_20240725_134500_59.fit,2024-07-25 13:45:00,0,0,, ,train,190.0,3600.0
6530,FITfiles/2024-07-25/Beelink1_20240725_140000_59.fit,2024-07-25 14:00:00,0,0,, ,train,190.0,3600.0
6527,FITfiles/2024-07-25/Beelink1_20240725_141500_59.fit,2024-07-25 14:15:00,0,0,, ,test,190.0,3592.0
6528,FITfiles/2024-07-25/Beelink1_20240725_143000_59.fit,2024-07-25 14:30:00,0,0,, ,test,190.0,3600.0
6525,FITfiles/2024-07-25/Beelink1_20240725_144500_59.fit,2024-07-25 14:45:00,0,0,, ,train,190.0,3600.0
6534,FITfiles/2024-07-25/Beelink1_20240725_150000_59.fit,2024-07-25 15:00:00,0,0,, ,train,190.0,3600.0
6523,FITfiles/2024-07-25/Beelink1_20240725_151500_59.fit,2024-07-25 15:15:00,0,0,, ,valid,190.0,3600.0
6533,FITfiles/2024-07-25/Beelink1_20240725_153000_59.fit,2024-07-25 15:30:00,0,0,, ,train,190.0,3600.0
6519,FITfiles/2024-07-25/Beelink1_20240725_154500_59.fit,2024-07-25 15:45:00,0,0,, ,train,190.0,3600.0
6539,FITfiles/2024-07-25/Beelink1_20240725_160000_59.fit,2024-07-25 16:00:00,0,0,, ,train,190.0,3600.0
6520,FITfiles/2024-07-25/Beelink1_20240725_161500_59.fit,2024-07-25 16:15:00,0,0,, ,train,190.0,3593.0
6536,FITfiles/2024-07-25/Beelink1_20240725_163000_59.fit,2024-07-25 16:30:00,0,0,, ,valid,190.0,3600.0
6516,FITfiles/2024-07-25/Beelink1_20240725_164500_59.fit,2024-07-25 16:45:00,0,0,, ,valid,190.0,3600.0
6522,FITfiles/2024-07-25/Beelink1_20240725_170000_59.fit,2024-07-25 17:00:00,0,0,, ,test,190.0,3600.0
6512,FITfiles/2024-07-25/Beelink1_20240725_171500_59.fit,2024-07-25 17:15:00,0,0,, ,train,190.0,3600.0
6511,FITfiles/2024-07-25/Beelink1_20240725_173000_59.fit,2024-07-25 17:30:00,0,0,, ,train,190.0,3600.0
6514,FITfiles/2024-07-25/Beelink1_20240725_174500_59.fit,2024-07-25 17:45:00,0,0,, ,train,190.0,3600.0
6515,FITfiles/2024-07-25/Beelink1_20240725_180000_59.fit,2024-07-25 18:00:00,0,0,, ,train,190.0,3600.0
6508,FITfiles/2024-07-25/Beelink1_20240725_181500_59.fit,2024-07-25 18:15:00,0,0,, ,train,190.0,3593.0
6517,FITfiles/2024-07-25/Beelink1_20240725_183000_59.fit,2024-07-25 18:30:00,0,0,, ,test,190.0,3600.0
6510,FITfiles/2024-07-25/Beelink1_20240725_184500_59.fit,2024-07-25 18:45:00,0,0,, ,train,190.0,3600.0
6521,FITfiles/2024-07-25/Beelink1_20240725_190000_59.fit,2024-07-25 19:00:00,0,0,, ,train,190.0,3600.0
6518,FITfiles/2024-07-25/Beelink1_20240725_191500_59.fit,2024-07-25 19:15:00,0,0,, ,valid,190.0,3600.0
6506,FITfiles/2024-07-25/Beelink1_20240725_193000_59.fit,2024-07-25 19:30:00,0,0,, ,train,190.0,3600.0
6505,FITfiles/2024-07-25/Beelink1_20240725_194500_59.fit,2024-07-25 19:45:00,0,0,, ,train,190.0,3600.0
6509,FITfiles/2024-07-25/Beelink1_20240725_200000_59.fit,2024-07-25 20:00:00,0,0,, ,train,190.0,3600.0
6503,FITfiles/2024-07-25/Beelink1_20240725_201500_59.fit,2024-07-25 20:15:00,0,0,, ,train,190.0,3593.0
6507,FITfiles/2024-07-25/Beelink1_20240725_203000_59.fit,2024-07-25 20:30:00,0,0,, ,train,190.0,3600.0
6504,FITfiles/2024-07-25/Beelink1_20240725_204500_59.fit,2024-07-25 20:45:00,0,0,, ,train,190.0,3591.0
8703,FITfiles/2024-07-26/Beelink1_20240726_063000_59.fit,2024-07-26 06:30:00,0,0,, ,train,190.0,3600.0
8702,FITfiles/2024-07-26/Beelink1_20240726_064500_59.fit,2024-07-26 06:45:00,0,0,, ,test,190.0,3600.0
8707,FITfiles/2024-07-26/Beelink1_20240726_070000_59.fit,2024-07-26 07:00:00,0,0,, ,train,190.0,3600.0
8708,FITfiles/2024-07-26/Beelink1_20240726_071500_59.fit,2024-07-26 07:15:00,0,0,, ,train,190.0,3600.0
8696,FITfiles/2024-07-26/Beelink1_20240726_073000_59.fit,2024-07-26 07:30:00,0,0,, ,train,190.0,3600.0
8698,FITfiles/2024-07-26/Beelink1_20240726_074500_59.fit,2024-07-26 07:45:00,0,0,, ,train,190.0,3600.0
8693,FITfiles/2024-07-26/Beelink1_20240726_080000_59.fit,2024-07-26 08:00:00,0,0,, ,train,190.0,3600.0
8710,FITfiles/2024-07-26/Beelink1_20240726_081500_59.fit,2024-07-26 08:15:00,0,0,, ,train,190.0,3593.0
8699,FITfiles/2024-07-26/Beelink1_20240726_083000_59.fit,2024-07-26 08:30:00,0,0,, ,test,190.0,3600.0
8701,FITfiles/2024-07-26/Beelink1_20240726_084500_59.fit,2024-07-26 08:45:00,0,0,, ,train,190.0,3600.0
8711,FITfiles/2024-07-26/Beelink1_20240726_090000_59.fit,2024-07-26 09:00:00,0,0,, ,valid,190.0,3600.0
8697,FITfiles/2024-07-26/Beelink1_20240726_091500_59.fit,2024-07-26 09:15:00,0,0,, ,train,190.0,3600.0
8691,FITfiles/2024-07-26/Beelink1_20240726_093000_59.fit,2024-07-26 09:30:00,0,0,, ,train,190.0,3600.0
8692,FITfiles/2024-07-26/Beelink1_20240726_094500_59.fit,2024-07-26 09:45:00,0,0,, ,valid,190.0,3600.0
8705,FITfiles/2024-07-26/Beelink1_20240726_100000_59.fit,2024-07-26 10:00:00,0,0,, ,train,190.0,3600.0
8704,FITfiles/2024-07-26/Beelink1_20240726_101500_59.fit,2024-07-26 10:15:00,0,0,, ,train,190.0,3600.0
8689,FITfiles/2024-07-26/Beelink1_20240726_103000_59.fit,2024-07-26 10:30:00,0,0,, ,train,190.0,3600.0
8686,FITfiles/2024-07-26/Beelink1_20240726_104500_59.fit,2024-07-26 10:45:00,0,0,, ,valid,190.0,3600.0
8688,FITfiles/2024-07-26/Beelink1_20240726_105959_59.fit,2024-07-26 10:59:59,0,0,, ,train,190.0,3600.0
8685,FITfiles/2024-07-26/Beelink1_20240726_111459_59.fit,2024-07-26 11:14:59,0,0,, ,train,190.0,3600.0
8694,FITfiles/2024-07-26/Beelink1_20240726_112959_59.fit,2024-07-26 11:29:59,0,0,, ,train,190.0,3600.0
8690,FITfiles/2024-07-26/Beelink1_20240726_114459_59.fit,2024-07-26 11:44:59,0,0,, ,valid,190.0,3600.0
8700,FITfiles/2024-07-26/Beelink1_20240726_115959_59.fit,2024-07-26 11:59:59,0,0,, ,test,190.0,3600.0
8706,FITfiles/2024-07-26/Beelink1_20240726_121459_59.fit,2024-07-26 12:14:59,0,0,, ,valid,190.0,3594.0
8681,FITfiles/2024-07-26/Beelink1_20240726_123000_59.fit,2024-07-26 12:30:00,0,0,, ,train,190.0,3600.0
8678,FITfiles/2024-07-26/Beelink1_20240726_124500_59.fit,2024-07-26 12:45:00,0,0,, ,train,190.0,3600.0
8684,FITfiles/2024-07-26/Beelink1_20240726_130000_59.fit,2024-07-26 13:00:00,0,0,, ,test,190.0,3600.0
8682,FITfiles/2024-07-26/Beelink1_20240726_131500_59.fit,2024-07-26 13:15:00,0,0,, ,train,190.0,3600.0
8679,FITfiles/2024-07-26/Beelink1_20240726_133000_59.fit,2024-07-26 13:30:00,0,0,, ,train,190.0,3600.0
8680,FITfiles/2024-07-26/Beelink1_20240726_134500_59.fit,2024-07-26 13:45:00,0,0,, ,train,190.0,3600.0
8695,FITfiles/2024-07-26/Beelink1_20240726_140000_59.fit,2024-07-26 14:00:00,0,0,, ,train,190.0,3600.0
8675,FITfiles/2024-07-26/Beelink1_20240726_141500_59.fit,2024-07-26 14:15:00,0,0,, ,train,190.0,3592.0
8676,FITfiles/2024-07-26/Beelink1_20240726_143000_59.fit,2024-07-26 14:30:00,0,0,, ,valid,190.0,3600.0
8674,FITfiles/2024-07-26/Beelink1_20240726_144500_59.fit,2024-07-26 14:45:00,0,0,, ,train,190.0,3600.0
8673,FITfiles/2024-07-26/Beelink1_20240726_150000_59.fit,2024-07-26 15:00:00,0,0,, ,train,190.0,3600.0
8668,FITfiles/2024-07-26/Beelink1_20240726_151500_59.fit,2024-07-26 15:15:00,0,0,, ,train,190.0,3600.0
8683,FITfiles/2024-07-26/Beelink1_20240726_153000_59.fit,2024-07-26 15:30:00,0,0,, ,train,190.0,3600.0
8669,FITfiles/2024-07-26/Beelink1_20240726_154500_59.fit,2024-07-26 15:45:00,0,0,, ,valid,190.0,3600.0
8721,FITfiles/2024-07-26/Beelink1_20240726_160000_59.fit,2024-07-26 16:00:00,0,0,, ,test,190.0,3600.0
8687,FITfiles/2024-07-26/Beelink1_20240726_161500_59.fit,2024-07-26 16:15:00,0,0,, ,valid,190.0,3592.0
8667,FITfiles/2024-07-26/Beelink1_20240726_163000_59.fit,2024-07-26 16:30:00,0,0,, ,test,190.0,3600.0
8671,FITfiles/2024-07-26/Beelink1_20240726_164500_59.fit,2024-07-26 16:45:00,0,0,, ,train,190.0,3600.0
8662,FITfiles/2024-07-26/Beelink1_20240726_170000_59.fit,2024-07-26 17:00:00,0,0,, ,test,190.0,3600.0
8670,FITfiles/2024-07-26/Beelink1_20240726_171500_59.fit,2024-07-26 17:15:00,0,0,, ,train,190.0,3600.0
8666,FITfiles/2024-07-26/Beelink1_20240726_173000_59.fit,2024-07-26 17:30:00,0,0,, ,test,190.0,3600.0
8663,FITfiles/2024-07-26/Beelink1_20240726_174500_59.fit,2024-07-26 17:45:00,0,0,, ,test,190.0,3600.0
8665,FITfiles/2024-07-26/Beelink1_20240726_180000_59.fit,2024-07-26 18:00:00,0,0,, ,valid,190.0,3600.0
8672,FITfiles/2024-07-26/Beelink1_20240726_181500_59.fit,2024-07-26 18:15:00,0,0,, ,train,190.0,3592.0
8664,FITfiles/2024-07-26/Beelink1_20240726_183000_59.fit,2024-07-26 18:30:00,0,0,, ,test,190.0,3600.0
8658,FITfiles/2024-07-26/Beelink1_20240726_184500_59.fit,2024-07-26 18:45:00,0,0,, ,test,190.0,3600.0
8660,FITfiles/2024-07-26/Beelink1_20240726_190000_59.fit,2024-07-26 19:00:00,0,0,, ,train,190.0,3600.0
8659,FITfiles/2024-07-26/Beelink1_20240726_191500_59.fit,2024-07-26 19:15:00,0,0,, ,train,190.0,3600.0
8654,FITfiles/2024-07-26/Beelink1_20240726_193000_59.fit,2024-07-26 19:30:00,0,0,, ,train,190.0,3600.0
8677,FITfiles/2024-07-26/Beelink1_20240726_194500_59.fit,2024-07-26 19:45:00,0,0,, ,train,190.0,3600.0
8656,FITfiles/2024-07-26/Beelink1_20240726_200000_59.fit,2024-07-26 20:00:00,0,0,, ,test,190.0,3600.0
8653,FITfiles/2024-07-26/Beelink1_20240726_201500_59.fit,2024-07-26 20:15:00,0,0,, ,test,190.0,3592.0
8661,FITfiles/2024-07-26/Beelink1_20240726_203000_59.fit,2024-07-26 20:30:00,0,0,, ,valid,190.0,3600.0
8655,FITfiles/2024-07-26/Beelink1_20240726_204500_59.fit,2024-07-26 20:45:00,0,0,, ,train,190.0,3590.0
2694,FITfiles/2024-07-27/Beelink1_20240727_063000_59.fit,2024-07-27 06:30:00,0,0,, ,train,190.0,3600.0
2629,FITfiles/2024-07-27/Beelink1_20240727_064500_59.fit,2024-07-27 06:45:00,0,0,, ,train,190.0,3600.0
2623,FITfiles/2024-07-27/Beelink1_20240727_070000_59.fit,2024-07-27 07:00:00,0,0,, ,train,190.0,3600.0
2639,FITfiles/2024-07-27/Beelink1_20240727_071500_59.fit,2024-07-27 07:15:00,0,0,, ,train,190.0,3600.0
2666,FITfiles/2024-07-27/Beelink1_20240727_073000_59.fit,2024-07-27 07:30:00,0,0,, ,train,190.0,3600.0
2617,FITfiles/2024-07-27/Beelink1_20240727_074500_59.fit,2024-07-27 07:45:00,0,0,, ,train,190.0,3600.0
2626,FITfiles/2024-07-27/Beelink1_20240727_080000_59.fit,2024-07-27 08:00:00,0,0,, ,train,190.0,3600.0
2618,FITfiles/2024-07-27/Beelink1_20240727_081500_59.fit,2024-07-27 08:15:00,0,0,, ,train,190.0,3592.0
2620,FITfiles/2024-07-27/Beelink1_20240727_083000_59.fit,2024-07-27 08:30:00,0,0,, ,test,190.0,3600.0
2612,FITfiles/2024-07-27/Beelink1_20240727_084500_59.fit,2024-07-27 08:45:00,0,0,, ,valid,190.0,3600.0
2634,FITfiles/2024-07-27/Beelink1_20240727_090000_59.fit,2024-07-27 09:00:00,0,0,, ,train,190.0,3600.0
2616,FITfiles/2024-07-27/Beelink1_20240727_091500_59.fit,2024-07-27 09:15:00,0,0,, ,test,190.0,3600.0
2627,FITfiles/2024-07-27/Beelink1_20240727_093000_59.fit,2024-07-27 09:30:00,0,0,, ,train,190.0,3600.0
2642,FITfiles/2024-07-27/Beelink1_20240727_094500_59.fit,2024-07-27 09:45:00,0,0,, ,test,190.0,3600.0
2615,FITfiles/2024-07-27/Beelink1_20240727_100000_59.fit,2024-07-27 10:00:00,0,0,, ,valid,190.0,3600.0
2607,FITfiles/2024-07-27/Beelink1_20240727_101500_59.fit,2024-07-27 10:15:00,0,0,, ,train,190.0,3600.0
2609,FITfiles/2024-07-27/Beelink1_20240727_103000_59.fit,2024-07-27 10:30:00,0,0,, ,valid,190.0,3600.0
2614,FITfiles/2024-07-27/Beelink1_20240727_104500_59.fit,2024-07-27 10:45:00,0,0,, ,valid,190.0,3600.0
2610,FITfiles/2024-07-27/Beelink1_20240727_105959_59.fit,2024-07-27 10:59:59,0,0,, ,valid,190.0,3600.0
2632,FITfiles/2024-07-27/Beelink1_20240727_111459_59.fit,2024-07-27 11:14:59,0,0,, ,train,190.0,3600.0
2619,FITfiles/2024-07-27/Beelink1_20240727_112959_59.fit,2024-07-27 11:29:59,0,0,, ,test,190.0,3600.0
2611,FITfiles/2024-07-27/Beelink1_20240727_114459_59.fit,2024-07-27 11:44:59,0,0,, ,test,190.0,3600.0
2604,FITfiles/2024-07-27/Beelink1_20240727_115959_59.fit,2024-07-27 11:59:59,0,0,, ,train,190.0,3600.0
2613,FITfiles/2024-07-27/Beelink1_20240727_121459_59.fit,2024-07-27 12:14:59,0,0,, ,train,190.0,3595.0
2624,FITfiles/2024-07-27/Beelink1_20240727_123000_59.fit,2024-07-27 12:30:00,0,0,, ,test,190.0,3600.0
2608,FITfiles/2024-07-27/Beelink1_20240727_124500_59.fit,2024-07-27 12:45:00,0,0,, ,train,190.0,3600.0
2622,FITfiles/2024-07-27/Beelink1_20240727_130000_59.fit,2024-07-27 13:00:00,0,0,, ,train,190.0,3600.0
2603,FITfiles/2024-07-27/Beelink1_20240727_131500_59.fit,2024-07-27 13:15:00,0,0,, ,test,190.0,3600.0
2628,FITfiles/2024-07-27/Beelink1_20240727_133000_59.fit,2024-07-27 13:30:00,0,0,, ,test,190.0,3600.0
2600,FITfiles/2024-07-27/Beelink1_20240727_134500_59.fit,2024-07-27 13:45:00,0,0,, ,train,190.0,3600.0
2602,FITfiles/2024-07-27/Beelink1_20240727_140000_59.fit,2024-07-27 14:00:00,0,0,, ,valid,190.0,3600.0
2593,FITfiles/2024-07-27/Beelink1_20240727_141500_59.fit,2024-07-27 14:15:00,0,0,, ,test,190.0,3593.0
2605,FITfiles/2024-07-27/Beelink1_20240727_143000_59.fit,2024-07-27 14:30:00,0,0,, ,test,190.0,3600.0
2606,FITfiles/2024-07-27/Beelink1_20240727_144500_59.fit,2024-07-27 14:45:00,0,0,, ,train,190.0,3600.0
2597,FITfiles/2024-07-27/Beelink1_20240727_150000_59.fit,2024-07-27 15:00:00,0,0,, ,valid,190.0,3600.0
2584,FITfiles/2024-07-27/Beelink1_20240727_151500_59.fit,2024-07-27 15:15:00,0,0,, ,test,190.0,3600.0
2599,FITfiles/2024-07-27/Beelink1_20240727_153000_59.fit,2024-07-27 15:30:00,0,0,, ,train,190.0,3600.0
2587,FITfiles/2024-07-27/Beelink1_20240727_154500_59.fit,2024-07-27 15:45:00,0,0,, ,test,190.0,3600.0
2595,FITfiles/2024-07-27/Beelink1_20240727_160000_59.fit,2024-07-27 16:00:00,0,0,, ,train,190.0,3600.0
2591,FITfiles/2024-07-27/Beelink1_20240727_161500_59.fit,2024-07-27 16:15:00,0,0,, ,valid,190.0,3593.0
2635,FITfiles/2024-07-27/Beelink1_20240727_163000_59.fit,2024-07-27 16:30:00,0,0,, ,test,190.0,3600.0
2601,FITfiles/2024-07-27/Beelink1_20240727_164500_59.fit,2024-07-27 16:45:00,0,0,, ,test,190.0,3600.0
2592,FITfiles/2024-07-27/Beelink1_20240727_170000_59.fit,2024-07-27 17:00:00,0,0,, ,valid,190.0,3600.0
2586,FITfiles/2024-07-27/Beelink1_20240727_171500_59.fit,2024-07-27 17:15:00,0,0,, ,train,190.0,3600.0
2594,FITfiles/2024-07-27/Beelink1_20240727_173000_59.fit,2024-07-27 17:30:00,0,0,, ,train,190.0,3600.0
2598,FITfiles/2024-07-27/Beelink1_20240727_174500_59.fit,2024-07-27 17:45:00,0,0,, ,test,190.0,3600.0
2588,FITfiles/2024-07-27/Beelink1_20240727_180000_59.fit,2024-07-27 18:00:00,0,0,, ,test,190.0,3600.0
2585,FITfiles/2024-07-27/Beelink1_20240727_181500_59.fit,2024-07-27 18:15:00,0,0,, ,valid,190.0,3593.0
2589,FITfiles/2024-07-27/Beelink1_20240727_183000_59.fit,2024-07-27 18:30:00,0,0,, ,train,190.0,3600.0
2581,FITfiles/2024-07-27/Beelink1_20240727_184500_59.fit,2024-07-27 18:45:00,0,0,, ,train,190.0,3600.0
2590,FITfiles/2024-07-27/Beelink1_20240727_190000_59.fit,2024-07-27 19:00:00,0,0,, ,train,190.0,3600.0
2582,FITfiles/2024-07-27/Beelink1_20240727_191500_59.fit,2024-07-27 19:15:00,0,0,, ,train,190.0,3600.0
2577,FITfiles/2024-07-27/Beelink1_20240727_193000_59.fit,2024-07-27 19:30:00,0,0,, ,valid,190.0,3600.0
2576,FITfiles/2024-07-27/Beelink1_20240727_194500_59.fit,2024-07-27 19:45:00,0,0,, ,train,190.0,3600.0
2596,FITfiles/2024-07-27/Beelink1_20240727_200000_59.fit,2024-07-27 20:00:00,0,0,, ,train,190.0,3600.0
2578,FITfiles/2024-07-27/Beelink1_20240727_201500_59.fit,2024-07-27 20:15:00,0,0,, ,train,190.0,3593.0
2583,FITfiles/2024-07-27/Beelink1_20240727_203000_59.fit,2024-07-27 20:30:00,0,0,, ,train,190.0,3600.0
2573,FITfiles/2024-07-27/Beelink1_20240727_204500_59.fit,2024-07-27 20:45:00,0,0,, ,train,190.0,3590.0
7061,FITfiles/2024-07-28/Beelink1_20240728_063000_59.fit,2024-07-28 06:30:00,0,0,, ,train,190.0,3600.0
7065,FITfiles/2024-07-28/Beelink1_20240728_064500_59.fit,2024-07-28 06:45:00,0,0,, ,valid,190.0,3600.0
7058,FITfiles/2024-07-28/Beelink1_20240728_070000_59.fit,2024-07-28 07:00:00,0,0,, ,valid,190.0,3600.0
7060,FITfiles/2024-07-28/Beelink1_20240728_071500_59.fit,2024-07-28 07:15:00,0,0,, ,test,190.0,3600.0
7067,FITfiles/2024-07-28/Beelink1_20240728_073000_59.fit,2024-07-28 07:30:00,0,0,, ,valid,190.0,3600.0
7062,FITfiles/2024-07-28/Beelink1_20240728_074500_59.fit,2024-07-28 07:45:00,0,0,, ,test,190.0,3600.0
7071,FITfiles/2024-07-28/Beelink1_20240728_080000_59.fit,2024-07-28 08:00:00,0,0,, ,train,190.0,3600.0
7055,FITfiles/2024-07-28/Beelink1_20240728_081500_59.fit,2024-07-28 08:15:00,0,0,, ,train,190.0,3592.0
7050,FITfiles/2024-07-28/Beelink1_20240728_083000_59.fit,2024-07-28 08:30:00,0,0,, ,test,190.0,3600.0
7053,FITfiles/2024-07-28/Beelink1_20240728_084500_59.fit,2024-07-28 08:45:00,0,0,, ,test,190.0,3600.0
7054,FITfiles/2024-07-28/Beelink1_20240728_090000_59.fit,2024-07-28 09:00:00,0,0,, ,train,190.0,3600.0
7057,FITfiles/2024-07-28/Beelink1_20240728_091500_59.fit,2024-07-28 09:15:00,0,0,, ,train,190.0,3600.0
7047,FITfiles/2024-07-28/Beelink1_20240728_093000_59.fit,2024-07-28 09:30:00,0,0,, ,test,190.0,3600.0
7049,FITfiles/2024-07-28/Beelink1_20240728_094500_59.fit,2024-07-28 09:45:00,0,0,, ,valid,190.0,3600.0
7046,FITfiles/2024-07-28/Beelink1_20240728_100000_59.fit,2024-07-28 10:00:00,0,0,, ,train,190.0,3600.0
7048,FITfiles/2024-07-28/Beelink1_20240728_101500_59.fit,2024-07-28 10:15:00,0,0,, ,train,190.0,3600.0
7052,FITfiles/2024-07-28/Beelink1_20240728_103000_59.fit,2024-07-28 10:30:00,0,0,, ,train,190.0,3600.0
7051,FITfiles/2024-07-28/Beelink1_20240728_104500_59.fit,2024-07-28 10:45:00,0,0,, ,valid,190.0,3600.0
7034,FITfiles/2024-07-28/Beelink1_20240728_105959_59.fit,2024-07-28 10:59:59,0,0,, ,train,190.0,3600.0
7045,FITfiles/2024-07-28/Beelink1_20240728_111459_59.fit,2024-07-28 11:14:59,0,0,, ,valid,190.0,3600.0
7044,FITfiles/2024-07-28/Beelink1_20240728_112959_59.fit,2024-07-28 11:29:59,0,0,, ,train,190.0,3600.0
7041,FITfiles/2024-07-28/Beelink1_20240728_114459_59.fit,2024-07-28 11:44:59,0,0,, ,test,190.0,3600.0
7042,FITfiles/2024-07-28/Beelink1_20240728_115959_59.fit,2024-07-28 11:59:59,0,0,, ,train,190.0,3600.0
7030,FITfiles/2024-07-28/Beelink1_20240728_121459_59.fit,2024-07-28 12:14:59,0,0,, ,test,190.0,3595.0
7056,FITfiles/2024-07-28/Beelink1_20240728_123000_59.fit,2024-07-28 12:30:00,0,0,, ,valid,190.0,3600.0
7043,FITfiles/2024-07-28/Beelink1_20240728_124500_59.fit,2024-07-28 12:45:00,0,0,, ,train,190.0,3600.0
7059,FITfiles/2024-07-28/Beelink1_20240728_130000_59.fit,2024-07-28 13:00:00,0,0,, ,train,190.0,3600.0
7039,FITfiles/2024-07-28/Beelink1_20240728_131500_59.fit,2024-07-28 13:15:00,0,0,, ,valid,190.0,3600.0
7029,FITfiles/2024-07-28/Beelink1_20240728_133000_59.fit,2024-07-28 13:30:00,0,0,, ,train,190.0,3600.0
7033,FITfiles/2024-07-28/Beelink1_20240728_134500_59.fit,2024-07-28 13:45:00,0,0,, ,train,190.0,3600.0
7035,FITfiles/2024-07-28/Beelink1_20240728_140000_59.fit,2024-07-28 14:00:00,0,0,, ,valid,190.0,3600.0
7031,FITfiles/2024-07-28/Beelink1_20240728_141500_59.fit,2024-07-28 14:15:00,0,0,, ,valid,190.0,3593.0
7028,FITfiles/2024-07-28/Beelink1_20240728_143000_59.fit,2024-07-28 14:30:00,0,0,, ,test,190.0,3600.0
7069,FITfiles/2024-07-28/Beelink1_20240728_144500_59.fit,2024-07-28 14:45:00,0,0,, ,train,190.0,3600.0
7025,FITfiles/2024-07-28/Beelink1_20240728_150000_59.fit,2024-07-28 15:00:00,0,0,, ,train,190.0,3600.0
7027,FITfiles/2024-07-28/Beelink1_20240728_151500_59.fit,2024-07-28 15:15:00,0,0,, ,valid,190.0,3600.0
7037,FITfiles/2024-07-28/Beelink1_20240728_153000_59.fit,2024-07-28 15:30:00,0,0,, ,train,190.0,3600.0
7040,FITfiles/2024-07-28/Beelink1_20240728_154500_59.fit,2024-07-28 15:45:00,0,0,, ,train,190.0,3600.0
7036,FITfiles/2024-07-28/Beelink1_20240728_160000_59.fit,2024-07-28 16:00:00,0,0,, ,valid,190.0,3600.0
7038,FITfiles/2024-07-28/Beelink1_20240728_161500_59.fit,2024-07-28 16:15:00,0,0,, ,test,190.0,3592.0
7023,FITfiles/2024-07-28/Beelink1_20240728_163000_59.fit,2024-07-28 16:30:00,0,0,, ,train,190.0,3600.0
7026,FITfiles/2024-07-28/Beelink1_20240728_164500_59.fit,2024-07-28 16:45:00,0,0,, ,train,190.0,3600.0
7032,FITfiles/2024-07-28/Beelink1_20240728_170000_59.fit,2024-07-28 17:00:00,0,0,, ,test,190.0,3600.0
7019,FITfiles/2024-07-28/Beelink1_20240728_171500_59.fit,2024-07-28 17:15:00,0,0,, ,train,190.0,3600.0
7021,FITfiles/2024-07-28/Beelink1_20240728_173000_59.fit,2024-07-28 17:30:00,0,0,, ,valid,190.0,3600.0
7011,FITfiles/2024-07-28/Beelink1_20240728_174500_59.fit,2024-07-28 17:45:00,0,0,, ,valid,190.0,3600.0
7014,FITfiles/2024-07-28/Beelink1_20240728_180000_59.fit,2024-07-28 18:00:00,0,0,, ,train,190.0,3600.0
7010,FITfiles/2024-07-28/Beelink1_20240728_181500_59.fit,2024-07-28 18:15:00,0,0,, ,train,190.0,3592.0
7016,FITfiles/2024-07-28/Beelink1_20240728_183000_59.fit,2024-07-28 18:30:00,0,0,, ,train,190.0,3600.0
7018,FITfiles/2024-07-28/Beelink1_20240728_184500_59.fit,2024-07-28 18:45:00,0,0,, ,train,190.0,3600.0
7022,FITfiles/2024-07-28/Beelink1_20240728_190000_59.fit,2024-07-28 19:00:00,0,0,, ,train,190.0,3600.0
7017,FITfiles/2024-07-28/Beelink1_20240728_191500_59.fit,2024-07-28 19:15:00,0,0,, ,test,190.0,3600.0
7015,FITfiles/2024-07-28/Beelink1_20240728_193000_59.fit,2024-07-28 19:30:00,0,0,, ,valid,190.0,3600.0
7009,FITfiles/2024-07-28/Beelink1_20240728_194500_59.fit,2024-07-28 19:45:00,0,0,, ,train,190.0,3600.0
7020,FITfiles/2024-07-28/Beelink1_20240728_200000_59.fit,2024-07-28 20:00:00,0,0,, ,train,190.0,3600.0
7008,FITfiles/2024-07-28/Beelink1_20240728_201500_59.fit,2024-07-28 20:15:00,0,0,, ,train,190.0,3593.0
7007,FITfiles/2024-07-28/Beelink1_20240728_203000_59.fit,2024-07-28 20:30:00,0,0,, ,test,190.0,3600.0
7012,FITfiles/2024-07-28/Beelink1_20240728_204500_59.fit,2024-07-28 20:45:00,0,0,, ,train,190.0,3591.0
6707,FITfiles/2024-07-29/Beelink1_20240729_063000_59.fit,2024-07-29 06:30:00,0,0,, ,train,190.0,3600.0
6706,FITfiles/2024-07-29/Beelink1_20240729_064500_59.fit,2024-07-29 06:45:00,0,0,, ,train,190.0,3600.0
6705,FITfiles/2024-07-29/Beelink1_20240729_070000_59.fit,2024-07-29 07:00:00,0,0,, ,train,190.0,3600.0
6711,FITfiles/2024-07-29/Beelink1_20240729_071500_59.fit,2024-07-29 07:15:00,0,0,, ,train,190.0,3600.0
6698,FITfiles/2024-07-29/Beelink1_20240729_073000_59.fit,2024-07-29 07:30:00,0,0,, ,train,190.0,3600.0
6701,FITfiles/2024-07-29/Beelink1_20240729_074500_59.fit,2024-07-29 07:45:00,0,0,, ,valid,190.0,3600.0
6704,FITfiles/2024-07-29/Beelink1_20240729_080000_59.fit,2024-07-29 08:00:00,0,0,, ,train,190.0,3600.0
6700,FITfiles/2024-07-29/Beelink1_20240729_081500_59.fit,2024-07-29 08:15:00,0,0,, ,train,190.0,3593.0
6713,FITfiles/2024-07-29/Beelink1_20240729_083000_59.fit,2024-07-29 08:30:00,0,0,, ,train,190.0,3600.0
6709,FITfiles/2024-07-29/Beelink1_20240729_084500_59.fit,2024-07-29 08:45:00,0,0,, ,train,190.0,3600.0
6699,FITfiles/2024-07-29/Beelink1_20240729_090000_59.fit,2024-07-29 09:00:00,0,0,, ,valid,190.0,3600.0
6695,FITfiles/2024-07-29/Beelink1_20240729_091500_59.fit,2024-07-29 09:15:00,0,0,, ,train,190.0,3600.0
6693,FITfiles/2024-07-29/Beelink1_20240729_093000_59.fit,2024-07-29 09:30:00,0,0,, ,test,190.0,3600.0
6697,FITfiles/2024-07-29/Beelink1_20240729_094500_59.fit,2024-07-29 09:45:00,0,0,, ,test,190.0,3600.0
6710,FITfiles/2024-07-29/Beelink1_20240729_100000_59.fit,2024-07-29 10:00:00,0,0,, ,train,190.0,3600.0
6708,FITfiles/2024-07-29/Beelink1_20240729_101500_59.fit,2024-07-29 10:15:00,0,0,, ,valid,190.0,3600.0
6703,FITfiles/2024-07-29/Beelink1_20240729_103000_59.fit,2024-07-29 10:30:00,0,0,, ,train,190.0,3600.0
6689,FITfiles/2024-07-29/Beelink1_20240729_104500_59.fit,2024-07-29 10:45:00,0,0,, ,test,190.0,3600.0
6691,FITfiles/2024-07-29/Beelink1_20240729_105959_59.fit,2024-07-29 10:59:59,0,0,, ,valid,190.0,3600.0
6702,FITfiles/2024-07-29/Beelink1_20240729_111459_59.fit,2024-07-29 11:14:59,0,0,, ,train,190.0,3600.0
6685,FITfiles/2024-07-29/Beelink1_20240729_112959_59.fit,2024-07-29 11:29:59,0,0,, ,train,190.0,3600.0
6688,FITfiles/2024-07-29/Beelink1_20240729_114459_59.fit,2024-07-29 11:44:59,0,0,, ,test,190.0,3600.0
6679,FITfiles/2024-07-29/Beelink1_20240729_115959_59.fit,2024-07-29 11:59:59,0,0,, ,train,190.0,3600.0
6690,FITfiles/2024-07-29/Beelink1_20240729_121459_59.fit,2024-07-29 12:14:59,0,0,, ,train,190.0,3595.0
6684,FITfiles/2024-07-29/Beelink1_20240729_123000_59.fit,2024-07-29 12:30:00,0,0,, ,valid,190.0,3600.0
6687,FITfiles/2024-07-29/Beelink1_20240729_124500_59.fit,2024-07-29 12:45:00,0,0,, ,train,190.0,3600.0
6694,FITfiles/2024-07-29/Beelink1_20240729_130000_59.fit,2024-07-29 13:00:00,0,0,, ,test,190.0,3600.0
6681,FITfiles/2024-07-29/Beelink1_20240729_131500_59.fit,2024-07-29 13:15:00,0,0,, ,train,190.0,3600.0
6686,FITfiles/2024-07-29/Beelink1_20240729_133000_59.fit,2024-07-29 13:30:00,0,0,, ,valid,190.0,3600.0
6692,FITfiles/2024-07-29/Beelink1_20240729_134500_59.fit,2024-07-29 13:45:00,0,0,, ,train,190.0,3600.0
6680,FITfiles/2024-07-29/Beelink1_20240729_140000_59.fit,2024-07-29 14:00:00,0,0,, ,train,190.0,3600.0
6683,FITfiles/2024-07-29/Beelink1_20240729_141500_59.fit,2024-07-29 14:15:00,0,0,, ,train,190.0,3593.0
6676,FITfiles/2024-07-29/Beelink1_20240729_143000_59.fit,2024-07-29 14:30:00,0,0,, ,train,190.0,3600.0
6675,FITfiles/2024-07-29/Beelink1_20240729_144500_59.fit,2024-07-29 14:45:00,0,0,, ,valid,190.0,3600.0
6696,FITfiles/2024-07-29/Beelink1_20240729_150000_59.fit,2024-07-29 15:00:00,0,0,, ,train,190.0,3600.0
6669,FITfiles/2024-07-29/Beelink1_20240729_151500_59.fit,2024-07-29 15:15:00,0,0,, ,valid,190.0,3600.0
6672,FITfiles/2024-07-29/Beelink1_20240729_153000_59.fit,2024-07-29 15:30:00,0,0,, ,valid,190.0,3600.0
6671,FITfiles/2024-07-29/Beelink1_20240729_154500_59.fit,2024-07-29 15:45:00,0,0,, ,test,190.0,3600.0
6682,FITfiles/2024-07-29/Beelink1_20240729_160000_59.fit,2024-07-29 16:00:00,0,0,, ,valid,190.0,3600.0
6678,FITfiles/2024-07-29/Beelink1_20240729_161500_59.fit,2024-07-29 16:15:00,0,0,, ,valid,190.0,3592.0
6665,FITfiles/2024-07-29/Beelink1_20240729_163000_59.fit,2024-07-29 16:30:00,0,0,, ,valid,190.0,3600.0
6674,FITfiles/2024-07-29/Beelink1_20240729_164500_59.fit,2024-07-29 16:45:00,0,0,, ,train,190.0,3600.0
6670,FITfiles/2024-07-29/Beelink1_20240729_170000_59.fit,2024-07-29 17:00:00,0,0,, ,train,190.0,3600.0
6667,FITfiles/2024-07-29/Beelink1_20240729_171500_59.fit,2024-07-29 17:15:00,0,0,, ,train,190.0,3600.0
6659,FITfiles/2024-07-29/Beelink1_20240729_173000_59.fit,2024-07-29 17:30:00,0,0,, ,train,190.0,3600.0
6677,FITfiles/2024-07-29/Beelink1_20240729_174500_59.fit,2024-07-29 17:45:00,0,0,, ,train,190.0,3600.0
6668,FITfiles/2024-07-29/Beelink1_20240729_180000_59.fit,2024-07-29 18:00:00,0,0,, ,train,190.0,3600.0
6663,FITfiles/2024-07-29/Beelink1_20240729_181500_59.fit,2024-07-29 18:15:00,0,0,, ,train,190.0,3592.0
6658,FITfiles/2024-07-29/Beelink1_20240729_183000_59.fit,2024-07-29 18:30:00,0,0,, ,test,190.0,3600.0
6656,FITfiles/2024-07-29/Beelink1_20240729_184500_59.fit,2024-07-29 18:45:00,0,0,, ,valid,190.0,3600.0
6661,FITfiles/2024-07-29/Beelink1_20240729_190000_59.fit,2024-07-29 19:00:00,0,0,, ,train,190.0,3600.0
6657,FITfiles/2024-07-29/Beelink1_20240729_191500_59.fit,2024-07-29 19:15:00,0,0,, ,train,190.0,3600.0
6654,FITfiles/2024-07-29/Beelink1_20240729_193000_59.fit,2024-07-29 19:30:00,0,0,, ,test,190.0,3600.0
6660,FITfiles/2024-07-29/Beelink1_20240729_194500_59.fit,2024-07-29 19:45:00,0,0,, ,train,190.0,3600.0
6664,FITfiles/2024-07-29/Beelink1_20240729_200000_59.fit,2024-07-29 20:00:00,0,0,, ,train,190.0,3600.0
6666,FITfiles/2024-07-29/Beelink1_20240729_201500_59.fit,2024-07-29 20:15:00,0,0,, ,train,190.0,3592.0
6655,FITfiles/2024-07-29/Beelink1_20240729_203000_59.fit,2024-07-29 20:30:00,0,0,, ,test,190.0,3600.0
6662,FITfiles/2024-07-29/Beelink1_20240729_204500_59.fit,2024-07-29 20:45:00,0,0,, ,test,190.0,3590.0
3945,FITfiles/2024-07-30/Beelink1_20240730_063000_59.fit,2024-07-30 06:30:00,0,0,, ,train,190.0,3600.0
3940,FITfiles/2024-07-30/Beelink1_20240730_064500_59.fit,2024-07-30 06:45:00,0,0,, ,train,190.0,3600.0
3931,FITfiles/2024-07-30/Beelink1_20240730_070000_59.fit,2024-07-30 07:00:00,0,0,, ,train,190.0,3600.0
3927,FITfiles/2024-07-30/Beelink1_20240730_071500_59.fit,2024-07-30 07:15:00,0,0,, ,test,190.0,3600.0
3937,FITfiles/2024-07-30/Beelink1_20240730_073000_59.fit,2024-07-30 07:30:00,0,0,, ,train,190.0,3600.0
3943,FITfiles/2024-07-30/Beelink1_20240730_074500_59.fit,2024-07-30 07:45:00,0,0,, ,train,190.0,3600.0
3925,FITfiles/2024-07-30/Beelink1_20240730_080000_59.fit,2024-07-30 08:00:00,0,0,, ,valid,190.0,3600.0
3936,FITfiles/2024-07-30/Beelink1_20240730_081500_59.fit,2024-07-30 08:15:00,0,0,, ,train,190.0,3593.0
3922,FITfiles/2024-07-30/Beelink1_20240730_083000_59.fit,2024-07-30 08:30:00,0,0,, ,valid,190.0,3600.0
3918,FITfiles/2024-07-30/Beelink1_20240730_084500_59.fit,2024-07-30 08:45:00,0,0,, ,train,190.0,3600.0
3919,FITfiles/2024-07-30/Beelink1_20240730_090000_59.fit,2024-07-30 09:00:00,0,0,, ,test,190.0,3600.0
3930,FITfiles/2024-07-30/Beelink1_20240730_091500_59.fit,2024-07-30 09:15:00,0,0,, ,train,190.0,3600.0
3915,FITfiles/2024-07-30/Beelink1_20240730_093000_59.fit,2024-07-30 09:30:00,0,0,, ,train,190.0,3600.0
3902,FITfiles/2024-07-30/Beelink1_20240730_094500_59.fit,2024-07-30 09:45:00,0,0,, ,train,190.0,3600.0
3921,FITfiles/2024-07-30/Beelink1_20240730_100000_59.fit,2024-07-30 10:00:00,0,0,, ,train,190.0,3600.0
3914,FITfiles/2024-07-30/Beelink1_20240730_101500_59.fit,2024-07-30 10:15:00,0,0,, ,test,190.0,3600.0
3908,FITfiles/2024-07-30/Beelink1_20240730_102959_59.fit,2024-07-30 10:29:59,0,0,, ,train,190.0,3600.0
3906,FITfiles/2024-07-30/Beelink1_20240730_104500_59.fit,2024-07-30 10:45:00,0,0,, ,train,190.0,3600.0
3909,FITfiles/2024-07-30/Beelink1_20240730_105959_59.fit,2024-07-30 10:59:59,0,0,, ,train,190.0,3600.0
3911,FITfiles/2024-07-30/Beelink1_20240730_111459_59.fit,2024-07-30 11:14:59,0,0,, ,train,190.0,3600.0
3891,FITfiles/2024-07-30/Beelink1_20240730_112959_59.fit,2024-07-30 11:29:59,0,0,, ,train,190.0,3600.0
3897,FITfiles/2024-07-30/Beelink1_20240730_114459_59.fit,2024-07-30 11:44:59,0,0,, ,valid,190.0,3600.0
3888,FITfiles/2024-07-30/Beelink1_20240730_115959_59.fit,2024-07-30 11:59:59,0,0,, ,train,190.0,3600.0
3893,FITfiles/2024-07-30/Beelink1_20240730_121459_59.fit,2024-07-30 12:14:59,0,0,, ,test,190.0,3595.0
3884,FITfiles/2024-07-30/Beelink1_20240730_123000_59.fit,2024-07-30 12:30:00,0,0,, ,test,190.0,3600.0
3904,FITfiles/2024-07-30/Beelink1_20240730_124500_59.fit,2024-07-30 12:45:00,0,0,, ,train,190.0,3600.0
3879,FITfiles/2024-07-30/Beelink1_20240730_130000_59.fit,2024-07-30 13:00:00,0,0,, ,train,190.0,3600.0
3881,FITfiles/2024-07-30/Beelink1_20240730_131500_59.fit,2024-07-30 13:15:00,0,0,, ,train,190.0,3600.0
3876,FITfiles/2024-07-30/Beelink1_20240730_133000_59.fit,2024-07-30 13:30:00,0,0,, ,train,190.0,3600.0
3872,FITfiles/2024-07-30/Beelink1_20240730_134500_59.fit,2024-07-30 13:45:00,0,0,, ,test,190.0,3600.0
3874,FITfiles/2024-07-30/Beelink1_20240730_140000_59.fit,2024-07-30 14:00:00,0,0,, ,train,190.0,3600.0
3871,FITfiles/2024-07-30/Beelink1_20240730_141500_59.fit,2024-07-30 14:15:00,0,0,, ,test,190.0,3592.0
3890,FITfiles/2024-07-30/Beelink1_20240730_143000_59.fit,2024-07-30 14:30:00,0,0,, ,train,190.0,3600.0
3878,FITfiles/2024-07-30/Beelink1_20240730_144500_59.fit,2024-07-30 14:45:00,0,0,, ,train,190.0,3600.0
3865,FITfiles/2024-07-30/Beelink1_20240730_150000_59.fit,2024-07-30 15:00:00,0,0,, ,test,190.0,3600.0
3873,FITfiles/2024-07-30/Beelink1_20240730_151500_59.fit,2024-07-30 15:15:00,0,0,, ,train,190.0,3600.0
3867,FITfiles/2024-07-30/Beelink1_20240730_153000_59.fit,2024-07-30 15:30:00,0,0,, ,train,190.0,3600.0
3861,FITfiles/2024-07-30/Beelink1_20240730_154500_59.fit,2024-07-30 15:45:00,0,0,, ,test,190.0,3600.0
3868,FITfiles/2024-07-30/Beelink1_20240730_160000_59.fit,2024-07-30 16:00:00,0,0,, ,valid,190.0,3600.0
3862,FITfiles/2024-07-30/Beelink1_20240730_161500_59.fit,2024-07-30 16:15:00,0,0,, ,train,190.0,3592.0
3863,FITfiles/2024-07-30/Beelink1_20240730_163000_59.fit,2024-07-30 16:30:00,0,0,, ,test,190.0,3600.0
3858,FITfiles/2024-07-30/Beelink1_20240730_164500_59.fit,2024-07-30 16:45:00,0,0,, ,train,190.0,3600.0
3853,FITfiles/2024-07-30/Beelink1_20240730_170000_59.fit,2024-07-30 17:00:00,0,0,, ,train,190.0,3600.0
3850,FITfiles/2024-07-30/Beelink1_20240730_171500_59.fit,2024-07-30 17:15:00,0,0,, ,train,190.0,3600.0
3854,FITfiles/2024-07-30/Beelink1_20240730_173000_59.fit,2024-07-30 17:30:00,0,0,, ,train,190.0,3600.0
3856,FITfiles/2024-07-30/Beelink1_20240730_174500_59.fit,2024-07-30 17:45:00,0,0,, ,train,190.0,3600.0
3851,FITfiles/2024-07-30/Beelink1_20240730_180000_59.fit,2024-07-30 18:00:00,0,0,, ,train,190.0,3600.0
3869,FITfiles/2024-07-30/Beelink1_20240730_181500_59.fit,2024-07-30 18:15:00,0,0,, ,train,190.0,3592.0
3839,FITfiles/2024-07-30/Beelink1_20240730_183000_59.fit,2024-07-30 18:30:00,0,0,, ,train,190.0,3600.0
3834,FITfiles/2024-07-30/Beelink1_20240730_184500_59.fit,2024-07-30 18:45:00,0,0,, ,train,190.0,3600.0
3832,FITfiles/2024-07-30/Beelink1_20240730_190000_59.fit,2024-07-30 19:00:00,0,0,, ,train,190.0,3600.0
3843,FITfiles/2024-07-30/Beelink1_20240730_191500_59.fit,2024-07-30 19:15:00,0,0,, ,train,190.0,3600.0
3852,FITfiles/2024-07-30/Beelink1_20240730_193000_59.fit,2024-07-30 19:30:00,0,0,, ,train,190.0,3600.0
3830,FITfiles/2024-07-30/Beelink1_20240730_194500_59.fit,2024-07-30 19:45:00,0,0,, ,train,190.0,3600.0
3828,FITfiles/2024-07-30/Beelink1_20240730_200000_59.fit,2024-07-30 20:00:00,0,0,, ,valid,190.0,3600.0
3824,FITfiles/2024-07-30/Beelink1_20240730_201500_59.fit,2024-07-30 20:15:00,0,0,, ,train,190.0,3592.0
3833,FITfiles/2024-07-30/Beelink1_20240730_203000_59.fit,2024-07-30 20:30:00,0,0,, ,valid,190.0,3600.0
3814,FITfiles/2024-07-30/Beelink1_20240730_204500_59.fit,2024-07-30 20:45:00,0,0,, ,test,190.0,3590.0
2768,FITfiles/2024-07-31/Beelink1_20240731_063000_59.fit,2024-07-31 06:30:00,0,0,, ,test,190.0,3600.0
2774,FITfiles/2024-07-31/Beelink1_20240731_064500_59.fit,2024-07-31 06:45:00,0,0,, ,train,190.0,3600.0
2773,FITfiles/2024-07-31/Beelink1_20240731_070000_59.fit,2024-07-31 07:00:00,0,0,, ,train,190.0,3600.0
2766,FITfiles/2024-07-31/Beelink1_20240731_071500_59.fit,2024-07-31 07:15:00,0,0,, ,train,190.0,3600.0
2779,FITfiles/2024-07-31/Beelink1_20240731_073000_59.fit,2024-07-31 07:30:00,0,0,, ,valid,190.0,3600.0
2762,FITfiles/2024-07-31/Beelink1_20240731_074500_59.fit,2024-07-31 07:45:00,0,0,, ,train,190.0,3600.0
2755,FITfiles/2024-07-31/Beelink1_20240731_080000_59.fit,2024-07-31 08:00:00,0,0,, ,test,190.0,3600.0
2761,FITfiles/2024-07-31/Beelink1_20240731_081500_59.fit,2024-07-31 08:15:00,0,0,, ,valid,190.0,3592.0
2763,FITfiles/2024-07-31/Beelink1_20240731_083000_59.fit,2024-07-31 08:30:00,0,0,, ,train,190.0,3600.0
2758,FITfiles/2024-07-31/Beelink1_20240731_084500_59.fit,2024-07-31 08:45:00,0,0,, ,test,190.0,3600.0
2765,FITfiles/2024-07-31/Beelink1_20240731_090000_59.fit,2024-07-31 09:00:00,0,0,, ,train,190.0,3600.0
2767,FITfiles/2024-07-31/Beelink1_20240731_091500_59.fit,2024-07-31 09:15:00,0,0,, ,train,190.0,3600.0
2754,FITfiles/2024-07-31/Beelink1_20240731_093000_59.fit,2024-07-31 09:30:00,0,0,, ,train,190.0,3600.0
2756,FITfiles/2024-07-31/Beelink1_20240731_094500_59.fit,2024-07-31 09:45:00,0,0,, ,test,190.0,3600.0
2815,FITfiles/2024-07-31/Beelink1_20240731_100000_59.fit,2024-07-31 10:00:00,0,0,, ,train,190.0,3600.0
2764,FITfiles/2024-07-31/Beelink1_20240731_101500_59.fit,2024-07-31 10:15:00,0,0,, ,train,190.0,3600.0
2760,FITfiles/2024-07-31/Beelink1_20240731_103000_59.fit,2024-07-31 10:30:00,0,0,, ,train,190.0,3600.0
2752,FITfiles/2024-07-31/Beelink1_20240731_104500_59.fit,2024-07-31 10:45:00,0,0,, ,test,190.0,3600.0
2751,FITfiles/2024-07-31/Beelink1_20240731_105959_59.fit,2024-07-31 10:59:59,0,0,, ,train,190.0,3600.0
2748,FITfiles/2024-07-31/Beelink1_20240731_111459_59.fit,2024-07-31 11:14:59,0,0,, ,train,190.0,3600.0
2747,FITfiles/2024-07-31/Beelink1_20240731_112959_59.fit,2024-07-31 11:29:59,0,0,, ,test,190.0,3600.0
2757,FITfiles/2024-07-31/Beelink1_20240731_114459_59.fit,2024-07-31 11:44:59,0,0,, ,test,190.0,3600.0
2749,FITfiles/2024-07-31/Beelink1_20240731_115959_59.fit,2024-07-31 11:59:59,0,0,, ,train,190.0,3600.0
2750,FITfiles/2024-07-31/Beelink1_20240731_121459_59.fit,2024-07-31 12:14:59,0,0,, ,test,190.0,3595.0
2759,FITfiles/2024-07-31/Beelink1_20240731_123000_59.fit,2024-07-31 12:30:00,0,0,, ,train,190.0,3600.0
2738,FITfiles/2024-07-31/Beelink1_20240731_124500_59.fit,2024-07-31 12:45:00,0,0,, ,train,190.0,3600.0
2743,FITfiles/2024-07-31/Beelink1_20240731_130000_59.fit,2024-07-31 13:00:00,0,0,, ,train,190.0,3600.0
2770,FITfiles/2024-07-31/Beelink1_20240731_131500_59.fit,2024-07-31 13:15:00,0,0,, ,train,190.0,3600.0
2737,FITfiles/2024-07-31/Beelink1_20240731_133000_59.fit,2024-07-31 13:30:00,0,0,, ,test,190.0,3600.0
2742,FITfiles/2024-07-31/Beelink1_20240731_134500_59.fit,2024-07-31 13:45:00,0,0,, ,train,190.0,3600.0
2741,FITfiles/2024-07-31/Beelink1_20240731_140000_59.fit,2024-07-31 14:00:00,0,0,, ,valid,190.0,3600.0
2746,FITfiles/2024-07-31/Beelink1_20240731_141500_59.fit,2024-07-31 14:15:00,0,0,, ,train,190.0,3592.0
2740,FITfiles/2024-07-31/Beelink1_20240731_143000_59.fit,2024-07-31 14:30:00,0,0,, ,valid,190.0,3600.0
2736,FITfiles/2024-07-31/Beelink1_20240731_144500_59.fit,2024-07-31 14:45:00,0,0,, ,valid,190.0,3600.0
2730,FITfiles/2024-07-31/Beelink1_20240731_150000_59.fit,2024-07-31 15:00:00,0,0,, ,train,190.0,3600.0
2745,FITfiles/2024-07-31/Beelink1_20240731_151500_59.fit,2024-07-31 15:15:00,0,0,, ,train,190.0,3600.0
2739,FITfiles/2024-07-31/Beelink1_20240731_153000_59.fit,2024-07-31 15:30:00,0,0,, ,train,190.0,3600.0
2731,FITfiles/2024-07-31/Beelink1_20240731_154500_59.fit,2024-07-31 15:45:00,0,0,, ,train,190.0,3600.0
2733,FITfiles/2024-07-31/Beelink1_20240731_160000_59.fit,2024-07-31 16:00:00,0,0,, ,train,190.0,3600.0
2744,FITfiles/2024-07-31/Beelink1_20240731_161500_59.fit,2024-07-31 16:15:00,0,0,, ,valid,190.0,3592.0
2726,FITfiles/2024-07-31/Beelink1_20240731_163000_59.fit,2024-07-31 16:30:00,0,0,, ,valid,190.0,3600.0
2729,FITfiles/2024-07-31/Beelink1_20240731_164500_59.fit,2024-07-31 16:45:00,0,0,, ,train,190.0,3600.0
2728,FITfiles/2024-07-31/Beelink1_20240731_170000_59.fit,2024-07-31 17:00:00,0,0,, ,train,190.0,3600.0
2732,FITfiles/2024-07-31/Beelink1_20240731_171500_59.fit,2024-07-31 17:15:00,0,0,, ,test,190.0,3600.0
2725,FITfiles/2024-07-31/Beelink1_20240731_173000_59.fit,2024-07-31 17:30:00,0,0,, ,train,190.0,3600.0
2724,FITfiles/2024-07-31/Beelink1_20240731_174500_59.fit,2024-07-31 17:45:00,0,0,, ,train,190.0,3600.0
2723,FITfiles/2024-07-31/Beelink1_20240731_180000_59.fit,2024-07-31 18:00:00,0,0,, ,valid,190.0,3600.0
2718,FITfiles/2024-07-31/Beelink1_20240731_181500_59.fit,2024-07-31 18:15:00,0,0,, ,test,190.0,3592.0
2719,FITfiles/2024-07-31/Beelink1_20240731_183000_59.fit,2024-07-31 18:30:00,0,0,, ,train,190.0,3600.0
2721,FITfiles/2024-07-31/Beelink1_20240731_184500_59.fit,2024-07-31 18:45:00,0,0,, ,train,190.0,3600.0
2727,FITfiles/2024-07-31/Beelink1_20240731_190000_59.fit,2024-07-31 19:00:00,0,0,, ,valid,190.0,3600.0
2722,FITfiles/2024-07-31/Beelink1_20240731_191500_59.fit,2024-07-31 19:15:00,0,0,, ,train,190.0,3600.0
2735,FITfiles/2024-07-31/Beelink1_20240731_193000_59.fit,2024-07-31 19:30:00,0,0,, ,valid,190.0,3600.0
2734,FITfiles/2024-07-31/Beelink1_20240731_194500_59.fit,2024-07-31 19:45:00,0,0,, ,train,190.0,3600.0
2714,FITfiles/2024-07-31/Beelink1_20240731_200000_59.fit,2024-07-31 20:00:00,0,0,, ,valid,190.0,3600.0
2720,FITfiles/2024-07-31/Beelink1_20240731_201500_59.fit,2024-07-31 20:15:00,0,0,, ,train,190.0,3592.0
2717,FITfiles/2024-07-31/Beelink1_20240731_203000_59.fit,2024-07-31 20:30:00,0,0,, ,train,190.0,3600.0
2716,FITfiles/2024-07-31/Beelink1_20240731_204500_59.fit,2024-07-31 20:45:00,0,0,, ,test,190.0,3591.0
8253,FITfiles/2024-08-01/Beelink1_20240801_063000_59.fit,2024-08-01 06:30:00,0,0,, ,train,190.0,3600.0
8246,FITfiles/2024-08-01/Beelink1_20240801_064500_59.fit,2024-08-01 06:45:00,0,0,, ,train,190.0,3600.0
8251,FITfiles/2024-08-01/Beelink1_20240801_070000_59.fit,2024-08-01 07:00:00,0,0,, ,train,190.0,3600.0
8250,FITfiles/2024-08-01/Beelink1_20240801_071500_59.fit,2024-08-01 07:15:00,0,0,, ,valid,190.0,3600.0
8249,FITfiles/2024-08-01/Beelink1_20240801_073000_59.fit,2024-08-01 07:30:00,0,0,, ,test,190.0,3600.0
8242,FITfiles/2024-08-01/Beelink1_20240801_074500_59.fit,2024-08-01 07:45:00,0,0,, ,train,190.0,3600.0
8238,FITfiles/2024-08-01/Beelink1_20240801_080000_59.fit,2024-08-01 08:00:00,0,0,, ,train,190.0,3600.0
8255,FITfiles/2024-08-01/Beelink1_20240801_081500_59.fit,2024-08-01 08:15:00,0,0,, ,train,190.0,3593.0
8239,FITfiles/2024-08-01/Beelink1_20240801_083000_59.fit,2024-08-01 08:30:00,0,0,, ,test,190.0,3600.0
8244,FITfiles/2024-08-01/Beelink1_20240801_084500_59.fit,2024-08-01 08:45:00,0,0,, ,valid,190.0,3600.0
8237,FITfiles/2024-08-01/Beelink1_20240801_090000_59.fit,2024-08-01 09:00:00,0,0,, ,valid,190.0,3600.0
8248,FITfiles/2024-08-01/Beelink1_20240801_091500_59.fit,2024-08-01 09:15:00,0,0,, ,train,190.0,3600.0
8256,FITfiles/2024-08-01/Beelink1_20240801_093000_59.fit,2024-08-01 09:30:00,0,0,, ,valid,190.0,3600.0
8252,FITfiles/2024-08-01/Beelink1_20240801_094500_59.fit,2024-08-01 09:45:00,0,0,, ,train,190.0,3600.0
8240,FITfiles/2024-08-01/Beelink1_20240801_100000_59.fit,2024-08-01 10:00:00,0,0,, ,train,190.0,3600.0
8245,FITfiles/2024-08-01/Beelink1_20240801_101500_59.fit,2024-08-01 10:15:00,0,0,, ,valid,190.0,3600.0
8230,FITfiles/2024-08-01/Beelink1_20240801_103000_59.fit,2024-08-01 10:30:00,0,0,, ,train,190.0,3600.0
8236,FITfiles/2024-08-01/Beelink1_20240801_104500_59.fit,2024-08-01 10:45:00,0,0,, ,train,190.0,3600.0
8223,FITfiles/2024-08-01/Beelink1_20240801_110000_59.fit,2024-08-01 11:00:00,0,0,, ,test,190.0,3600.0
8235,FITfiles/2024-08-01/Beelink1_20240801_111500_59.fit,2024-08-01 11:15:00,0,0,, ,valid,190.0,3600.0
8243,FITfiles/2024-08-01/Beelink1_20240801_112959_59.fit,2024-08-01 11:29:59,0,0,, ,train,190.0,3600.0
8233,FITfiles/2024-08-01/Beelink1_20240801_114459_59.fit,2024-08-01 11:44:59,0,0,, ,test,190.0,3600.0
8241,FITfiles/2024-08-01/Beelink1_20240801_115959_59.fit,2024-08-01 11:59:59,0,0,, ,train,190.0,3600.0
8234,FITfiles/2024-08-01/Beelink1_20240801_121459_59.fit,2024-08-01 12:14:59,0,0,, ,train,190.0,3594.0
8225,FITfiles/2024-08-01/Beelink1_20240801_123000_59.fit,2024-08-01 12:30:00,0,0,, ,train,190.0,3600.0
8228,FITfiles/2024-08-01/Beelink1_20240801_124500_59.fit,2024-08-01 12:45:00,0,0,, ,train,190.0,3600.0
8224,FITfiles/2024-08-01/Beelink1_20240801_130000_59.fit,2024-08-01 13:00:00,0,0,, ,valid,190.0,3600.0
8229,FITfiles/2024-08-01/Beelink1_20240801_131500_59.fit,2024-08-01 13:15:00,0,0,, ,train,190.0,3600.0
8247,FITfiles/2024-08-01/Beelink1_20240801_133000_59.fit,2024-08-01 13:30:00,0,0,, ,train,190.0,3600.0
8232,FITfiles/2024-08-01/Beelink1_20240801_134500_59.fit,2024-08-01 13:45:00,0,0,, ,train,190.0,3600.0
8219,FITfiles/2024-08-01/Beelink1_20240801_140000_59.fit,2024-08-01 14:00:00,0,0,, ,valid,190.0,3600.0
8217,FITfiles/2024-08-01/Beelink1_20240801_141500_59.fit,2024-08-01 14:15:00,0,0,, ,test,190.0,3593.0
8220,FITfiles/2024-08-01/Beelink1_20240801_143000_59.fit,2024-08-01 14:30:00,0,0,, ,test,190.0,3600.0
8222,FITfiles/2024-08-01/Beelink1_20240801_144500_59.fit,2024-08-01 14:45:00,0,0,, ,test,190.0,3600.0
8231,FITfiles/2024-08-01/Beelink1_20240801_150000_59.fit,2024-08-01 15:00:00,0,0,, ,train,190.0,3600.0
8218,FITfiles/2024-08-01/Beelink1_20240801_151500_59.fit,2024-08-01 15:15:00,0,0,, ,test,190.0,3600.0
8227,FITfiles/2024-08-01/Beelink1_20240801_153000_59.fit,2024-08-01 15:30:00,0,0,, ,train,190.0,3600.0
8254,FITfiles/2024-08-01/Beelink1_20240801_154500_59.fit,2024-08-01 15:45:00,0,0,, ,train,190.0,3600.0
8221,FITfiles/2024-08-01/Beelink1_20240801_160000_59.fit,2024-08-01 16:00:00,0,0,, ,train,190.0,3600.0
8226,FITfiles/2024-08-01/Beelink1_20240801_161500_59.fit,2024-08-01 16:15:00,0,0,, ,train,190.0,3592.0
8202,FITfiles/2024-08-01/Beelink1_20240801_163000_59.fit,2024-08-01 16:30:00,0,0,, ,train,190.0,3600.0
8216,FITfiles/2024-08-01/Beelink1_20240801_164500_59.fit,2024-08-01 16:45:00,0,0,, ,train,190.0,3600.0
8203,FITfiles/2024-08-01/Beelink1_20240801_170000_59.fit,2024-08-01 17:00:00,0,0,, ,train,190.0,3600.0
8211,FITfiles/2024-08-01/Beelink1_20240801_171500_59.fit,2024-08-01 17:15:00,0,0,, ,train,190.0,3600.0
8205,FITfiles/2024-08-01/Beelink1_20240801_173000_59.fit,2024-08-01 17:30:00,0,0,, ,valid,190.0,3600.0
8208,FITfiles/2024-08-01/Beelink1_20240801_174500_59.fit,2024-08-01 17:45:00,0,0,, ,train,190.0,3600.0
8198,FITfiles/2024-08-01/Beelink1_20240801_180000_59.fit,2024-08-01 18:00:00,0,0,, ,test,190.0,3600.0
8201,FITfiles/2024-08-01/Beelink1_20240801_181500_59.fit,2024-08-01 18:15:00,0,0,, ,train,190.0,3591.0
8197,FITfiles/2024-08-01/Beelink1_20240801_183000_59.fit,2024-08-01 18:30:00,0,0,, ,train,190.0,3600.0
8200,FITfiles/2024-08-01/Beelink1_20240801_184500_59.fit,2024-08-01 18:45:00,0,0,, ,train,190.0,3600.0
8206,FITfiles/2024-08-01/Beelink1_20240801_190000_59.fit,2024-08-01 19:00:00,0,0,, ,train,190.0,3600.0
8207,FITfiles/2024-08-01/Beelink1_20240801_191500_59.fit,2024-08-01 19:15:00,0,0,, ,train,190.0,3600.0
8209,FITfiles/2024-08-01/Beelink1_20240801_193000_59.fit,2024-08-01 19:30:00,0,0,, ,train,190.0,3600.0
8196,FITfiles/2024-08-01/Beelink1_20240801_194500_59.fit,2024-08-01 19:45:00,0,0,, ,test,190.0,3600.0
8212,FITfiles/2024-08-01/Beelink1_20240801_200000_59.fit,2024-08-01 20:00:00,0,0,, ,train,190.0,3600.0
8195,FITfiles/2024-08-01/Beelink1_20240801_201500_59.fit,2024-08-01 20:15:00,0,0,, ,train,190.0,3592.0
8199,FITfiles/2024-08-01/Beelink1_20240801_203000_59.fit,2024-08-01 20:30:00,0,0,, ,valid,190.0,3600.0
8210,FITfiles/2024-08-01/Beelink1_20240801_204500_59.fit,2024-08-01 20:45:00,0,0,, ,train,190.0,3590.0
4386,FITfiles/2024-08-02/Beelink1_20240802_063000_59.fit,2024-08-02 06:30:00,0,0,, ,valid,190.0,3600.0
4387,FITfiles/2024-08-02/Beelink1_20240802_064500_59.fit,2024-08-02 06:45:00,0,0,, ,test,190.0,3600.0
4382,FITfiles/2024-08-02/Beelink1_20240802_070000_59.fit,2024-08-02 07:00:00,0,0,, ,valid,190.0,3600.0
4392,FITfiles/2024-08-02/Beelink1_20240802_071500_59.fit,2024-08-02 07:15:00,0,0,, ,train,190.0,3600.0
4385,FITfiles/2024-08-02/Beelink1_20240802_073000_59.fit,2024-08-02 07:30:00,0,0,, ,valid,190.0,3600.0
4379,FITfiles/2024-08-02/Beelink1_20240802_074500_59.fit,2024-08-02 07:45:00,0,0,, ,train,190.0,3600.0
4395,FITfiles/2024-08-02/Beelink1_20240802_080000_59.fit,2024-08-02 08:00:00,0,0,, ,valid,190.0,3600.0
4389,FITfiles/2024-08-02/Beelink1_20240802_081500_59.fit,2024-08-02 08:15:00,0,0,, ,test,190.0,3592.0
4279,FITfiles/2024-08-02/Beelink1_20240802_083000_59.fit,2024-08-02 08:30:00,0,0,, ,test,190.0,3600.0
4397,FITfiles/2024-08-02/Beelink1_20240802_084500_59.fit,2024-08-02 08:45:00,0,0,, ,train,190.0,3600.0
4388,FITfiles/2024-08-02/Beelink1_20240802_090000_59.fit,2024-08-02 09:00:00,0,0,, ,valid,190.0,3600.0
4273,FITfiles/2024-08-02/Beelink1_20240802_091500_59.fit,2024-08-02 09:15:00,0,0,, ,train,190.0,3600.0
4394,FITfiles/2024-08-02/Beelink1_20240802_093000_59.fit,2024-08-02 09:30:00,0,0,, ,train,190.0,3600.0
4270,FITfiles/2024-08-02/Beelink1_20240802_094500_59.fit,2024-08-02 09:45:00,0,0,, ,train,190.0,3600.0
4396,FITfiles/2024-08-02/Beelink1_20240802_100000_59.fit,2024-08-02 10:00:00,0,0,, ,train,190.0,3600.0
4390,FITfiles/2024-08-02/Beelink1_20240802_101500_59.fit,2024-08-02 10:15:00,0,0,, ,test,190.0,3600.0
4398,FITfiles/2024-08-02/Beelink1_20240802_103000_59.fit,2024-08-02 10:30:00,0,0,, ,train,190.0,3600.0
4384,FITfiles/2024-08-02/Beelink1_20240802_104500_59.fit,2024-08-02 10:45:00,0,0,, ,train,190.0,3600.0
4271,FITfiles/2024-08-02/Beelink1_20240802_105959_59.fit,2024-08-02 10:59:59,0,0,, ,valid,190.0,3600.0
4274,FITfiles/2024-08-02/Beelink1_20240802_111459_59.fit,2024-08-02 11:14:59,0,0,, ,test,190.0,3600.0
4264,FITfiles/2024-08-02/Beelink1_20240802_112959_59.fit,2024-08-02 11:29:59,0,0,, ,train,190.0,3600.0
4265,FITfiles/2024-08-02/Beelink1_20240802_114459_59.fit,2024-08-02 11:44:59,0,0,, ,train,190.0,3600.0
4262,FITfiles/2024-08-02/Beelink1_20240802_115959_59.fit,2024-08-02 11:59:59,0,0,, ,train,190.0,3600.0
4269,FITfiles/2024-08-02/Beelink1_20240802_121459_59.fit,2024-08-02 12:14:59,0,0,, ,valid,190.0,3595.0
4272,FITfiles/2024-08-02/Beelink1_20240802_123000_59.fit,2024-08-02 12:30:00,0,0,, ,valid,190.0,3600.0
4261,FITfiles/2024-08-02/Beelink1_20240802_124500_59.fit,2024-08-02 12:45:00,0,0,, ,train,190.0,3600.0
4275,FITfiles/2024-08-02/Beelink1_20240802_130000_59.fit,2024-08-02 13:00:00,0,0,, ,train,190.0,3600.0
4399,FITfiles/2024-08-02/Beelink1_20240802_131500_59.fit,2024-08-02 13:15:00,0,0,, ,test,190.0,3600.0
4263,FITfiles/2024-08-02/Beelink1_20240802_133000_59.fit,2024-08-02 13:30:00,0,0,, ,train,190.0,3600.0
4393,FITfiles/2024-08-02/Beelink1_20240802_134500_59.fit,2024-08-02 13:45:00,0,0,, ,train,190.0,3600.0
4260,FITfiles/2024-08-02/Beelink1_20240802_140000_59.fit,2024-08-02 14:00:00,0,0,, ,train,190.0,3600.0
4254,FITfiles/2024-08-02/Beelink1_20240802_141500_59.fit,2024-08-02 14:15:00,0,0,, ,train,190.0,3593.0
4257,FITfiles/2024-08-02/Beelink1_20240802_143000_59.fit,2024-08-02 14:30:00,0,0,, ,train,190.0,3600.0
4248,FITfiles/2024-08-02/Beelink1_20240802_144500_59.fit,2024-08-02 14:45:00,0,0,, ,train,190.0,3600.0
4259,FITfiles/2024-08-02/Beelink1_20240802_150000_59.fit,2024-08-02 15:00:00,0,0,, ,train,190.0,3600.0
4242,FITfiles/2024-08-02/Beelink1_20240802_151500_59.fit,2024-08-02 15:15:00,0,0,, ,train,190.0,3600.0
4244,FITfiles/2024-08-02/Beelink1_20240802_153000_59.fit,2024-08-02 15:30:00,0,0,, ,train,190.0,3600.0
4256,FITfiles/2024-08-02/Beelink1_20240802_154500_59.fit,2024-08-02 15:45:00,0,0,, ,train,190.0,3600.0
4243,FITfiles/2024-08-02/Beelink1_20240802_160000_59.fit,2024-08-02 16:00:00,0,0,, ,train,190.0,3600.0
4245,FITfiles/2024-08-02/Beelink1_20240802_161500_59.fit,2024-08-02 16:15:00,0,0,, ,test,190.0,3593.0
4240,FITfiles/2024-08-02/Beelink1_20240802_163000_59.fit,2024-08-02 16:30:00,0,0,, ,test,190.0,3600.0
4238,FITfiles/2024-08-02/Beelink1_20240802_164500_59.fit,2024-08-02 16:45:00,0,0,, ,train,190.0,3600.0
4253,FITfiles/2024-08-02/Beelink1_20240802_170000_59.fit,2024-08-02 17:00:00,0,0,, ,train,190.0,3600.0
4252,FITfiles/2024-08-02/Beelink1_20240802_171500_59.fit,2024-08-02 17:15:00,0,0,, ,train,190.0,3600.0
4251,FITfiles/2024-08-02/Beelink1_20240802_173000_59.fit,2024-08-02 17:30:00,0,0,, ,train,190.0,3600.0
4233,FITfiles/2024-08-02/Beelink1_20240802_174500_59.fit,2024-08-02 17:45:00,0,0,, ,train,190.0,3600.0
4235,FITfiles/2024-08-02/Beelink1_20240802_180000_59.fit,2024-08-02 18:00:00,0,0,, ,valid,190.0,3600.0
4226,FITfiles/2024-08-02/Beelink1_20240802_181459_59.fit,2024-08-02 18:14:59,0,0,, ,train,190.0,3593.0
4232,FITfiles/2024-08-02/Beelink1_20240802_183000_59.fit,2024-08-02 18:30:00,0,0,, ,train,190.0,3600.0
4217,FITfiles/2024-08-02/Beelink1_20240802_184500_59.fit,2024-08-02 18:45:00,0,0,, ,train,190.0,3600.0
4222,FITfiles/2024-08-02/Beelink1_20240802_190000_59.fit,2024-08-02 19:00:00,0,0,, ,valid,190.0,3600.0
4230,FITfiles/2024-08-02/Beelink1_20240802_191500_59.fit,2024-08-02 19:15:00,0,0,, ,valid,190.0,3600.0
4219,FITfiles/2024-08-02/Beelink1_20240802_193000_59.fit,2024-08-02 19:30:00,0,0,, ,train,190.0,3600.0
4208,FITfiles/2024-08-02/Beelink1_20240802_194500_59.fit,2024-08-02 19:45:00,0,0,, ,train,190.0,3600.0
4214,FITfiles/2024-08-02/Beelink1_20240802_200000_59.fit,2024-08-02 20:00:00,0,0,, ,valid,190.0,3600.0
4211,FITfiles/2024-08-02/Beelink1_20240802_201500_59.fit,2024-08-02 20:15:00,0,0,, ,train,190.0,3593.0
4234,FITfiles/2024-08-02/Beelink1_20240802_203000_59.fit,2024-08-02 20:30:00,0,0,, ,valid,190.0,3600.0
4207,FITfiles/2024-08-02/Beelink1_20240802_204500_59.fit,2024-08-02 20:45:00,0,0,, ,train,190.0,3591.0
4344,FITfiles/2024-08-03/Beelink1_20240803_063000_59.fit,2024-08-03 06:30:00,0,0,, ,train,190.0,3600.0
4345,FITfiles/2024-08-03/Beelink1_20240803_064500_59.fit,2024-08-03 06:45:00,0,0,, ,train,190.0,3600.0
4791,FITfiles/2024-08-03/Beelink1_20240803_070000_59.fit,2024-08-03 07:00:00,0,0,, ,test,190.0,3600.0
4795,FITfiles/2024-08-03/Beelink1_20240803_071500_59.fit,2024-08-03 07:15:00,0,0,, ,test,190.0,3600.0
4790,FITfiles/2024-08-03/Beelink1_20240803_073000_59.fit,2024-08-03 07:30:00,0,0,, ,train,190.0,3600.0
4793,FITfiles/2024-08-03/Beelink1_20240803_074500_59.fit,2024-08-03 07:45:00,0,0,, ,train,190.0,3600.0
4785,FITfiles/2024-08-03/Beelink1_20240803_080000_59.fit,2024-08-03 08:00:00,0,0,, ,train,190.0,3600.0
4796,FITfiles/2024-08-03/Beelink1_20240803_081459_59.fit,2024-08-03 08:14:59,0,0,, ,train,190.0,3593.0
4778,FITfiles/2024-08-03/Beelink1_20240803_083000_59.fit,2024-08-03 08:30:00,0,0,, ,valid,190.0,3600.0
4794,FITfiles/2024-08-03/Beelink1_20240803_084500_59.fit,2024-08-03 08:45:00,0,0,, ,train,190.0,3600.0
4789,FITfiles/2024-08-03/Beelink1_20240803_090000_59.fit,2024-08-03 09:00:00,0,0,, ,train,190.0,3600.0
4788,FITfiles/2024-08-03/Beelink1_20240803_091500_59.fit,2024-08-03 09:15:00,0,0,, ,test,190.0,3600.0
4781,FITfiles/2024-08-03/Beelink1_20240803_093000_59.fit,2024-08-03 09:30:00,0,0,, ,test,190.0,3600.0
4792,FITfiles/2024-08-03/Beelink1_20240803_094500_59.fit,2024-08-03 09:45:00,0,0,, ,train,190.0,3600.0
4787,FITfiles/2024-08-03/Beelink1_20240803_100000_59.fit,2024-08-03 10:00:00,0,0,, ,train,190.0,3600.0
4343,FITfiles/2024-08-03/Beelink1_20240803_101500_59.fit,2024-08-03 10:15:00,0,0,, ,train,190.0,3600.0
4347,FITfiles/2024-08-03/Beelink1_20240803_102959_59.fit,2024-08-03 10:29:59,0,0,, ,test,190.0,3600.0
4346,FITfiles/2024-08-03/Beelink1_20240803_104459_59.fit,2024-08-03 10:44:59,0,0,, ,train,190.0,3600.0
4783,FITfiles/2024-08-03/Beelink1_20240803_105959_59.fit,2024-08-03 10:59:59,0,0,, ,test,190.0,3600.0
4342,FITfiles/2024-08-03/Beelink1_20240803_111459_59.fit,2024-08-03 11:14:59,0,0,, ,train,190.0,3600.0
4786,FITfiles/2024-08-03/Beelink1_20240803_112959_59.fit,2024-08-03 11:29:59,0,0,, ,test,190.0,3600.0
4773,FITfiles/2024-08-03/Beelink1_20240803_114459_59.fit,2024-08-03 11:44:59,0,0,, ,train,190.0,3600.0
4777,FITfiles/2024-08-03/Beelink1_20240803_115959_59.fit,2024-08-03 11:59:59,0,0,, ,train,190.0,3600.0
4776,FITfiles/2024-08-03/Beelink1_20240803_121459_59.fit,2024-08-03 12:14:59,0,0,, ,train,190.0,3595.0
4782,FITfiles/2024-08-03/Beelink1_20240803_123000_59.fit,2024-08-03 12:30:00,0,0,, ,train,190.0,3600.0
4771,FITfiles/2024-08-03/Beelink1_20240803_124500_59.fit,2024-08-03 12:45:00,0,0,, ,train,190.0,3600.0
4772,FITfiles/2024-08-03/Beelink1_20240803_130000_59.fit,2024-08-03 13:00:00,0,0,, ,train,190.0,3600.0
4341,FITfiles/2024-08-03/Beelink1_20240803_131500_59.fit,2024-08-03 13:15:00,0,0,, ,valid,190.0,3600.0
4769,FITfiles/2024-08-03/Beelink1_20240803_133000_59.fit,2024-08-03 13:30:00,0,0,, ,train,190.0,3600.0
4774,FITfiles/2024-08-03/Beelink1_20240803_134500_59.fit,2024-08-03 13:45:00,0,0,, ,test,190.0,3600.0
4779,FITfiles/2024-08-03/Beelink1_20240803_140000_59.fit,2024-08-03 14:00:00,0,0,, ,train,190.0,3600.0
4780,FITfiles/2024-08-03/Beelink1_20240803_141500_59.fit,2024-08-03 14:15:00,0,0,, ,valid,190.0,3593.0
4761,FITfiles/2024-08-03/Beelink1_20240803_143000_59.fit,2024-08-03 14:30:00,0,0,, ,test,190.0,3600.0
4765,FITfiles/2024-08-03/Beelink1_20240803_144500_59.fit,2024-08-03 14:45:00,0,0,, ,test,190.0,3600.0
4752,FITfiles/2024-08-03/Beelink1_20240803_150000_59.fit,2024-08-03 15:00:00,0,0,, ,train,190.0,3600.0
4759,FITfiles/2024-08-03/Beelink1_20240803_151500_59.fit,2024-08-03 15:15:00,0,0,, ,train,190.0,3600.0
4767,FITfiles/2024-08-03/Beelink1_20240803_153000_59.fit,2024-08-03 15:30:00,0,0,, ,test,190.0,3600.0
4757,FITfiles/2024-08-03/Beelink1_20240803_154500_59.fit,2024-08-03 15:45:00,0,0,, ,valid,190.0,3600.0
4768,FITfiles/2024-08-03/Beelink1_20240803_160000_59.fit,2024-08-03 16:00:00,0,0,, ,train,190.0,3600.0
4755,FITfiles/2024-08-03/Beelink1_20240803_161500_59.fit,2024-08-03 16:15:00,0,0,, ,valid,190.0,3593.0
4760,FITfiles/2024-08-03/Beelink1_20240803_163000_59.fit,2024-08-03 16:30:00,0,0,, ,test,190.0,3600.0
4340,FITfiles/2024-08-03/Beelink1_20240803_164500_59.fit,2024-08-03 16:45:00,0,0,, ,train,190.0,3600.0
4743,FITfiles/2024-08-03/Beelink1_20240803_170000_59.fit,2024-08-03 17:00:00,0,0,, ,train,190.0,3600.0
4739,FITfiles/2024-08-03/Beelink1_20240803_171500_59.fit,2024-08-03 17:15:00,0,0,, ,train,190.0,3600.0
4337,FITfiles/2024-08-03/Beelink1_20240803_173000_59.fit,2024-08-03 17:30:00,0,0,, ,train,190.0,3600.0
4747,FITfiles/2024-08-03/Beelink1_20240803_174500_59.fit,2024-08-03 17:45:00,0,0,, ,valid,190.0,3600.0
4741,FITfiles/2024-08-03/Beelink1_20240803_180000_59.fit,2024-08-03 18:00:00,0,0,, ,valid,190.0,3600.0
4745,FITfiles/2024-08-03/Beelink1_20240803_181500_59.fit,2024-08-03 18:15:00,0,0,, ,train,190.0,3593.0
4737,FITfiles/2024-08-03/Beelink1_20240803_183000_59.fit,2024-08-03 18:30:00,0,0,, ,train,190.0,3600.0
4738,FITfiles/2024-08-03/Beelink1_20240803_184500_59.fit,2024-08-03 18:45:00,0,0,, ,test,190.0,3600.0
4784,FITfiles/2024-08-03/Beelink1_20240803_190000_59.fit,2024-08-03 19:00:00,0,0,, ,valid,190.0,3600.0
4740,FITfiles/2024-08-03/Beelink1_20240803_191500_59.fit,2024-08-03 19:15:00,0,0,, ,train,190.0,3600.0
4762,FITfiles/2024-08-03/Beelink1_20240803_193000_59.fit,2024-08-03 19:30:00,0,0,, ,train,190.0,3600.0
4734,FITfiles/2024-08-03/Beelink1_20240803_194500_59.fit,2024-08-03 19:45:00,0,0,, ,train,190.0,3600.0
4764,FITfiles/2024-08-03/Beelink1_20240803_200000_59.fit,2024-08-03 20:00:00,0,0,, ,train,190.0,3600.0
4723,FITfiles/2024-08-03/Beelink1_20240803_201500_59.fit,2024-08-03 20:15:00,0,0,, ,train,190.0,3592.0
4727,FITfiles/2024-08-03/Beelink1_20240803_203000_59.fit,2024-08-03 20:30:00,0,0,, ,train,190.0,3600.0
4731,FITfiles/2024-08-03/Beelink1_20240803_204500_59.fit,2024-08-03 20:45:00,0,0,, ,test,190.0,3590.0
2960,FITfiles/2024-08-04/Beelink1_20240804_063000_59.fit,2024-08-04 06:30:00,0,0,, ,train,190.0,3600.0
2945,FITfiles/2024-08-04/Beelink1_20240804_064500_59.fit,2024-08-04 06:45:00,0,0,, ,valid,190.0,3600.0
2947,FITfiles/2024-08-04/Beelink1_20240804_070000_59.fit,2024-08-04 07:00:00,0,0,, ,train,190.0,3600.0
2939,FITfiles/2024-08-04/Beelink1_20240804_071500_59.fit,2024-08-04 07:15:00,0,0,, ,train,190.0,3600.0
3008,FITfiles/2024-08-04/Beelink1_20240804_073000_59.fit,2024-08-04 07:30:00,0,0,, ,train,190.0,3600.0
2944,FITfiles/2024-08-04/Beelink1_20240804_074500_59.fit,2024-08-04 07:45:00,0,0,, ,train,190.0,3600.0
2941,FITfiles/2024-08-04/Beelink1_20240804_080000_59.fit,2024-08-04 08:00:00,0,0,, ,train,190.0,3600.0
2938,FITfiles/2024-08-04/Beelink1_20240804_081500_59.fit,2024-08-04 08:15:00,0,0,, ,train,190.0,3592.0
2940,FITfiles/2024-08-04/Beelink1_20240804_083000_59.fit,2024-08-04 08:30:00,0,0,, ,train,190.0,3600.0
2937,FITfiles/2024-08-04/Beelink1_20240804_084500_59.fit,2024-08-04 08:45:00,0,0,, ,valid,190.0,3600.0
2942,FITfiles/2024-08-04/Beelink1_20240804_090000_59.fit,2024-08-04 09:00:00,0,0,, ,valid,190.0,3600.0
2958,FITfiles/2024-08-04/Beelink1_20240804_091500_59.fit,2024-08-04 09:15:00,0,0,, ,train,190.0,3600.0
2936,FITfiles/2024-08-04/Beelink1_20240804_093000_59.fit,2024-08-04 09:30:00,0,0,, ,valid,190.0,3600.0
2933,FITfiles/2024-08-04/Beelink1_20240804_094500_59.fit,2024-08-04 09:45:00,0,0,, ,train,190.0,3600.0
2935,FITfiles/2024-08-04/Beelink1_20240804_100000_59.fit,2024-08-04 10:00:00,0,0,, ,train,190.0,3600.0
2929,FITfiles/2024-08-04/Beelink1_20240804_101500_59.fit,2024-08-04 10:15:00,0,0,, ,train,190.0,3600.0
2928,FITfiles/2024-08-04/Beelink1_20240804_103000_59.fit,2024-08-04 10:30:00,0,0,, ,test,190.0,3600.0
2931,FITfiles/2024-08-04/Beelink1_20240804_104459_59.fit,2024-08-04 10:44:59,0,0,, ,valid,190.0,3600.0
2925,FITfiles/2024-08-04/Beelink1_20240804_105959_59.fit,2024-08-04 10:59:59,0,0,, ,train,190.0,3600.0
2924,FITfiles/2024-08-04/Beelink1_20240804_111459_59.fit,2024-08-04 11:14:59,0,0,, ,train,190.0,3600.0
2923,FITfiles/2024-08-04/Beelink1_20240804_112959_59.fit,2024-08-04 11:29:59,0,0,, ,test,190.0,3600.0
2922,FITfiles/2024-08-04/Beelink1_20240804_114459_59.fit,2024-08-04 11:44:59,0,0,, ,train,190.0,3600.0
2934,FITfiles/2024-08-04/Beelink1_20240804_115959_59.fit,2024-08-04 11:59:59,0,0,, ,valid,190.0,3600.0
2946,FITfiles/2024-08-04/Beelink1_20240804_121459_59.fit,2024-08-04 12:14:59,0,0,, ,train,190.0,3595.0
2932,FITfiles/2024-08-04/Beelink1_20240804_123000_59.fit,2024-08-04 12:30:00,0,0,, ,test,190.0,3600.0
2918,FITfiles/2024-08-04/Beelink1_20240804_124500_59.fit,2024-08-04 12:45:00,0,0,, ,train,190.0,3600.0
2927,FITfiles/2024-08-04/Beelink1_20240804_130000_59.fit,2024-08-04 13:00:00,0,0,, ,train,190.0,3600.0
2930,FITfiles/2024-08-04/Beelink1_20240804_131500_59.fit,2024-08-04 13:15:00,0,0,, ,train,190.0,3600.0
2915,FITfiles/2024-08-04/Beelink1_20240804_133000_59.fit,2024-08-04 13:30:00,0,0,, ,train,190.0,3600.0
2913,FITfiles/2024-08-04/Beelink1_20240804_134500_59.fit,2024-08-04 13:45:00,0,0,, ,valid,190.0,3600.0
2914,FITfiles/2024-08-04/Beelink1_20240804_140000_59.fit,2024-08-04 14:00:00,0,0,, ,train,190.0,3600.0
2916,FITfiles/2024-08-04/Beelink1_20240804_141500_59.fit,2024-08-04 14:15:00,0,0,, ,valid,190.0,3592.0
2906,FITfiles/2024-08-04/Beelink1_20240804_143000_59.fit,2024-08-04 14:30:00,0,0,, ,train,190.0,3600.0
2949,FITfiles/2024-08-04/Beelink1_20240804_144500_59.fit,2024-08-04 14:45:00,0,0,, ,train,190.0,3600.0
2907,FITfiles/2024-08-04/Beelink1_20240804_150000_59.fit,2024-08-04 15:00:00,0,0,, ,train,190.0,3600.0
2912,FITfiles/2024-08-04/Beelink1_20240804_151500_59.fit,2024-08-04 15:15:00,0,0,, ,train,190.0,3600.0
2921,FITfiles/2024-08-04/Beelink1_20240804_153000_59.fit,2024-08-04 15:30:00,0,0,, ,train,190.0,3600.0
2926,FITfiles/2024-08-04/Beelink1_20240804_154500_59.fit,2024-08-04 15:45:00,0,0,, ,train,190.0,3600.0
2911,FITfiles/2024-08-04/Beelink1_20240804_160000_59.fit,2024-08-04 16:00:00,0,0,, ,valid,190.0,3600.0
2910,FITfiles/2024-08-04/Beelink1_20240804_161500_59.fit,2024-08-04 16:15:00,0,0,, ,train,190.0,3592.0
2920,FITfiles/2024-08-04/Beelink1_20240804_163000_59.fit,2024-08-04 16:30:00,0,0,, ,valid,190.0,3600.0
2919,FITfiles/2024-08-04/Beelink1_20240804_164500_59.fit,2024-08-04 16:45:00,0,0,, ,train,190.0,3600.0
2900,FITfiles/2024-08-04/Beelink1_20240804_170000_59.fit,2024-08-04 17:00:00,0,0,, ,train,190.0,3600.0
2917,FITfiles/2024-08-04/Beelink1_20240804_171500_59.fit,2024-08-04 17:15:00,0,0,, ,train,190.0,3600.0
2897,FITfiles/2024-08-04/Beelink1_20240804_173000_59.fit,2024-08-04 17:30:00,0,0,, ,valid,190.0,3600.0
2904,FITfiles/2024-08-04/Beelink1_20240804_174500_59.fit,2024-08-04 17:45:00,0,0,, ,test,190.0,3600.0
2909,FITfiles/2024-08-04/Beelink1_20240804_180000_59.fit,2024-08-04 18:00:00,0,0,, ,test,190.0,3600.0
2903,FITfiles/2024-08-04/Beelink1_20240804_181500_59.fit,2024-08-04 18:15:00,0,0,, ,train,190.0,3592.0
2908,FITfiles/2024-08-04/Beelink1_20240804_183000_59.fit,2024-08-04 18:30:00,0,0,, ,valid,190.0,3600.0
2898,FITfiles/2024-08-04/Beelink1_20240804_184500_59.fit,2024-08-04 18:45:00,0,0,, ,test,190.0,3600.0
2896,FITfiles/2024-08-04/Beelink1_20240804_190000_59.fit,2024-08-04 19:00:00,0,0,, ,train,190.0,3600.0
2887,FITfiles/2024-08-04/Beelink1_20240804_191500_59.fit,2024-08-04 19:15:00,0,0,, ,train,190.0,3600.0
2894,FITfiles/2024-08-04/Beelink1_20240804_193000_59.fit,2024-08-04 19:30:00,0,0,, ,test,190.0,3600.0
2905,FITfiles/2024-08-04/Beelink1_20240804_194500_59.fit,2024-08-04 19:45:00,0,0,, ,test,190.0,3600.0
2893,FITfiles/2024-08-04/Beelink1_20240804_200000_59.fit,2024-08-04 20:00:00,0,0,, ,train,190.0,3600.0
2888,FITfiles/2024-08-04/Beelink1_20240804_201459_59.fit,2024-08-04 20:14:59,0,0,, ,train,190.0,3593.0
2885,FITfiles/2024-08-04/Beelink1_20240804_203000_59.fit,2024-08-04 20:30:00,0,0,, ,train,190.0,3600.0
2882,FITfiles/2024-08-04/Beelink1_20240804_204500_59.fit,2024-08-04 20:45:00,0,0,, ,train,190.0,3590.0
4166,FITfiles/2024-08-05/Beelink1_20240805_063000_59.fit,2024-08-05 06:30:00,0,0,, ,train,190.0,3600.0
4167,FITfiles/2024-08-05/Beelink1_20240805_064500_59.fit,2024-08-05 06:45:00,0,0,, ,train,190.0,3600.0
4163,FITfiles/2024-08-05/Beelink1_20240805_070000_59.fit,2024-08-05 07:00:00,0,0,, ,train,190.0,3600.0
4169,FITfiles/2024-08-05/Beelink1_20240805_071500_59.fit,2024-08-05 07:15:00,0,0,, ,train,190.0,3600.0
4165,FITfiles/2024-08-05/Beelink1_20240805_073000_59.fit,2024-08-05 07:30:00,0,0,, ,train,190.0,3600.0
4153,FITfiles/2024-08-05/Beelink1_20240805_074500_59.fit,2024-08-05 07:45:00,0,0,, ,test,190.0,3600.0
4170,FITfiles/2024-08-05/Beelink1_20240805_080000_59.fit,2024-08-05 08:00:00,0,0,, ,valid,190.0,3600.0
4155,FITfiles/2024-08-05/Beelink1_20240805_081500_59.fit,2024-08-05 08:15:00,0,0,, ,valid,190.0,3593.0
4160,FITfiles/2024-08-05/Beelink1_20240805_083000_59.fit,2024-08-05 08:30:00,0,0,, ,train,190.0,3600.0
4162,FITfiles/2024-08-05/Beelink1_20240805_084500_59.fit,2024-08-05 08:45:00,0,0,, ,test,190.0,3600.0
4171,FITfiles/2024-08-05/Beelink1_20240805_090000_59.fit,2024-08-05 09:00:00,0,0,, ,train,190.0,3600.0
4164,FITfiles/2024-08-05/Beelink1_20240805_091500_59.fit,2024-08-05 09:15:00,0,0,, ,test,190.0,3600.0
4154,FITfiles/2024-08-05/Beelink1_20240805_093000_59.fit,2024-08-05 09:30:00,0,0,, ,train,190.0,3600.0
4173,FITfiles/2024-08-05/Beelink1_20240805_094500_59.fit,2024-08-05 09:45:00,0,0,, ,test,190.0,3600.0
4152,FITfiles/2024-08-05/Beelink1_20240805_100000_59.fit,2024-08-05 10:00:00,0,0,, ,test,190.0,3600.0
4174,FITfiles/2024-08-05/Beelink1_20240805_101500_59.fit,2024-08-05 10:15:00,0,0,, ,train,190.0,3600.0
4149,FITfiles/2024-08-05/Beelink1_20240805_102959_59.fit,2024-08-05 10:29:59,0,0,, ,test,190.0,3600.0
4161,FITfiles/2024-08-05/Beelink1_20240805_104459_59.fit,2024-08-05 10:44:59,0,0,, ,test,190.0,3600.0
4151,FITfiles/2024-08-05/Beelink1_20240805_105959_59.fit,2024-08-05 10:59:59,0,0,, ,train,190.0,3600.0
4150,FITfiles/2024-08-05/Beelink1_20240805_111459_59.fit,2024-08-05 11:14:59,0,0,, ,train,190.0,3600.0
4147,FITfiles/2024-08-05/Beelink1_20240805_112959_59.fit,2024-08-05 11:29:59,0,0,, ,valid,190.0,3600.0
4158,FITfiles/2024-08-05/Beelink1_20240805_114459_59.fit,2024-08-05 11:44:59,0,0,, ,train,190.0,3600.0
4156,FITfiles/2024-08-05/Beelink1_20240805_115959_59.fit,2024-08-05 11:59:59,0,0,, ,train,190.0,3600.0
4143,FITfiles/2024-08-05/Beelink1_20240805_121459_59.fit,2024-08-05 12:14:59,0,0,, ,valid,190.0,3595.0
4168,FITfiles/2024-08-05/Beelink1_20240805_123000_59.fit,2024-08-05 12:30:00,0,0,, ,train,190.0,3600.0
4148,FITfiles/2024-08-05/Beelink1_20240805_124500_59.fit,2024-08-05 12:45:00,0,0,, ,test,190.0,3600.0
4145,FITfiles/2024-08-05/Beelink1_20240805_130000_59.fit,2024-08-05 13:00:00,0,0,, ,valid,190.0,3600.0
4159,FITfiles/2024-08-05/Beelink1_20240805_131500_59.fit,2024-08-05 13:15:00,0,0,, ,test,190.0,3600.0
4157,FITfiles/2024-08-05/Beelink1_20240805_133000_59.fit,2024-08-05 13:30:00,0,0,, ,train,190.0,3600.0
4172,FITfiles/2024-08-05/Beelink1_20240805_134500_59.fit,2024-08-05 13:45:00,0,0,, ,train,190.0,3600.0
4134,FITfiles/2024-08-05/Beelink1_20240805_140000_59.fit,2024-08-05 14:00:00,0,0,, ,train,190.0,3600.0
4140,FITfiles/2024-08-05/Beelink1_20240805_141500_59.fit,2024-08-05 14:15:00,0,0,, ,train,190.0,3593.0
4137,FITfiles/2024-08-05/Beelink1_20240805_143000_59.fit,2024-08-05 14:30:00,0,0,, ,test,190.0,3600.0
4146,FITfiles/2024-08-05/Beelink1_20240805_144500_59.fit,2024-08-05 14:45:00,0,0,, ,train,190.0,3600.0
4139,FITfiles/2024-08-05/Beelink1_20240805_150000_59.fit,2024-08-05 15:00:00,0,0,, ,train,190.0,3600.0
4132,FITfiles/2024-08-05/Beelink1_20240805_151500_59.fit,2024-08-05 15:15:00,0,0,, ,valid,190.0,3600.0
4129,FITfiles/2024-08-05/Beelink1_20240805_153000_59.fit,2024-08-05 15:30:00,0,0,, ,train,190.0,3600.0
4135,FITfiles/2024-08-05/Beelink1_20240805_154500_59.fit,2024-08-05 15:45:00,0,0,, ,train,190.0,3600.0
4122,FITfiles/2024-08-05/Beelink1_20240805_160000_59.fit,2024-08-05 16:00:00,0,0,, ,train,190.0,3600.0
4141,FITfiles/2024-08-05/Beelink1_20240805_161500_59.fit,2024-08-05 16:15:00,0,0,, ,train,190.0,3593.0
4126,FITfiles/2024-08-05/Beelink1_20240805_163000_59.fit,2024-08-05 16:30:00,0,0,, ,valid,190.0,3600.0
4138,FITfiles/2024-08-05/Beelink1_20240805_164500_59.fit,2024-08-05 16:45:00,0,0,, ,train,190.0,3600.0
4121,FITfiles/2024-08-05/Beelink1_20240805_170000_59.fit,2024-08-05 17:00:00,0,0,, ,test,190.0,3600.0
4127,FITfiles/2024-08-05/Beelink1_20240805_171500_59.fit,2024-08-05 17:15:00,0,0,, ,test,190.0,3600.0
4144,FITfiles/2024-08-05/Beelink1_20240805_173000_59.fit,2024-08-05 17:30:00,0,0,, ,valid,190.0,3600.0
4136,FITfiles/2024-08-05/Beelink1_20240805_174500_59.fit,2024-08-05 17:45:00,0,0,, ,valid,190.0,3600.0
4124,FITfiles/2024-08-05/Beelink1_20240805_180000_59.fit,2024-08-05 18:00:00,0,0,, ,train,190.0,3600.0
4120,FITfiles/2024-08-05/Beelink1_20240805_181500_59.fit,2024-08-05 18:15:00,0,0,, ,train,190.0,3592.0
4128,FITfiles/2024-08-05/Beelink1_20240805_183000_59.fit,2024-08-05 18:30:00,0,0,, ,train,190.0,3600.0
4115,FITfiles/2024-08-05/Beelink1_20240805_184500_59.fit,2024-08-05 18:45:00,0,0,, ,train,190.0,3600.0
4113,FITfiles/2024-08-05/Beelink1_20240805_190000_59.fit,2024-08-05 19:00:00,0,0,, ,train,190.0,3600.0
4117,FITfiles/2024-08-05/Beelink1_20240805_191500_59.fit,2024-08-05 19:15:00,0,0,, ,train,190.0,3600.0
4116,FITfiles/2024-08-05/Beelink1_20240805_193000_59.fit,2024-08-05 19:30:00,0,0,, ,train,190.0,3600.0
4133,FITfiles/2024-08-05/Beelink1_20240805_194500_59.fit,2024-08-05 19:45:00,0,0,, ,train,190.0,3600.0
4118,FITfiles/2024-08-05/Beelink1_20240805_200000_59.fit,2024-08-05 20:00:00,0,0,, ,train,190.0,3600.0
4106,FITfiles/2024-08-05/Beelink1_20240805_201500_59.fit,2024-08-05 20:15:00,0,0,, ,train,190.0,3592.0
4102,FITfiles/2024-08-05/Beelink1_20240805_203000_59.fit,2024-08-05 20:30:00,0,0,, ,train,190.0,3600.0
4119,FITfiles/2024-08-05/Beelink1_20240805_204500_59.fit,2024-08-05 20:45:00,0,0,, ,train,190.0,3591.0
4250,FITfiles/2024-08-06/Beelink1_20240806_063000_59.fit,2024-08-06 06:30:00,0,0,, ,train,190.0,3600.0
4249,FITfiles/2024-08-06/Beelink1_20240806_064500_59.fit,2024-08-06 06:45:00,0,0,, ,valid,190.0,3600.0
4247,FITfiles/2024-08-06/Beelink1_20240806_070000_59.fit,2024-08-06 07:00:00,0,0,, ,test,190.0,3600.0
4255,FITfiles/2024-08-06/Beelink1_20240806_071500_59.fit,2024-08-06 07:15:00,0,0,, ,test,190.0,3600.0
4267,FITfiles/2024-08-06/Beelink1_20240806_073000_59.fit,2024-08-06 07:30:00,0,0,, ,train,190.0,3600.0
4237,FITfiles/2024-08-06/Beelink1_20240806_074500_59.fit,2024-08-06 07:45:00,0,0,, ,train,190.0,3600.0
4268,FITfiles/2024-08-06/Beelink1_20240806_080000_59.fit,2024-08-06 08:00:00,0,0,, ,train,190.0,3600.0
4266,FITfiles/2024-08-06/Beelink1_20240806_081500_59.fit,2024-08-06 08:15:00,0,0,, ,train,190.0,3593.0
4236,FITfiles/2024-08-06/Beelink1_20240806_083000_59.fit,2024-08-06 08:30:00,0,0,, ,train,190.0,3600.0
4246,FITfiles/2024-08-06/Beelink1_20240806_084500_59.fit,2024-08-06 08:45:00,0,0,, ,train,190.0,3600.0
4239,FITfiles/2024-08-06/Beelink1_20240806_090000_59.fit,2024-08-06 09:00:00,0,0,, ,train,190.0,3600.0
4229,FITfiles/2024-08-06/Beelink1_20240806_091500_59.fit,2024-08-06 09:15:00,0,0,, ,train,190.0,3600.0
4258,FITfiles/2024-08-06/Beelink1_20240806_093000_59.fit,2024-08-06 09:30:00,0,0,, ,train,190.0,3600.0
4231,FITfiles/2024-08-06/Beelink1_20240806_094500_59.fit,2024-08-06 09:45:00,0,0,, ,test,190.0,3600.0
4225,FITfiles/2024-08-06/Beelink1_20240806_100000_59.fit,2024-08-06 10:00:00,0,0,, ,train,190.0,3600.0
4221,FITfiles/2024-08-06/Beelink1_20240806_101500_59.fit,2024-08-06 10:15:00,0,0,, ,train,190.0,3600.0
4220,FITfiles/2024-08-06/Beelink1_20240806_103000_59.fit,2024-08-06 10:30:00,0,0,, ,train,190.0,3600.0
4224,FITfiles/2024-08-06/Beelink1_20240806_104459_59.fit,2024-08-06 10:44:59,0,0,, ,train,190.0,3600.0
4215,FITfiles/2024-08-06/Beelink1_20240806_105959_59.fit,2024-08-06 10:59:59,0,0,, ,valid,190.0,3600.0
4218,FITfiles/2024-08-06/Beelink1_20240806_111459_59.fit,2024-08-06 11:14:59,0,0,, ,train,190.0,3600.0
4210,FITfiles/2024-08-06/Beelink1_20240806_112959_59.fit,2024-08-06 11:29:59,0,0,, ,test,190.0,3600.0
4213,FITfiles/2024-08-06/Beelink1_20240806_114459_59.fit,2024-08-06 11:44:59,0,0,, ,test,190.0,3600.0
4223,FITfiles/2024-08-06/Beelink1_20240806_115959_59.fit,2024-08-06 11:59:59,0,0,, ,train,190.0,3600.0
4227,FITfiles/2024-08-06/Beelink1_20240806_121459_59.fit,2024-08-06 12:14:59,0,0,, ,train,190.0,3595.0
4202,FITfiles/2024-08-06/Beelink1_20240806_123000_59.fit,2024-08-06 12:30:00,0,0,, ,valid,190.0,3600.0
4203,FITfiles/2024-08-06/Beelink1_20240806_124500_59.fit,2024-08-06 12:45:00,0,0,, ,train,190.0,3600.0
4205,FITfiles/2024-08-06/Beelink1_20240806_130000_59.fit,2024-08-06 13:00:00,0,0,, ,train,190.0,3600.0
4201,FITfiles/2024-08-06/Beelink1_20240806_131500_59.fit,2024-08-06 13:15:00,0,0,, ,valid,190.0,3600.0
4206,FITfiles/2024-08-06/Beelink1_20240806_133000_59.fit,2024-08-06 13:30:00,0,0,, ,test,190.0,3600.0
4241,FITfiles/2024-08-06/Beelink1_20240806_134500_59.fit,2024-08-06 13:45:00,0,0,, ,test,190.0,3600.0
4209,FITfiles/2024-08-06/Beelink1_20240806_140000_59.fit,2024-08-06 14:00:00,0,0,, ,valid,190.0,3600.0
4197,FITfiles/2024-08-06/Beelink1_20240806_141500_59.fit,2024-08-06 14:15:00,0,0,, ,valid,190.0,3593.0
4216,FITfiles/2024-08-06/Beelink1_20240806_143000_59.fit,2024-08-06 14:30:00,0,0,, ,train,190.0,3600.0
4198,FITfiles/2024-08-06/Beelink1_20240806_144500_59.fit,2024-08-06 14:45:00,0,0,, ,valid,190.0,3600.0
4193,FITfiles/2024-08-06/Beelink1_20240806_150000_59.fit,2024-08-06 15:00:00,0,0,, ,test,190.0,3600.0
4204,FITfiles/2024-08-06/Beelink1_20240806_151500_59.fit,2024-08-06 15:15:00,0,0,, ,valid,190.0,3600.0
4199,FITfiles/2024-08-06/Beelink1_20240806_153000_59.fit,2024-08-06 15:30:00,0,0,, ,train,190.0,3600.0
4195,FITfiles/2024-08-06/Beelink1_20240806_154500_59.fit,2024-08-06 15:45:00,0,0,, ,train,190.0,3600.0
4191,FITfiles/2024-08-06/Beelink1_20240806_160000_59.fit,2024-08-06 16:00:00,0,0,, ,train,190.0,3600.0
4192,FITfiles/2024-08-06/Beelink1_20240806_161500_59.fit,2024-08-06 16:15:00,0,0,, ,train,190.0,3592.0
4187,FITfiles/2024-08-06/Beelink1_20240806_163000_59.fit,2024-08-06 16:30:00,0,0,, ,test,190.0,3600.0
4194,FITfiles/2024-08-06/Beelink1_20240806_164500_59.fit,2024-08-06 16:45:00,0,0,, ,train,190.0,3600.0
4200,FITfiles/2024-08-06/Beelink1_20240806_170000_59.fit,2024-08-06 17:00:00,0,0,, ,test,190.0,3600.0
4185,FITfiles/2024-08-06/Beelink1_20240806_171500_59.fit,2024-08-06 17:15:00,0,0,, ,test,190.0,3600.0
4190,FITfiles/2024-08-06/Beelink1_20240806_173000_59.fit,2024-08-06 17:30:00,0,0,, ,valid,190.0,3600.0
4181,FITfiles/2024-08-06/Beelink1_20240806_174500_59.fit,2024-08-06 17:45:00,0,0,, ,train,190.0,3600.0
4212,FITfiles/2024-08-06/Beelink1_20240806_180000_59.fit,2024-08-06 18:00:00,0,0,, ,train,190.0,3600.0
4180,FITfiles/2024-08-06/Beelink1_20240806_181500_59.fit,2024-08-06 18:15:00,0,0,, ,train,190.0,3592.0
4186,FITfiles/2024-08-06/Beelink1_20240806_183000_59.fit,2024-08-06 18:30:00,0,0,, ,train,190.0,3600.0
4228,FITfiles/2024-08-06/Beelink1_20240806_184500_59.fit,2024-08-06 18:45:00,0,0,, ,train,190.0,3600.0
4184,FITfiles/2024-08-06/Beelink1_20240806_190000_59.fit,2024-08-06 19:00:00,0,0,, ,train,190.0,3600.0
4196,FITfiles/2024-08-06/Beelink1_20240806_191500_59.fit,2024-08-06 19:15:00,0,0,, ,train,190.0,3600.0
4188,FITfiles/2024-08-06/Beelink1_20240806_193000_59.fit,2024-08-06 19:30:00,0,0,, ,train,190.0,3600.0
4177,FITfiles/2024-08-06/Beelink1_20240806_194500_59.fit,2024-08-06 19:45:00,0,0,, ,train,190.0,3600.0
4183,FITfiles/2024-08-06/Beelink1_20240806_200000_59.fit,2024-08-06 20:00:00,0,0,, ,test,190.0,3600.0
4179,FITfiles/2024-08-06/Beelink1_20240806_201500_59.fit,2024-08-06 20:15:00,0,0,, ,train,190.0,3592.0
4182,FITfiles/2024-08-06/Beelink1_20240806_203000_59.fit,2024-08-06 20:30:00,0,0,, ,train,190.0,3600.0
4189,FITfiles/2024-08-06/Beelink1_20240806_204500_59.fit,2024-08-06 20:45:00,0,0,, ,train,190.0,3591.0
5822,FITfiles/2024-08-07/Beelink1_20240807_063000_59.fit,2024-08-07 06:30:00,0,0,, ,train,190.0,3600.0
5821,FITfiles/2024-08-07/Beelink1_20240807_064500_59.fit,2024-08-07 06:45:00,0,0,, ,train,190.0,3600.0
5817,FITfiles/2024-08-07/Beelink1_20240807_070000_59.fit,2024-08-07 07:00:00,0,0,, ,train,190.0,3600.0
5825,FITfiles/2024-08-07/Beelink1_20240807_071500_59.fit,2024-08-07 07:15:00,0,0,, ,valid,190.0,3600.0
5810,FITfiles/2024-08-07/Beelink1_20240807_073000_59.fit,2024-08-07 07:30:00,0,0,, ,valid,190.0,3600.0
5826,FITfiles/2024-08-07/Beelink1_20240807_074500_59.fit,2024-08-07 07:45:00,0,0,, ,train,190.0,3600.0
5815,FITfiles/2024-08-07/Beelink1_20240807_080000_59.fit,2024-08-07 08:00:00,0,0,, ,train,190.0,3600.0
5816,FITfiles/2024-08-07/Beelink1_20240807_081500_59.fit,2024-08-07 08:15:00,0,0,, ,train,190.0,3592.0
5812,FITfiles/2024-08-07/Beelink1_20240807_083000_59.fit,2024-08-07 08:30:00,0,0,, ,valid,190.0,3600.0
5805,FITfiles/2024-08-07/Beelink1_20240807_084500_59.fit,2024-08-07 08:45:00,0,0,, ,train,190.0,3600.0
5802,FITfiles/2024-08-07/Beelink1_20240807_090000_59.fit,2024-08-07 09:00:00,0,0,, ,train,190.0,3600.0
5801,FITfiles/2024-08-07/Beelink1_20240807_091500_59.fit,2024-08-07 09:15:00,0,0,, ,test,190.0,3600.0
5814,FITfiles/2024-08-07/Beelink1_20240807_093000_59.fit,2024-08-07 09:30:00,0,0,, ,test,190.0,3600.0
5803,FITfiles/2024-08-07/Beelink1_20240807_094500_59.fit,2024-08-07 09:45:00,0,0,, ,train,190.0,3600.0
5804,FITfiles/2024-08-07/Beelink1_20240807_100000_59.fit,2024-08-07 10:00:00,0,0,, ,train,190.0,3600.0
5806,FITfiles/2024-08-07/Beelink1_20240807_101500_59.fit,2024-08-07 10:15:00,0,0,, ,train,190.0,3600.0
5796,FITfiles/2024-08-07/Beelink1_20240807_103000_59.fit,2024-08-07 10:30:00,0,0,, ,train,190.0,3600.0
5799,FITfiles/2024-08-07/Beelink1_20240807_104459_59.fit,2024-08-07 10:44:59,0,0,, ,train,190.0,3600.0
5808,FITfiles/2024-08-07/Beelink1_20240807_105959_59.fit,2024-08-07 10:59:59,0,0,, ,test,190.0,3600.0
5807,FITfiles/2024-08-07/Beelink1_20240807_111459_59.fit,2024-08-07 11:14:59,0,0,, ,train,190.0,3600.0
5793,FITfiles/2024-08-07/Beelink1_20240807_112959_59.fit,2024-08-07 11:29:59,0,0,, ,train,190.0,3600.0
5797,FITfiles/2024-08-07/Beelink1_20240807_114459_59.fit,2024-08-07 11:44:59,0,0,, ,train,190.0,3600.0
5811,FITfiles/2024-08-07/Beelink1_20240807_115959_59.fit,2024-08-07 11:59:59,0,0,, ,train,190.0,3600.0
5819,FITfiles/2024-08-07/Beelink1_20240807_121459_59.fit,2024-08-07 12:14:59,0,0,, ,train,190.0,3595.0
5794,FITfiles/2024-08-07/Beelink1_20240807_123000_59.fit,2024-08-07 12:30:00,0,0,, ,train,190.0,3600.0
5791,FITfiles/2024-08-07/Beelink1_20240807_124500_59.fit,2024-08-07 12:45:00,0,0,, ,train,190.0,3600.0
5792,FITfiles/2024-08-07/Beelink1_20240807_130000_59.fit,2024-08-07 13:00:00,0,0,, ,train,190.0,3600.0
5813,FITfiles/2024-08-07/Beelink1_20240807_131500_59.fit,2024-08-07 13:15:00,0,0,, ,train,190.0,3600.0
5800,FITfiles/2024-08-07/Beelink1_20240807_133000_59.fit,2024-08-07 13:30:00,0,0,, ,valid,190.0,3600.0
5795,FITfiles/2024-08-07/Beelink1_20240807_134500_59.fit,2024-08-07 13:45:00,0,0,, ,valid,190.0,3600.0
5784,FITfiles/2024-08-07/Beelink1_20240807_140000_59.fit,2024-08-07 14:00:00,0,0,, ,test,190.0,3600.0
5818,FITfiles/2024-08-07/Beelink1_20240807_141500_59.fit,2024-08-07 14:15:00,0,0,, ,test,190.0,3592.0
5787,FITfiles/2024-08-07/Beelink1_20240807_143000_59.fit,2024-08-07 14:30:00,0,0,, ,train,190.0,3600.0
5783,FITfiles/2024-08-07/Beelink1_20240807_144500_59.fit,2024-08-07 14:45:00,0,0,, ,train,190.0,3600.0
5788,FITfiles/2024-08-07/Beelink1_20240807_150000_59.fit,2024-08-07 15:00:00,0,0,, ,train,190.0,3600.0
5798,FITfiles/2024-08-07/Beelink1_20240807_151500_59.fit,2024-08-07 15:15:00,0,0,, ,train,190.0,3600.0
5785,FITfiles/2024-08-07/Beelink1_20240807_153000_59.fit,2024-08-07 15:30:00,0,0,, ,train,190.0,3600.0
5776,FITfiles/2024-08-07/Beelink1_20240807_154500_59.fit,2024-08-07 15:45:00,0,0,, ,train,190.0,3600.0
5779,FITfiles/2024-08-07/Beelink1_20240807_160000_59.fit,2024-08-07 16:00:00,0,0,, ,test,190.0,3600.0
5786,FITfiles/2024-08-07/Beelink1_20240807_161500_59.fit,2024-08-07 16:15:00,0,0,, ,train,190.0,3593.0
5777,FITfiles/2024-08-07/Beelink1_20240807_163000_59.fit,2024-08-07 16:30:00,0,0,, ,train,190.0,3600.0
5773,FITfiles/2024-08-07/Beelink1_20240807_164500_59.fit,2024-08-07 16:45:00,0,0,, ,valid,190.0,3600.0
5790,FITfiles/2024-08-07/Beelink1_20240807_170000_59.fit,2024-08-07 17:00:00,0,0,, ,valid,190.0,3600.0
5778,FITfiles/2024-08-07/Beelink1_20240807_171500_59.fit,2024-08-07 17:15:00,0,0,, ,train,190.0,3600.0
5789,FITfiles/2024-08-07/Beelink1_20240807_173000_59.fit,2024-08-07 17:30:00,0,0,, ,train,190.0,3600.0
5782,FITfiles/2024-08-07/Beelink1_20240807_174500_59.fit,2024-08-07 17:45:00,0,0,, ,train,190.0,3600.0
5768,FITfiles/2024-08-07/Beelink1_20240807_180000_59.fit,2024-08-07 18:00:00,0,0,, ,train,190.0,3600.0
5771,FITfiles/2024-08-07/Beelink1_20240807_181459_59.fit,2024-08-07 18:14:59,0,0,, ,train,190.0,3593.0
5775,FITfiles/2024-08-07/Beelink1_20240807_183000_59.fit,2024-08-07 18:30:00,0,0,, ,train,190.0,3600.0
5767,FITfiles/2024-08-07/Beelink1_20240807_184500_59.fit,2024-08-07 18:45:00,0,0,, ,test,190.0,3600.0
5770,FITfiles/2024-08-07/Beelink1_20240807_190000_59.fit,2024-08-07 19:00:00,0,0,, ,test,190.0,3600.0
5780,FITfiles/2024-08-07/Beelink1_20240807_191500_59.fit,2024-08-07 19:15:00,0,0,, ,train,190.0,3600.0
5772,FITfiles/2024-08-07/Beelink1_20240807_193000_59.fit,2024-08-07 19:30:00,0,0,, ,test,190.0,3600.0
5766,FITfiles/2024-08-07/Beelink1_20240807_194500_59.fit,2024-08-07 19:45:00,0,0,, ,test,190.0,3600.0
5781,FITfiles/2024-08-07/Beelink1_20240807_200000_59.fit,2024-08-07 20:00:00,0,0,, ,valid,190.0,3600.0
5769,FITfiles/2024-08-07/Beelink1_20240807_201500_59.fit,2024-08-07 20:15:00,0,0,, ,test,190.0,3592.0
5774,FITfiles/2024-08-07/Beelink1_20240807_203000_59.fit,2024-08-07 20:30:00,0,0,, ,train,190.0,3600.0
5760,FITfiles/2024-08-07/Beelink1_20240807_204500_59.fit,2024-08-07 20:45:00,0,0,, ,train,190.0,3591.0
5085,FITfiles/2024-08-08/Beelink1_20240808_063000_59.fit,2024-08-08 06:30:00,0,0,, ,valid,190.0,3600.0
5075,FITfiles/2024-08-08/Beelink1_20240808_064500_59.fit,2024-08-08 06:45:00,0,0,, ,train,190.0,3600.0
5063,FITfiles/2024-08-08/Beelink1_20240808_070000_59.fit,2024-08-08 07:00:00,0,0,, ,test,190.0,3600.0
5058,FITfiles/2024-08-08/Beelink1_20240808_071500_59.fit,2024-08-08 07:15:00,0,0,, ,train,190.0,3600.0
5083,FITfiles/2024-08-08/Beelink1_20240808_073000_59.fit,2024-08-08 07:30:00,0,0,, ,train,190.0,3600.0
5092,FITfiles/2024-08-08/Beelink1_20240808_074500_59.fit,2024-08-08 07:45:00,0,0,, ,train,190.0,3600.0
5059,FITfiles/2024-08-08/Beelink1_20240808_080000_59.fit,2024-08-08 08:00:00,0,0,, ,valid,190.0,3600.0
5047,FITfiles/2024-08-08/Beelink1_20240808_081500_59.fit,2024-08-08 08:15:00,0,0,, ,train,190.0,3593.0
5070,FITfiles/2024-08-08/Beelink1_20240808_083000_59.fit,2024-08-08 08:30:00,0,0,, ,train,190.0,3600.0
5055,FITfiles/2024-08-08/Beelink1_20240808_084500_59.fit,2024-08-08 08:45:00,0,0,, ,train,190.0,3600.0
5042,FITfiles/2024-08-08/Beelink1_20240808_090000_59.fit,2024-08-08 09:00:00,0,0,, ,train,190.0,3600.0
5045,FITfiles/2024-08-08/Beelink1_20240808_091500_59.fit,2024-08-08 09:15:00,0,0,, ,train,190.0,3600.0
5040,FITfiles/2024-08-08/Beelink1_20240808_093000_59.fit,2024-08-08 09:30:00,0,0,, ,train,190.0,3600.0
5038,FITfiles/2024-08-08/Beelink1_20240808_094500_59.fit,2024-08-08 09:45:00,0,0,, ,valid,190.0,3600.0
5067,FITfiles/2024-08-08/Beelink1_20240808_100000_59.fit,2024-08-08 10:00:00,0,0,, ,train,190.0,3600.0
4378,FITfiles/2024-08-08/Beelink1_20240808_101500_59.fit,2024-08-08 10:15:00,0,0,, ,train,190.0,3600.0
5041,FITfiles/2024-08-08/Beelink1_20240808_102959_59.fit,2024-08-08 10:29:59,0,0,, ,valid,190.0,3600.0
5065,FITfiles/2024-08-08/Beelink1_20240808_104459_59.fit,2024-08-08 10:44:59,0,0,, ,train,190.0,3600.0
4973,FITfiles/2024-08-08/Beelink1_20240808_105959_59.fit,2024-08-08 10:59:59,0,0,, ,valid,190.0,3600.0
4970,FITfiles/2024-08-08/Beelink1_20240808_111459_59.fit,2024-08-08 11:14:59,0,0,, ,test,190.0,3600.0
4992,FITfiles/2024-08-08/Beelink1_20240808_112959_59.fit,2024-08-08 11:29:59,0,0,, ,train,190.0,3600.0
4969,FITfiles/2024-08-08/Beelink1_20240808_114459_59.fit,2024-08-08 11:44:59,0,0,, ,valid,190.0,3600.0
4980,FITfiles/2024-08-08/Beelink1_20240808_115959_59.fit,2024-08-08 11:59:59,0,0,, ,train,190.0,3600.0
4967,FITfiles/2024-08-08/Beelink1_20240808_121459_59.fit,2024-08-08 12:14:59,0,0,, ,valid,190.0,3595.0
4964,FITfiles/2024-08-08/Beelink1_20240808_123000_59.fit,2024-08-08 12:30:00,0,0,, ,valid,190.0,3600.0
4985,FITfiles/2024-08-08/Beelink1_20240808_124500_59.fit,2024-08-08 12:45:00,0,0,, ,train,190.0,3600.0
4959,FITfiles/2024-08-08/Beelink1_20240808_130000_59.fit,2024-08-08 13:00:00,0,0,, ,train,190.0,3600.0
4371,FITfiles/2024-08-08/Beelink1_20240808_131500_59.fit,2024-08-08 13:15:00,0,0,, ,valid,190.0,3600.0
4971,FITfiles/2024-08-08/Beelink1_20240808_133000_59.fit,2024-08-08 13:30:00,0,0,, ,train,190.0,3600.0
4974,FITfiles/2024-08-08/Beelink1_20240808_134500_59.fit,2024-08-08 13:45:00,0,0,, ,train,190.0,3600.0
4963,FITfiles/2024-08-08/Beelink1_20240808_140000_59.fit,2024-08-08 14:00:00,0,0,, ,train,190.0,3600.0
5017,FITfiles/2024-08-08/Beelink1_20240808_141500_59.fit,2024-08-08 14:15:00,0,0,, ,test,190.0,3592.0
4370,FITfiles/2024-08-08/Beelink1_20240808_143000_59.fit,2024-08-08 14:30:00,0,0,, ,test,190.0,3600.0
4960,FITfiles/2024-08-08/Beelink1_20240808_144500_59.fit,2024-08-08 14:45:00,0,0,, ,train,190.0,3600.0
4968,FITfiles/2024-08-08/Beelink1_20240808_150000_59.fit,2024-08-08 15:00:00,0,0,, ,train,190.0,3600.0
4955,FITfiles/2024-08-08/Beelink1_20240808_151500_59.fit,2024-08-08 15:15:00,0,0,, ,valid,190.0,3600.0
4961,FITfiles/2024-08-08/Beelink1_20240808_153000_59.fit,2024-08-08 15:30:00,0,0,, ,train,190.0,3600.0
4991,FITfiles/2024-08-08/Beelink1_20240808_154500_59.fit,2024-08-08 15:45:00,0,0,, ,train,190.0,3600.0
4950,FITfiles/2024-08-08/Beelink1_20240808_160000_59.fit,2024-08-08 16:00:00,0,0,, ,train,190.0,3600.0
4369,FITfiles/2024-08-08/Beelink1_20240808_161500_59.fit,2024-08-08 16:15:00,0,0,, ,train,190.0,3592.0
4957,FITfiles/2024-08-08/Beelink1_20240808_163000_59.fit,2024-08-08 16:30:00,0,0,, ,train,190.0,3600.0
4962,FITfiles/2024-08-08/Beelink1_20240808_164500_59.fit,2024-08-08 16:45:00,0,0,, ,train,190.0,3600.0
4966,FITfiles/2024-08-08/Beelink1_20240808_170000_59.fit,2024-08-08 17:00:00,0,0,, ,train,190.0,3600.0
4954,FITfiles/2024-08-08/Beelink1_20240808_171500_59.fit,2024-08-08 17:15:00,0,0,, ,test,190.0,3600.0
4951,FITfiles/2024-08-08/Beelink1_20240808_173000_59.fit,2024-08-08 17:30:00,0,0,, ,train,190.0,3600.0
4965,FITfiles/2024-08-08/Beelink1_20240808_174500_59.fit,2024-08-08 17:45:00,0,0,, ,train,190.0,3600.0
4953,FITfiles/2024-08-08/Beelink1_20240808_180000_59.fit,2024-08-08 18:00:00,0,0,, ,train,190.0,3600.0
4942,FITfiles/2024-08-08/Beelink1_20240808_181500_59.fit,2024-08-08 18:15:00,0,0,, ,train,190.0,3592.0
4946,FITfiles/2024-08-08/Beelink1_20240808_183000_59.fit,2024-08-08 18:30:00,0,0,, ,test,190.0,3600.0
4948,FITfiles/2024-08-08/Beelink1_20240808_184500_59.fit,2024-08-08 18:45:00,0,0,, ,test,190.0,3600.0
4945,FITfiles/2024-08-08/Beelink1_20240808_190000_59.fit,2024-08-08 19:00:00,0,0,, ,train,190.0,3600.0
4952,FITfiles/2024-08-08/Beelink1_20240808_191500_59.fit,2024-08-08 19:15:00,0,0,, ,valid,190.0,3600.0
4949,FITfiles/2024-08-08/Beelink1_20240808_193000_59.fit,2024-08-08 19:30:00,0,0,, ,train,190.0,3600.0
4947,FITfiles/2024-08-08/Beelink1_20240808_194500_59.fit,2024-08-08 19:45:00,0,0,, ,train,190.0,3600.0
4368,FITfiles/2024-08-08/Beelink1_20240808_200000_59.fit,2024-08-08 20:00:00,0,0,, ,train,190.0,3600.0
4936,FITfiles/2024-08-08/Beelink1_20240808_201500_59.fit,2024-08-08 20:15:00,0,0,, ,train,190.0,3592.0
4934,FITfiles/2024-08-08/Beelink1_20240808_203000_59.fit,2024-08-08 20:30:00,0,0,, ,train,190.0,3600.0
4937,FITfiles/2024-08-08/Beelink1_20240808_204500_59.fit,2024-08-08 20:45:00,0,0,, ,train,190.0,3590.0
7942,FITfiles/2024-08-09/Beelink1_20240809_063000_59.fit,2024-08-09 06:30:00,0,0,, ,train,190.0,3600.0
7908,FITfiles/2024-08-09/Beelink1_20240809_064500_59.fit,2024-08-09 06:45:00,0,0,, ,train,190.0,3600.0
7911,FITfiles/2024-08-09/Beelink1_20240809_070000_59.fit,2024-08-09 07:00:00,0,0,, ,test,190.0,3600.0
7910,FITfiles/2024-08-09/Beelink1_20240809_071500_59.fit,2024-08-09 07:15:00,0,0,, ,train,190.0,3600.0
7909,FITfiles/2024-08-09/Beelink1_20240809_073000_59.fit,2024-08-09 07:30:00,0,0,, ,valid,190.0,3600.0
7907,FITfiles/2024-08-09/Beelink1_20240809_074500_59.fit,2024-08-09 07:45:00,0,0,, ,valid,190.0,3600.0
7902,FITfiles/2024-08-09/Beelink1_20240809_080000_59.fit,2024-08-09 08:00:00,0,0,, ,valid,190.0,3600.0
7906,FITfiles/2024-08-09/Beelink1_20240809_081500_59.fit,2024-08-09 08:15:00,0,0,, ,train,190.0,3592.0
7903,FITfiles/2024-08-09/Beelink1_20240809_083000_59.fit,2024-08-09 08:30:00,0,0,, ,test,190.0,3600.0
7896,FITfiles/2024-08-09/Beelink1_20240809_084500_59.fit,2024-08-09 08:45:00,0,0,, ,train,190.0,3600.0
7912,FITfiles/2024-08-09/Beelink1_20240809_090000_59.fit,2024-08-09 09:00:00,0,0,, ,train,190.0,3600.0
7901,FITfiles/2024-08-09/Beelink1_20240809_091500_59.fit,2024-08-09 09:15:00,0,0,, ,train,190.0,3600.0
7647,FITfiles/2024-08-09/Beelink1_20240809_093000_59.fit,2024-08-09 09:30:00,0,0,, ,train,190.0,3600.0
7897,FITfiles/2024-08-09/Beelink1_20240809_094500_59.fit,2024-08-09 09:45:00,0,0,, ,train,190.0,3600.0
7900,FITfiles/2024-08-09/Beelink1_20240809_100000_59.fit,2024-08-09 10:00:00,0,0,, ,valid,190.0,3600.0
7892,FITfiles/2024-08-09/Beelink1_20240809_101500_59.fit,2024-08-09 10:15:00,0,0,, ,train,190.0,3600.0
7905,FITfiles/2024-08-09/Beelink1_20240809_103000_59.fit,2024-08-09 10:30:00,0,0,, ,test,190.0,3600.0
7891,FITfiles/2024-08-09/Beelink1_20240809_104459_59.fit,2024-08-09 10:44:59,0,0,, ,train,190.0,3600.0
7885,FITfiles/2024-08-09/Beelink1_20240809_105959_59.fit,2024-08-09 10:59:59,0,0,, ,train,190.0,3600.0
7894,FITfiles/2024-08-09/Beelink1_20240809_111459_59.fit,2024-08-09 11:14:59,0,0,, ,train,190.0,3600.0
7893,FITfiles/2024-08-09/Beelink1_20240809_112959_59.fit,2024-08-09 11:29:59,0,0,, ,valid,190.0,3600.0
7898,FITfiles/2024-08-09/Beelink1_20240809_114459_59.fit,2024-08-09 11:44:59,0,0,, ,train,190.0,3600.0
7646,FITfiles/2024-08-09/Beelink1_20240809_115959_59.fit,2024-08-09 11:59:59,0,0,, ,test,190.0,3600.0
7904,FITfiles/2024-08-09/Beelink1_20240809_121459_59.fit,2024-08-09 12:14:59,0,0,, ,train,190.0,3595.0
7880,FITfiles/2024-08-09/Beelink1_20240809_123000_59.fit,2024-08-09 12:30:00,0,0,, ,test,190.0,3600.0
7883,FITfiles/2024-08-09/Beelink1_20240809_124500_59.fit,2024-08-09 12:45:00,0,0,, ,train,190.0,3600.0
7899,FITfiles/2024-08-09/Beelink1_20240809_130000_59.fit,2024-08-09 13:00:00,0,0,, ,train,190.0,3600.0
7889,FITfiles/2024-08-09/Beelink1_20240809_131500_59.fit,2024-08-09 13:15:00,0,0,, ,train,190.0,3600.0
7895,FITfiles/2024-08-09/Beelink1_20240809_133000_59.fit,2024-08-09 13:30:00,0,0,, ,train,190.0,3600.0
7886,FITfiles/2024-08-09/Beelink1_20240809_134500_59.fit,2024-08-09 13:45:00,0,0,, ,valid,190.0,3600.0
7881,FITfiles/2024-08-09/Beelink1_20240809_140000_59.fit,2024-08-09 14:00:00,0,0,, ,train,190.0,3600.0
7888,FITfiles/2024-08-09/Beelink1_20240809_141500_59.fit,2024-08-09 14:15:00,0,0,, ,train,190.0,3592.0
7877,FITfiles/2024-08-09/Beelink1_20240809_143000_59.fit,2024-08-09 14:30:00,0,0,, ,train,190.0,3600.0
7884,FITfiles/2024-08-09/Beelink1_20240809_144500_59.fit,2024-08-09 14:45:00,0,0,, ,train,190.0,3600.0
7878,FITfiles/2024-08-09/Beelink1_20240809_150000_59.fit,2024-08-09 15:00:00,0,0,, ,test,190.0,3600.0
7872,FITfiles/2024-08-09/Beelink1_20240809_151500_59.fit,2024-08-09 15:15:00,0,0,, ,test,190.0,3600.0
7874,FITfiles/2024-08-09/Beelink1_20240809_153000_59.fit,2024-08-09 15:30:00,0,0,, ,train,190.0,3600.0
7870,FITfiles/2024-08-09/Beelink1_20240809_154500_59.fit,2024-08-09 15:45:00,0,0,, ,train,190.0,3600.0
7887,FITfiles/2024-08-09/Beelink1_20240809_160000_59.fit,2024-08-09 16:00:00,0,0,, ,train,190.0,3600.0
7875,FITfiles/2024-08-09/Beelink1_20240809_161500_59.fit,2024-08-09 16:15:00,0,0,, ,valid,190.0,3592.0
7871,FITfiles/2024-08-09/Beelink1_20240809_163000_59.fit,2024-08-09 16:30:00,0,0,, ,test,190.0,3600.0
7873,FITfiles/2024-08-09/Beelink1_20240809_164500_59.fit,2024-08-09 16:45:00,0,0,, ,test,190.0,3600.0
7876,FITfiles/2024-08-09/Beelink1_20240809_170000_59.fit,2024-08-09 17:00:00,0,0,, ,valid,190.0,3600.0
7879,FITfiles/2024-08-09/Beelink1_20240809_171500_59.fit,2024-08-09 17:15:00,0,0,, ,train,190.0,3600.0
7882,FITfiles/2024-08-09/Beelink1_20240809_173000_59.fit,2024-08-09 17:30:00,0,0,, ,train,190.0,3600.0
7869,FITfiles/2024-08-09/Beelink1_20240809_174500_59.fit,2024-08-09 17:45:00,0,0,, ,train,190.0,3600.0
7641,FITfiles/2024-08-09/Beelink1_20240809_180000_59.fit,2024-08-09 18:00:00,0,0,, ,train,190.0,3600.0
7640,FITfiles/2024-08-09/Beelink1_20240809_181500_59.fit,2024-08-09 18:15:00,0,0,, ,test,190.0,3593.0
7642,FITfiles/2024-08-09/Beelink1_20240809_183000_59.fit,2024-08-09 18:30:00,0,0,, ,test,190.0,3600.0
7644,FITfiles/2024-08-09/Beelink1_20240809_184500_59.fit,2024-08-09 18:45:00,0,0,, ,valid,190.0,3600.0
7643,FITfiles/2024-08-09/Beelink1_20240809_190000_59.fit,2024-08-09 19:00:00,0,0,, ,test,190.0,3600.0
7639,FITfiles/2024-08-09/Beelink1_20240809_191500_59.fit,2024-08-09 19:15:00,0,0,, ,valid,190.0,3600.0
7890,FITfiles/2024-08-09/Beelink1_20240809_193000_59.fit,2024-08-09 19:30:00,0,0,, ,train,190.0,3600.0
7638,FITfiles/2024-08-09/Beelink1_20240809_194500_59.fit,2024-08-09 19:45:00,0,0,, ,test,190.0,3600.0
7637,FITfiles/2024-08-09/Beelink1_20240809_200000_59.fit,2024-08-09 20:00:00,0,0,, ,test,190.0,3600.0
7636,FITfiles/2024-08-09/Beelink1_20240809_201500_59.fit,2024-08-09 20:15:00,0,0,, ,train,190.0,3592.0
7645,FITfiles/2024-08-09/Beelink1_20240809_203000_59.fit,2024-08-09 20:30:00,0,0,, ,train,190.0,3600.0
7635,FITfiles/2024-08-09/Beelink1_20240809_204500_59.fit,2024-08-09 20:45:00,0,0,, ,test,190.0,3590.0
9188,FITfiles/2024-08-10/Beelink1_20240810_063000_59.fit,2024-08-10 06:30:00,0,0,, ,train,190.0,3600.0
9186,FITfiles/2024-08-10/Beelink1_20240810_064500_59.fit,2024-08-10 06:45:00,0,0,, ,test,190.0,3600.0
9191,FITfiles/2024-08-10/Beelink1_20240810_070000_59.fit,2024-08-10 07:00:00,0,0,, ,train,190.0,3600.0
9189,FITfiles/2024-08-10/Beelink1_20240810_071500_59.fit,2024-08-10 07:15:00,0,0,, ,valid,190.0,3600.0
9179,FITfiles/2024-08-10/Beelink1_20240810_073000_59.fit,2024-08-10 07:30:00,0,0,, ,train,190.0,3600.0
9182,FITfiles/2024-08-10/Beelink1_20240810_074500_59.fit,2024-08-10 07:45:00,0,0,, ,train,190.0,3600.0
9183,FITfiles/2024-08-10/Beelink1_20240810_080000_59.fit,2024-08-10 08:00:00,0,0,, ,train,190.0,3600.0
9181,FITfiles/2024-08-10/Beelink1_20240810_081500_59.fit,2024-08-10 08:15:00,0,0,, ,train,190.0,3593.0
9178,FITfiles/2024-08-10/Beelink1_20240810_083000_59.fit,2024-08-10 08:30:00,0,0,, ,train,190.0,3600.0
9184,FITfiles/2024-08-10/Beelink1_20240810_084500_59.fit,2024-08-10 08:45:00,0,0,, ,test,190.0,3600.0
9174,FITfiles/2024-08-10/Beelink1_20240810_090000_59.fit,2024-08-10 09:00:00,0,0,, ,test,190.0,3600.0
9187,FITfiles/2024-08-10/Beelink1_20240810_091500_59.fit,2024-08-10 09:15:00,0,0,, ,train,190.0,3600.0
9185,FITfiles/2024-08-10/Beelink1_20240810_093000_59.fit,2024-08-10 09:30:00,0,0,, ,valid,190.0,3600.0
9176,FITfiles/2024-08-10/Beelink1_20240810_094500_59.fit,2024-08-10 09:45:00,0,0,, ,train,190.0,3600.0
9175,FITfiles/2024-08-10/Beelink1_20240810_100000_59.fit,2024-08-10 10:00:00,0,0,, ,test,190.0,3600.0
9171,FITfiles/2024-08-10/Beelink1_20240810_101500_59.fit,2024-08-10 10:15:00,0,0,, ,train,190.0,3600.0
9173,FITfiles/2024-08-10/Beelink1_20240810_102959_59.fit,2024-08-10 10:29:59,0,0,, ,train,190.0,3600.0
9180,FITfiles/2024-08-10/Beelink1_20240810_104459_59.fit,2024-08-10 10:44:59,0,0,, ,train,190.0,3600.0
9169,FITfiles/2024-08-10/Beelink1_20240810_105959_59.fit,2024-08-10 10:59:59,0,0,, ,valid,190.0,3600.0
9177,FITfiles/2024-08-10/Beelink1_20240810_111459_59.fit,2024-08-10 11:14:59,0,0,, ,valid,190.0,3600.0
9170,FITfiles/2024-08-10/Beelink1_20240810_112959_59.fit,2024-08-10 11:29:59,0,0,, ,train,190.0,3600.0
9163,FITfiles/2024-08-10/Beelink1_20240810_114459_59.fit,2024-08-10 11:44:59,0,0,, ,test,190.0,3600.0
9164,FITfiles/2024-08-10/Beelink1_20240810_115959_59.fit,2024-08-10 11:59:59,0,0,, ,train,190.0,3600.0
9160,FITfiles/2024-08-10/Beelink1_20240810_121459_59.fit,2024-08-10 12:14:59,0,0,, ,train,190.0,3596.0
9162,FITfiles/2024-08-10/Beelink1_20240810_123000_59.fit,2024-08-10 12:30:00,0,0,, ,train,190.0,3600.0
9165,FITfiles/2024-08-10/Beelink1_20240810_124500_59.fit,2024-08-10 12:45:00,0,0,, ,test,190.0,3600.0
9168,FITfiles/2024-08-10/Beelink1_20240810_130000_59.fit,2024-08-10 13:00:00,0,0,, ,test,190.0,3600.0
9166,FITfiles/2024-08-10/Beelink1_20240810_131500_59.fit,2024-08-10 13:15:00,0,0,, ,test,190.0,3600.0
9156,FITfiles/2024-08-10/Beelink1_20240810_133000_59.fit,2024-08-10 13:30:00,0,0,, ,train,190.0,3600.0
9155,FITfiles/2024-08-10/Beelink1_20240810_134500_59.fit,2024-08-10 13:45:00,0,0,, ,train,190.0,3600.0
9152,FITfiles/2024-08-10/Beelink1_20240810_140000_59.fit,2024-08-10 14:00:00,0,0,, ,train,190.0,3600.0
9153,FITfiles/2024-08-10/Beelink1_20240810_141500_59.fit,2024-08-10 14:15:00,0,0,, ,test,190.0,3593.0
9161,FITfiles/2024-08-10/Beelink1_20240810_143000_59.fit,2024-08-10 14:30:00,0,0,, ,train,190.0,3600.0
9151,FITfiles/2024-08-10/Beelink1_20240810_144500_59.fit,2024-08-10 14:45:00,0,0,, ,train,190.0,3600.0
9147,FITfiles/2024-08-10/Beelink1_20240810_150000_59.fit,2024-08-10 15:00:00,0,0,, ,test,190.0,3600.0
9148,FITfiles/2024-08-10/Beelink1_20240810_151500_59.fit,2024-08-10 15:15:00,0,0,, ,test,190.0,3600.0
9149,FITfiles/2024-08-10/Beelink1_20240810_153000_59.fit,2024-08-10 15:30:00,0,0,, ,train,190.0,3600.0
9154,FITfiles/2024-08-10/Beelink1_20240810_154500_59.fit,2024-08-10 15:45:00,0,0,, ,train,190.0,3600.0
9167,FITfiles/2024-08-10/Beelink1_20240810_160000_59.fit,2024-08-10 16:00:00,0,0,, ,train,190.0,3600.0
9143,FITfiles/2024-08-10/Beelink1_20240810_161500_59.fit,2024-08-10 16:15:00,0,0,, ,valid,190.0,3593.0
9157,FITfiles/2024-08-10/Beelink1_20240810_163000_59.fit,2024-08-10 16:30:00,0,0,, ,train,190.0,3600.0
9159,FITfiles/2024-08-10/Beelink1_20240810_164500_59.fit,2024-08-10 16:45:00,0,0,, ,train,190.0,3600.0
9150,FITfiles/2024-08-10/Beelink1_20240810_170000_59.fit,2024-08-10 17:00:00,0,0,, ,train,190.0,3600.0
9145,FITfiles/2024-08-10/Beelink1_20240810_171500_59.fit,2024-08-10 17:15:00,0,0,, ,train,190.0,3600.0
9146,FITfiles/2024-08-10/Beelink1_20240810_173000_59.fit,2024-08-10 17:30:00,0,0,, ,train,190.0,3600.0
9141,FITfiles/2024-08-10/Beelink1_20240810_174500_59.fit,2024-08-10 17:45:00,0,0,, ,train,190.0,3600.0
9144,FITfiles/2024-08-10/Beelink1_20240810_180000_59.fit,2024-08-10 18:00:00,0,0,, ,valid,190.0,3600.0
9172,FITfiles/2024-08-10/Beelink1_20240810_181500_59.fit,2024-08-10 18:15:00,0,0,, ,train,190.0,3593.0
9140,FITfiles/2024-08-10/Beelink1_20240810_183000_59.fit,2024-08-10 18:30:00,0,0,, ,valid,190.0,3600.0
9139,FITfiles/2024-08-10/Beelink1_20240810_184500_59.fit,2024-08-10 18:45:00,0,0,, ,test,190.0,3600.0
9138,FITfiles/2024-08-10/Beelink1_20240810_190000_59.fit,2024-08-10 19:00:00,0,0,, ,train,190.0,3600.0
9136,FITfiles/2024-08-10/Beelink1_20240810_191500_59.fit,2024-08-10 19:15:00,0,0,, ,test,190.0,3600.0
9135,FITfiles/2024-08-10/Beelink1_20240810_193000_59.fit,2024-08-10 19:30:00,0,0,, ,train,190.0,3600.0
9137,FITfiles/2024-08-10/Beelink1_20240810_194500_59.fit,2024-08-10 19:45:00,0,0,, ,train,190.0,3600.0
9158,FITfiles/2024-08-10/Beelink1_20240810_200000_59.fit,2024-08-10 20:00:00,0,0,, ,train,190.0,3600.0
9131,FITfiles/2024-08-10/Beelink1_20240810_201500_59.fit,2024-08-10 20:15:00,0,0,, ,train,190.0,3593.0
9133,FITfiles/2024-08-10/Beelink1_20240810_203000_59.fit,2024-08-10 20:30:00,0,0,, ,train,190.0,3600.0
9142,FITfiles/2024-08-10/Beelink1_20240810_204500_59.fit,2024-08-10 20:45:00,0,0,, ,test,190.0,3591.0
9537,FITfiles/2024-08-11/Beelink1_20240811_063000_59.fit,2024-08-11 06:30:00,0,0,, ,train,190.0,3600.0
9530,FITfiles/2024-08-11/Beelink1_20240811_064500_59.fit,2024-08-11 06:45:00,0,0,, ,train,190.0,3600.0
9539,FITfiles/2024-08-11/Beelink1_20240811_070000_59.fit,2024-08-11 07:00:00,0,0,, ,test,190.0,3600.0
9523,FITfiles/2024-08-11/Beelink1_20240811_071500_59.fit,2024-08-11 07:15:00,0,0,, ,train,190.0,3600.0
9519,FITfiles/2024-08-11/Beelink1_20240811_073000_59.fit,2024-08-11 07:30:00,0,0,, ,train,190.0,3600.0
9544,FITfiles/2024-08-11/Beelink1_20240811_074500_59.fit,2024-08-11 07:45:00,0,0,, ,test,190.0,3600.0
9520,FITfiles/2024-08-11/Beelink1_20240811_080000_59.fit,2024-08-11 08:00:00,0,0,, ,valid,190.0,3600.0
9518,FITfiles/2024-08-11/Beelink1_20240811_081500_59.fit,2024-08-11 08:15:00,0,0,, ,valid,190.0,3592.0
9515,FITfiles/2024-08-11/Beelink1_20240811_083000_59.fit,2024-08-11 08:30:00,0,0,, ,train,190.0,3600.0
9521,FITfiles/2024-08-11/Beelink1_20240811_084500_59.fit,2024-08-11 08:45:00,0,0,, ,train,190.0,3600.0
9568,FITfiles/2024-08-11/Beelink1_20240811_090000_59.fit,2024-08-11 09:00:00,0,0,, ,valid,190.0,3600.0
9513,FITfiles/2024-08-11/Beelink1_20240811_091500_59.fit,2024-08-11 09:15:00,0,0,, ,train,190.0,3600.0
9517,FITfiles/2024-08-11/Beelink1_20240811_093000_59.fit,2024-08-11 09:30:00,0,0,, ,train,190.0,3600.0
9526,FITfiles/2024-08-11/Beelink1_20240811_094500_59.fit,2024-08-11 09:45:00,0,0,, ,train,190.0,3600.0
9503,FITfiles/2024-08-11/Beelink1_20240811_100000_59.fit,2024-08-11 10:00:00,0,0,, ,train,190.0,3600.0
9570,FITfiles/2024-08-11/Beelink1_20240811_101500_59.fit,2024-08-11 10:15:00,0,0,, ,valid,190.0,3600.0
9509,FITfiles/2024-08-11/Beelink1_20240811_103000_59.fit,2024-08-11 10:30:00,0,0,, ,train,190.0,3600.0
9507,FITfiles/2024-08-11/Beelink1_20240811_104500_59.fit,2024-08-11 10:45:00,0,0,, ,train,190.0,3600.0
9498,FITfiles/2024-08-11/Beelink1_20240811_105959_59.fit,2024-08-11 10:59:59,0,0,, ,train,190.0,3600.0
9531,FITfiles/2024-08-11/Beelink1_20240811_111459_59.fit,2024-08-11 11:14:59,0,0,, ,train,190.0,3600.0
9512,FITfiles/2024-08-11/Beelink1_20240811_112959_59.fit,2024-08-11 11:29:59,0,0,, ,valid,190.0,3600.0
9510,FITfiles/2024-08-11/Beelink1_20240811_114459_59.fit,2024-08-11 11:44:59,0,0,, ,test,190.0,3600.0
9516,FITfiles/2024-08-11/Beelink1_20240811_115959_59.fit,2024-08-11 11:59:59,0,0,, ,train,190.0,3600.0
9506,FITfiles/2024-08-11/Beelink1_20240811_121459_59.fit,2024-08-11 12:14:59,0,0,, ,train,190.0,3595.0
9500,FITfiles/2024-08-11/Beelink1_20240811_123000_59.fit,2024-08-11 12:30:00,0,0,, ,test,190.0,3600.0
9514,FITfiles/2024-08-11/Beelink1_20240811_124500_59.fit,2024-08-11 12:45:00,0,0,, ,valid,190.0,3600.0
9497,FITfiles/2024-08-11/Beelink1_20240811_130000_59.fit,2024-08-11 13:00:00,0,0,, ,train,190.0,3600.0
9505,FITfiles/2024-08-11/Beelink1_20240811_131500_59.fit,2024-08-11 13:15:00,0,0,, ,train,190.0,3600.0
9502,FITfiles/2024-08-11/Beelink1_20240811_133000_59.fit,2024-08-11 13:30:00,0,0,, ,train,190.0,3600.0
9511,FITfiles/2024-08-11/Beelink1_20240811_134500_59.fit,2024-08-11 13:45:00,0,0,, ,train,190.0,3600.0
9494,FITfiles/2024-08-11/Beelink1_20240811_140000_59.fit,2024-08-11 14:00:00,0,0,, ,train,190.0,3600.0
9504,FITfiles/2024-08-11/Beelink1_20240811_141500_59.fit,2024-08-11 14:15:00,0,0,, ,train,190.0,3593.0
9499,FITfiles/2024-08-11/Beelink1_20240811_143000_59.fit,2024-08-11 14:30:00,0,0,, ,train,190.0,3600.0
9496,FITfiles/2024-08-11/Beelink1_20240811_144500_59.fit,2024-08-11 14:45:00,0,0,, ,train,190.0,3600.0
9484,FITfiles/2024-08-11/Beelink1_20240811_150000_59.fit,2024-08-11 15:00:00,0,0,, ,train,190.0,3600.0
9495,FITfiles/2024-08-11/Beelink1_20240811_151500_59.fit,2024-08-11 15:15:00,0,0,, ,test,190.0,3600.0
9508,FITfiles/2024-08-11/Beelink1_20240811_153000_59.fit,2024-08-11 15:30:00,0,0,, ,test,190.0,3600.0
9522,FITfiles/2024-08-11/Beelink1_20240811_154500_59.fit,2024-08-11 15:45:00,0,0,, ,test,190.0,3600.0
9492,FITfiles/2024-08-11/Beelink1_20240811_160000_59.fit,2024-08-11 16:00:00,0,0,, ,test,190.0,3600.0
9487,FITfiles/2024-08-11/Beelink1_20240811_161500_59.fit,2024-08-11 16:15:00,0,0,, ,train,190.0,3592.0
9480,FITfiles/2024-08-11/Beelink1_20240811_163000_59.fit,2024-08-11 16:30:00,0,0,, ,train,190.0,3600.0
9489,FITfiles/2024-08-11/Beelink1_20240811_164500_59.fit,2024-08-11 16:45:00,0,0,, ,valid,190.0,3600.0
9486,FITfiles/2024-08-11/Beelink1_20240811_170000_59.fit,2024-08-11 17:00:00,0,0,, ,train,190.0,3600.0
9481,FITfiles/2024-08-11/Beelink1_20240811_171500_59.fit,2024-08-11 17:15:00,0,0,, ,train,190.0,3600.0
9488,FITfiles/2024-08-11/Beelink1_20240811_173000_59.fit,2024-08-11 17:30:00,0,0,, ,test,190.0,3600.0
9501,FITfiles/2024-08-11/Beelink1_20240811_174500_59.fit,2024-08-11 17:45:00,0,0,, ,valid,190.0,3600.0
9493,FITfiles/2024-08-11/Beelink1_20240811_180000_59.fit,2024-08-11 18:00:00,0,0,, ,train,190.0,3600.0
9474,FITfiles/2024-08-11/Beelink1_20240811_181500_59.fit,2024-08-11 18:15:00,0,0,, ,valid,190.0,3593.0
9491,FITfiles/2024-08-11/Beelink1_20240811_183000_59.fit,2024-08-11 18:30:00,0,0,, ,valid,190.0,3600.0
9490,FITfiles/2024-08-11/Beelink1_20240811_184500_59.fit,2024-08-11 18:45:00,0,0,, ,valid,190.0,3600.0
9469,FITfiles/2024-08-11/Beelink1_20240811_190000_59.fit,2024-08-11 19:00:00,0,0,, ,train,190.0,3600.0
9466,FITfiles/2024-08-11/Beelink1_20240811_191500_59.fit,2024-08-11 19:15:00,0,0,, ,test,190.0,3600.0
9467,FITfiles/2024-08-11/Beelink1_20240811_193000_59.fit,2024-08-11 19:30:00,0,0,, ,valid,190.0,3600.0
9478,FITfiles/2024-08-11/Beelink1_20240811_194500_59.fit,2024-08-11 19:45:00,0,0,, ,test,190.0,3600.0
9461,FITfiles/2024-08-11/Beelink1_20240811_200000_59.fit,2024-08-11 20:00:00,0,0,, ,train,190.0,3600.0
9485,FITfiles/2024-08-11/Beelink1_20240811_201500_59.fit,2024-08-11 20:15:00,0,0,, ,train,190.0,3593.0
9457,FITfiles/2024-08-11/Beelink1_20240811_203000_59.fit,2024-08-11 20:30:00,0,0,, ,valid,190.0,3600.0
9476,FITfiles/2024-08-11/Beelink1_20240811_204500_59.fit,2024-08-11 20:45:00,0,0,, ,train,190.0,3591.0
9328,FITfiles/2024-08-12/Beelink1_20240812_063000_59.fit,2024-08-12 06:30:00,0,0,, ,train,190.0,3600.0
9322,FITfiles/2024-08-12/Beelink1_20240812_064500_59.fit,2024-08-12 06:45:00,0,0,, ,train,190.0,3600.0
9307,FITfiles/2024-08-12/Beelink1_20240812_070000_59.fit,2024-08-12 07:00:00,0,0,, ,valid,190.0,3600.0
9326,FITfiles/2024-08-12/Beelink1_20240812_071500_59.fit,2024-08-12 07:15:00,0,0,, ,valid,190.0,3600.0
9342,FITfiles/2024-08-12/Beelink1_20240812_073000_59.fit,2024-08-12 07:30:00,0,0,, ,train,190.0,3600.0
9335,FITfiles/2024-08-12/Beelink1_20240812_074500_59.fit,2024-08-12 07:45:00,0,0,, ,train,190.0,3600.0
9310,FITfiles/2024-08-12/Beelink1_20240812_080000_59.fit,2024-08-12 08:00:00,0,0,, ,train,190.0,3600.0
9309,FITfiles/2024-08-12/Beelink1_20240812_081500_59.fit,2024-08-12 08:15:00,0,0,, ,train,190.0,3593.0
9316,FITfiles/2024-08-12/Beelink1_20240812_083000_59.fit,2024-08-12 08:30:00,0,0,, ,train,190.0,3600.0
9333,FITfiles/2024-08-12/Beelink1_20240812_084500_59.fit,2024-08-12 08:45:00,0,0,, ,test,190.0,3600.0
9301,FITfiles/2024-08-12/Beelink1_20240812_090000_59.fit,2024-08-12 09:00:00,0,0,, ,valid,190.0,3600.0
9314,FITfiles/2024-08-12/Beelink1_20240812_091500_59.fit,2024-08-12 09:15:00,0,0,, ,train,190.0,3600.0
9302,FITfiles/2024-08-12/Beelink1_20240812_093000_59.fit,2024-08-12 09:30:00,0,0,, ,train,190.0,3600.0
9306,FITfiles/2024-08-12/Beelink1_20240812_094500_59.fit,2024-08-12 09:45:00,0,0,, ,train,190.0,3600.0
9293,FITfiles/2024-08-12/Beelink1_20240812_100000_59.fit,2024-08-12 10:00:00,0,0,, ,train,190.0,3600.0
9330,FITfiles/2024-08-12/Beelink1_20240812_101500_59.fit,2024-08-12 10:15:00,0,0,, ,train,190.0,3600.0
9292,FITfiles/2024-08-12/Beelink1_20240812_102959_59.fit,2024-08-12 10:29:59,0,0,, ,train,190.0,3600.0
9296,FITfiles/2024-08-12/Beelink1_20240812_104459_59.fit,2024-08-12 10:44:59,0,0,, ,train,190.0,3600.0
9300,FITfiles/2024-08-12/Beelink1_20240812_105959_59.fit,2024-08-12 10:59:59,0,0,, ,train,190.0,3600.0
9280,FITfiles/2024-08-12/Beelink1_20240812_111459_59.fit,2024-08-12 11:14:59,0,0,, ,train,190.0,3600.0
9298,FITfiles/2024-08-12/Beelink1_20240812_112959_59.fit,2024-08-12 11:29:59,0,0,, ,train,190.0,3600.0
9281,FITfiles/2024-08-12/Beelink1_20240812_114459_59.fit,2024-08-12 11:44:59,0,0,, ,train,190.0,3600.0
9286,FITfiles/2024-08-12/Beelink1_20240812_115959_59.fit,2024-08-12 11:59:59,0,0,, ,test,190.0,3600.0
9297,FITfiles/2024-08-12/Beelink1_20240812_121459_59.fit,2024-08-12 12:14:59,0,0,, ,train,190.0,3596.0
9291,FITfiles/2024-08-12/Beelink1_20240812_123000_59.fit,2024-08-12 12:30:00,0,0,, ,valid,190.0,3600.0
9283,FITfiles/2024-08-12/Beelink1_20240812_124500_59.fit,2024-08-12 12:45:00,0,0,, ,train,190.0,3600.0
9273,FITfiles/2024-08-12/Beelink1_20240812_130000_59.fit,2024-08-12 13:00:00,0,0,, ,train,190.0,3600.0
9276,FITfiles/2024-08-12/Beelink1_20240812_131500_59.fit,2024-08-12 13:15:00,0,0,, ,train,190.0,3600.0
9278,FITfiles/2024-08-12/Beelink1_20240812_133000_59.fit,2024-08-12 13:30:00,0,0,, ,train,190.0,3600.0
9268,FITfiles/2024-08-12/Beelink1_20240812_134500_59.fit,2024-08-12 13:45:00,0,0,, ,test,190.0,3600.0
9270,FITfiles/2024-08-12/Beelink1_20240812_140000_59.fit,2024-08-12 14:00:00,0,0,, ,valid,190.0,3600.0
9288,FITfiles/2024-08-12/Beelink1_20240812_141500_59.fit,2024-08-12 14:15:00,0,0,, ,valid,190.0,3593.0
9266,FITfiles/2024-08-12/Beelink1_20240812_143000_59.fit,2024-08-12 14:30:00,0,0,, ,train,190.0,3600.0
9261,FITfiles/2024-08-12/Beelink1_20240812_144500_59.fit,2024-08-12 14:45:00,0,0,, ,valid,190.0,3600.0
9267,FITfiles/2024-08-12/Beelink1_20240812_150000_59.fit,2024-08-12 15:00:00,0,0,, ,valid,190.0,3600.0
9262,FITfiles/2024-08-12/Beelink1_20240812_151500_59.fit,2024-08-12 15:15:00,0,0,, ,train,190.0,3600.0
9254,FITfiles/2024-08-12/Beelink1_20240812_153000_59.fit,2024-08-12 15:30:00,0,0,, ,valid,190.0,3600.0
9284,FITfiles/2024-08-12/Beelink1_20240812_154500_59.fit,2024-08-12 15:45:00,0,0,, ,train,190.0,3600.0
9269,FITfiles/2024-08-12/Beelink1_20240812_160000_59.fit,2024-08-12 16:00:00,0,0,, ,test,190.0,3600.0
9259,FITfiles/2024-08-12/Beelink1_20240812_161500_59.fit,2024-08-12 16:15:00,0,0,, ,train,190.0,3592.0
9253,FITfiles/2024-08-12/Beelink1_20240812_163000_59.fit,2024-08-12 16:30:00,0,0,, ,valid,190.0,3600.0
9250,FITfiles/2024-08-12/Beelink1_20240812_164500_59.fit,2024-08-12 16:45:00,0,0,, ,valid,190.0,3600.0
9248,FITfiles/2024-08-12/Beelink1_20240812_170000_59.fit,2024-08-12 17:00:00,0,0,, ,train,190.0,3600.0
9249,FITfiles/2024-08-12/Beelink1_20240812_171500_59.fit,2024-08-12 17:15:00,0,0,, ,test,190.0,3600.0
9256,FITfiles/2024-08-12/Beelink1_20240812_173000_59.fit,2024-08-12 17:30:00,0,0,, ,valid,190.0,3600.0
9252,FITfiles/2024-08-12/Beelink1_20240812_174500_59.fit,2024-08-12 17:45:00,0,0,, ,test,190.0,3600.0
9257,FITfiles/2024-08-12/Beelink1_20240812_180000_59.fit,2024-08-12 18:00:00,0,0,, ,train,190.0,3600.0
9251,FITfiles/2024-08-12/Beelink1_20240812_181500_59.fit,2024-08-12 18:15:00,0,0,, ,valid,190.0,3592.0
9243,FITfiles/2024-08-12/Beelink1_20240812_183000_59.fit,2024-08-12 18:30:00,0,0,, ,valid,190.0,3600.0
9263,FITfiles/2024-08-12/Beelink1_20240812_184500_59.fit,2024-08-12 18:45:00,0,0,, ,valid,190.0,3600.0
9246,FITfiles/2024-08-12/Beelink1_20240812_190000_59.fit,2024-08-12 19:00:00,0,0,, ,test,190.0,3600.0
9671,FITfiles/2024-09-01/UMICH_20240901_163836_01.fit,2024-09-01 16:38:36,0,0,, ,train,190.0,170.0
9670,FITfiles/2024-09-01/UMICH_20240901_164034_01.fit,2024-09-01 16:40:34,0,0,, ,valid,190.0,1295.0
9673,FITfiles/2024-09-01/UMICH_20240901_164704_01.fit,2024-09-01 16:47:04,0,0,, ,test,190.0,519.0
9712,FITfiles/2024-09-01/UMICH_20240901_165115_01.fit,2024-09-01 16:51:15,0,0,, ,train,190.0,3600.0
9674,FITfiles/2024-09-01/UMICH_20240901_170615_01.fit,2024-09-01 17:06:15,0,0,, ,train,190.0,3600.0
9665,FITfiles/2024-09-01/UMICH_20240901_172115_01.fit,2024-09-01 17:21:15,0,0,, ,train,190.0,3600.0
9680,FITfiles/2024-09-01/UMICH_20240901_173615_01.fit,2024-09-01 17:36:15,0,0,, ,train,190.0,3600.0
9669,FITfiles/2024-09-01/UMICH_20240901_175115_01.fit,2024-09-01 17:51:15,0,0,, ,test,190.0,3600.0
9677,FITfiles/2024-09-01/UMICH_20240901_180615_01.fit,2024-09-01 18:06:15,0,0,, ,train,190.0,3600.0
9681,FITfiles/2024-09-01/UMICH_20240901_182115_01.fit,2024-09-01 18:21:15,0,0,, ,test,190.0,2091.0
9655,FITfiles/2024-09-01/UMICH_20240901_183000_59.fit,2024-09-01 18:30:00,0,0,, ,test,190.0,3600.0
9658,FITfiles/2024-09-01/UMICH_20240901_184500_59.fit,2024-09-01 18:45:00,0,0,, ,test,190.0,3600.0
9657,FITfiles/2024-09-01/UMICH_20240901_190000_59.fit,2024-09-01 19:00:00,0,0,, ,valid,190.0,3600.0
9679,FITfiles/2024-09-01/UMICH_20240901_191500_59.fit,2024-09-01 19:15:00,0,0,, ,valid,190.0,3600.0
9662,FITfiles/2024-09-01/UMICH_20240901_193000_59.fit,2024-09-01 19:30:00,0,0,, ,train,190.0,3600.0
9715,FITfiles/2024-09-01/UMICH_20240901_194500_59.fit,2024-09-01 19:45:00,0,0,, ,train,190.0,3600.0
9651,FITfiles/2024-09-01/UMICH_20240901_200000_59.fit,2024-09-01 20:00:00,0,0,, ,train,190.0,3600.0
9659,FITfiles/2024-09-01/UMICH_20240901_201459_59.fit,2024-09-01 20:14:59,0,0,, ,train,190.0,3593.0
9645,FITfiles/2024-09-01/UMICH_20240901_203000_59.fit,2024-09-01 20:30:00,0,0,, ,train,190.0,3600.0
9646,FITfiles/2024-09-01/UMICH_20240901_204500_59.fit,2024-09-01 20:45:00,0,0,, ,train,190.0,3590.0
9349,FITfiles/2024-09-02/UMICH_20240902_063000_59.fit,2024-09-02 06:30:00,0,0,, ,test,190.0,3600.0
9354,FITfiles/2024-09-02/UMICH_20240902_064500_59.fit,2024-09-02 06:45:00,0,0,, ,train,190.0,3600.0
9356,FITfiles/2024-09-02/UMICH_20240902_070000_59.fit,2024-09-02 07:00:00,0,0,, ,train,190.0,3600.0
9352,FITfiles/2024-09-02/UMICH_20240902_071500_59.fit,2024-09-02 07:15:00,0,0,, ,valid,190.0,3600.0
9348,FITfiles/2024-09-02/UMICH_20240902_073000_59.fit,2024-09-02 07:30:00,0,0,, ,test,190.0,3600.0
9346,FITfiles/2024-09-02/UMICH_20240902_074500_59.fit,2024-09-02 07:45:00,0,0,, ,train,190.0,3600.0
9376,FITfiles/2024-09-02/UMICH_20240902_080000_59.fit,2024-09-02 08:00:00,0,0,, ,train,190.0,3600.0
9344,FITfiles/2024-09-02/UMICH_20240902_081500_59.fit,2024-09-02 08:15:00,0,0,, ,test,190.0,3592.0
9347,FITfiles/2024-09-02/UMICH_20240902_083000_59.fit,2024-09-02 08:30:00,0,0,, ,test,190.0,3600.0
9365,FITfiles/2024-09-02/UMICH_20240902_084500_59.fit,2024-09-02 08:45:00,0,0,, ,train,190.0,3600.0
9345,FITfiles/2024-09-02/UMICH_20240902_090000_59.fit,2024-09-02 09:00:00,0,0,, ,train,190.0,3600.0
9337,FITfiles/2024-09-02/UMICH_20240902_091500_59.fit,2024-09-02 09:15:00,0,0,, ,train,190.0,3600.0
9338,FITfiles/2024-09-02/UMICH_20240902_093000_59.fit,2024-09-02 09:30:00,0,0,, ,test,190.0,3600.0
9351,FITfiles/2024-09-02/UMICH_20240902_094500_59.fit,2024-09-02 09:45:00,0,0,, ,train,190.0,3600.0
9340,FITfiles/2024-09-02/UMICH_20240902_100000_59.fit,2024-09-02 10:00:00,0,0,, ,train,190.0,3600.0
9343,FITfiles/2024-09-02/UMICH_20240902_101500_59.fit,2024-09-02 10:15:00,0,0,, ,train,190.0,3600.0
9341,FITfiles/2024-09-02/UMICH_20240902_103000_59.fit,2024-09-02 10:30:00,0,0,, ,train,190.0,3600.0
9372,FITfiles/2024-09-02/UMICH_20240902_104500_59.fit,2024-09-02 10:45:00,0,0,, ,valid,190.0,3600.0
9367,FITfiles/2024-09-02/UMICH_20240902_105959_59.fit,2024-09-02 10:59:59,0,0,, ,valid,190.0,3600.0
9332,FITfiles/2024-09-02/UMICH_20240902_111459_59.fit,2024-09-02 11:14:59,0,0,, ,train,190.0,3600.0
9339,FITfiles/2024-09-02/UMICH_20240902_112959_59.fit,2024-09-02 11:29:59,0,0,, ,valid,190.0,3600.0
9323,FITfiles/2024-09-02/UMICH_20240902_114459_59.fit,2024-09-02 11:44:59,0,0,, ,train,190.0,3600.0
9315,FITfiles/2024-09-02/UMICH_20240902_115959_59.fit,2024-09-02 11:59:59,0,0,, ,train,190.0,3600.0
9325,FITfiles/2024-09-02/UMICH_20240902_121459_59.fit,2024-09-02 12:14:59,0,0,, ,train,190.0,3594.0
9327,FITfiles/2024-09-02/UMICH_20240902_123000_59.fit,2024-09-02 12:30:00,0,0,, ,train,190.0,3600.0
9321,FITfiles/2024-09-02/UMICH_20240902_124500_59.fit,2024-09-02 12:45:00,0,0,, ,train,190.0,3600.0
9317,FITfiles/2024-09-02/UMICH_20240902_130000_59.fit,2024-09-02 13:00:00,0,0,, ,train,190.0,3600.0
9312,FITfiles/2024-09-02/UMICH_20240902_131500_59.fit,2024-09-02 13:15:00,0,0,, ,train,190.0,3600.0
9329,FITfiles/2024-09-02/UMICH_20240902_133000_59.fit,2024-09-02 13:30:00,0,0,, ,valid,190.0,3600.0
9319,FITfiles/2024-09-02/UMICH_20240902_134500_59.fit,2024-09-02 13:45:00,0,0,, ,train,190.0,3600.0
9336,FITfiles/2024-09-02/UMICH_20240902_140000_59.fit,2024-09-02 14:00:00,0,0,, ,train,190.0,3600.0
9318,FITfiles/2024-09-02/UMICH_20240902_141500_59.fit,2024-09-02 14:15:00,0,0,, ,valid,190.0,3593.0
9334,FITfiles/2024-09-02/UMICH_20240902_143000_59.fit,2024-09-02 14:30:00,0,0,, ,valid,190.0,3600.0
9320,FITfiles/2024-09-02/UMICH_20240902_144500_59.fit,2024-09-02 14:45:00,0,0,, ,valid,190.0,3600.0
9304,FITfiles/2024-09-02/UMICH_20240902_150000_59.fit,2024-09-02 15:00:00,0,0,, ,train,190.0,3600.0
9324,FITfiles/2024-09-02/UMICH_20240902_151500_59.fit,2024-09-02 15:15:00,0,0,, ,valid,190.0,3600.0
9311,FITfiles/2024-09-02/UMICH_20240902_153000_59.fit,2024-09-02 15:30:00,0,0,, ,train,190.0,3600.0
9313,FITfiles/2024-09-02/UMICH_20240902_154500_59.fit,2024-09-02 15:45:00,0,0,, ,train,190.0,3600.0
9308,FITfiles/2024-09-02/UMICH_20240902_160000_59.fit,2024-09-02 16:00:00,0,0,, ,valid,190.0,3600.0
9295,FITfiles/2024-09-02/UMICH_20240902_161500_59.fit,2024-09-02 16:15:00,0,0,, ,train,190.0,3592.0
9303,FITfiles/2024-09-02/UMICH_20240902_163000_59.fit,2024-09-02 16:30:00,0,0,, ,valid,190.0,3600.0
9290,FITfiles/2024-09-02/UMICH_20240902_164500_59.fit,2024-09-02 16:45:00,0,0,, ,train,190.0,3600.0
9305,FITfiles/2024-09-02/UMICH_20240902_170000_59.fit,2024-09-02 17:00:00,0,0,, ,valid,190.0,3600.0
9287,FITfiles/2024-09-02/UMICH_20240902_171500_59.fit,2024-09-02 17:15:00,0,0,, ,valid,190.0,3600.0
9331,FITfiles/2024-09-02/UMICH_20240902_173000_59.fit,2024-09-02 17:30:00,0,0,, ,train,190.0,3600.0
9289,FITfiles/2024-09-02/UMICH_20240902_174500_59.fit,2024-09-02 17:45:00,0,0,, ,test,190.0,3600.0
9277,FITfiles/2024-09-02/UMICH_20240902_180000_59.fit,2024-09-02 18:00:00,0,0,, ,test,190.0,3600.0
9282,FITfiles/2024-09-02/UMICH_20240902_181500_59.fit,2024-09-02 18:15:00,0,0,, ,test,190.0,3592.0
9299,FITfiles/2024-09-02/UMICH_20240902_183000_59.fit,2024-09-02 18:30:00,0,0,, ,train,190.0,3600.0
9275,FITfiles/2024-09-02/UMICH_20240902_184500_59.fit,2024-09-02 18:45:00,0,0,, ,train,190.0,3600.0
9294,FITfiles/2024-09-02/UMICH_20240902_190000_59.fit,2024-09-02 19:00:00,0,0,, ,test,190.0,3600.0
9279,FITfiles/2024-09-02/UMICH_20240902_191500_59.fit,2024-09-02 19:15:00,0,0,, ,valid,190.0,3600.0
9271,FITfiles/2024-09-02/UMICH_20240902_193000_59.fit,2024-09-02 19:30:00,0,0,, ,train,190.0,3600.0
9272,FITfiles/2024-09-02/UMICH_20240902_194500_59.fit,2024-09-02 19:45:00,0,0,, ,train,190.0,3600.0
9274,FITfiles/2024-09-02/UMICH_20240902_200000_59.fit,2024-09-02 20:00:00,0,0,, ,train,190.0,3600.0
9258,FITfiles/2024-09-02/UMICH_20240902_201500_59.fit,2024-09-02 20:15:00,0,0,, ,test,190.0,3592.0
9265,FITfiles/2024-09-02/UMICH_20240902_203000_59.fit,2024-09-02 20:30:00,0,0,, ,train,190.0,3600.0
9260,FITfiles/2024-09-02/UMICH_20240902_204500_59.fit,2024-09-02 20:45:00,0,0,, ,train,190.0,3590.0
9236,FITfiles/2024-09-03/UMICH_20240903_063000_59.fit,2024-09-03 06:30:00,0,0,, ,valid,190.0,3600.0
9240,FITfiles/2024-09-03/UMICH_20240903_064500_59.fit,2024-09-03 06:45:00,0,0,, ,test,190.0,3600.0
9238,FITfiles/2024-09-03/UMICH_20240903_070000_59.fit,2024-09-03 07:00:00,0,0,, ,train,190.0,3600.0
9237,FITfiles/2024-09-03/UMICH_20240903_071500_59.fit,2024-09-03 07:15:00,0,0,, ,valid,190.0,3600.0
9285,FITfiles/2024-09-03/UMICH_20240903_073000_59.fit,2024-09-03 07:30:00,0,0,, ,valid,190.0,3600.0
9233,FITfiles/2024-09-03/UMICH_20240903_074500_59.fit,2024-09-03 07:45:00,0,0,, ,test,190.0,3600.0
9230,FITfiles/2024-09-03/UMICH_20240903_080000_59.fit,2024-09-03 08:00:00,0,0,, ,valid,190.0,3600.0
9255,FITfiles/2024-09-03/UMICH_20240903_081500_59.fit,2024-09-03 08:15:00,0,0,, ,train,190.0,3593.0
9235,FITfiles/2024-09-03/UMICH_20240903_083000_59.fit,2024-09-03 08:30:00,0,0,, ,train,190.0,3600.0
9242,FITfiles/2024-09-03/UMICH_20240903_084500_59.fit,2024-09-03 08:45:00,0,0,, ,valid,190.0,3600.0
9245,FITfiles/2024-09-03/UMICH_20240903_090000_59.fit,2024-09-03 09:00:00,0,0,, ,valid,190.0,3600.0
9241,FITfiles/2024-09-03/UMICH_20240903_091500_59.fit,2024-09-03 09:15:00,0,0,, ,valid,190.0,3600.0
9239,FITfiles/2024-09-03/UMICH_20240903_093000_59.fit,2024-09-03 09:30:00,0,0,, ,valid,190.0,3600.0
9247,FITfiles/2024-09-03/UMICH_20240903_094500_59.fit,2024-09-03 09:45:00,0,0,, ,valid,190.0,3600.0
9231,FITfiles/2024-09-03/UMICH_20240903_100000_59.fit,2024-09-03 10:00:00,0,0,, ,train,190.0,3600.0
9244,FITfiles/2024-09-03/UMICH_20240903_101500_59.fit,2024-09-03 10:15:00,0,0,, ,train,190.0,3600.0
9226,FITfiles/2024-09-03/UMICH_20240903_103000_59.fit,2024-09-03 10:30:00,0,0,, ,valid,190.0,3600.0
9234,FITfiles/2024-09-03/UMICH_20240903_104459_59.fit,2024-09-03 10:44:59,0,0,, ,train,190.0,3600.0
9220,FITfiles/2024-09-03/UMICH_20240903_105959_59.fit,2024-09-03 10:59:59,0,0,, ,train,190.0,3600.0
9227,FITfiles/2024-09-03/UMICH_20240903_111459_59.fit,2024-09-03 11:14:59,0,0,, ,train,190.0,3600.0
9232,FITfiles/2024-09-03/UMICH_20240903_112959_59.fit,2024-09-03 11:29:59,0,0,, ,train,190.0,3600.0
9228,FITfiles/2024-09-03/UMICH_20240903_114459_59.fit,2024-09-03 11:44:59,0,0,, ,train,190.0,3600.0
9214,FITfiles/2024-09-03/UMICH_20240903_115959_59.fit,2024-09-03 11:59:59,0,0,, ,train,190.0,3600.0
9225,FITfiles/2024-09-03/UMICH_20240903_121459_59.fit,2024-09-03 12:14:59,0,0,, ,train,190.0,3595.0
9218,FITfiles/2024-09-03/UMICH_20240903_123000_59.fit,2024-09-03 12:30:00,0,0,, ,train,190.0,3600.0
9213,FITfiles/2024-09-03/UMICH_20240903_124500_59.fit,2024-09-03 12:45:00,0,0,, ,test,190.0,3600.0
9217,FITfiles/2024-09-03/UMICH_20240903_130000_59.fit,2024-09-03 13:00:00,0,0,, ,test,190.0,3600.0
9207,FITfiles/2024-09-03/UMICH_20240903_131500_59.fit,2024-09-03 13:15:00,0,0,, ,test,190.0,3600.0
9224,FITfiles/2024-09-03/UMICH_20240903_133000_59.fit,2024-09-03 13:30:00,0,0,, ,valid,190.0,3600.0
9223,FITfiles/2024-09-03/UMICH_20240903_134500_59.fit,2024-09-03 13:45:00,0,0,, ,test,190.0,3600.0
9229,FITfiles/2024-09-03/UMICH_20240903_140000_59.fit,2024-09-03 14:00:00,0,0,, ,train,190.0,3600.0
9206,FITfiles/2024-09-03/UMICH_20240903_141500_59.fit,2024-09-03 14:15:00,0,0,, ,train,190.0,3593.0
9210,FITfiles/2024-09-03/UMICH_20240903_143000_59.fit,2024-09-03 14:30:00,0,0,, ,valid,190.0,3600.0
9222,FITfiles/2024-09-03/UMICH_20240903_144500_59.fit,2024-09-03 14:45:00,0,0,, ,train,190.0,3600.0
9216,FITfiles/2024-09-03/UMICH_20240903_150000_59.fit,2024-09-03 15:00:00,0,0,, ,train,190.0,3600.0
9221,FITfiles/2024-09-03/UMICH_20240903_151500_59.fit,2024-09-03 15:15:00,0,0,, ,train,190.0,3600.0
9205,FITfiles/2024-09-03/UMICH_20240903_153000_59.fit,2024-09-03 15:30:00,0,0,, ,train,190.0,3600.0
9211,FITfiles/2024-09-03/UMICH_20240903_154500_59.fit,2024-09-03 15:45:00,0,0,, ,test,190.0,3600.0
9209,FITfiles/2024-09-03/UMICH_20240903_160000_59.fit,2024-09-03 16:00:00,0,0,, ,test,190.0,3600.0
9208,FITfiles/2024-09-03/UMICH_20240903_161500_59.fit,2024-09-03 16:15:00,0,0,, ,valid,190.0,3592.0
9203,FITfiles/2024-09-03/UMICH_20240903_163000_59.fit,2024-09-03 16:30:00,0,0,, ,train,190.0,3600.0
9202,FITfiles/2024-09-03/UMICH_20240903_164500_59.fit,2024-09-03 16:45:00,0,0,, ,train,190.0,3600.0
9201,FITfiles/2024-09-03/UMICH_20240903_170000_59.fit,2024-09-03 17:00:00,0,0,, ,train,190.0,3600.0
9264,FITfiles/2024-09-03/UMICH_20240903_171500_59.fit,2024-09-03 17:15:00,0,0,, ,test,190.0,3600.0
9215,FITfiles/2024-09-03/UMICH_20240903_173000_59.fit,2024-09-03 17:30:00,0,0,, ,valid,190.0,3600.0
9219,FITfiles/2024-09-03/UMICH_20240903_174500_59.fit,2024-09-03 17:45:00,0,0,, ,train,190.0,3600.0
9200,FITfiles/2024-09-03/UMICH_20240903_180000_59.fit,2024-09-03 18:00:00,0,0,, ,train,190.0,3600.0
9197,FITfiles/2024-09-03/UMICH_20240903_181500_59.fit,2024-09-03 18:15:00,0,0,, ,train,190.0,3592.0
9193,FITfiles/2024-09-03/UMICH_20240903_183000_59.fit,2024-09-03 18:30:00,0,0,, ,train,190.0,3600.0
9194,FITfiles/2024-09-03/UMICH_20240903_184500_59.fit,2024-09-03 18:45:00,0,0,, ,test,190.0,3600.0
9196,FITfiles/2024-09-03/UMICH_20240903_190000_59.fit,2024-09-03 19:00:00,0,0,, ,test,190.0,3600.0
9195,FITfiles/2024-09-03/UMICH_20240903_191500_59.fit,2024-09-03 19:15:00,0,0,, ,train,190.0,3600.0
9198,FITfiles/2024-09-03/UMICH_20240903_193000_59.fit,2024-09-03 19:30:00,0,0,, ,train,190.0,3600.0
9192,FITfiles/2024-09-03/UMICH_20240903_194500_59.fit,2024-09-03 19:45:00,0,0,, ,test,190.0,3600.0
9190,FITfiles/2024-09-03/UMICH_20240903_200000_59.fit,2024-09-03 20:00:00,0,0,, ,train,190.0,3600.0
9199,FITfiles/2024-09-03/UMICH_20240903_201500_59.fit,2024-09-03 20:15:00,0,0,, ,train,190.0,3593.0
9212,FITfiles/2024-09-03/UMICH_20240903_203000_59.fit,2024-09-03 20:30:00,0,0,, ,train,190.0,3600.0
9204,FITfiles/2024-09-03/UMICH_20240903_204500_59.fit,2024-09-03 20:45:00,0,0,, ,train,190.0,3590.0
8958,FITfiles/2024-09-04/UMICH_20240904_063000_59.fit,2024-09-04 06:30:00,0,0,, ,train,190.0,3600.0
8957,FITfiles/2024-09-04/UMICH_20240904_064500_59.fit,2024-09-04 06:45:00,0,0,, ,train,190.0,3600.0
8956,FITfiles/2024-09-04/UMICH_20240904_070000_59.fit,2024-09-04 07:00:00,0,0,, ,train,190.0,3600.0
8955,FITfiles/2024-09-04/UMICH_20240904_071500_59.fit,2024-09-04 07:15:00,0,0,, ,valid,190.0,3600.0
8954,FITfiles/2024-09-04/UMICH_20240904_073000_59.fit,2024-09-04 07:30:00,0,0,, ,train,190.0,3600.0
8953,FITfiles/2024-09-04/UMICH_20240904_074500_59.fit,2024-09-04 07:45:00,0,0,, ,train,190.0,3600.0
8952,FITfiles/2024-09-04/UMICH_20240904_080000_59.fit,2024-09-04 08:00:00,0,0,, ,train,190.0,3600.0
8951,FITfiles/2024-09-04/UMICH_20240904_081500_59.fit,2024-09-04 08:15:00,0,0,, ,valid,190.0,3592.0
8950,FITfiles/2024-09-04/UMICH_20240904_083000_59.fit,2024-09-04 08:30:00,0,0,, ,valid,190.0,3600.0
8949,FITfiles/2024-09-04/UMICH_20240904_084500_59.fit,2024-09-04 08:45:00,0,0,, ,train,190.0,3600.0
8948,FITfiles/2024-09-04/UMICH_20240904_090000_59.fit,2024-09-04 09:00:00,0,0,, ,valid,190.0,3600.0
8947,FITfiles/2024-09-04/UMICH_20240904_091500_59.fit,2024-09-04 09:15:00,0,0,, ,valid,190.0,3600.0
8945,FITfiles/2024-09-04/UMICH_20240904_093000_59.fit,2024-09-04 09:30:00,0,0,, ,valid,190.0,3600.0
8944,FITfiles/2024-09-04/UMICH_20240904_094500_59.fit,2024-09-04 09:45:00,0,0,, ,valid,190.0,3600.0
8942,FITfiles/2024-09-04/UMICH_20240904_100000_59.fit,2024-09-04 10:00:00,0,0,, ,train,190.0,3600.0
8940,FITfiles/2024-09-04/UMICH_20240904_101500_59.fit,2024-09-04 10:15:00,0,0,, ,valid,190.0,3600.0
8938,FITfiles/2024-09-04/UMICH_20240904_103000_59.fit,2024-09-04 10:30:00,0,0,, ,valid,190.0,3600.0
8936,FITfiles/2024-09-04/UMICH_20240904_104500_59.fit,2024-09-04 10:45:00,0,0,, ,train,190.0,3600.0
8933,FITfiles/2024-09-04/UMICH_20240904_105959_59.fit,2024-09-04 10:59:59,0,0,, ,train,190.0,3600.0
8932,FITfiles/2024-09-04/UMICH_20240904_111459_59.fit,2024-09-04 11:14:59,0,0,, ,train,190.0,3600.0
8929,FITfiles/2024-09-04/UMICH_20240904_112959_59.fit,2024-09-04 11:29:59,0,0,, ,train,190.0,3600.0
8926,FITfiles/2024-09-04/UMICH_20240904_114459_59.fit,2024-09-04 11:44:59,0,0,, ,train,190.0,3600.0
8873,FITfiles/2024-09-04/UMICH_20240904_115959_59.fit,2024-09-04 11:59:59,0,0,, ,train,190.0,3600.0
8866,FITfiles/2024-09-04/UMICH_20240904_121459_59.fit,2024-09-04 12:14:59,0,0,, ,train,190.0,3595.0
8864,FITfiles/2024-09-04/UMICH_20240904_123000_59.fit,2024-09-04 12:30:00,0,0,, ,train,190.0,3600.0
8835,FITfiles/2024-09-04/UMICH_20240904_124500_59.fit,2024-09-04 12:45:00,0,0,, ,test,190.0,3600.0
8778,FITfiles/2024-09-04/UMICH_20240904_130000_59.fit,2024-09-04 13:00:00,0,0,, ,train,190.0,3600.0
8776,FITfiles/2024-09-04/UMICH_20240904_131500_59.fit,2024-09-04 13:15:00,0,0,, ,train,190.0,3600.0
8773,FITfiles/2024-09-04/UMICH_20240904_133000_59.fit,2024-09-04 13:30:00,0,0,, ,train,190.0,3600.0
8770,FITfiles/2024-09-04/UMICH_20240904_134500_59.fit,2024-09-04 13:45:00,0,0,, ,train,190.0,3600.0
8774,FITfiles/2024-09-04/UMICH_20240904_140000_59.fit,2024-09-04 14:00:00,0,0,, ,train,190.0,3600.0
8709,FITfiles/2024-09-04/UMICH_20240904_141500_59.fit,2024-09-04 14:15:00,0,0,, ,train,190.0,3592.0
8652,FITfiles/2024-09-04/UMICH_20240904_143000_59.fit,2024-09-04 14:30:00,0,0,, ,train,190.0,3600.0
8591,FITfiles/2024-09-04/UMICH_20240904_144500_59.fit,2024-09-04 14:45:00,0,0,, ,test,190.0,3600.0
8590,FITfiles/2024-09-04/UMICH_20240904_150000_59.fit,2024-09-04 15:00:00,0,0,, ,test,190.0,3600.0
8588,FITfiles/2024-09-04/UMICH_20240904_151500_59.fit,2024-09-04 15:15:00,0,0,, ,train,190.0,3600.0
8586,FITfiles/2024-09-04/UMICH_20240904_153000_59.fit,2024-09-04 15:30:00,0,0,, ,test,190.0,3600.0
8583,FITfiles/2024-09-04/UMICH_20240904_154500_59.fit,2024-09-04 15:45:00,0,0,, ,train,190.0,3600.0
8582,FITfiles/2024-09-04/UMICH_20240904_160000_59.fit,2024-09-04 16:00:00,0,0,, ,train,190.0,3600.0
8580,FITfiles/2024-09-04/UMICH_20240904_161500_59.fit,2024-09-04 16:15:00,0,0,, ,test,190.0,3592.0
8577,FITfiles/2024-09-04/UMICH_20240904_163000_59.fit,2024-09-04 16:30:00,0,0,, ,train,190.0,3600.0
8575,FITfiles/2024-09-04/UMICH_20240904_164500_59.fit,2024-09-04 16:45:00,0,0,, ,train,190.0,3600.0
8574,FITfiles/2024-09-04/UMICH_20240904_170000_59.fit,2024-09-04 17:00:00,0,0,, ,valid,190.0,3600.0
8573,FITfiles/2024-09-04/UMICH_20240904_171500_59.fit,2024-09-04 17:15:00,0,0,, ,train,190.0,3600.0
8571,FITfiles/2024-09-04/UMICH_20240904_173000_59.fit,2024-09-04 17:30:00,0,0,, ,valid,190.0,3600.0
8572,FITfiles/2024-09-04/UMICH_20240904_174500_59.fit,2024-09-04 17:45:00,0,0,, ,train,190.0,3600.0
8569,FITfiles/2024-09-04/UMICH_20240904_180000_59.fit,2024-09-04 18:00:00,0,0,, ,test,190.0,3600.0
8528,FITfiles/2024-09-04/UMICH_20240904_181500_59.fit,2024-09-04 18:15:00,0,0,, ,test,190.0,3592.0
8467,FITfiles/2024-09-04/UMICH_20240904_183000_59.fit,2024-09-04 18:30:00,0,0,, ,train,190.0,3600.0
8464,FITfiles/2024-09-04/UMICH_20240904_184500_59.fit,2024-09-04 18:45:00,0,0,, ,train,190.0,3600.0
8403,FITfiles/2024-09-04/UMICH_20240904_190000_59.fit,2024-09-04 19:00:00,0,0,, ,valid,190.0,3600.0
8398,FITfiles/2024-09-04/UMICH_20240904_191500_59.fit,2024-09-04 19:15:00,0,0,, ,test,190.0,3600.0
8397,FITfiles/2024-09-04/UMICH_20240904_193000_59.fit,2024-09-04 19:30:00,0,0,, ,train,190.0,3600.0
8394,FITfiles/2024-09-04/UMICH_20240904_194500_59.fit,2024-09-04 19:45:00,0,0,, ,train,190.0,3600.0
8391,FITfiles/2024-09-04/UMICH_20240904_200000_59.fit,2024-09-04 20:00:00,0,0,, ,test,190.0,3600.0
8388,FITfiles/2024-09-04/UMICH_20240904_201500_59.fit,2024-09-04 20:15:00,0,0,, ,train,190.0,3593.0
8383,FITfiles/2024-09-04/UMICH_20240904_203000_59.fit,2024-09-04 20:30:00,0,0,, ,test,190.0,3600.0
8381,FITfiles/2024-09-04/UMICH_20240904_204500_59.fit,2024-09-04 20:45:00,0,0,, ,train,190.0,3591.0
9590,FITfiles/2024-09-05/UMICH_20240905_063000_59.fit,2024-09-05 06:30:00,0,0,, ,train,190.0,3600.0
9585,FITfiles/2024-09-05/UMICH_20240905_064500_59.fit,2024-09-05 06:45:00,0,0,, ,valid,190.0,3600.0
9579,FITfiles/2024-09-05/UMICH_20240905_070000_59.fit,2024-09-05 07:00:00,0,0,, ,train,190.0,3600.0
9583,FITfiles/2024-09-05/UMICH_20240905_071500_59.fit,2024-09-05 07:15:00,0,0,, ,valid,190.0,3600.0
9591,FITfiles/2024-09-05/UMICH_20240905_073000_59.fit,2024-09-05 07:30:00,0,0,, ,test,190.0,3600.0
9576,FITfiles/2024-09-05/UMICH_20240905_074500_59.fit,2024-09-05 07:45:00,0,0,, ,train,190.0,3600.0
9612,FITfiles/2024-09-05/UMICH_20240905_080000_59.fit,2024-09-05 08:00:00,0,0,, ,train,190.0,3600.0
9586,FITfiles/2024-09-05/UMICH_20240905_081500_59.fit,2024-09-05 08:15:00,0,0,, ,test,190.0,3593.0
9598,FITfiles/2024-09-05/UMICH_20240905_083000_59.fit,2024-09-05 08:30:00,0,0,, ,train,190.0,3600.0
9578,FITfiles/2024-09-05/UMICH_20240905_084500_59.fit,2024-09-05 08:45:00,0,0,, ,train,190.0,3600.0
9571,FITfiles/2024-09-05/UMICH_20240905_090000_59.fit,2024-09-05 09:00:00,0,0,, ,train,190.0,3600.0
9575,FITfiles/2024-09-05/UMICH_20240905_091500_59.fit,2024-09-05 09:15:00,0,0,, ,test,190.0,3600.0
9582,FITfiles/2024-09-05/UMICH_20240905_093000_59.fit,2024-09-05 09:30:00,0,0,, ,train,190.0,3600.0
9577,FITfiles/2024-09-05/UMICH_20240905_094500_59.fit,2024-09-05 09:45:00,0,0,, ,valid,190.0,3600.0
9574,FITfiles/2024-09-05/UMICH_20240905_100000_59.fit,2024-09-05 10:00:00,0,0,, ,test,190.0,3600.0
9560,FITfiles/2024-09-05/UMICH_20240905_101500_59.fit,2024-09-05 10:15:00,0,0,, ,train,190.0,3600.0
9566,FITfiles/2024-09-05/UMICH_20240905_103000_59.fit,2024-09-05 10:30:00,0,0,, ,valid,190.0,3600.0
9557,FITfiles/2024-09-05/UMICH_20240905_104500_59.fit,2024-09-05 10:45:00,0,0,, ,valid,190.0,3600.0
9555,FITfiles/2024-09-05/UMICH_20240905_105959_59.fit,2024-09-05 10:59:59,0,0,, ,train,190.0,3600.0
9567,FITfiles/2024-09-05/UMICH_20240905_111459_59.fit,2024-09-05 11:14:59,0,0,, ,train,190.0,3600.0
9573,FITfiles/2024-09-05/UMICH_20240905_112959_59.fit,2024-09-05 11:29:59,0,0,, ,train,190.0,3600.0
9562,FITfiles/2024-09-05/UMICH_20240905_114459_59.fit,2024-09-05 11:44:59,0,0,, ,train,190.0,3600.0
9563,FITfiles/2024-09-05/UMICH_20240905_115959_59.fit,2024-09-05 11:59:59,0,0,, ,test,190.0,3600.0
9572,FITfiles/2024-09-05/UMICH_20240905_121459_59.fit,2024-09-05 12:14:59,0,0,, ,train,190.0,3595.0
9564,FITfiles/2024-09-05/UMICH_20240905_123000_59.fit,2024-09-05 12:30:00,0,0,, ,valid,190.0,3600.0
9594,FITfiles/2024-09-05/UMICH_20240905_124500_59.fit,2024-09-05 12:45:00,0,0,, ,test,190.0,3600.0
9559,FITfiles/2024-09-05/UMICH_20240905_130000_59.fit,2024-09-05 13:00:00,0,0,, ,valid,190.0,3600.0
9553,FITfiles/2024-09-05/UMICH_20240905_131500_59.fit,2024-09-05 13:15:00,0,0,, ,train,190.0,3600.0
9554,FITfiles/2024-09-05/UMICH_20240905_133000_59.fit,2024-09-05 13:30:00,0,0,, ,test,190.0,3600.0
9551,FITfiles/2024-09-05/UMICH_20240905_134500_59.fit,2024-09-05 13:45:00,0,0,, ,train,190.0,3600.0
9565,FITfiles/2024-09-05/UMICH_20240905_140000_59.fit,2024-09-05 14:00:00,0,0,, ,train,190.0,3600.0
9547,FITfiles/2024-09-05/UMICH_20240905_141500_59.fit,2024-09-05 14:15:00,0,0,, ,train,190.0,3593.0
9548,FITfiles/2024-09-05/UMICH_20240905_143000_59.fit,2024-09-05 14:30:00,0,0,, ,valid,190.0,3600.0
9546,FITfiles/2024-09-05/UMICH_20240905_144500_59.fit,2024-09-05 14:45:00,0,0,, ,valid,190.0,3600.0
9549,FITfiles/2024-09-05/UMICH_20240905_150000_59.fit,2024-09-05 15:00:00,0,0,, ,test,190.0,3600.0
9552,FITfiles/2024-09-05/UMICH_20240905_151500_59.fit,2024-09-05 15:15:00,0,0,, ,train,190.0,3600.0
9536,FITfiles/2024-09-05/UMICH_20240905_153000_59.fit,2024-09-05 15:30:00,0,0,, ,train,190.0,3600.0
9541,FITfiles/2024-09-05/UMICH_20240905_154500_59.fit,2024-09-05 15:45:00,0,0,, ,train,190.0,3600.0
9569,FITfiles/2024-09-05/UMICH_20240905_160000_59.fit,2024-09-05 16:00:00,0,0,, ,valid,190.0,3600.0
9580,FITfiles/2024-09-05/UMICH_20240905_161500_59.fit,2024-09-05 16:15:00,0,0,, ,train,190.0,3593.0
9543,FITfiles/2024-09-05/UMICH_20240905_163000_59.fit,2024-09-05 16:30:00,0,0,, ,valid,190.0,3600.0
9561,FITfiles/2024-09-05/UMICH_20240905_164500_59.fit,2024-09-05 16:45:00,0,0,, ,train,190.0,3600.0
9542,FITfiles/2024-09-05/UMICH_20240905_170000_59.fit,2024-09-05 17:00:00,0,0,, ,train,190.0,3600.0
9538,FITfiles/2024-09-05/UMICH_20240905_171500_59.fit,2024-09-05 17:15:00,0,0,, ,train,190.0,3600.0
9550,FITfiles/2024-09-05/UMICH_20240905_173000_59.fit,2024-09-05 17:30:00,0,0,, ,valid,190.0,3600.0
9545,FITfiles/2024-09-05/UMICH_20240905_174500_59.fit,2024-09-05 17:45:00,0,0,, ,train,190.0,3600.0
9528,FITfiles/2024-09-05/UMICH_20240905_180000_59.fit,2024-09-05 18:00:00,0,0,, ,train,190.0,3600.0
9533,FITfiles/2024-09-05/UMICH_20240905_181500_59.fit,2024-09-05 18:15:00,0,0,, ,train,190.0,3592.0
9532,FITfiles/2024-09-05/UMICH_20240905_183000_59.fit,2024-09-05 18:30:00,0,0,, ,train,190.0,3600.0
9558,FITfiles/2024-09-05/UMICH_20240905_184500_59.fit,2024-09-05 18:45:00,0,0,, ,train,190.0,3600.0
9535,FITfiles/2024-09-05/UMICH_20240905_190000_59.fit,2024-09-05 19:00:00,0,0,, ,valid,190.0,3600.0
9534,FITfiles/2024-09-05/UMICH_20240905_191500_59.fit,2024-09-05 19:15:00,0,0,, ,test,190.0,3600.0
9524,FITfiles/2024-09-05/UMICH_20240905_193000_59.fit,2024-09-05 19:30:00,0,0,, ,test,190.0,3600.0
9540,FITfiles/2024-09-05/UMICH_20240905_194500_59.fit,2024-09-05 19:45:00,0,0,, ,train,190.0,3600.0
9529,FITfiles/2024-09-05/UMICH_20240905_200000_59.fit,2024-09-05 20:00:00,0,0,, ,train,190.0,3600.0
9556,FITfiles/2024-09-05/UMICH_20240905_201500_59.fit,2024-09-05 20:15:00,0,0,, ,train,190.0,3593.0
9525,FITfiles/2024-09-05/UMICH_20240905_203000_59.fit,2024-09-05 20:30:00,0,0,, ,train,190.0,3600.0
9527,FITfiles/2024-09-05/UMICH_20240905_204500_59.fit,2024-09-05 20:45:00,0,0,, ,train,190.0,3591.0
9406,FITfiles/2024-09-06/UMICH_20240906_063000_59.fit,2024-09-06 06:30:00,0,0,, ,valid,190.0,3600.0
9404,FITfiles/2024-09-06/UMICH_20240906_064500_59.fit,2024-09-06 06:45:00,0,0,, ,train,190.0,3600.0
9401,FITfiles/2024-09-06/UMICH_20240906_070000_59.fit,2024-09-06 07:00:00,0,0,, ,train,190.0,3600.0
9405,FITfiles/2024-09-06/UMICH_20240906_071500_59.fit,2024-09-06 07:15:00,0,0,, ,train,190.0,3600.0
9398,FITfiles/2024-09-06/UMICH_20240906_073000_59.fit,2024-09-06 07:30:00,0,0,, ,train,190.0,3600.0
9415,FITfiles/2024-09-06/UMICH_20240906_074500_59.fit,2024-09-06 07:45:00,0,0,, ,train,190.0,3600.0
9425,FITfiles/2024-09-06/UMICH_20240906_080000_59.fit,2024-09-06 08:00:00,0,0,, ,train,190.0,3600.0
9395,FITfiles/2024-09-06/UMICH_20240906_081500_59.fit,2024-09-06 08:15:00,0,0,, ,test,190.0,3592.0
9412,FITfiles/2024-09-06/UMICH_20240906_083000_59.fit,2024-09-06 08:30:00,0,0,, ,train,190.0,3600.0
9417,FITfiles/2024-09-06/UMICH_20240906_084500_59.fit,2024-09-06 08:45:00,0,0,, ,train,190.0,3600.0
9424,FITfiles/2024-09-06/UMICH_20240906_090000_59.fit,2024-09-06 09:00:00,0,0,, ,train,190.0,3600.0
9410,FITfiles/2024-09-06/UMICH_20240906_091500_59.fit,2024-09-06 09:15:00,0,0,, ,train,190.0,3600.0
9402,FITfiles/2024-09-06/UMICH_20240906_093000_59.fit,2024-09-06 09:30:00,0,0,, ,train,190.0,3600.0
9416,FITfiles/2024-09-06/UMICH_20240906_094500_59.fit,2024-09-06 09:45:00,0,0,, ,valid,190.0,3600.0
9419,FITfiles/2024-09-06/UMICH_20240906_100000_59.fit,2024-09-06 10:00:00,0,0,, ,test,190.0,3600.0
9414,FITfiles/2024-09-06/UMICH_20240906_101500_59.fit,2024-09-06 10:15:00,0,0,, ,train,190.0,3600.0
9393,FITfiles/2024-09-06/UMICH_20240906_102959_59.fit,2024-09-06 10:29:59,0,0,, ,test,190.0,3600.0
9394,FITfiles/2024-09-06/UMICH_20240906_104459_59.fit,2024-09-06 10:44:59,0,0,, ,valid,190.0,3600.0
9399,FITfiles/2024-09-06/UMICH_20240906_105959_59.fit,2024-09-06 10:59:59,0,0,, ,test,190.0,3600.0
9400,FITfiles/2024-09-06/UMICH_20240906_111459_59.fit,2024-09-06 11:14:59,0,0,, ,test,190.0,3600.0
9396,FITfiles/2024-09-06/UMICH_20240906_112959_59.fit,2024-09-06 11:29:59,0,0,, ,valid,190.0,3600.0
9391,FITfiles/2024-09-06/UMICH_20240906_114459_59.fit,2024-09-06 11:44:59,0,0,, ,train,190.0,3600.0
9389,FITfiles/2024-09-06/UMICH_20240906_115959_59.fit,2024-09-06 11:59:59,0,0,, ,train,190.0,3600.0
9392,FITfiles/2024-09-06/UMICH_20240906_121459_59.fit,2024-09-06 12:14:59,0,0,, ,train,190.0,3594.0
9380,FITfiles/2024-09-06/UMICH_20240906_123000_59.fit,2024-09-06 12:30:00,0,0,, ,train,190.0,3600.0
9382,FITfiles/2024-09-06/UMICH_20240906_124500_59.fit,2024-09-06 12:45:00,0,0,, ,train,190.0,3600.0
9388,FITfiles/2024-09-06/UMICH_20240906_130000_59.fit,2024-09-06 13:00:00,0,0,, ,train,190.0,3600.0
9397,FITfiles/2024-09-06/UMICH_20240906_131500_59.fit,2024-09-06 13:15:00,0,0,, ,train,190.0,3600.0
9377,FITfiles/2024-09-06/UMICH_20240906_133000_59.fit,2024-09-06 13:30:00,0,0,, ,train,190.0,3600.0
9386,FITfiles/2024-09-06/UMICH_20240906_134500_59.fit,2024-09-06 13:45:00,0,0,, ,valid,190.0,3600.0
9374,FITfiles/2024-09-06/UMICH_20240906_140000_59.fit,2024-09-06 14:00:00,0,0,, ,train,190.0,3600.0
9373,FITfiles/2024-09-06/UMICH_20240906_141500_59.fit,2024-09-06 14:15:00,0,0,, ,test,190.0,3592.0
9383,FITfiles/2024-09-06/UMICH_20240906_143000_59.fit,2024-09-06 14:30:00,0,0,, ,valid,190.0,3600.0
9384,FITfiles/2024-09-06/UMICH_20240906_144500_59.fit,2024-09-06 14:45:00,0,0,, ,valid,190.0,3600.0
9370,FITfiles/2024-09-06/UMICH_20240906_150000_59.fit,2024-09-06 15:00:00,0,0,, ,train,190.0,3600.0
9387,FITfiles/2024-09-06/UMICH_20240906_151500_59.fit,2024-09-06 15:15:00,0,0,, ,train,190.0,3600.0
9375,FITfiles/2024-09-06/UMICH_20240906_153000_59.fit,2024-09-06 15:30:00,0,0,, ,test,190.0,3600.0
9390,FITfiles/2024-09-06/UMICH_20240906_154500_59.fit,2024-09-06 15:45:00,0,0,, ,train,190.0,3600.0
9378,FITfiles/2024-09-06/UMICH_20240906_160000_59.fit,2024-09-06 16:00:00,0,0,, ,train,190.0,3600.0
9385,FITfiles/2024-09-06/UMICH_20240906_161500_59.fit,2024-09-06 16:15:00,0,0,, ,train,190.0,3593.0
9363,FITfiles/2024-09-06/UMICH_20240906_163000_59.fit,2024-09-06 16:30:00,0,0,, ,train,190.0,3600.0
9381,FITfiles/2024-09-06/UMICH_20240906_164500_59.fit,2024-09-06 16:45:00,0,0,, ,train,190.0,3600.0
9364,FITfiles/2024-09-06/UMICH_20240906_170000_59.fit,2024-09-06 17:00:00,0,0,, ,train,190.0,3600.0
9360,FITfiles/2024-09-06/UMICH_20240906_171500_59.fit,2024-09-06 17:15:00,0,0,, ,train,190.0,3600.0
9369,FITfiles/2024-09-06/UMICH_20240906_173000_59.fit,2024-09-06 17:30:00,0,0,, ,train,190.0,3600.0
9371,FITfiles/2024-09-06/UMICH_20240906_174500_59.fit,2024-09-06 17:45:00,0,0,, ,train,190.0,3600.0
9361,FITfiles/2024-09-06/UMICH_20240906_180000_59.fit,2024-09-06 18:00:00,0,0,, ,valid,190.0,3600.0
9362,FITfiles/2024-09-06/UMICH_20240906_181500_59.fit,2024-09-06 18:15:00,0,0,, ,test,190.0,3592.0
9358,FITfiles/2024-09-06/UMICH_20240906_183000_59.fit,2024-09-06 18:30:00,0,0,, ,train,190.0,3600.0
9355,FITfiles/2024-09-06/UMICH_20240906_184500_59.fit,2024-09-06 18:45:00,0,0,, ,valid,190.0,3600.0
9350,FITfiles/2024-09-06/UMICH_20240906_190000_59.fit,2024-09-06 19:00:00,0,0,, ,valid,190.0,3600.0
9379,FITfiles/2024-09-06/UMICH_20240906_191500_59.fit,2024-09-06 19:15:00,0,0,, ,train,190.0,3600.0
9423,FITfiles/2024-09-06/UMICH_20240906_193000_59.fit,2024-09-06 19:30:00,0,0,, ,train,190.0,3600.0
9366,FITfiles/2024-09-06/UMICH_20240906_194500_59.fit,2024-09-06 19:45:00,0,0,, ,train,190.0,3600.0
9353,FITfiles/2024-09-06/UMICH_20240906_200000_59.fit,2024-09-06 20:00:00,0,0,, ,train,190.0,3600.0
9359,FITfiles/2024-09-06/UMICH_20240906_201500_59.fit,2024-09-06 20:15:00,0,0,, ,test,190.0,3592.0
9368,FITfiles/2024-09-06/UMICH_20240906_203000_59.fit,2024-09-06 20:30:00,0,0,, ,train,190.0,3600.0
9357,FITfiles/2024-09-06/UMICH_20240906_204500_59.fit,2024-09-06 20:45:00,0,0,, ,valid,190.0,3591.0
9093,FITfiles/2024-09-07/UMICH_20240907_063000_59.fit,2024-09-07 06:30:00,0,0,, ,train,190.0,3600.0
9092,FITfiles/2024-09-07/UMICH_20240907_064500_59.fit,2024-09-07 06:45:00,0,0,, ,valid,190.0,3600.0
9091,FITfiles/2024-09-07/UMICH_20240907_070000_59.fit,2024-09-07 07:00:00,0,0,, ,valid,190.0,3600.0
9088,FITfiles/2024-09-07/UMICH_20240907_071500_59.fit,2024-09-07 07:15:00,0,0,, ,train,190.0,3600.0
9089,FITfiles/2024-09-07/UMICH_20240907_073000_59.fit,2024-09-07 07:30:00,0,0,, ,train,190.0,3600.0
9078,FITfiles/2024-09-07/UMICH_20240907_074500_59.fit,2024-09-07 07:45:00,0,0,, ,train,190.0,3600.0
9080,FITfiles/2024-09-07/UMICH_20240907_080000_59.fit,2024-09-07 08:00:00,0,0,, ,valid,190.0,3600.0
9073,FITfiles/2024-09-07/UMICH_20240907_081500_59.fit,2024-09-07 08:15:00,0,0,, ,train,190.0,3592.0
9068,FITfiles/2024-09-07/UMICH_20240907_083000_59.fit,2024-09-07 08:30:00,0,0,, ,train,190.0,3600.0
9065,FITfiles/2024-09-07/UMICH_20240907_084500_59.fit,2024-09-07 08:45:00,0,0,, ,valid,190.0,3600.0
9063,FITfiles/2024-09-07/UMICH_20240907_090000_59.fit,2024-09-07 09:00:00,0,0,, ,train,190.0,3600.0
9059,FITfiles/2024-09-07/UMICH_20240907_091500_59.fit,2024-09-07 09:15:00,0,0,, ,train,190.0,3600.0
9062,FITfiles/2024-09-07/UMICH_20240907_093000_59.fit,2024-09-07 09:30:00,0,0,, ,valid,190.0,3600.0
9060,FITfiles/2024-09-07/UMICH_20240907_094500_59.fit,2024-09-07 09:45:00,0,0,, ,train,190.0,3600.0
9058,FITfiles/2024-09-07/UMICH_20240907_100000_59.fit,2024-09-07 10:00:00,0,0,, ,test,190.0,3600.0
9057,FITfiles/2024-09-07/UMICH_20240907_101500_59.fit,2024-09-07 10:15:00,0,0,, ,test,190.0,3600.0
9054,FITfiles/2024-09-07/UMICH_20240907_103000_59.fit,2024-09-07 10:30:00,0,0,, ,train,190.0,3600.0
9051,FITfiles/2024-09-07/UMICH_20240907_104500_59.fit,2024-09-07 10:45:00,0,0,, ,train,190.0,3600.0
9045,FITfiles/2024-09-07/UMICH_20240907_110000_59.fit,2024-09-07 11:00:00,0,0,, ,train,190.0,3600.0
9044,FITfiles/2024-09-07/UMICH_20240907_111459_59.fit,2024-09-07 11:14:59,0,0,, ,test,190.0,3600.0
9037,FITfiles/2024-09-07/UMICH_20240907_112959_59.fit,2024-09-07 11:29:59,0,0,, ,train,190.0,3600.0
9027,FITfiles/2024-09-07/UMICH_20240907_114459_59.fit,2024-09-07 11:44:59,0,0,, ,valid,190.0,3600.0
9024,FITfiles/2024-09-07/UMICH_20240907_115959_59.fit,2024-09-07 11:59:59,0,0,, ,train,190.0,3600.0
9022,FITfiles/2024-09-07/UMICH_20240907_121459_59.fit,2024-09-07 12:14:59,0,0,, ,valid,190.0,3595.0
9021,FITfiles/2024-09-07/UMICH_20240907_123000_59.fit,2024-09-07 12:30:00,0,0,, ,train,190.0,3600.0
9018,FITfiles/2024-09-07/UMICH_20240907_124500_59.fit,2024-09-07 12:45:00,0,0,, ,train,190.0,3600.0
9016,FITfiles/2024-09-07/UMICH_20240907_130000_59.fit,2024-09-07 13:00:00,0,0,, ,train,190.0,3600.0
9014,FITfiles/2024-09-07/UMICH_20240907_131500_59.fit,2024-09-07 13:15:00,0,0,, ,valid,190.0,3600.0
9005,FITfiles/2024-09-07/UMICH_20240907_133000_59.fit,2024-09-07 13:30:00,0,0,, ,train,190.0,3600.0
9002,FITfiles/2024-09-07/UMICH_20240907_134500_59.fit,2024-09-07 13:45:00,0,0,, ,train,190.0,3600.0
8992,FITfiles/2024-09-07/UMICH_20240907_140000_59.fit,2024-09-07 14:00:00,0,0,, ,train,190.0,3600.0
8988,FITfiles/2024-09-07/UMICH_20240907_141500_59.fit,2024-09-07 14:15:00,0,0,, ,valid,190.0,3592.0
8989,FITfiles/2024-09-07/UMICH_20240907_143000_59.fit,2024-09-07 14:30:00,0,0,, ,train,190.0,3600.0
8985,FITfiles/2024-09-07/UMICH_20240907_144500_59.fit,2024-09-07 14:45:00,0,0,, ,train,190.0,3600.0
8982,FITfiles/2024-09-07/UMICH_20240907_150000_59.fit,2024-09-07 15:00:00,0,0,, ,train,190.0,3600.0
8981,FITfiles/2024-09-07/UMICH_20240907_151500_59.fit,2024-09-07 15:15:00,0,0,, ,valid,190.0,3600.0
8980,FITfiles/2024-09-07/UMICH_20240907_153000_59.fit,2024-09-07 15:30:00,0,0,, ,train,190.0,3600.0
8979,FITfiles/2024-09-07/UMICH_20240907_154500_59.fit,2024-09-07 15:45:00,0,0,, ,valid,190.0,3600.0
8978,FITfiles/2024-09-07/UMICH_20240907_160000_59.fit,2024-09-07 16:00:00,0,0,, ,valid,190.0,3600.0
8977,FITfiles/2024-09-07/UMICH_20240907_161500_59.fit,2024-09-07 16:15:00,0,0,, ,train,190.0,3592.0
8976,FITfiles/2024-09-07/UMICH_20240907_163000_59.fit,2024-09-07 16:30:00,0,0,, ,train,190.0,3600.0
8974,FITfiles/2024-09-07/UMICH_20240907_164500_59.fit,2024-09-07 16:45:00,0,0,, ,valid,190.0,3600.0
8975,FITfiles/2024-09-07/UMICH_20240907_170000_59.fit,2024-09-07 17:00:00,0,0,, ,train,190.0,3600.0
8973,FITfiles/2024-09-07/UMICH_20240907_171500_59.fit,2024-09-07 17:15:00,0,0,, ,train,190.0,3600.0
8971,FITfiles/2024-09-07/UMICH_20240907_173000_59.fit,2024-09-07 17:30:00,0,0,, ,train,190.0,3600.0
8972,FITfiles/2024-09-07/UMICH_20240907_174500_59.fit,2024-09-07 17:45:00,0,0,, ,train,190.0,3600.0
8970,FITfiles/2024-09-07/UMICH_20240907_180000_59.fit,2024-09-07 18:00:00,0,0,, ,test,190.0,3600.0
8969,FITfiles/2024-09-07/UMICH_20240907_181500_59.fit,2024-09-07 18:15:00,0,0,, ,valid,190.0,3592.0
8968,FITfiles/2024-09-07/UMICH_20240907_183000_59.fit,2024-09-07 18:30:00,0,0,, ,valid,190.0,3600.0
8967,FITfiles/2024-09-07/UMICH_20240907_184500_59.fit,2024-09-07 18:45:00,0,0,, ,test,190.0,3600.0
8966,FITfiles/2024-09-07/UMICH_20240907_190000_59.fit,2024-09-07 19:00:00,0,0,, ,train,190.0,3600.0
8965,FITfiles/2024-09-07/UMICH_20240907_191500_59.fit,2024-09-07 19:15:00,0,0,, ,train,190.0,3600.0
8964,FITfiles/2024-09-07/UMICH_20240907_193000_59.fit,2024-09-07 19:30:00,0,0,, ,valid,190.0,3600.0
8963,FITfiles/2024-09-07/UMICH_20240907_194500_59.fit,2024-09-07 19:45:00,0,0,, ,train,190.0,3600.0
8962,FITfiles/2024-09-07/UMICH_20240907_200000_59.fit,2024-09-07 20:00:00,0,0,, ,train,190.0,3600.0
8961,FITfiles/2024-09-07/UMICH_20240907_201500_59.fit,2024-09-07 20:15:00,0,0,, ,train,190.0,3592.0
8960,FITfiles/2024-09-07/UMICH_20240907_203000_59.fit,2024-09-07 20:30:00,0,0,, ,valid,190.0,3600.0
8959,FITfiles/2024-09-07/UMICH_20240907_204500_59.fit,2024-09-07 20:45:00,0,0,, ,train,190.0,3590.0
9076,FITfiles/2024-09-08/UMICH_20240908_063000_59.fit,2024-09-08 06:30:00,0,0,, ,test,190.0,3600.0
9070,FITfiles/2024-09-08/UMICH_20240908_064500_59.fit,2024-09-08 06:45:00,0,0,, ,train,190.0,3600.0
9055,FITfiles/2024-09-08/UMICH_20240908_070000_59.fit,2024-09-08 07:00:00,0,0,, ,valid,190.0,3600.0
9056,FITfiles/2024-09-08/UMICH_20240908_071500_59.fit,2024-09-08 07:15:00,0,0,, ,test,190.0,3600.0
9053,FITfiles/2024-09-08/UMICH_20240908_073000_59.fit,2024-09-08 07:30:00,0,0,, ,train,190.0,3600.0
9052,FITfiles/2024-09-08/UMICH_20240908_074500_59.fit,2024-09-08 07:45:00,0,0,, ,train,190.0,3600.0
9050,FITfiles/2024-09-08/UMICH_20240908_080000_59.fit,2024-09-08 08:00:00,0,0,, ,train,190.0,3600.0
9049,FITfiles/2024-09-08/UMICH_20240908_081500_59.fit,2024-09-08 08:15:00,0,0,, ,train,190.0,3592.0
9048,FITfiles/2024-09-08/UMICH_20240908_083000_59.fit,2024-09-08 08:30:00,0,0,, ,train,190.0,3600.0
9047,FITfiles/2024-09-08/UMICH_20240908_084500_59.fit,2024-09-08 08:45:00,0,0,, ,train,190.0,3600.0
9046,FITfiles/2024-09-08/UMICH_20240908_090000_59.fit,2024-09-08 09:00:00,0,0,, ,train,190.0,3600.0
9043,FITfiles/2024-09-08/UMICH_20240908_091500_59.fit,2024-09-08 09:15:00,0,0,, ,test,190.0,3600.0
9042,FITfiles/2024-09-08/UMICH_20240908_093000_59.fit,2024-09-08 09:30:00,0,0,, ,train,190.0,3600.0
9041,FITfiles/2024-09-08/UMICH_20240908_094500_59.fit,2024-09-08 09:45:00,0,0,, ,train,190.0,3600.0
9038,FITfiles/2024-09-08/UMICH_20240908_100000_59.fit,2024-09-08 10:00:00,0,0,, ,train,190.0,3600.0
9039,FITfiles/2024-09-08/UMICH_20240908_101500_59.fit,2024-09-08 10:15:00,0,0,, ,test,190.0,3600.0
9040,FITfiles/2024-09-08/UMICH_20240908_103000_59.fit,2024-09-08 10:30:00,0,0,, ,test,190.0,3600.0
9035,FITfiles/2024-09-08/UMICH_20240908_104500_59.fit,2024-09-08 10:45:00,0,0,, ,train,190.0,3600.0
9036,FITfiles/2024-09-08/UMICH_20240908_110000_59.fit,2024-09-08 11:00:00,0,0,, ,valid,190.0,3600.0
9034,FITfiles/2024-09-08/UMICH_20240908_111459_59.fit,2024-09-08 11:14:59,0,0,, ,train,190.0,3600.0
9033,FITfiles/2024-09-08/UMICH_20240908_112959_59.fit,2024-09-08 11:29:59,0,0,, ,train,190.0,3600.0
9032,FITfiles/2024-09-08/UMICH_20240908_114459_59.fit,2024-09-08 11:44:59,0,0,, ,train,190.0,3600.0
9029,FITfiles/2024-09-08/UMICH_20240908_115959_59.fit,2024-09-08 11:59:59,0,0,, ,train,190.0,3600.0
9031,FITfiles/2024-09-08/UMICH_20240908_121459_59.fit,2024-09-08 12:14:59,0,0,, ,test,190.0,3594.0
9028,FITfiles/2024-09-08/UMICH_20240908_123000_59.fit,2024-09-08 12:30:00,0,0,, ,train,190.0,3600.0
9030,FITfiles/2024-09-08/UMICH_20240908_124500_59.fit,2024-09-08 12:45:00,0,0,, ,train,190.0,3600.0
9026,FITfiles/2024-09-08/UMICH_20240908_130000_59.fit,2024-09-08 13:00:00,0,0,, ,train,190.0,3600.0
9025,FITfiles/2024-09-08/UMICH_20240908_131500_59.fit,2024-09-08 13:15:00,0,0,, ,valid,190.0,3600.0
9023,FITfiles/2024-09-08/UMICH_20240908_133000_59.fit,2024-09-08 13:30:00,0,0,, ,test,190.0,3600.0
9020,FITfiles/2024-09-08/UMICH_20240908_134500_59.fit,2024-09-08 13:45:00,0,0,, ,valid,190.0,3600.0
9019,FITfiles/2024-09-08/UMICH_20240908_140000_59.fit,2024-09-08 14:00:00,0,0,, ,train,190.0,3600.0
9017,FITfiles/2024-09-08/UMICH_20240908_141500_59.fit,2024-09-08 14:15:00,0,0,, ,train,190.0,3593.0
9015,FITfiles/2024-09-08/UMICH_20240908_143000_59.fit,2024-09-08 14:30:00,0,0,, ,train,190.0,3600.0
9013,FITfiles/2024-09-08/UMICH_20240908_144500_59.fit,2024-09-08 14:45:00,0,0,, ,train,190.0,3600.0
9012,FITfiles/2024-09-08/UMICH_20240908_150000_59.fit,2024-09-08 15:00:00,0,0,, ,train,190.0,3600.0
9011,FITfiles/2024-09-08/UMICH_20240908_151500_59.fit,2024-09-08 15:15:00,0,0,, ,train,190.0,3600.0
9010,FITfiles/2024-09-08/UMICH_20240908_153000_59.fit,2024-09-08 15:30:00,0,0,, ,train,190.0,3600.0
9009,FITfiles/2024-09-08/UMICH_20240908_154500_59.fit,2024-09-08 15:45:00,0,0,, ,train,190.0,3600.0
9008,FITfiles/2024-09-08/UMICH_20240908_160000_59.fit,2024-09-08 16:00:00,0,0,, ,train,190.0,3600.0
9007,FITfiles/2024-09-08/UMICH_20240908_161500_59.fit,2024-09-08 16:15:00,0,0,, ,valid,190.0,3593.0
9006,FITfiles/2024-09-08/UMICH_20240908_163000_59.fit,2024-09-08 16:30:00,0,0,, ,test,190.0,3600.0
9004,FITfiles/2024-09-08/UMICH_20240908_164500_59.fit,2024-09-08 16:45:00,0,0,, ,train,190.0,3600.0
9003,FITfiles/2024-09-08/UMICH_20240908_170000_59.fit,2024-09-08 17:00:00,0,0,, ,train,190.0,3600.0
9001,FITfiles/2024-09-08/UMICH_20240908_171500_59.fit,2024-09-08 17:15:00,0,0,, ,train,190.0,3600.0
9000,FITfiles/2024-09-08/UMICH_20240908_173000_59.fit,2024-09-08 17:30:00,0,0,, ,train,190.0,3600.0
8999,FITfiles/2024-09-08/UMICH_20240908_174500_59.fit,2024-09-08 17:45:00,0,0,, ,train,190.0,3600.0
8998,FITfiles/2024-09-08/UMICH_20240908_180000_59.fit,2024-09-08 18:00:00,0,0,, ,valid,190.0,3600.0
8995,FITfiles/2024-09-08/UMICH_20240908_181500_59.fit,2024-09-08 18:15:00,0,0,, ,train,190.0,3592.0
8996,FITfiles/2024-09-08/UMICH_20240908_183000_59.fit,2024-09-08 18:30:00,0,0,, ,test,190.0,3600.0
8994,FITfiles/2024-09-08/UMICH_20240908_184500_59.fit,2024-09-08 18:45:00,0,0,, ,train,190.0,3600.0
8997,FITfiles/2024-09-08/UMICH_20240908_190000_59.fit,2024-09-08 19:00:00,0,0,, ,train,190.0,3600.0
8993,FITfiles/2024-09-08/UMICH_20240908_191500_59.fit,2024-09-08 19:15:00,0,0,, ,train,190.0,3600.0
8991,FITfiles/2024-09-08/UMICH_20240908_193000_59.fit,2024-09-08 19:30:00,0,0,, ,train,190.0,3600.0
8990,FITfiles/2024-09-08/UMICH_20240908_194500_59.fit,2024-09-08 19:45:00,0,0,, ,valid,190.0,3600.0
8987,FITfiles/2024-09-08/UMICH_20240908_200000_59.fit,2024-09-08 20:00:00,0,0,, ,train,190.0,3600.0
8986,FITfiles/2024-09-08/UMICH_20240908_201500_59.fit,2024-09-08 20:15:00,0,0,, ,valid,190.0,3592.0
8984,FITfiles/2024-09-08/UMICH_20240908_203000_59.fit,2024-09-08 20:30:00,0,0,, ,train,190.0,3600.0
8983,FITfiles/2024-09-08/UMICH_20240908_204500_59.fit,2024-09-08 20:45:00,0,0,, ,train,190.0,3591.0
4293,FITfiles/2024-09-09/UMICH_20240909_063000_59.fit,2024-09-09 06:30:00,0,0,, ,train,190.0,3600.0
4294,FITfiles/2024-09-09/UMICH_20240909_064500_59.fit,2024-09-09 06:45:00,0,0,, ,valid,190.0,3600.0
4291,FITfiles/2024-09-09/UMICH_20240909_070000_59.fit,2024-09-09 07:00:00,0,0,, ,train,190.0,3600.0
4391,FITfiles/2024-09-09/UMICH_20240909_071500_59.fit,2024-09-09 07:15:00,0,0,, ,train,190.0,3600.0
4175,FITfiles/2024-09-09/UMICH_20240909_073000_59.fit,2024-09-09 07:30:00,0,0,, ,valid,190.0,3600.0
4178,FITfiles/2024-09-09/UMICH_20240909_074500_59.fit,2024-09-09 07:45:00,0,0,, ,train,190.0,3600.0
4176,FITfiles/2024-09-09/UMICH_20240909_080000_59.fit,2024-09-09 08:00:00,0,0,, ,train,190.0,3600.0
3998,FITfiles/2024-09-09/UMICH_20240909_081500_59.fit,2024-09-09 08:15:00,0,0,, ,test,190.0,3592.0
3994,FITfiles/2024-09-09/UMICH_20240909_083000_59.fit,2024-09-09 08:30:00,0,0,, ,test,190.0,3600.0
3989,FITfiles/2024-09-09/UMICH_20240909_084500_59.fit,2024-09-09 08:45:00,0,0,, ,train,190.0,3600.0
3762,FITfiles/2024-09-09/UMICH_20240909_090000_59.fit,2024-09-09 09:00:00,0,0,, ,train,190.0,3600.0
3704,FITfiles/2024-09-09/UMICH_20240909_091500_59.fit,2024-09-09 09:15:00,0,0,, ,train,190.0,3600.0
3703,FITfiles/2024-09-09/UMICH_20240909_093000_59.fit,2024-09-09 09:30:00,0,0,, ,train,190.0,3600.0
3466,FITfiles/2024-09-09/UMICH_20240909_094500_59.fit,2024-09-09 09:45:00,0,0,, ,train,190.0,3600.0
3457,FITfiles/2024-09-09/UMICH_20240909_100000_59.fit,2024-09-09 10:00:00,0,0,, ,train,190.0,3600.0
3345,FITfiles/2024-09-09/UMICH_20240909_101500_59.fit,2024-09-09 10:15:00,0,0,, ,train,190.0,3600.0
3343,FITfiles/2024-09-09/UMICH_20240909_103000_59.fit,2024-09-09 10:30:00,0,0,, ,test,190.0,3600.0
3341,FITfiles/2024-09-09/UMICH_20240909_104459_59.fit,2024-09-09 10:44:59,0,0,, ,valid,190.0,3600.0
3334,FITfiles/2024-09-09/UMICH_20240909_105959_59.fit,2024-09-09 10:59:59,0,0,, ,train,190.0,3600.0
3172,FITfiles/2024-09-09/UMICH_20240909_111459_59.fit,2024-09-09 11:14:59,0,0,, ,train,190.0,3600.0
3179,FITfiles/2024-09-09/UMICH_20240909_112959_59.fit,2024-09-09 11:29:59,0,0,, ,train,190.0,3600.0
3171,FITfiles/2024-09-09/UMICH_20240909_114459_59.fit,2024-09-09 11:44:59,0,0,, ,train,190.0,3600.0
3164,FITfiles/2024-09-09/UMICH_20240909_115959_59.fit,2024-09-09 11:59:59,0,0,, ,train,190.0,3600.0
3162,FITfiles/2024-09-09/UMICH_20240909_121459_59.fit,2024-09-09 12:14:59,0,0,, ,test,190.0,3594.0
3163,FITfiles/2024-09-09/UMICH_20240909_123000_59.fit,2024-09-09 12:30:00,0,0,, ,train,190.0,3600.0
3160,FITfiles/2024-09-09/UMICH_20240909_124500_59.fit,2024-09-09 12:45:00,0,0,, ,train,190.0,3600.0
3155,FITfiles/2024-09-09/UMICH_20240909_130000_59.fit,2024-09-09 13:00:00,0,0,, ,train,190.0,3600.0
3150,FITfiles/2024-09-09/UMICH_20240909_131500_59.fit,2024-09-09 13:15:00,0,0,, ,train,190.0,3600.0
3158,FITfiles/2024-09-09/UMICH_20240909_133000_59.fit,2024-09-09 13:30:00,0,0,, ,valid,190.0,3600.0
3105,FITfiles/2024-09-09/UMICH_20240909_134500_59.fit,2024-09-09 13:45:00,0,0,, ,train,190.0,3600.0
3097,FITfiles/2024-09-09/UMICH_20240909_140000_59.fit,2024-09-09 14:00:00,0,0,, ,train,190.0,3600.0
3096,FITfiles/2024-09-09/UMICH_20240909_141500_59.fit,2024-09-09 14:15:00,0,0,, ,train,190.0,3592.0
3098,FITfiles/2024-09-09/UMICH_20240909_143000_59.fit,2024-09-09 14:30:00,0,0,, ,test,190.0,3600.0
3091,FITfiles/2024-09-09/UMICH_20240909_144500_59.fit,2024-09-09 14:45:00,0,0,, ,valid,190.0,3600.0
3087,FITfiles/2024-09-09/UMICH_20240909_150000_59.fit,2024-09-09 15:00:00,0,0,, ,train,190.0,3600.0
3012,FITfiles/2024-09-09/UMICH_20240909_151500_59.fit,2024-09-09 15:15:00,0,0,, ,train,190.0,3600.0
3010,FITfiles/2024-09-09/UMICH_20240909_153000_59.fit,2024-09-09 15:30:00,0,0,, ,train,190.0,3600.0
3007,FITfiles/2024-09-09/UMICH_20240909_154500_59.fit,2024-09-09 15:45:00,0,0,, ,test,190.0,3600.0
3004,FITfiles/2024-09-09/UMICH_20240909_160000_59.fit,2024-09-09 16:00:00,0,0,, ,test,190.0,3600.0
2834,FITfiles/2024-09-09/UMICH_20240909_161500_59.fit,2024-09-09 16:15:00,0,0,, ,valid,190.0,3592.0
2829,FITfiles/2024-09-09/UMICH_20240909_163000_59.fit,2024-09-09 16:30:00,0,0,, ,valid,190.0,3600.0
2833,FITfiles/2024-09-09/UMICH_20240909_164500_59.fit,2024-09-09 16:45:00,0,0,, ,train,190.0,3600.0
2832,FITfiles/2024-09-09/UMICH_20240909_170000_59.fit,2024-09-09 17:00:00,0,0,, ,valid,190.0,3600.0
2715,FITfiles/2024-09-09/UMICH_20240909_171500_59.fit,2024-09-09 17:15:00,0,0,, ,valid,190.0,3600.0
2713,FITfiles/2024-09-09/UMICH_20240909_173000_59.fit,2024-09-09 17:30:00,0,0,, ,valid,190.0,3600.0
2712,FITfiles/2024-09-09/UMICH_20240909_174500_59.fit,2024-09-09 17:45:00,0,0,, ,test,190.0,3600.0
2403,FITfiles/2024-09-09/UMICH_20240909_180000_59.fit,2024-09-09 18:00:00,0,0,, ,train,190.0,3600.0
2398,FITfiles/2024-09-09/UMICH_20240909_181500_59.fit,2024-09-09 18:15:00,0,0,, ,train,190.0,3592.0
2313,FITfiles/2024-09-09/UMICH_20240909_183000_59.fit,2024-09-09 18:30:00,0,0,, ,test,190.0,3600.0
2304,FITfiles/2024-09-09/UMICH_20240909_184500_59.fit,2024-09-09 18:45:00,0,0,, ,train,190.0,3600.0
2300,FITfiles/2024-09-09/UMICH_20240909_190000_59.fit,2024-09-09 19:00:00,0,0,, ,test,190.0,3600.0
2296,FITfiles/2024-09-09/UMICH_20240909_191500_59.fit,2024-09-09 19:15:00,0,0,, ,test,190.0,3600.0
2126,FITfiles/2024-09-09/UMICH_20240909_193000_59.fit,2024-09-09 19:30:00,0,0,, ,train,190.0,3600.0
2124,FITfiles/2024-09-09/UMICH_20240909_194500_59.fit,2024-09-09 19:45:00,0,0,, ,train,190.0,3600.0
2121,FITfiles/2024-09-09/UMICH_20240909_200000_59.fit,2024-09-09 20:00:00,0,0,, ,train,190.0,3600.0
2123,FITfiles/2024-09-09/UMICH_20240909_201500_59.fit,2024-09-09 20:15:00,0,0,, ,train,190.0,3592.0
1976,FITfiles/2024-09-09/UMICH_20240909_203000_59.fit,2024-09-09 20:30:00,0,0,, ,valid,190.0,3600.0
1974,FITfiles/2024-09-09/UMICH_20240909_204500_59.fit,2024-09-09 20:45:00,0,0,, ,train,190.0,3590.0
8865,FITfiles/2024-09-10/UMICH_20240910_063000_59.fit,2024-09-10 06:30:00,0,0,, ,valid,190.0,3600.0
8592,FITfiles/2024-09-10/UMICH_20240910_064500_59.fit,2024-09-10 06:45:00,0,0,, ,train,190.0,3600.0
8589,FITfiles/2024-09-10/UMICH_20240910_070000_59.fit,2024-09-10 07:00:00,0,0,, ,train,190.0,3600.0
8587,FITfiles/2024-09-10/UMICH_20240910_071500_59.fit,2024-09-10 07:15:00,0,0,, ,train,190.0,3600.0
8585,FITfiles/2024-09-10/UMICH_20240910_073000_59.fit,2024-09-10 07:30:00,0,0,, ,test,190.0,3600.0
8584,FITfiles/2024-09-10/UMICH_20240910_074500_59.fit,2024-09-10 07:45:00,0,0,, ,valid,190.0,3600.0
8581,FITfiles/2024-09-10/UMICH_20240910_080000_59.fit,2024-09-10 08:00:00,0,0,, ,train,190.0,3600.0
8579,FITfiles/2024-09-10/UMICH_20240910_081500_59.fit,2024-09-10 08:15:00,0,0,, ,test,190.0,3592.0
8578,FITfiles/2024-09-10/UMICH_20240910_083000_59.fit,2024-09-10 08:30:00,0,0,, ,train,190.0,3600.0
8576,FITfiles/2024-09-10/UMICH_20240910_084500_59.fit,2024-09-10 08:45:00,0,0,, ,test,190.0,3600.0
8570,FITfiles/2024-09-10/UMICH_20240910_090000_59.fit,2024-09-10 09:00:00,0,0,, ,test,190.0,3600.0
8568,FITfiles/2024-09-10/UMICH_20240910_091500_59.fit,2024-09-10 09:15:00,0,0,, ,train,190.0,3600.0
8527,FITfiles/2024-09-10/UMICH_20240910_093000_59.fit,2024-09-10 09:30:00,0,0,, ,train,190.0,3600.0
8468,FITfiles/2024-09-10/UMICH_20240910_094500_59.fit,2024-09-10 09:45:00,0,0,, ,train,190.0,3600.0
8465,FITfiles/2024-09-10/UMICH_20240910_100000_59.fit,2024-09-10 10:00:00,0,0,, ,train,190.0,3600.0
8463,FITfiles/2024-09-10/UMICH_20240910_101500_59.fit,2024-09-10 10:15:00,0,0,, ,train,190.0,3600.0
8402,FITfiles/2024-09-10/UMICH_20240910_103000_59.fit,2024-09-10 10:30:00,0,0,, ,test,190.0,3600.0
8399,FITfiles/2024-09-10/UMICH_20240910_104500_59.fit,2024-09-10 10:45:00,0,0,, ,train,190.0,3600.0
8395,FITfiles/2024-09-10/UMICH_20240910_105959_59.fit,2024-09-10 10:59:59,0,0,, ,valid,190.0,3600.0
8393,FITfiles/2024-09-10/UMICH_20240910_111459_59.fit,2024-09-10 11:14:59,0,0,, ,test,190.0,3600.0
8390,FITfiles/2024-09-10/UMICH_20240910_112959_59.fit,2024-09-10 11:29:59,0,0,, ,train,190.0,3600.0
8387,FITfiles/2024-09-10/UMICH_20240910_114459_59.fit,2024-09-10 11:44:59,0,0,, ,test,190.0,3600.0
8384,FITfiles/2024-09-10/UMICH_20240910_115959_59.fit,2024-09-10 11:59:59,0,0,, ,test,190.0,3600.0
8382,FITfiles/2024-09-10/UMICH_20240910_121459_59.fit,2024-09-10 12:14:59,0,0,, ,test,190.0,3595.0
8380,FITfiles/2024-09-10/UMICH_20240910_123000_59.fit,2024-09-10 12:30:00,0,0,, ,train,190.0,3600.0
8379,FITfiles/2024-09-10/UMICH_20240910_124500_59.fit,2024-09-10 12:45:00,0,0,, ,train,190.0,3600.0
8378,FITfiles/2024-09-10/UMICH_20240910_130000_59.fit,2024-09-10 13:00:00,0,0,, ,train,190.0,3600.0
8375,FITfiles/2024-09-10/UMICH_20240910_131500_59.fit,2024-09-10 13:15:00,0,0,, ,train,190.0,3600.0
8373,FITfiles/2024-09-10/UMICH_20240910_133000_59.fit,2024-09-10 13:30:00,0,0,, ,train,190.0,3600.0
7589,FITfiles/2024-09-10/UMICH_20240910_134500_59.fit,2024-09-10 13:45:00,0,0,, ,train,190.0,3600.0
7754,FITfiles/2024-09-10/UMICH_20240910_140000_59.fit,2024-09-10 14:00:00,0,0,, ,train,190.0,3600.0
7316,FITfiles/2024-09-10/UMICH_20240910_141500_59.fit,2024-09-10 14:15:00,0,0,, ,train,190.0,3593.0
7313,FITfiles/2024-09-10/UMICH_20240910_143000_59.fit,2024-09-10 14:30:00,0,0,, ,test,190.0,3600.0
7192,FITfiles/2024-09-10/UMICH_20240910_144500_59.fit,2024-09-10 14:45:00,0,0,, ,valid,190.0,3600.0
7131,FITfiles/2024-09-10/UMICH_20240910_150000_59.fit,2024-09-10 15:00:00,0,0,, ,test,190.0,3600.0
7155,FITfiles/2024-09-10/UMICH_20240910_151500_59.fit,2024-09-10 15:15:00,0,0,, ,valid,190.0,3600.0
7127,FITfiles/2024-09-10/UMICH_20240910_153000_59.fit,2024-09-10 15:30:00,0,0,, ,test,190.0,3600.0
7125,FITfiles/2024-09-10/UMICH_20240910_154500_59.fit,2024-09-10 15:45:00,0,0,, ,train,190.0,3600.0
7024,FITfiles/2024-09-10/UMICH_20240910_160000_59.fit,2024-09-10 16:00:00,0,0,, ,valid,190.0,3600.0
7003,FITfiles/2024-09-10/UMICH_20240910_161500_59.fit,2024-09-10 16:15:00,0,0,, ,train,190.0,3592.0
6820,FITfiles/2024-09-10/UMICH_20240910_163000_59.fit,2024-09-10 16:30:00,0,0,, ,train,190.0,3600.0
6652,FITfiles/2024-09-10/UMICH_20240910_164500_59.fit,2024-09-10 16:45:00,0,0,, ,train,190.0,3600.0
6513,FITfiles/2024-09-10/UMICH_20240910_170000_59.fit,2024-09-10 17:00:00,0,0,, ,train,190.0,3600.0
6500,FITfiles/2024-09-10/UMICH_20240910_171500_59.fit,2024-09-10 17:15:00,0,0,, ,train,190.0,3600.0
6496,FITfiles/2024-09-10/UMICH_20240910_173000_59.fit,2024-09-10 17:30:00,0,0,, ,train,190.0,3600.0
6324,FITfiles/2024-09-10/UMICH_20240910_174500_59.fit,2024-09-10 17:45:00,0,0,, ,test,190.0,3600.0
6323,FITfiles/2024-09-10/UMICH_20240910_180000_59.fit,2024-09-10 18:00:00,0,0,, ,test,190.0,3600.0
6319,FITfiles/2024-09-10/UMICH_20240910_181500_59.fit,2024-09-10 18:15:00,0,0,, ,train,190.0,3593.0
6318,FITfiles/2024-09-10/UMICH_20240910_183000_59.fit,2024-09-10 18:30:00,0,0,, ,train,190.0,3600.0
6225,FITfiles/2024-09-10/UMICH_20240910_184500_59.fit,2024-09-10 18:45:00,0,0,, ,valid,190.0,3600.0
4511,FITfiles/2024-09-10/UMICH_20240910_190000_59.fit,2024-09-10 19:00:00,0,0,, ,test,190.0,3600.0
4299,FITfiles/2024-09-10/UMICH_20240910_191500_59.fit,2024-09-10 19:15:00,0,0,, ,test,190.0,3600.0
4298,FITfiles/2024-09-10/UMICH_20240910_193000_59.fit,2024-09-10 19:30:00,0,0,, ,train,190.0,3600.0
4296,FITfiles/2024-09-10/UMICH_20240910_194500_59.fit,2024-09-10 19:45:00,0,0,, ,valid,190.0,3600.0
4297,FITfiles/2024-09-10/UMICH_20240910_200000_59.fit,2024-09-10 20:00:00,0,0,, ,valid,190.0,3600.0
4510,FITfiles/2024-09-10/UMICH_20240910_201500_59.fit,2024-09-10 20:15:00,0,0,, ,train,190.0,3593.0
4295,FITfiles/2024-09-10/UMICH_20240910_203000_59.fit,2024-09-10 20:30:00,0,0,, ,train,190.0,3600.0
4509,FITfiles/2024-09-10/UMICH_20240910_204500_59.fit,2024-09-10 20:45:00,0,0,, ,valid,190.0,3590.0
8946,FITfiles/2024-09-11/UMICH_20240911_063000_59.fit,2024-09-11 06:30:00,0,0,, ,train,190.0,3600.0
8943,FITfiles/2024-09-11/UMICH_20240911_064500_59.fit,2024-09-11 06:45:00,0,0,, ,train,190.0,3600.0
8941,FITfiles/2024-09-11/UMICH_20240911_070000_59.fit,2024-09-11 07:00:00,0,0,, ,train,190.0,3600.0
8939,FITfiles/2024-09-11/UMICH_20240911_071500_59.fit,2024-09-11 07:15:00,0,0,, ,train,190.0,3600.0
8937,FITfiles/2024-09-11/UMICH_20240911_073000_59.fit,2024-09-11 07:30:00,0,0,, ,train,190.0,3600.0
8935,FITfiles/2024-09-11/UMICH_20240911_074500_59.fit,2024-09-11 07:45:00,0,0,, ,train,190.0,3600.0
8934,FITfiles/2024-09-11/UMICH_20240911_080000_59.fit,2024-09-11 08:00:00,0,0,, ,train,190.0,3600.0
8931,FITfiles/2024-09-11/UMICH_20240911_081500_59.fit,2024-09-11 08:15:00,0,0,, ,valid,190.0,3592.0
8930,FITfiles/2024-09-11/UMICH_20240911_083000_59.fit,2024-09-11 08:30:00,0,0,, ,train,190.0,3600.0
8928,FITfiles/2024-09-11/UMICH_20240911_084500_59.fit,2024-09-11 08:45:00,0,0,, ,test,190.0,3600.0
8927,FITfiles/2024-09-11/UMICH_20240911_090000_59.fit,2024-09-11 09:00:00,0,0,, ,train,190.0,3600.0
8767,FITfiles/2024-09-11/UMICH_20240911_091500_59.fit,2024-09-11 09:15:00,0,0,, ,train,190.0,3600.0
8657,FITfiles/2024-09-11/UMICH_20240911_093000_59.fit,2024-09-11 09:30:00,0,0,, ,valid,190.0,3600.0
8651,FITfiles/2024-09-11/UMICH_20240911_094500_59.fit,2024-09-11 09:45:00,0,0,, ,train,190.0,3600.0
8565,FITfiles/2024-09-11/UMICH_20240911_100000_59.fit,2024-09-11 10:00:00,0,0,, ,valid,190.0,3600.0
8524,FITfiles/2024-09-11/UMICH_20240911_101500_59.fit,2024-09-11 10:15:00,0,0,, ,train,190.0,3600.0
8466,FITfiles/2024-09-11/UMICH_20240911_103000_59.fit,2024-09-11 10:30:00,0,0,, ,train,190.0,3600.0
8456,FITfiles/2024-09-11/UMICH_20240911_104500_59.fit,2024-09-11 10:45:00,0,0,, ,valid,190.0,3600.0
8401,FITfiles/2024-09-11/UMICH_20240911_105959_59.fit,2024-09-11 10:59:59,0,0,, ,train,190.0,3600.0
8400,FITfiles/2024-09-11/UMICH_20240911_111459_59.fit,2024-09-11 11:14:59,0,0,, ,train,190.0,3600.0
8396,FITfiles/2024-09-11/UMICH_20240911_112959_59.fit,2024-09-11 11:29:59,0,0,, ,train,190.0,3600.0
8392,FITfiles/2024-09-11/UMICH_20240911_114459_59.fit,2024-09-11 11:44:59,0,0,, ,train,190.0,3600.0
8389,FITfiles/2024-09-11/UMICH_20240911_115959_59.fit,2024-09-11 11:59:59,0,0,, ,train,190.0,3600.0
8386,FITfiles/2024-09-11/UMICH_20240911_121459_59.fit,2024-09-11 12:14:59,0,0,, ,valid,190.0,3595.0
8385,FITfiles/2024-09-11/UMICH_20240911_123000_59.fit,2024-09-11 12:30:00,0,0,, ,train,190.0,3600.0
8377,FITfiles/2024-09-11/UMICH_20240911_124500_59.fit,2024-09-11 12:45:00,0,0,, ,train,190.0,3600.0
8376,FITfiles/2024-09-11/UMICH_20240911_130000_59.fit,2024-09-11 13:00:00,0,0,, ,test,190.0,3600.0
8374,FITfiles/2024-09-11/UMICH_20240911_131500_59.fit,2024-09-11 13:15:00,0,0,, ,valid,190.0,3600.0
7588,FITfiles/2024-09-11/UMICH_20240911_133000_59.fit,2024-09-11 13:30:00,0,0,, ,test,190.0,3600.0
7571,FITfiles/2024-09-11/UMICH_20240911_134500_59.fit,2024-09-11 13:45:00,0,0,, ,train,190.0,3600.0
7352,FITfiles/2024-09-11/UMICH_20240911_140000_59.fit,2024-09-11 14:00:00,0,0,, ,train,190.0,3600.0
7314,FITfiles/2024-09-11/UMICH_20240911_141500_59.fit,2024-09-11 14:15:00,0,0,, ,train,190.0,3593.0
7309,FITfiles/2024-09-11/UMICH_20240911_143000_59.fit,2024-09-11 14:30:00,0,0,, ,train,190.0,3600.0
7130,FITfiles/2024-09-11/UMICH_20240911_144500_59.fit,2024-09-11 14:45:00,0,0,, ,train,190.0,3600.0
7129,FITfiles/2024-09-11/UMICH_20240911_150000_59.fit,2024-09-11 15:00:00,0,0,, ,train,190.0,3600.0
7128,FITfiles/2024-09-11/UMICH_20240911_151500_59.fit,2024-09-11 15:15:00,0,0,, ,train,190.0,3600.0
7126,FITfiles/2024-09-11/UMICH_20240911_153000_59.fit,2024-09-11 15:30:00,0,0,, ,train,190.0,3600.0
7013,FITfiles/2024-09-11/UMICH_20240911_154500_59.fit,2024-09-11 15:45:00,0,0,, ,train,190.0,3600.0
7002,FITfiles/2024-09-11/UMICH_20240911_160000_59.fit,2024-09-11 16:00:00,0,0,, ,train,190.0,3600.0
6819,FITfiles/2024-09-11/UMICH_20240911_161500_59.fit,2024-09-11 16:15:00,0,0,, ,train,190.0,3592.0
6653,FITfiles/2024-09-11/UMICH_20240911_163000_59.fit,2024-09-11 16:30:00,0,0,, ,train,190.0,3600.0
6648,FITfiles/2024-09-11/UMICH_20240911_164500_59.fit,2024-09-11 16:45:00,0,0,, ,test,190.0,3600.0
6501,FITfiles/2024-09-11/UMICH_20240911_170000_59.fit,2024-09-11 17:00:00,0,0,, ,train,190.0,3600.0
6498,FITfiles/2024-09-11/UMICH_20240911_171500_59.fit,2024-09-11 17:15:00,0,0,, ,valid,190.0,3600.0
1545,FITfiles/2024-09-13/UMICH_20240913_152508_01.fit,2024-09-13 15:25:08,0,0,, ,valid,190.0,72.0
1539,FITfiles/2024-09-13/UMICH_20240913_152654_01.fit,2024-09-13 15:26:54,0,0,, ,train,190.0,136.0
1536,FITfiles/2024-09-13/UMICH_20240913_152824_01.fit,2024-09-13 15:28:24,0,0,, ,valid,190.0,3600.0
1534,FITfiles/2024-09-13/UMICH_20240913_154324_01.fit,2024-09-13 15:43:24,0,0,, ,valid,190.0,3600.0
1533,FITfiles/2024-09-13/UMICH_20240913_155824_01.fit,2024-09-13 15:58:24,0,0,, ,train,190.0,3600.0
1529,FITfiles/2024-09-13/UMICH_20240913_161324_01.fit,2024-09-13 16:13:24,0,0,, ,test,190.0,3600.0
1526,FITfiles/2024-09-13/UMICH_20240913_162824_01.fit,2024-09-13 16:28:24,0,0,, ,valid,190.0,377.0
1524,FITfiles/2024-09-13/UMICH_20240913_163000_59.fit,2024-09-13 16:30:00,0,0,, ,train,190.0,3600.0
1521,FITfiles/2024-09-13/UMICH_20240913_164500_59.fit,2024-09-13 16:45:00,0,0,, ,train,190.0,3600.0
1517,FITfiles/2024-09-13/UMICH_20240913_170000_59.fit,2024-09-13 17:00:00,0,0,, ,train,190.0,3600.0
1514,FITfiles/2024-09-13/UMICH_20240913_171500_59.fit,2024-09-13 17:15:00,0,0,, ,train,190.0,3600.0
1512,FITfiles/2024-09-13/UMICH_20240913_173000_59.fit,2024-09-13 17:30:00,0,0,, ,test,190.0,3600.0
1509,FITfiles/2024-09-13/UMICH_20240913_174500_59.fit,2024-09-13 17:45:00,0,0,, ,train,190.0,3600.0
1507,FITfiles/2024-09-13/UMICH_20240913_180000_59.fit,2024-09-13 18:00:00,0,0,, ,valid,190.0,3600.0
1504,FITfiles/2024-09-13/UMICH_20240913_181500_59.fit,2024-09-13 18:15:00,0,0,, ,train,190.0,3593.0
1501,FITfiles/2024-09-13/UMICH_20240913_183000_59.fit,2024-09-13 18:30:00,0,0,, ,valid,190.0,3600.0
1498,FITfiles/2024-09-13/UMICH_20240913_184500_59.fit,2024-09-13 18:45:00,0,0,, ,train,190.0,3600.0
1497,FITfiles/2024-09-13/UMICH_20240913_190000_59.fit,2024-09-13 19:00:00,0,0,, ,train,190.0,3600.0
1492,FITfiles/2024-09-13/UMICH_20240913_191500_59.fit,2024-09-13 19:15:00,0,0,, ,train,190.0,3600.0
1491,FITfiles/2024-09-13/UMICH_20240913_193000_59.fit,2024-09-13 19:30:00,0,0,, ,train,190.0,3600.0
1489,FITfiles/2024-09-13/UMICH_20240913_194500_59.fit,2024-09-13 19:45:00,0,0,, ,test,190.0,3600.0
1485,FITfiles/2024-09-13/UMICH_20240913_200000_59.fit,2024-09-13 20:00:00,0,0,, ,valid,190.0,3600.0
1483,FITfiles/2024-09-13/UMICH_20240913_201500_59.fit,2024-09-13 20:15:00,0,0,, ,train,190.0,3593.0
1481,FITfiles/2024-09-13/UMICH_20240913_203000_59.fit,2024-09-13 20:30:00,0,0,, ,train,190.0,3600.0
1477,FITfiles/2024-09-13/UMICH_20240913_204500_59.fit,2024-09-13 20:45:00,0,0,, ,train,190.0,3591.0
9458,FITfiles/2024-09-14/UMICH_20240914_063000_59.fit,2024-09-14 06:30:00,0,0,, ,train,190.0,3600.0
9471,FITfiles/2024-09-14/UMICH_20240914_064500_59.fit,2024-09-14 06:45:00,0,0,, ,train,190.0,3600.0
9483,FITfiles/2024-09-14/UMICH_20240914_070000_59.fit,2024-09-14 07:00:00,0,0,, ,train,190.0,3600.0
9479,FITfiles/2024-09-14/UMICH_20240914_071500_59.fit,2024-09-14 07:15:00,0,0,, ,valid,190.0,3600.0
9452,FITfiles/2024-09-14/UMICH_20240914_073000_59.fit,2024-09-14 07:30:00,0,0,, ,train,190.0,3600.0
9459,FITfiles/2024-09-14/UMICH_20240914_074500_59.fit,2024-09-14 07:45:00,0,0,, ,train,190.0,3600.0
9482,FITfiles/2024-09-14/UMICH_20240914_080000_59.fit,2024-09-14 08:00:00,0,0,, ,train,190.0,3600.0
9470,FITfiles/2024-09-14/UMICH_20240914_081500_59.fit,2024-09-14 08:15:00,0,0,, ,train,190.0,3593.0
9473,FITfiles/2024-09-14/UMICH_20240914_083000_59.fit,2024-09-14 08:30:00,0,0,, ,train,190.0,3600.0
9465,FITfiles/2024-09-14/UMICH_20240914_084500_59.fit,2024-09-14 08:45:00,0,0,, ,train,190.0,3600.0
9472,FITfiles/2024-09-14/UMICH_20240914_090000_59.fit,2024-09-14 09:00:00,0,0,, ,train,190.0,3600.0
9475,FITfiles/2024-09-14/UMICH_20240914_091500_59.fit,2024-09-14 09:15:00,0,0,, ,test,190.0,3600.0
9449,FITfiles/2024-09-14/UMICH_20240914_093000_59.fit,2024-09-14 09:30:00,0,0,, ,train,190.0,3600.0
9462,FITfiles/2024-09-14/UMICH_20240914_094500_59.fit,2024-09-14 09:45:00,0,0,, ,train,190.0,3600.0
9464,FITfiles/2024-09-14/UMICH_20240914_100000_59.fit,2024-09-14 10:00:00,0,0,, ,test,190.0,3600.0
9456,FITfiles/2024-09-14/UMICH_20240914_101500_59.fit,2024-09-14 10:15:00,0,0,, ,test,190.0,3600.0
9477,FITfiles/2024-09-14/UMICH_20240914_103000_59.fit,2024-09-14 10:30:00,0,0,, ,train,190.0,3600.0
9446,FITfiles/2024-09-14/UMICH_20240914_104459_59.fit,2024-09-14 10:44:59,0,0,, ,train,190.0,3600.0
9453,FITfiles/2024-09-14/UMICH_20240914_105959_59.fit,2024-09-14 10:59:59,0,0,, ,valid,190.0,3600.0
9463,FITfiles/2024-09-14/UMICH_20240914_111459_59.fit,2024-09-14 11:14:59,0,0,, ,train,190.0,3600.0
9443,FITfiles/2024-09-14/UMICH_20240914_112959_59.fit,2024-09-14 11:29:59,0,0,, ,train,190.0,3600.0
9447,FITfiles/2024-09-14/UMICH_20240914_114459_59.fit,2024-09-14 11:44:59,0,0,, ,test,190.0,3600.0
9468,FITfiles/2024-09-14/UMICH_20240914_115959_59.fit,2024-09-14 11:59:59,0,0,, ,test,190.0,3600.0
9455,FITfiles/2024-09-14/UMICH_20240914_121459_59.fit,2024-09-14 12:14:59,0,0,, ,train,190.0,3595.0
9437,FITfiles/2024-09-14/UMICH_20240914_123000_59.fit,2024-09-14 12:30:00,0,0,, ,valid,190.0,3600.0
9450,FITfiles/2024-09-14/UMICH_20240914_124500_59.fit,2024-09-14 12:45:00,0,0,, ,test,190.0,3600.0
9433,FITfiles/2024-09-14/UMICH_20240914_130000_59.fit,2024-09-14 13:00:00,0,0,, ,valid,190.0,3600.0
9440,FITfiles/2024-09-14/UMICH_20240914_131500_59.fit,2024-09-14 13:15:00,0,0,, ,test,190.0,3600.0
9444,FITfiles/2024-09-14/UMICH_20240914_133000_59.fit,2024-09-14 13:30:00,0,0,, ,train,190.0,3600.0
9435,FITfiles/2024-09-14/UMICH_20240914_134500_59.fit,2024-09-14 13:45:00,0,0,, ,train,190.0,3600.0
9442,FITfiles/2024-09-14/UMICH_20240914_140000_59.fit,2024-09-14 14:00:00,0,0,, ,train,190.0,3600.0
9434,FITfiles/2024-09-14/UMICH_20240914_141500_59.fit,2024-09-14 14:15:00,0,0,, ,train,190.0,3593.0
9430,FITfiles/2024-09-14/UMICH_20240914_143000_59.fit,2024-09-14 14:30:00,0,0,, ,train,190.0,3600.0
9439,FITfiles/2024-09-14/UMICH_20240914_144500_59.fit,2024-09-14 14:45:00,0,0,, ,train,190.0,3600.0
9445,FITfiles/2024-09-14/UMICH_20240914_150000_59.fit,2024-09-14 15:00:00,0,0,, ,train,190.0,3600.0
9426,FITfiles/2024-09-14/UMICH_20240914_151500_59.fit,2024-09-14 15:15:00,0,0,, ,valid,190.0,3600.0
9460,FITfiles/2024-09-14/UMICH_20240914_153000_59.fit,2024-09-14 15:30:00,0,0,, ,valid,190.0,3600.0
9438,FITfiles/2024-09-14/UMICH_20240914_154500_59.fit,2024-09-14 15:45:00,0,0,, ,test,190.0,3600.0
9432,FITfiles/2024-09-14/UMICH_20240914_160000_59.fit,2024-09-14 16:00:00,0,0,, ,train,190.0,3600.0
9454,FITfiles/2024-09-14/UMICH_20240914_161500_59.fit,2024-09-14 16:15:00,0,0,, ,test,190.0,3593.0
9422,FITfiles/2024-09-14/UMICH_20240914_163000_59.fit,2024-09-14 16:30:00,0,0,, ,train,190.0,3600.0
9441,FITfiles/2024-09-14/UMICH_20240914_164500_59.fit,2024-09-14 16:45:00,0,0,, ,train,190.0,3600.0
9427,FITfiles/2024-09-14/UMICH_20240914_170000_59.fit,2024-09-14 17:00:00,0,0,, ,valid,190.0,3600.0
9420,FITfiles/2024-09-14/UMICH_20240914_171500_59.fit,2024-09-14 17:15:00,0,0,, ,train,190.0,3600.0
9451,FITfiles/2024-09-14/UMICH_20240914_173000_59.fit,2024-09-14 17:30:00,0,0,, ,valid,190.0,3600.0
9436,FITfiles/2024-09-14/UMICH_20240914_174500_59.fit,2024-09-14 17:45:00,0,0,, ,train,190.0,3600.0
9429,FITfiles/2024-09-14/UMICH_20240914_180000_59.fit,2024-09-14 18:00:00,0,0,, ,train,190.0,3600.0
9421,FITfiles/2024-09-14/UMICH_20240914_181500_59.fit,2024-09-14 18:15:00,0,0,, ,train,190.0,3592.0
9448,FITfiles/2024-09-14/UMICH_20240914_183000_59.fit,2024-09-14 18:30:00,0,0,, ,train,190.0,3600.0
9418,FITfiles/2024-09-14/UMICH_20240914_184500_59.fit,2024-09-14 18:45:00,0,0,, ,train,190.0,3600.0
9431,FITfiles/2024-09-14/UMICH_20240914_190000_59.fit,2024-09-14 19:00:00,0,0,, ,test,190.0,3600.0
9428,FITfiles/2024-09-14/UMICH_20240914_191500_59.fit,2024-09-14 19:15:00,0,0,, ,train,190.0,3600.0
9408,FITfiles/2024-09-14/UMICH_20240914_193000_59.fit,2024-09-14 19:30:00,0,0,, ,train,190.0,3600.0
9403,FITfiles/2024-09-14/UMICH_20240914_194500_59.fit,2024-09-14 19:45:00,0,0,, ,valid,190.0,3600.0
9413,FITfiles/2024-09-14/UMICH_20240914_200000_59.fit,2024-09-14 20:00:00,0,0,, ,valid,190.0,3600.0
9407,FITfiles/2024-09-14/UMICH_20240914_201500_59.fit,2024-09-14 20:15:00,0,0,, ,train,190.0,3592.0
9409,FITfiles/2024-09-14/UMICH_20240914_203000_59.fit,2024-09-14 20:30:00,0,0,, ,train,190.0,3600.0
9411,FITfiles/2024-09-14/UMICH_20240914_204500_59.fit,2024-09-14 20:45:00,0,0,, ,train,190.0,3590.0
1688,FITfiles/2024-09-15/UMICH_20240915_063000_59.fit,2024-09-15 06:30:00,0,0,, ,train,190.0,3600.0
1684,FITfiles/2024-09-15/UMICH_20240915_064500_59.fit,2024-09-15 06:45:00,0,0,, ,train,190.0,3600.0
1683,FITfiles/2024-09-15/UMICH_20240915_070000_59.fit,2024-09-15 07:00:00,0,0,, ,train,190.0,3600.0
1679,FITfiles/2024-09-15/UMICH_20240915_071500_59.fit,2024-09-15 07:15:00,0,0,, ,valid,190.0,3600.0
1678,FITfiles/2024-09-15/UMICH_20240915_073000_59.fit,2024-09-15 07:30:00,0,0,, ,valid,190.0,3600.0
1676,FITfiles/2024-09-15/UMICH_20240915_074500_59.fit,2024-09-15 07:45:00,0,0,, ,train,190.0,3600.0
1674,FITfiles/2024-09-15/UMICH_20240915_080000_59.fit,2024-09-15 08:00:00,0,0,, ,test,190.0,3600.0
1673,FITfiles/2024-09-15/UMICH_20240915_081500_59.fit,2024-09-15 08:15:00,0,0,, ,train,190.0,3592.0
1671,FITfiles/2024-09-15/UMICH_20240915_083000_59.fit,2024-09-15 08:30:00,0,0,, ,train,190.0,3600.0
1669,FITfiles/2024-09-15/UMICH_20240915_084500_59.fit,2024-09-15 08:45:00,0,0,, ,valid,190.0,3600.0
1668,FITfiles/2024-09-15/UMICH_20240915_090000_59.fit,2024-09-15 09:00:00,0,0,, ,valid,190.0,3600.0
1665,FITfiles/2024-09-15/UMICH_20240915_091500_59.fit,2024-09-15 09:15:00,0,0,, ,valid,190.0,3600.0
1664,FITfiles/2024-09-15/UMICH_20240915_093000_59.fit,2024-09-15 09:30:00,0,0,, ,train,190.0,3600.0
1661,FITfiles/2024-09-15/UMICH_20240915_094500_59.fit,2024-09-15 09:45:00,0,0,, ,valid,190.0,3600.0
1659,FITfiles/2024-09-15/UMICH_20240915_100000_59.fit,2024-09-15 10:00:00,0,0,, ,train,190.0,3600.0
1658,FITfiles/2024-09-15/UMICH_20240915_101500_59.fit,2024-09-15 10:15:00,0,0,, ,train,190.0,3600.0
1656,FITfiles/2024-09-15/UMICH_20240915_103000_59.fit,2024-09-15 10:30:00,0,0,, ,train,190.0,3600.0
1655,FITfiles/2024-09-15/UMICH_20240915_104459_59.fit,2024-09-15 10:44:59,0,0,, ,test,190.0,3600.0
1653,FITfiles/2024-09-15/UMICH_20240915_105959_59.fit,2024-09-15 10:59:59,0,0,, ,valid,190.0,3600.0
1651,FITfiles/2024-09-15/UMICH_20240915_111459_59.fit,2024-09-15 11:14:59,0,0,, ,train,190.0,3600.0
1650,FITfiles/2024-09-15/UMICH_20240915_112959_59.fit,2024-09-15 11:29:59,0,0,, ,train,190.0,3600.0
1649,FITfiles/2024-09-15/UMICH_20240915_114459_59.fit,2024-09-15 11:44:59,0,0,, ,train,190.0,3600.0
1648,FITfiles/2024-09-15/UMICH_20240915_115959_59.fit,2024-09-15 11:59:59,0,0,, ,test,190.0,3600.0
1647,FITfiles/2024-09-15/UMICH_20240915_121459_59.fit,2024-09-15 12:14:59,0,0,, ,test,190.0,3595.0
1646,FITfiles/2024-09-15/UMICH_20240915_123000_59.fit,2024-09-15 12:30:00,0,0,, ,test,190.0,3600.0
1644,FITfiles/2024-09-15/UMICH_20240915_124500_59.fit,2024-09-15 12:45:00,0,0,, ,train,190.0,3600.0
1645,FITfiles/2024-09-15/UMICH_20240915_130000_59.fit,2024-09-15 13:00:00,0,0,, ,train,190.0,3600.0
1643,FITfiles/2024-09-15/UMICH_20240915_131500_59.fit,2024-09-15 13:15:00,0,0,, ,valid,190.0,3600.0
1642,FITfiles/2024-09-15/UMICH_20240915_133000_59.fit,2024-09-15 13:30:00,0,0,, ,test,190.0,3600.0
1641,FITfiles/2024-09-15/UMICH_20240915_134500_59.fit,2024-09-15 13:45:00,0,0,, ,train,190.0,3600.0
1640,FITfiles/2024-09-15/UMICH_20240915_140000_59.fit,2024-09-15 14:00:00,0,0,, ,train,190.0,3600.0
1639,FITfiles/2024-09-15/UMICH_20240915_141500_59.fit,2024-09-15 14:15:00,0,0,, ,train,190.0,3593.0
1638,FITfiles/2024-09-15/UMICH_20240915_143000_59.fit,2024-09-15 14:30:00,0,0,, ,valid,190.0,3600.0
1637,FITfiles/2024-09-15/UMICH_20240915_144500_59.fit,2024-09-15 14:45:00,0,0,, ,train,190.0,3600.0
1636,FITfiles/2024-09-15/UMICH_20240915_150000_59.fit,2024-09-15 15:00:00,0,0,, ,train,190.0,3600.0
1635,FITfiles/2024-09-15/UMICH_20240915_151500_59.fit,2024-09-15 15:15:00,0,0,, ,valid,190.0,3600.0
1634,FITfiles/2024-09-15/UMICH_20240915_153000_59.fit,2024-09-15 15:30:00,0,0,, ,train,190.0,3600.0
1633,FITfiles/2024-09-15/UMICH_20240915_154500_59.fit,2024-09-15 15:45:00,0,0,, ,train,190.0,3600.0
1631,FITfiles/2024-09-15/UMICH_20240915_160000_59.fit,2024-09-15 16:00:00,0,0,, ,train,190.0,3600.0
1632,FITfiles/2024-09-15/UMICH_20240915_161500_59.fit,2024-09-15 16:15:00,0,0,, ,valid,190.0,3592.0
1630,FITfiles/2024-09-15/UMICH_20240915_163000_59.fit,2024-09-15 16:30:00,0,0,, ,valid,190.0,3600.0
1629,FITfiles/2024-09-15/UMICH_20240915_164500_59.fit,2024-09-15 16:45:00,0,0,, ,train,190.0,3600.0
1628,FITfiles/2024-09-15/UMICH_20240915_170000_59.fit,2024-09-15 17:00:00,0,0,, ,train,190.0,3600.0
1627,FITfiles/2024-09-15/UMICH_20240915_171500_59.fit,2024-09-15 17:15:00,0,0,, ,train,190.0,3600.0
1626,FITfiles/2024-09-15/UMICH_20240915_173000_59.fit,2024-09-15 17:30:00,0,0,, ,train,190.0,3600.0
1625,FITfiles/2024-09-15/UMICH_20240915_174500_59.fit,2024-09-15 17:45:00,0,0,, ,train,190.0,3600.0
1624,FITfiles/2024-09-15/UMICH_20240915_180000_59.fit,2024-09-15 18:00:00,0,0,, ,train,190.0,3600.0
1623,FITfiles/2024-09-15/UMICH_20240915_181500_59.fit,2024-09-15 18:15:00,0,0,, ,train,190.0,3592.0
1622,FITfiles/2024-09-15/UMICH_20240915_183000_59.fit,2024-09-15 18:30:00,0,0,, ,train,190.0,3600.0
1621,FITfiles/2024-09-15/UMICH_20240915_184500_59.fit,2024-09-15 18:45:00,0,0,, ,test,190.0,3600.0
1620,FITfiles/2024-09-15/UMICH_20240915_190000_59.fit,2024-09-15 19:00:00,0,0,, ,train,190.0,3600.0
1619,FITfiles/2024-09-15/UMICH_20240915_191500_59.fit,2024-09-15 19:15:00,0,0,, ,valid,190.0,3600.0
1618,FITfiles/2024-09-15/UMICH_20240915_193000_59.fit,2024-09-15 19:30:00,0,0,, ,train,190.0,3600.0
1617,FITfiles/2024-09-15/UMICH_20240915_194500_59.fit,2024-09-15 19:45:00,0,0,, ,test,190.0,3600.0
1615,FITfiles/2024-09-15/UMICH_20240915_200000_59.fit,2024-09-15 20:00:00,0,0,, ,train,190.0,3600.0
1614,FITfiles/2024-09-15/UMICH_20240915_201500_59.fit,2024-09-15 20:15:00,0,0,, ,train,190.0,3592.0
1613,FITfiles/2024-09-15/UMICH_20240915_203000_59.fit,2024-09-15 20:30:00,0,0,, ,valid,190.0,3600.0
1612,FITfiles/2024-09-15/UMICH_20240915_204500_59.fit,2024-09-15 20:45:00,0,0,, ,train,190.0,3590.0
1295,FITfiles/2024-09-16/UMICH_20240916_063000_59.fit,2024-09-16 06:30:00,0,0,, ,train,190.0,3600.0
1311,FITfiles/2024-09-16/UMICH_20240916_064500_59.fit,2024-09-16 06:45:00,0,0,, ,train,190.0,3600.0
1291,FITfiles/2024-09-16/UMICH_20240916_070000_59.fit,2024-09-16 07:00:00,0,0,, ,valid,190.0,3600.0
1305,FITfiles/2024-09-16/UMICH_20240916_071500_59.fit,2024-09-16 07:15:00,0,0,, ,train,190.0,3600.0
1280,FITfiles/2024-09-16/UMICH_20240916_073000_59.fit,2024-09-16 07:30:00,0,0,, ,train,190.0,3600.0
1269,FITfiles/2024-09-16/UMICH_20240916_074500_59.fit,2024-09-16 07:45:00,0,0,, ,valid,190.0,3600.0
1298,FITfiles/2024-09-16/UMICH_20240916_080000_59.fit,2024-09-16 08:00:00,0,0,, ,train,190.0,3600.0
1286,FITfiles/2024-09-16/UMICH_20240916_081500_59.fit,2024-09-16 08:15:00,0,0,, ,train,190.0,3592.0
1277,FITfiles/2024-09-16/UMICH_20240916_083000_59.fit,2024-09-16 08:30:00,0,0,, ,valid,190.0,3600.0
1285,FITfiles/2024-09-16/UMICH_20240916_084500_59.fit,2024-09-16 08:45:00,0,0,, ,train,190.0,3600.0
1266,FITfiles/2024-09-16/UMICH_20240916_090000_59.fit,2024-09-16 09:00:00,0,0,, ,train,190.0,3600.0
1272,FITfiles/2024-09-16/UMICH_20240916_091500_59.fit,2024-09-16 09:15:00,0,0,, ,train,190.0,3600.0
1249,FITfiles/2024-09-16/UMICH_20240916_093000_59.fit,2024-09-16 09:30:00,0,0,, ,valid,190.0,3600.0
1262,FITfiles/2024-09-16/UMICH_20240916_094500_59.fit,2024-09-16 09:45:00,0,0,, ,train,190.0,3600.0
1263,FITfiles/2024-09-16/UMICH_20240916_100000_59.fit,2024-09-16 10:00:00,0,0,, ,train,190.0,3600.0
1246,FITfiles/2024-09-16/UMICH_20240916_101500_59.fit,2024-09-16 10:15:00,0,0,, ,test,190.0,3600.0
1252,FITfiles/2024-09-16/UMICH_20240916_103000_59.fit,2024-09-16 10:30:00,0,0,, ,train,190.0,3600.0
1228,FITfiles/2024-09-16/UMICH_20240916_104500_59.fit,2024-09-16 10:45:00,0,0,, ,train,190.0,3600.0
1230,FITfiles/2024-09-16/UMICH_20240916_105959_59.fit,2024-09-16 10:59:59,0,0,, ,valid,190.0,3600.0
1216,FITfiles/2024-09-16/UMICH_20240916_111459_59.fit,2024-09-16 11:14:59,0,0,, ,valid,190.0,3600.0
1222,FITfiles/2024-09-16/UMICH_20240916_112959_59.fit,2024-09-16 11:29:59,0,0,, ,test,190.0,3600.0
1208,FITfiles/2024-09-16/UMICH_20240916_114459_59.fit,2024-09-16 11:44:59,0,0,, ,valid,190.0,3600.0
1215,FITfiles/2024-09-16/UMICH_20240916_115959_59.fit,2024-09-16 11:59:59,0,0,, ,train,190.0,3600.0
1202,FITfiles/2024-09-16/UMICH_20240916_121459_59.fit,2024-09-16 12:14:59,0,0,, ,test,190.0,3595.0
1206,FITfiles/2024-09-16/UMICH_20240916_123000_59.fit,2024-09-16 12:30:00,0,0,, ,valid,190.0,3600.0
1192,FITfiles/2024-09-16/UMICH_20240916_124500_59.fit,2024-09-16 12:45:00,0,0,, ,test,190.0,3600.0
1194,FITfiles/2024-09-16/UMICH_20240916_130000_59.fit,2024-09-16 13:00:00,0,0,, ,train,190.0,3600.0
1171,FITfiles/2024-09-16/UMICH_20240916_131500_59.fit,2024-09-16 13:15:00,0,0,, ,train,190.0,3600.0
1163,FITfiles/2024-09-16/UMICH_20240916_133000_59.fit,2024-09-16 13:30:00,0,0,, ,train,190.0,3600.0
1170,FITfiles/2024-09-16/UMICH_20240916_134500_59.fit,2024-09-16 13:45:00,0,0,, ,train,190.0,3600.0
1174,FITfiles/2024-09-16/UMICH_20240916_140000_59.fit,2024-09-16 14:00:00,0,0,, ,train,190.0,3600.0
1183,FITfiles/2024-09-16/UMICH_20240916_141500_59.fit,2024-09-16 14:15:00,0,0,, ,valid,190.0,3593.0
1153,FITfiles/2024-09-16/UMICH_20240916_143000_59.fit,2024-09-16 14:30:00,0,0,, ,valid,190.0,3600.0
1157,FITfiles/2024-09-16/UMICH_20240916_144500_59.fit,2024-09-16 14:45:00,0,0,, ,train,190.0,3600.0
1140,FITfiles/2024-09-16/UMICH_20240916_150000_59.fit,2024-09-16 15:00:00,0,0,, ,valid,190.0,3600.0
1130,FITfiles/2024-09-16/UMICH_20240916_151500_59.fit,2024-09-16 15:15:00,0,0,, ,train,190.0,3600.0
1141,FITfiles/2024-09-16/UMICH_20240916_153000_59.fit,2024-09-16 15:30:00,0,0,, ,train,190.0,3600.0
1133,FITfiles/2024-09-16/UMICH_20240916_154500_59.fit,2024-09-16 15:45:00,0,0,, ,test,190.0,3600.0
1110,FITfiles/2024-09-16/UMICH_20240916_160000_59.fit,2024-09-16 16:00:00,0,0,, ,train,190.0,3600.0
1098,FITfiles/2024-09-16/UMICH_20240916_161500_59.fit,2024-09-16 16:15:00,0,0,, ,test,190.0,3592.0
1103,FITfiles/2024-09-16/UMICH_20240916_163000_59.fit,2024-09-16 16:30:00,0,0,, ,test,190.0,3600.0
1113,FITfiles/2024-09-16/UMICH_20240916_164500_59.fit,2024-09-16 16:45:00,0,0,, ,train,190.0,3600.0
1092,FITfiles/2024-09-16/UMICH_20240916_170000_59.fit,2024-09-16 17:00:00,0,0,, ,train,190.0,3600.0
1064,FITfiles/2024-09-16/UMICH_20240916_171500_59.fit,2024-09-16 17:15:00,0,0,, ,train,190.0,3600.0
1076,FITfiles/2024-09-16/UMICH_20240916_173000_59.fit,2024-09-16 17:30:00,0,0,, ,valid,190.0,3600.0
1066,FITfiles/2024-09-16/UMICH_20240916_174500_59.fit,2024-09-16 17:45:00,0,0,, ,train,190.0,3600.0
1057,FITfiles/2024-09-16/UMICH_20240916_180000_59.fit,2024-09-16 18:00:00,0,0,, ,train,190.0,3600.0
1048,FITfiles/2024-09-16/UMICH_20240916_181500_59.fit,2024-09-16 18:15:00,0,0,, ,valid,190.0,3592.0
1044,FITfiles/2024-09-16/UMICH_20240916_183000_59.fit,2024-09-16 18:30:00,0,0,, ,train,190.0,3600.0
1042,FITfiles/2024-09-16/UMICH_20240916_184500_59.fit,2024-09-16 18:45:00,0,0,, ,train,190.0,3600.0
1033,FITfiles/2024-09-16/UMICH_20240916_190000_59.fit,2024-09-16 19:00:00,0,0,, ,train,190.0,3600.0
1016,FITfiles/2024-09-16/UMICH_20240916_191500_59.fit,2024-09-16 19:15:00,0,0,, ,train,190.0,3600.0
1015,FITfiles/2024-09-16/UMICH_20240916_193000_59.fit,2024-09-16 19:30:00,0,0,, ,valid,190.0,3600.0
1021,FITfiles/2024-09-16/UMICH_20240916_194500_59.fit,2024-09-16 19:45:00,0,0,, ,test,190.0,3600.0
1018,FITfiles/2024-09-16/UMICH_20240916_200000_59.fit,2024-09-16 20:00:00,0,0,, ,test,190.0,3600.0
1006,FITfiles/2024-09-16/UMICH_20240916_201500_59.fit,2024-09-16 20:15:00,0,0,, ,valid,190.0,3592.0
1008,FITfiles/2024-09-16/UMICH_20240916_203000_59.fit,2024-09-16 20:30:00,0,0,, ,train,190.0,3600.0
983,FITfiles/2024-09-16/UMICH_20240916_204500_59.fit,2024-09-16 20:45:00,0,0,, ,test,190.0,3590.0
1210,FITfiles/2024-09-17/UMICH_20240917_063000_59.fit,2024-09-17 06:30:00,0,0,, ,train,190.0,3600.0
1193,FITfiles/2024-09-17/UMICH_20240917_064500_59.fit,2024-09-17 06:45:00,0,0,, ,train,190.0,3600.0
1182,FITfiles/2024-09-17/UMICH_20240917_070000_59.fit,2024-09-17 07:00:00,0,0,, ,train,190.0,3600.0
1176,FITfiles/2024-09-17/UMICH_20240917_071500_59.fit,2024-09-17 07:15:00,0,0,, ,valid,190.0,3600.0
1167,FITfiles/2024-09-17/UMICH_20240917_073000_59.fit,2024-09-17 07:30:00,0,0,, ,train,190.0,3600.0
1168,FITfiles/2024-09-17/UMICH_20240917_074500_59.fit,2024-09-17 07:45:00,0,0,, ,train,190.0,3600.0
1181,FITfiles/2024-09-17/UMICH_20240917_080000_59.fit,2024-09-17 08:00:00,0,0,, ,valid,190.0,3600.0
1148,FITfiles/2024-09-17/UMICH_20240917_081500_59.fit,2024-09-17 08:15:00,0,0,, ,valid,190.0,3593.0
1138,FITfiles/2024-09-17/UMICH_20240917_083000_59.fit,2024-09-17 08:30:00,0,0,, ,train,190.0,3600.0
1147,FITfiles/2024-09-17/UMICH_20240917_084500_59.fit,2024-09-17 08:45:00,0,0,, ,test,190.0,3600.0
1137,FITfiles/2024-09-17/UMICH_20240917_090000_59.fit,2024-09-17 09:00:00,0,0,, ,valid,190.0,3600.0
1132,FITfiles/2024-09-17/UMICH_20240917_091500_59.fit,2024-09-17 09:15:00,0,0,, ,train,190.0,3600.0
1121,FITfiles/2024-09-17/UMICH_20240917_093000_59.fit,2024-09-17 09:30:00,0,0,, ,valid,190.0,3600.0
1111,FITfiles/2024-09-17/UMICH_20240917_094500_59.fit,2024-09-17 09:45:00,0,0,, ,train,190.0,3600.0
1115,FITfiles/2024-09-17/UMICH_20240917_100000_59.fit,2024-09-17 10:00:00,0,0,, ,train,190.0,3600.0
1097,FITfiles/2024-09-17/UMICH_20240917_101500_59.fit,2024-09-17 10:15:00,0,0,, ,train,190.0,3600.0
1105,FITfiles/2024-09-17/UMICH_20240917_103000_59.fit,2024-09-17 10:30:00,0,0,, ,train,190.0,3600.0
1095,FITfiles/2024-09-17/UMICH_20240917_104459_59.fit,2024-09-17 10:44:59,0,0,, ,train,190.0,3600.0
1088,FITfiles/2024-09-17/UMICH_20240917_105959_59.fit,2024-09-17 10:59:59,0,0,, ,train,190.0,3600.0
1096,FITfiles/2024-09-17/UMICH_20240917_111459_59.fit,2024-09-17 11:14:59,0,0,, ,train,190.0,3600.0
1100,FITfiles/2024-09-17/UMICH_20240917_112959_59.fit,2024-09-17 11:29:59,0,0,, ,test,190.0,3600.0
1114,FITfiles/2024-09-17/UMICH_20240917_114459_59.fit,2024-09-17 11:44:59,0,0,, ,test,190.0,3600.0
1069,FITfiles/2024-09-17/UMICH_20240917_115959_59.fit,2024-09-17 11:59:59,0,0,, ,train,190.0,3600.0
1074,FITfiles/2024-09-17/UMICH_20240917_121459_59.fit,2024-09-17 12:14:59,0,0,, ,test,190.0,3595.0
1079,FITfiles/2024-09-17/UMICH_20240917_123000_59.fit,2024-09-17 12:30:00,0,0,, ,valid,190.0,3600.0
1065,FITfiles/2024-09-17/UMICH_20240917_124500_59.fit,2024-09-17 12:45:00,0,0,, ,train,190.0,3600.0
1060,FITfiles/2024-09-17/UMICH_20240917_130000_59.fit,2024-09-17 13:00:00,0,0,, ,test,190.0,3600.0
1054,FITfiles/2024-09-17/UMICH_20240917_131500_59.fit,2024-09-17 13:15:00,0,0,, ,valid,190.0,3600.0
1050,FITfiles/2024-09-17/UMICH_20240917_133000_59.fit,2024-09-17 13:30:00,0,0,, ,train,190.0,3600.0
1090,FITfiles/2024-09-17/UMICH_20240917_134500_59.fit,2024-09-17 13:45:00,0,0,, ,valid,190.0,3600.0
1040,FITfiles/2024-09-17/UMICH_20240917_140000_59.fit,2024-09-17 14:00:00,0,0,, ,train,190.0,3600.0
1041,FITfiles/2024-09-17/UMICH_20240917_141500_59.fit,2024-09-17 14:15:00,0,0,, ,train,190.0,3593.0
1027,FITfiles/2024-09-17/UMICH_20240917_143000_59.fit,2024-09-17 14:30:00,0,0,, ,train,190.0,3600.0
1028,FITfiles/2024-09-17/UMICH_20240917_144500_59.fit,2024-09-17 14:45:00,0,0,, ,train,190.0,3600.0
1007,FITfiles/2024-09-17/UMICH_20240917_150000_59.fit,2024-09-17 15:00:00,0,0,, ,train,190.0,3600.0
1024,FITfiles/2024-09-17/UMICH_20240917_151500_59.fit,2024-09-17 15:15:00,0,0,, ,train,190.0,3600.0
1005,FITfiles/2024-09-17/UMICH_20240917_153000_59.fit,2024-09-17 15:30:00,0,0,, ,valid,190.0,3600.0
1001,FITfiles/2024-09-17/UMICH_20240917_154500_59.fit,2024-09-17 15:45:00,0,0,, ,test,190.0,3600.0
1031,FITfiles/2024-09-17/UMICH_20240917_160000_59.fit,2024-09-17 16:00:00,0,0,, ,train,190.0,3600.0
993,FITfiles/2024-09-17/UMICH_20240917_161500_59.fit,2024-09-17 16:15:00,0,0,, ,valid,190.0,3592.0
994,FITfiles/2024-09-17/UMICH_20240917_163000_59.fit,2024-09-17 16:30:00,0,0,, ,train,190.0,3600.0
989,FITfiles/2024-09-17/UMICH_20240917_164500_59.fit,2024-09-17 16:45:00,0,0,, ,train,190.0,3600.0
991,FITfiles/2024-09-17/UMICH_20240917_170000_59.fit,2024-09-17 17:00:00,0,0,, ,test,190.0,3600.0
990,FITfiles/2024-09-17/UMICH_20240917_171500_59.fit,2024-09-17 17:15:00,0,0,, ,test,190.0,3600.0
997,FITfiles/2024-09-17/UMICH_20240917_173000_59.fit,2024-09-17 17:30:00,0,0,, ,test,190.0,3600.0
985,FITfiles/2024-09-17/UMICH_20240917_174500_59.fit,2024-09-17 17:45:00,0,0,, ,valid,190.0,3600.0
975,FITfiles/2024-09-17/UMICH_20240917_180000_59.fit,2024-09-17 18:00:00,0,0,, ,valid,190.0,3600.0
978,FITfiles/2024-09-17/UMICH_20240917_181500_59.fit,2024-09-17 18:15:00,0,0,, ,train,190.0,3592.0
966,FITfiles/2024-09-17/UMICH_20240917_183000_59.fit,2024-09-17 18:30:00,0,0,, ,train,190.0,3600.0
960,FITfiles/2024-09-17/UMICH_20240917_184500_59.fit,2024-09-17 18:45:00,0,0,, ,train,190.0,3600.0
956,FITfiles/2024-09-17/UMICH_20240917_190000_59.fit,2024-09-17 19:00:00,0,0,, ,test,190.0,3600.0
944,FITfiles/2024-09-17/UMICH_20240917_191500_59.fit,2024-09-17 19:15:00,0,0,, ,train,190.0,3600.0
953,FITfiles/2024-09-17/UMICH_20240917_193000_59.fit,2024-09-17 19:30:00,0,0,, ,valid,190.0,3600.0
951,FITfiles/2024-09-17/UMICH_20240917_194500_59.fit,2024-09-17 19:45:00,0,0,, ,test,190.0,3600.0
952,FITfiles/2024-09-17/UMICH_20240917_200000_59.fit,2024-09-17 20:00:00,0,0,, ,train,190.0,3600.0
954,FITfiles/2024-09-17/UMICH_20240917_201500_59.fit,2024-09-17 20:15:00,0,0,, ,valid,190.0,3592.0
935,FITfiles/2024-09-17/UMICH_20240917_203000_59.fit,2024-09-17 20:30:00,0,0,, ,test,190.0,3600.0
923,FITfiles/2024-09-17/UMICH_20240917_204500_59.fit,2024-09-17 20:45:00,0,0,, ,train,190.0,3591.0
391,FITfiles/2024-09-18/UMICH_20240918_063000_59.fit,2024-09-18 06:30:00,0,0,, ,train,190.0,3600.0
379,FITfiles/2024-09-18/UMICH_20240918_064500_59.fit,2024-09-18 06:45:00,0,0,, ,valid,190.0,3600.0
421,FITfiles/2024-09-18/UMICH_20240918_070000_59.fit,2024-09-18 07:00:00,0,0,, ,valid,190.0,3600.0
384,FITfiles/2024-09-18/UMICH_20240918_071500_59.fit,2024-09-18 07:15:00,0,0,, ,valid,190.0,3600.0
386,FITfiles/2024-09-18/UMICH_20240918_073000_59.fit,2024-09-18 07:30:00,0,0,, ,train,190.0,3600.0
377,FITfiles/2024-09-18/UMICH_20240918_074500_59.fit,2024-09-18 07:45:00,0,0,, ,train,190.0,3600.0
395,FITfiles/2024-09-18/UMICH_20240918_080000_59.fit,2024-09-18 08:00:00,0,0,, ,test,190.0,3600.0
423,FITfiles/2024-09-18/UMICH_20240918_081500_59.fit,2024-09-18 08:15:00,0,0,, ,train,190.0,3592.0
414,FITfiles/2024-09-18/UMICH_20240918_083000_59.fit,2024-09-18 08:30:00,0,0,, ,train,190.0,3600.0
376,FITfiles/2024-09-18/UMICH_20240918_084500_59.fit,2024-09-18 08:45:00,0,0,, ,train,190.0,3600.0
382,FITfiles/2024-09-18/UMICH_20240918_090000_59.fit,2024-09-18 09:00:00,0,0,, ,train,190.0,3600.0
426,FITfiles/2024-09-18/UMICH_20240918_091500_59.fit,2024-09-18 09:15:00,0,0,, ,train,190.0,3600.0
368,FITfiles/2024-09-18/UMICH_20240918_093000_59.fit,2024-09-18 09:30:00,0,0,, ,train,190.0,3600.0
366,FITfiles/2024-09-18/UMICH_20240918_094500_59.fit,2024-09-18 09:45:00,0,0,, ,test,190.0,3600.0
358,FITfiles/2024-09-18/UMICH_20240918_100000_59.fit,2024-09-18 10:00:00,0,0,, ,train,190.0,3600.0
374,FITfiles/2024-09-18/UMICH_20240918_101500_59.fit,2024-09-18 10:15:00,0,0,, ,train,190.0,3600.0
352,FITfiles/2024-09-18/UMICH_20240918_103000_59.fit,2024-09-18 10:30:00,0,0,, ,valid,190.0,3600.0
359,FITfiles/2024-09-18/UMICH_20240918_104500_59.fit,2024-09-18 10:45:00,0,0,, ,train,190.0,3600.0
344,FITfiles/2024-09-18/UMICH_20240918_110000_59.fit,2024-09-18 11:00:00,0,0,, ,valid,190.0,3600.0
411,FITfiles/2024-09-18/UMICH_20240918_111459_59.fit,2024-09-18 11:14:59,0,0,, ,train,190.0,3600.0
350,FITfiles/2024-09-18/UMICH_20240918_112959_59.fit,2024-09-18 11:29:59,0,0,, ,valid,190.0,3600.0
338,FITfiles/2024-09-18/UMICH_20240918_114459_59.fit,2024-09-18 11:44:59,0,0,, ,test,190.0,3600.0
342,FITfiles/2024-09-18/UMICH_20240918_115959_59.fit,2024-09-18 11:59:59,0,0,, ,train,190.0,3600.0
363,FITfiles/2024-09-18/UMICH_20240918_121459_59.fit,2024-09-18 12:14:59,0,0,, ,test,190.0,3595.0
332,FITfiles/2024-09-18/UMICH_20240918_123000_59.fit,2024-09-18 12:30:00,0,0,, ,test,190.0,3600.0
341,FITfiles/2024-09-18/UMICH_20240918_124500_59.fit,2024-09-18 12:45:00,0,0,, ,train,190.0,3600.0
348,FITfiles/2024-09-18/UMICH_20240918_130000_59.fit,2024-09-18 13:00:00,0,0,, ,train,190.0,3600.0
343,FITfiles/2024-09-18/UMICH_20240918_131500_59.fit,2024-09-18 13:15:00,0,0,, ,test,190.0,3600.0
339,FITfiles/2024-09-18/UMICH_20240918_133000_59.fit,2024-09-18 13:30:00,0,0,, ,train,190.0,3600.0
330,FITfiles/2024-09-18/UMICH_20240918_134500_59.fit,2024-09-18 13:45:00,0,0,, ,train,190.0,3600.0
329,FITfiles/2024-09-18/UMICH_20240918_140000_59.fit,2024-09-18 14:00:00,0,0,, ,test,190.0,3600.0
334,FITfiles/2024-09-18/UMICH_20240918_141500_59.fit,2024-09-18 14:15:00,0,0,, ,train,190.0,3592.0
371,FITfiles/2024-09-18/UMICH_20240918_143000_59.fit,2024-09-18 14:30:00,0,0,, ,train,190.0,3600.0
337,FITfiles/2024-09-18/UMICH_20240918_144500_59.fit,2024-09-18 14:45:00,0,0,, ,train,190.0,3600.0
327,FITfiles/2024-09-18/UMICH_20240918_150000_59.fit,2024-09-18 15:00:00,0,0,, ,train,190.0,3600.0
388,FITfiles/2024-09-18/UMICH_20240918_151500_59.fit,2024-09-18 15:15:00,0,0,, ,test,190.0,3600.0
328,FITfiles/2024-09-18/UMICH_20240918_153000_59.fit,2024-09-18 15:30:00,0,0,, ,train,190.0,3600.0
326,FITfiles/2024-09-18/UMICH_20240918_154500_59.fit,2024-09-18 15:45:00,0,0,, ,train,190.0,3600.0
321,FITfiles/2024-09-18/UMICH_20240918_160000_59.fit,2024-09-18 16:00:00,0,0,, ,valid,190.0,3600.0
333,FITfiles/2024-09-18/UMICH_20240918_161500_59.fit,2024-09-18 16:15:00,0,0,, ,train,190.0,3592.0
335,FITfiles/2024-09-18/UMICH_20240918_163000_59.fit,2024-09-18 16:30:00,0,0,, ,valid,190.0,3600.0
318,FITfiles/2024-09-18/UMICH_20240918_164500_59.fit,2024-09-18 16:45:00,0,0,, ,test,190.0,3600.0
323,FITfiles/2024-09-18/UMICH_20240918_170000_59.fit,2024-09-18 17:00:00,0,0,, ,valid,190.0,3600.0
357,FITfiles/2024-09-18/UMICH_20240918_171500_59.fit,2024-09-18 17:15:00,0,0,, ,train,190.0,3600.0
319,FITfiles/2024-09-18/UMICH_20240918_173000_59.fit,2024-09-18 17:30:00,0,0,, ,train,190.0,3600.0
320,FITfiles/2024-09-18/UMICH_20240918_174500_59.fit,2024-09-18 17:45:00,0,0,, ,test,190.0,3600.0
308,FITfiles/2024-09-18/UMICH_20240918_180000_59.fit,2024-09-18 18:00:00,0,0,, ,test,190.0,3600.0
311,FITfiles/2024-09-18/UMICH_20240918_181500_59.fit,2024-09-18 18:15:00,0,0,, ,test,190.0,3592.0
313,FITfiles/2024-09-18/UMICH_20240918_183000_59.fit,2024-09-18 18:30:00,0,0,, ,valid,190.0,3600.0
314,FITfiles/2024-09-18/UMICH_20240918_184500_59.fit,2024-09-18 18:45:00,0,0,, ,valid,190.0,3600.0
317,FITfiles/2024-09-18/UMICH_20240918_190000_59.fit,2024-09-18 19:00:00,0,0,, ,train,190.0,3600.0
325,FITfiles/2024-09-18/UMICH_20240918_191500_59.fit,2024-09-18 19:15:00,0,0,, ,train,190.0,3600.0
322,FITfiles/2024-09-18/UMICH_20240918_193000_59.fit,2024-09-18 19:30:00,0,0,, ,valid,190.0,3600.0
309,FITfiles/2024-09-18/UMICH_20240918_194500_59.fit,2024-09-18 19:45:00,0,0,, ,train,190.0,3600.0
305,FITfiles/2024-09-18/UMICH_20240918_200000_59.fit,2024-09-18 20:00:00,0,0,, ,test,190.0,3600.0
331,FITfiles/2024-09-18/UMICH_20240918_201500_59.fit,2024-09-18 20:15:00,0,0,, ,test,190.0,3593.0
310,FITfiles/2024-09-18/UMICH_20240918_203000_59.fit,2024-09-18 20:30:00,0,0,, ,valid,190.0,3600.0
315,FITfiles/2024-09-18/UMICH_20240918_204500_59.fit,2024-09-18 20:45:00,0,0,, ,train,190.0,3590.0
1973,FITfiles/2024-09-19/UMICH_20240919_063000_59.fit,2024-09-19 06:30:00,0,0,, ,train,190.0,3600.0
1972,FITfiles/2024-09-19/UMICH_20240919_064500_59.fit,2024-09-19 06:45:00,0,0,, ,train,190.0,3600.0
1968,FITfiles/2024-09-19/UMICH_20240919_070000_59.fit,2024-09-19 07:00:00,0,0,, ,train,190.0,3600.0
1914,FITfiles/2024-09-19/UMICH_20240919_071500_59.fit,2024-09-19 07:15:00,0,0,, ,valid,190.0,3600.0
1903,FITfiles/2024-09-19/UMICH_20240919_073000_59.fit,2024-09-19 07:30:00,0,0,, ,valid,190.0,3600.0
1901,FITfiles/2024-09-19/UMICH_20240919_074500_59.fit,2024-09-19 07:45:00,0,0,, ,test,190.0,3600.0
1899,FITfiles/2024-09-19/UMICH_20240919_080000_59.fit,2024-09-19 08:00:00,0,0,, ,valid,190.0,3600.0
1848,FITfiles/2024-09-19/UMICH_20240919_081500_59.fit,2024-09-19 08:15:00,0,0,, ,train,190.0,3592.0
1847,FITfiles/2024-09-19/UMICH_20240919_083000_59.fit,2024-09-19 08:30:00,0,0,, ,train,190.0,3600.0
1846,FITfiles/2024-09-19/UMICH_20240919_084500_59.fit,2024-09-19 08:45:00,0,0,, ,train,190.0,3600.0
1845,FITfiles/2024-09-19/UMICH_20240919_090000_59.fit,2024-09-19 09:00:00,0,0,, ,train,190.0,3600.0
1726,FITfiles/2024-09-19/UMICH_20240919_091500_59.fit,2024-09-19 09:15:00,0,0,, ,train,190.0,3600.0
1715,FITfiles/2024-09-19/UMICH_20240919_093000_59.fit,2024-09-19 09:30:00,0,0,, ,train,190.0,3600.0
1719,FITfiles/2024-09-19/UMICH_20240919_094500_59.fit,2024-09-19 09:45:00,0,0,, ,train,190.0,3600.0
1714,FITfiles/2024-09-19/UMICH_20240919_100000_59.fit,2024-09-19 10:00:00,0,0,, ,train,190.0,3600.0
1712,FITfiles/2024-09-19/UMICH_20240919_101500_59.fit,2024-09-19 10:15:00,0,0,, ,train,190.0,3600.0
1713,FITfiles/2024-09-19/UMICH_20240919_102959_59.fit,2024-09-19 10:29:59,0,0,, ,train,190.0,3600.0
1711,FITfiles/2024-09-19/UMICH_20240919_104459_59.fit,2024-09-19 10:44:59,0,0,, ,train,190.0,3600.0
1710,FITfiles/2024-09-19/UMICH_20240919_105959_59.fit,2024-09-19 10:59:59,0,0,, ,valid,190.0,3600.0
1709,FITfiles/2024-09-19/UMICH_20240919_111459_59.fit,2024-09-19 11:14:59,0,0,, ,train,190.0,3600.0
1708,FITfiles/2024-09-19/UMICH_20240919_112959_59.fit,2024-09-19 11:29:59,0,0,, ,train,190.0,3600.0
1707,FITfiles/2024-09-19/UMICH_20240919_114459_59.fit,2024-09-19 11:44:59,0,0,, ,valid,190.0,3600.0
1705,FITfiles/2024-09-19/UMICH_20240919_115959_59.fit,2024-09-19 11:59:59,0,0,, ,train,190.0,3600.0
1704,FITfiles/2024-09-19/UMICH_20240919_121459_59.fit,2024-09-19 12:14:59,0,0,, ,train,190.0,3595.0
1703,FITfiles/2024-09-19/UMICH_20240919_123000_59.fit,2024-09-19 12:30:00,0,0,, ,test,190.0,3600.0
1706,FITfiles/2024-09-19/UMICH_20240919_124500_59.fit,2024-09-19 12:45:00,0,0,, ,train,190.0,3600.0
1702,FITfiles/2024-09-19/UMICH_20240919_130000_59.fit,2024-09-19 13:00:00,0,0,, ,test,190.0,3600.0
1701,FITfiles/2024-09-19/UMICH_20240919_131500_59.fit,2024-09-19 13:15:00,0,0,, ,train,190.0,3600.0
1700,FITfiles/2024-09-19/UMICH_20240919_133000_59.fit,2024-09-19 13:30:00,0,0,, ,train,190.0,3600.0
1697,FITfiles/2024-09-19/UMICH_20240919_134500_59.fit,2024-09-19 13:45:00,0,0,, ,train,190.0,3600.0
1699,FITfiles/2024-09-19/UMICH_20240919_140000_59.fit,2024-09-19 14:00:00,0,0,, ,train,190.0,3600.0
1696,FITfiles/2024-09-19/UMICH_20240919_141500_59.fit,2024-09-19 14:15:00,0,0,, ,valid,190.0,3592.0
1698,FITfiles/2024-09-19/UMICH_20240919_143000_59.fit,2024-09-19 14:30:00,0,0,, ,valid,190.0,3600.0
1695,FITfiles/2024-09-19/UMICH_20240919_144500_59.fit,2024-09-19 14:45:00,0,0,, ,train,190.0,3600.0
1694,FITfiles/2024-09-19/UMICH_20240919_150000_59.fit,2024-09-19 15:00:00,0,0,, ,train,190.0,3600.0
1693,FITfiles/2024-09-19/UMICH_20240919_151500_59.fit,2024-09-19 15:15:00,0,0,, ,train,190.0,3600.0
1692,FITfiles/2024-09-19/UMICH_20240919_153000_59.fit,2024-09-19 15:30:00,0,0,, ,valid,190.0,3600.0
1690,FITfiles/2024-09-19/UMICH_20240919_154500_59.fit,2024-09-19 15:45:00,0,0,, ,test,190.0,3600.0
1689,FITfiles/2024-09-19/UMICH_20240919_160000_59.fit,2024-09-19 16:00:00,0,0,, ,train,190.0,3600.0
1687,FITfiles/2024-09-19/UMICH_20240919_161500_59.fit,2024-09-19 16:15:00,0,0,, ,test,190.0,3592.0
1686,FITfiles/2024-09-19/UMICH_20240919_163000_59.fit,2024-09-19 16:30:00,0,0,, ,train,190.0,3600.0
1685,FITfiles/2024-09-19/UMICH_20240919_164500_59.fit,2024-09-19 16:45:00,0,0,, ,test,190.0,3600.0
1682,FITfiles/2024-09-19/UMICH_20240919_170000_59.fit,2024-09-19 17:00:00,0,0,, ,valid,190.0,3600.0
1680,FITfiles/2024-09-19/UMICH_20240919_171500_59.fit,2024-09-19 17:15:00,0,0,, ,test,190.0,3600.0
1681,FITfiles/2024-09-19/UMICH_20240919_173000_59.fit,2024-09-19 17:30:00,0,0,, ,train,190.0,3600.0
1691,FITfiles/2024-09-19/UMICH_20240919_174500_59.fit,2024-09-19 17:45:00,0,0,, ,train,190.0,3600.0
1675,FITfiles/2024-09-19/UMICH_20240919_180000_59.fit,2024-09-19 18:00:00,0,0,, ,train,190.0,3600.0
1677,FITfiles/2024-09-19/UMICH_20240919_181500_59.fit,2024-09-19 18:15:00,0,0,, ,train,190.0,3592.0
1672,FITfiles/2024-09-19/UMICH_20240919_183000_59.fit,2024-09-19 18:30:00,0,0,, ,train,190.0,3600.0
1670,FITfiles/2024-09-19/UMICH_20240919_184500_59.fit,2024-09-19 18:45:00,0,0,, ,train,190.0,3600.0
1667,FITfiles/2024-09-19/UMICH_20240919_190000_59.fit,2024-09-19 19:00:00,0,0,, ,train,190.0,3600.0
1666,FITfiles/2024-09-19/UMICH_20240919_191500_59.fit,2024-09-19 19:15:00,0,0,, ,train,190.0,3600.0
1663,FITfiles/2024-09-19/UMICH_20240919_193000_59.fit,2024-09-19 19:30:00,0,0,, ,valid,190.0,3600.0
1662,FITfiles/2024-09-19/UMICH_20240919_194500_59.fit,2024-09-19 19:45:00,0,0,, ,train,190.0,3600.0
1660,FITfiles/2024-09-19/UMICH_20240919_200000_59.fit,2024-09-19 20:00:00,0,0,, ,train,190.0,3600.0
1657,FITfiles/2024-09-19/UMICH_20240919_201500_59.fit,2024-09-19 20:15:00,0,0,, ,train,190.0,3592.0
1654,FITfiles/2024-09-19/UMICH_20240919_203000_59.fit,2024-09-19 20:30:00,0,0,, ,train,190.0,3600.0
1652,FITfiles/2024-09-19/UMICH_20240919_204500_59.fit,2024-09-19 20:45:00,0,0,, ,train,190.0,3590.0
1238,FITfiles/2024-09-20/UMICH_20240920_063000_59.fit,2024-09-20 06:30:00,0,0,, ,train,190.0,3600.0
1254,FITfiles/2024-09-20/UMICH_20240920_064500_59.fit,2024-09-20 06:45:00,0,0,, ,train,190.0,3600.0
1242,FITfiles/2024-09-20/UMICH_20240920_070000_59.fit,2024-09-20 07:00:00,0,0,, ,test,190.0,3600.0
1243,FITfiles/2024-09-20/UMICH_20240920_071500_59.fit,2024-09-20 07:15:00,0,0,, ,train,190.0,3600.0
1227,FITfiles/2024-09-20/UMICH_20240920_073000_59.fit,2024-09-20 07:30:00,0,0,, ,train,190.0,3600.0
1240,FITfiles/2024-09-20/UMICH_20240920_074500_59.fit,2024-09-20 07:45:00,0,0,, ,test,190.0,3600.0
1261,FITfiles/2024-09-20/UMICH_20240920_080000_59.fit,2024-09-20 08:00:00,0,0,, ,test,190.0,3600.0
1233,FITfiles/2024-09-20/UMICH_20240920_081500_59.fit,2024-09-20 08:15:00,0,0,, ,train,190.0,3592.0
1231,FITfiles/2024-09-20/UMICH_20240920_083000_59.fit,2024-09-20 08:30:00,0,0,, ,test,190.0,3600.0
1218,FITfiles/2024-09-20/UMICH_20240920_084500_59.fit,2024-09-20 08:45:00,0,0,, ,train,190.0,3600.0
1211,FITfiles/2024-09-20/UMICH_20240920_090000_59.fit,2024-09-20 09:00:00,0,0,, ,test,190.0,3600.0
1225,FITfiles/2024-09-20/UMICH_20240920_091500_59.fit,2024-09-20 09:15:00,0,0,, ,train,190.0,3600.0
1232,FITfiles/2024-09-20/UMICH_20240920_093000_59.fit,2024-09-20 09:30:00,0,0,, ,train,190.0,3600.0
1200,FITfiles/2024-09-20/UMICH_20240920_094500_59.fit,2024-09-20 09:45:00,0,0,, ,train,190.0,3600.0
1204,FITfiles/2024-09-20/UMICH_20240920_100000_59.fit,2024-09-20 10:00:00,0,0,, ,train,190.0,3600.0
1197,FITfiles/2024-09-20/UMICH_20240920_101500_59.fit,2024-09-20 10:15:00,0,0,, ,train,190.0,3600.0
1223,FITfiles/2024-09-20/UMICH_20240920_103000_59.fit,2024-09-20 10:30:00,0,0,, ,test,190.0,3600.0
1189,FITfiles/2024-09-20/UMICH_20240920_104500_59.fit,2024-09-20 10:45:00,0,0,, ,train,190.0,3600.0
1173,FITfiles/2024-09-20/UMICH_20240920_105959_59.fit,2024-09-20 10:59:59,0,0,, ,train,190.0,3600.0
1164,FITfiles/2024-09-20/UMICH_20240920_111459_59.fit,2024-09-20 11:14:59,0,0,, ,valid,190.0,3600.0
1159,FITfiles/2024-09-20/UMICH_20240920_112959_59.fit,2024-09-20 11:29:59,0,0,, ,test,190.0,3600.0
1175,FITfiles/2024-09-20/UMICH_20240920_114459_59.fit,2024-09-20 11:44:59,0,0,, ,valid,190.0,3600.0
1187,FITfiles/2024-09-20/UMICH_20240920_115959_59.fit,2024-09-20 11:59:59,0,0,, ,train,190.0,3600.0
1151,FITfiles/2024-09-20/UMICH_20240920_121459_59.fit,2024-09-20 12:14:59,0,0,, ,train,190.0,3594.0
1178,FITfiles/2024-09-20/UMICH_20240920_123000_59.fit,2024-09-20 12:30:00,0,0,, ,train,190.0,3600.0
1143,FITfiles/2024-09-20/UMICH_20240920_124500_59.fit,2024-09-20 12:45:00,0,0,, ,test,190.0,3600.0
1144,FITfiles/2024-09-20/UMICH_20240920_130000_59.fit,2024-09-20 13:00:00,0,0,, ,valid,190.0,3600.0
1125,FITfiles/2024-09-20/UMICH_20240920_131500_59.fit,2024-09-20 13:15:00,0,0,, ,test,190.0,3600.0
1139,FITfiles/2024-09-20/UMICH_20240920_133000_59.fit,2024-09-20 13:30:00,0,0,, ,valid,190.0,3600.0
1117,FITfiles/2024-09-20/UMICH_20240920_134500_59.fit,2024-09-20 13:45:00,0,0,, ,test,190.0,3600.0
1124,FITfiles/2024-09-20/UMICH_20240920_140000_59.fit,2024-09-20 14:00:00,0,0,, ,train,190.0,3600.0
1119,FITfiles/2024-09-20/UMICH_20240920_141500_59.fit,2024-09-20 14:15:00,0,0,, ,test,190.0,3592.0
1120,FITfiles/2024-09-20/UMICH_20240920_143000_59.fit,2024-09-20 14:30:00,0,0,, ,train,190.0,3600.0
1101,FITfiles/2024-09-20/UMICH_20240920_144500_59.fit,2024-09-20 14:45:00,0,0,, ,valid,190.0,3600.0
1118,FITfiles/2024-09-20/UMICH_20240920_150000_59.fit,2024-09-20 15:00:00,0,0,, ,train,190.0,3600.0
1099,FITfiles/2024-09-20/UMICH_20240920_151500_59.fit,2024-09-20 15:15:00,0,0,, ,valid,190.0,3600.0
1086,FITfiles/2024-09-20/UMICH_20240920_153000_59.fit,2024-09-20 15:30:00,0,0,, ,train,190.0,3600.0
1089,FITfiles/2024-09-20/UMICH_20240920_154500_59.fit,2024-09-20 15:45:00,0,0,, ,test,190.0,3600.0
1080,FITfiles/2024-09-20/UMICH_20240920_160000_59.fit,2024-09-20 16:00:00,0,0,, ,valid,190.0,3600.0
1067,FITfiles/2024-09-20/UMICH_20240920_161500_59.fit,2024-09-20 16:15:00,0,0,, ,train,190.0,3593.0
1061,FITfiles/2024-09-20/UMICH_20240920_163000_59.fit,2024-09-20 16:30:00,0,0,, ,train,190.0,3600.0
1081,FITfiles/2024-09-20/UMICH_20240920_164500_59.fit,2024-09-20 16:45:00,0,0,, ,train,190.0,3600.0
1087,FITfiles/2024-09-20/UMICH_20240920_170000_59.fit,2024-09-20 17:00:00,0,0,, ,train,190.0,3600.0
1071,FITfiles/2024-09-20/UMICH_20240920_171500_59.fit,2024-09-20 17:15:00,0,0,, ,valid,190.0,3600.0
1082,FITfiles/2024-09-20/UMICH_20240920_173000_59.fit,2024-09-20 17:30:00,0,0,, ,test,190.0,3600.0
1053,FITfiles/2024-09-20/UMICH_20240920_174500_59.fit,2024-09-20 17:45:00,0,0,, ,train,190.0,3600.0
1047,FITfiles/2024-09-20/UMICH_20240920_180000_59.fit,2024-09-20 18:00:00,0,0,, ,test,190.0,3600.0
1051,FITfiles/2024-09-20/UMICH_20240920_181500_59.fit,2024-09-20 18:15:00,0,0,, ,test,190.0,3592.0
1038,FITfiles/2024-09-20/UMICH_20240920_183000_59.fit,2024-09-20 18:30:00,0,0,, ,train,190.0,3600.0
1036,FITfiles/2024-09-20/UMICH_20240920_184500_59.fit,2024-09-20 18:45:00,0,0,, ,test,190.0,3600.0
1025,FITfiles/2024-09-20/UMICH_20240920_190000_59.fit,2024-09-20 19:00:00,0,0,, ,valid,190.0,3600.0
1035,FITfiles/2024-09-20/UMICH_20240920_191500_59.fit,2024-09-20 19:15:00,0,0,, ,train,190.0,3600.0
1037,FITfiles/2024-09-20/UMICH_20240920_193000_59.fit,2024-09-20 19:30:00,0,0,, ,valid,190.0,3600.0
1030,FITfiles/2024-09-20/UMICH_20240920_194500_59.fit,2024-09-20 19:45:00,0,0,, ,test,190.0,3600.0
1012,FITfiles/2024-09-20/UMICH_20240920_200000_59.fit,2024-09-20 20:00:00,0,0,, ,train,190.0,3600.0
1009,FITfiles/2024-09-20/UMICH_20240920_201500_59.fit,2024-09-20 20:15:00,0,0,, ,train,190.0,3592.0
998,FITfiles/2024-09-20/UMICH_20240920_203000_59.fit,2024-09-20 20:30:00,0,0,, ,valid,190.0,3600.0
999,FITfiles/2024-09-20/UMICH_20240920_204500_59.fit,2024-09-20 20:45:00,0,0,, ,valid,190.0,3591.0
1603,FITfiles/2024-09-21/UMICH_20240921_063000_59.fit,2024-09-21 06:30:00,0,0,, ,train,190.0,3600.0
1602,FITfiles/2024-09-21/UMICH_20240921_064500_59.fit,2024-09-21 06:45:00,0,0,, ,test,190.0,3600.0
1604,FITfiles/2024-09-21/UMICH_20240921_070000_59.fit,2024-09-21 07:00:00,0,0,, ,valid,190.0,3600.0
1599,FITfiles/2024-09-21/UMICH_20240921_071500_59.fit,2024-09-21 07:15:00,0,0,, ,valid,190.0,3600.0
1601,FITfiles/2024-09-21/UMICH_20240921_073000_59.fit,2024-09-21 07:30:00,0,0,, ,valid,190.0,3600.0
1597,FITfiles/2024-09-21/UMICH_20240921_074500_59.fit,2024-09-21 07:45:00,0,0,, ,train,190.0,3600.0
1594,FITfiles/2024-09-21/UMICH_20240921_080000_59.fit,2024-09-21 08:00:00,0,0,, ,test,190.0,3600.0
1592,FITfiles/2024-09-21/UMICH_20240921_081500_59.fit,2024-09-21 08:15:00,0,0,, ,train,190.0,3592.0
1590,FITfiles/2024-09-21/UMICH_20240921_083000_59.fit,2024-09-21 08:30:00,0,0,, ,train,190.0,3600.0
1588,FITfiles/2024-09-21/UMICH_20240921_084500_59.fit,2024-09-21 08:45:00,0,0,, ,train,190.0,3600.0
1585,FITfiles/2024-09-21/UMICH_20240921_090000_59.fit,2024-09-21 09:00:00,0,0,, ,train,190.0,3600.0
1581,FITfiles/2024-09-21/UMICH_20240921_091500_59.fit,2024-09-21 09:15:00,0,0,, ,valid,190.0,3600.0
1582,FITfiles/2024-09-21/UMICH_20240921_093000_59.fit,2024-09-21 09:30:00,0,0,, ,test,190.0,3600.0
1576,FITfiles/2024-09-21/UMICH_20240921_094500_59.fit,2024-09-21 09:45:00,0,0,, ,train,190.0,3600.0
1575,FITfiles/2024-09-21/UMICH_20240921_100000_59.fit,2024-09-21 10:00:00,0,0,, ,train,190.0,3600.0
1574,FITfiles/2024-09-21/UMICH_20240921_101500_59.fit,2024-09-21 10:15:00,0,0,, ,train,190.0,3600.0
1572,FITfiles/2024-09-21/UMICH_20240921_103000_59.fit,2024-09-21 10:30:00,0,0,, ,train,190.0,3600.0
1569,FITfiles/2024-09-21/UMICH_20240921_104500_59.fit,2024-09-21 10:45:00,0,0,, ,train,190.0,3600.0
1568,FITfiles/2024-09-21/UMICH_20240921_105959_59.fit,2024-09-21 10:59:59,0,0,, ,train,190.0,3600.0
1566,FITfiles/2024-09-21/UMICH_20240921_111500_59.fit,2024-09-21 11:15:00,0,0,, ,train,190.0,3600.0
1563,FITfiles/2024-09-21/UMICH_20240921_112959_59.fit,2024-09-21 11:29:59,0,0,, ,test,190.0,3600.0
1562,FITfiles/2024-09-21/UMICH_20240921_114459_59.fit,2024-09-21 11:44:59,0,0,, ,valid,190.0,3600.0
1559,FITfiles/2024-09-21/UMICH_20240921_115959_59.fit,2024-09-21 11:59:59,0,0,, ,test,190.0,3600.0
1558,FITfiles/2024-09-21/UMICH_20240921_121459_59.fit,2024-09-21 12:14:59,0,0,, ,test,190.0,3595.0
1556,FITfiles/2024-09-21/UMICH_20240921_123000_59.fit,2024-09-21 12:30:00,0,0,, ,train,190.0,3600.0
1553,FITfiles/2024-09-21/UMICH_20240921_124500_59.fit,2024-09-21 12:45:00,0,0,, ,train,190.0,3600.0
1552,FITfiles/2024-09-21/UMICH_20240921_130000_59.fit,2024-09-21 13:00:00,0,0,, ,valid,190.0,3600.0
1549,FITfiles/2024-09-21/UMICH_20240921_131500_59.fit,2024-09-21 13:15:00,0,0,, ,test,190.0,3600.0
1547,FITfiles/2024-09-21/UMICH_20240921_133000_59.fit,2024-09-21 13:30:00,0,0,, ,valid,190.0,3600.0
1544,FITfiles/2024-09-21/UMICH_20240921_134500_59.fit,2024-09-21 13:45:00,0,0,, ,train,190.0,3600.0
1543,FITfiles/2024-09-21/UMICH_20240921_140000_59.fit,2024-09-21 14:00:00,0,0,, ,train,190.0,3600.0
1537,FITfiles/2024-09-21/UMICH_20240921_141500_59.fit,2024-09-21 14:15:00,0,0,, ,valid,190.0,3592.0
1535,FITfiles/2024-09-21/UMICH_20240921_143000_59.fit,2024-09-21 14:30:00,0,0,, ,train,190.0,3600.0
1532,FITfiles/2024-09-21/UMICH_20240921_144500_59.fit,2024-09-21 14:45:00,0,0,, ,test,190.0,3600.0
1530,FITfiles/2024-09-21/UMICH_20240921_150000_59.fit,2024-09-21 15:00:00,0,0,, ,train,190.0,3600.0
1527,FITfiles/2024-09-21/UMICH_20240921_151500_59.fit,2024-09-21 15:15:00,0,0,, ,train,190.0,3600.0
1523,FITfiles/2024-09-21/UMICH_20240921_153000_59.fit,2024-09-21 15:30:00,0,0,, ,train,190.0,3600.0
1520,FITfiles/2024-09-21/UMICH_20240921_154500_59.fit,2024-09-21 15:45:00,0,0,, ,train,190.0,3600.0
1518,FITfiles/2024-09-21/UMICH_20240921_160000_59.fit,2024-09-21 16:00:00,0,0,, ,train,190.0,3600.0
1516,FITfiles/2024-09-21/UMICH_20240921_161500_59.fit,2024-09-21 16:15:00,0,0,, ,test,190.0,3592.0
1510,FITfiles/2024-09-21/UMICH_20240921_163000_59.fit,2024-09-21 16:30:00,0,0,, ,test,190.0,3600.0
1508,FITfiles/2024-09-21/UMICH_20240921_164500_59.fit,2024-09-21 16:45:00,0,0,, ,train,190.0,3600.0
1505,FITfiles/2024-09-21/UMICH_20240921_170000_59.fit,2024-09-21 17:00:00,0,0,, ,test,190.0,3600.0
1503,FITfiles/2024-09-21/UMICH_20240921_171500_59.fit,2024-09-21 17:15:00,0,0,, ,valid,190.0,3600.0
1500,FITfiles/2024-09-21/UMICH_20240921_173000_59.fit,2024-09-21 17:30:00,0,0,, ,valid,190.0,3600.0
1496,FITfiles/2024-09-21/UMICH_20240921_174500_59.fit,2024-09-21 17:45:00,0,0,, ,train,190.0,3600.0
1494,FITfiles/2024-09-21/UMICH_20240921_180000_59.fit,2024-09-21 18:00:00,0,0,, ,test,190.0,3600.0
1490,FITfiles/2024-09-21/UMICH_20240921_181500_59.fit,2024-09-21 18:15:00,0,0,, ,train,190.0,3592.0
1488,FITfiles/2024-09-21/UMICH_20240921_183000_59.fit,2024-09-21 18:30:00,0,0,, ,test,190.0,3600.0
1486,FITfiles/2024-09-21/UMICH_20240921_184500_59.fit,2024-09-21 18:45:00,0,0,, ,test,190.0,3600.0
1482,FITfiles/2024-09-21/UMICH_20240921_190000_59.fit,2024-09-21 19:00:00,0,0,, ,train,190.0,3600.0
1479,FITfiles/2024-09-21/UMICH_20240921_191500_59.fit,2024-09-21 19:15:00,0,0,, ,train,190.0,3600.0
1478,FITfiles/2024-09-21/UMICH_20240921_193000_59.fit,2024-09-21 19:30:00,0,0,, ,valid,190.0,3600.0
1476,FITfiles/2024-09-21/UMICH_20240921_194500_59.fit,2024-09-21 19:45:00,0,0,, ,test,190.0,3600.0
1475,FITfiles/2024-09-21/UMICH_20240921_200000_59.fit,2024-09-21 20:00:00,0,0,, ,test,190.0,3600.0
1473,FITfiles/2024-09-21/UMICH_20240921_201500_59.fit,2024-09-21 20:15:00,0,0,, ,test,190.0,3592.0
1472,FITfiles/2024-09-21/UMICH_20240921_203000_59.fit,2024-09-21 20:30:00,0,0,, ,train,190.0,3600.0
1474,FITfiles/2024-09-21/UMICH_20240921_204500_59.fit,2024-09-21 20:45:00,0,0,, ,train,190.0,3591.0
197,FITfiles/2024-09-22/UMICH_20240922_063000_59.fit,2024-09-22 06:30:00,0,0,, ,train,190.0,3600.0
208,FITfiles/2024-09-22/UMICH_20240922_064500_59.fit,2024-09-22 06:45:00,0,0,, ,train,190.0,3600.0
190,FITfiles/2024-09-22/UMICH_20240922_070000_59.fit,2024-09-22 07:00:00,0,0,, ,train,190.0,3600.0
180,FITfiles/2024-09-22/UMICH_20240922_071500_59.fit,2024-09-22 07:15:00,0,0,, ,test,190.0,3600.0
225,FITfiles/2024-09-22/UMICH_20240922_073000_59.fit,2024-09-22 07:30:00,0,0,, ,valid,190.0,3600.0
181,FITfiles/2024-09-22/UMICH_20240922_073000_59(1).fit,2024-09-22 07:30:00,0,0,, ,test,190.0,3600.0
200,FITfiles/2024-09-22/UMICH_20240922_074500_59.fit,2024-09-22 07:45:00,0,0,, ,test,190.0,3600.0
177,FITfiles/2024-09-22/UMICH_20240922_080000_59.fit,2024-09-22 08:00:00,0,0,, ,train,190.0,3600.0
198,FITfiles/2024-09-22/UMICH_20240922_081500_59.fit,2024-09-22 08:15:00,0,0,, ,train,190.0,3592.0
183,FITfiles/2024-09-22/UMICH_20240922_083000_59.fit,2024-09-22 08:30:00,0,0,, ,train,190.0,3600.0
195,FITfiles/2024-09-22/UMICH_20240922_084500_59.fit,2024-09-22 08:45:00,0,0,, ,train,190.0,3600.0
171,FITfiles/2024-09-22/UMICH_20240922_090000_59.fit,2024-09-22 09:00:00,0,0,, ,train,190.0,3600.0
162,FITfiles/2024-09-22/UMICH_20240922_091500_59.fit,2024-09-22 09:15:00,0,0,, ,train,190.0,3600.0
161,FITfiles/2024-09-22/UMICH_20240922_093000_59.fit,2024-09-22 09:30:00,0,0,, ,train,190.0,3600.0
240,FITfiles/2024-09-22/UMICH_20240922_094500_59.fit,2024-09-22 09:45:00,0,0,, ,train,190.0,3600.0
175,FITfiles/2024-09-22/UMICH_20240922_100000_59.fit,2024-09-22 10:00:00,0,0,, ,train,190.0,3600.0
164,FITfiles/2024-09-22/UMICH_20240922_101500_59.fit,2024-09-22 10:15:00,0,0,, ,test,190.0,3600.0
173,FITfiles/2024-09-22/UMICH_20240922_103000_59.fit,2024-09-22 10:30:00,0,0,, ,train,190.0,3600.0
153,FITfiles/2024-09-22/UMICH_20240922_104459_59.fit,2024-09-22 10:44:59,0,0,, ,test,190.0,3600.0
165,FITfiles/2024-09-22/UMICH_20240922_105959_59.fit,2024-09-22 10:59:59,0,0,, ,train,190.0,3600.0
158,FITfiles/2024-09-22/UMICH_20240922_111459_59.fit,2024-09-22 11:14:59,0,0,, ,train,190.0,3600.0
154,FITfiles/2024-09-22/UMICH_20240922_112959_59.fit,2024-09-22 11:29:59,0,0,, ,test,190.0,3600.0
224,FITfiles/2024-09-22/UMICH_20240922_114459_59.fit,2024-09-22 11:44:59,0,0,, ,test,190.0,3600.0
272,FITfiles/2024-09-22/UMICH_20240922_115959_59.fit,2024-09-22 11:59:59,0,0,, ,train,190.0,3600.0
210,FITfiles/2024-09-22/UMICH_20240922_121459_59.fit,2024-09-22 12:14:59,0,0,, ,train,190.0,3595.0
211,FITfiles/2024-09-22/UMICH_20240922_123000_59.fit,2024-09-22 12:30:00,0,0,, ,train,190.0,3600.0
209,FITfiles/2024-09-22/UMICH_20240922_124500_59.fit,2024-09-22 12:45:00,0,0,, ,test,190.0,3600.0
207,FITfiles/2024-09-22/UMICH_20240922_130000_59.fit,2024-09-22 13:00:00,0,0,, ,valid,190.0,3525.0
205,FITfiles/2024-09-22/UMICH_20240922_131950_01.fit,2024-09-22 13:19:50,0,0,, ,train,190.0,3600.0
199,FITfiles/2024-09-22/UMICH_20240922_133450_01.fit,2024-09-22 13:34:50,0,0,, ,train,190.0,924.0
215,FITfiles/2024-09-22/UMICH_20240922_134826_01.fit,2024-09-22 13:48:26,0,0,, ,train,190.0,3600.0
194,FITfiles/2024-09-22/UMICH_20240922_140326_01.fit,2024-09-22 14:03:26,0,0,, ,train,190.0,1716.0
214,FITfiles/2024-09-22/UMICH_20240922_141858_01.fit,2024-09-22 14:18:58,0,0,, ,train,190.0,2637.0
231,FITfiles/2024-09-22/UMICH_20240922_143000_59.fit,2024-09-22 14:30:00,0,0,, ,train,190.0,3600.0
227,FITfiles/2024-09-22/UMICH_20240922_144500_59.fit,2024-09-22 14:45:00,0,0,, ,test,190.0,2520.0
217,FITfiles/2024-09-22/UMICH_20240922_151822_59.fit,2024-09-22 15:18:22,0,0,, ,train,190.0,3370.0
193,FITfiles/2024-09-22/UMICH_20240922_153237_59.fit,2024-09-22 15:32:37,0,0,, ,train,,
191,FITfiles/2024-09-22/UMICH_20240922_154737_59.fit,2024-09-22 15:47:37,0,0,, ,train,,
189,FITfiles/2024-09-22/UMICH_20240922_160237_59.fit,2024-09-22 16:02:37,0,0,, ,train,,
243,FITfiles/2024-09-22/UMICH_20240922_161737_59.fit,2024-09-22 16:17:37,0,0,, ,valid,190.0,2964.0
247,FITfiles/2024-09-22/UMICH_20240922_163000_59.fit,2024-09-22 16:30:00,0,0,, ,valid,190.0,3600.0
251,FITfiles/2024-09-22/UMICH_20240922_164500_59.fit,2024-09-22 16:45:00,0,0,, ,train,190.0,3600.0
249,FITfiles/2024-09-22/UMICH_20240922_170000_59.fit,2024-09-22 17:00:00,0,0,, ,train,190.0,3600.0
236,FITfiles/2024-09-22/UMICH_20240922_171500_59.fit,2024-09-22 17:15:00,0,0,, ,train,190.0,3600.0
274,FITfiles/2024-09-22/UMICH_20240922_173000_59.fit,2024-09-22 17:30:00,0,0,, ,train,190.0,3600.0
233,FITfiles/2024-09-22/UMICH_20240922_174500_59.fit,2024-09-22 17:45:00,0,0,, ,test,190.0,3600.0
241,FITfiles/2024-09-22/UMICH_20240922_180000_59.fit,2024-09-22 18:00:00,0,0,, ,test,190.0,3600.0
257,FITfiles/2024-09-22/UMICH_20240922_181500_59.fit,2024-09-22 18:15:00,0,0,, ,train,190.0,3589.0
238,FITfiles/2024-09-22/UMICH_20240922_183000_59.fit,2024-09-22 18:30:00,0,0,, ,valid,190.0,3600.0
304,FITfiles/2024-09-22/UMICH_20240922_184500_59.fit,2024-09-22 18:45:00,0,0,, ,test,190.0,3600.0
232,FITfiles/2024-09-22/UMICH_20240922_190000_59.fit,2024-09-22 19:00:00,0,0,, ,valid,190.0,3600.0
230,FITfiles/2024-09-22/UMICH_20240922_191500_59.fit,2024-09-22 19:15:00,0,0,, ,train,190.0,3600.0
242,FITfiles/2024-09-22/UMICH_20240922_193000_59.fit,2024-09-22 19:30:00,0,0,, ,test,190.0,3600.0
226,FITfiles/2024-09-22/UMICH_20240922_194500_59.fit,2024-09-22 19:45:00,0,0,, ,train,190.0,3600.0
223,FITfiles/2024-09-22/UMICH_20240922_200000_59.fit,2024-09-22 20:00:00,0,0,, ,test,190.0,3600.0
245,FITfiles/2024-09-22/UMICH_20240922_201500_59.fit,2024-09-22 20:15:00,0,0,, ,train,190.0,3590.0
229,FITfiles/2024-09-22/UMICH_20240922_203000_59.fit,2024-09-22 20:30:00,0,0,, ,train,190.0,3600.0
220,FITfiles/2024-09-22/UMICH_20240922_204500_59.fit,2024-09-22 20:45:00,0,0,, ,valid,190.0,3590.0
7319,FITfiles/2024-09-23/UMICH_20240923_111500_59.fit,2024-09-23 11:15:00,0,0,, ,train,190.0,3600.0
7318,FITfiles/2024-09-23/UMICH_20240923_113000_59.fit,2024-09-23 11:30:00,0,0,, ,valid,190.0,3600.0
7317,FITfiles/2024-09-23/UMICH_20240923_114500_59.fit,2024-09-23 11:45:00,0,0,, ,train,190.0,3600.0
7339,FITfiles/2024-09-23/UMICH_20240923_120000_59.fit,2024-09-23 12:00:00,0,0,, ,test,190.0,3600.0
7328,FITfiles/2024-09-23/UMICH_20240923_121500_59.fit,2024-09-23 12:15:00,0,0,, ,valid,190.0,3590.0
7326,FITfiles/2024-09-23/UMICH_20240923_123000_59.fit,2024-09-23 12:30:00,0,0,, ,valid,190.0,3600.0
7323,FITfiles/2024-09-23/UMICH_20240923_124500_59.fit,2024-09-23 12:45:00,0,0,, ,train,190.0,3600.0
7320,FITfiles/2024-09-23/UMICH_20240923_130000_59.fit,2024-09-23 13:00:00,0,0,, ,train,190.0,3600.0
7322,FITfiles/2024-09-23/UMICH_20240923_131500_59.fit,2024-09-23 13:15:00,0,0,, ,valid,190.0,3600.0
7333,FITfiles/2024-09-23/UMICH_20240923_133000_59.fit,2024-09-23 13:30:00,0,0,, ,train,190.0,3600.0
7336,FITfiles/2024-09-23/UMICH_20240923_134500_59.fit,2024-09-23 13:45:00,0,0,, ,train,190.0,3600.0
7321,FITfiles/2024-09-23/UMICH_20240923_140000_59.fit,2024-09-23 14:00:00,0,0,, ,test,190.0,3600.0
7332,FITfiles/2024-09-23/UMICH_20240923_141500_59.fit,2024-09-23 14:15:00,0,0,, ,train,190.0,3589.0
7335,FITfiles/2024-09-23/UMICH_20240923_143000_59.fit,2024-09-23 14:30:00,0,0,, ,valid,190.0,3600.0
7327,FITfiles/2024-09-23/UMICH_20240923_144500_59.fit,2024-09-23 14:45:00,0,0,, ,test,190.0,3600.0
7325,FITfiles/2024-09-23/UMICH_20240923_150000_59.fit,2024-09-23 15:00:00,0,0,, ,train,190.0,3600.0
7324,FITfiles/2024-09-23/UMICH_20240923_151500_59.fit,2024-09-23 15:15:00,0,0,, ,test,190.0,3600.0
7329,FITfiles/2024-09-23/UMICH_20240923_153000_59.fit,2024-09-23 15:30:00,0,0,, ,train,190.0,3600.0
7331,FITfiles/2024-09-23/UMICH_20240923_154500_59.fit,2024-09-23 15:45:00,0,0,, ,valid,190.0,3600.0
7330,FITfiles/2024-09-23/UMICH_20240923_160000_59.fit,2024-09-23 16:00:00,0,0,, ,train,190.0,3600.0
7337,FITfiles/2024-09-23/UMICH_20240923_161500_59.fit,2024-09-23 16:15:00,0,0,, ,valid,190.0,3590.0
7341,FITfiles/2024-09-23/UMICH_20240923_163000_59.fit,2024-09-23 16:30:00,0,0,, ,train,190.0,3600.0
7343,FITfiles/2024-09-23/UMICH_20240923_164500_59.fit,2024-09-23 16:45:00,0,0,, ,train,190.0,3600.0
7334,FITfiles/2024-09-23/UMICH_20240923_170000_59.fit,2024-09-23 17:00:00,0,0,, ,valid,190.0,3600.0
7338,FITfiles/2024-09-23/UMICH_20240923_171500_59.fit,2024-09-23 17:15:00,0,0,, ,train,190.0,3600.0
7349,FITfiles/2024-09-23/UMICH_20240923_173000_59.fit,2024-09-23 17:30:00,0,0,, ,train,190.0,3600.0
7346,FITfiles/2024-09-23/UMICH_20240923_174500_59.fit,2024-09-23 17:45:00,0,0,, ,train,190.0,3600.0
7355,FITfiles/2024-09-23/UMICH_20240923_180000_59.fit,2024-09-23 18:00:00,0,0,, ,train,190.0,3600.0
7348,FITfiles/2024-09-23/UMICH_20240923_181500_59.fit,2024-09-23 18:15:00,0,0,, ,train,190.0,3590.0
7340,FITfiles/2024-09-23/UMICH_20240923_183000_59.fit,2024-09-23 18:30:00,0,0,, ,train,190.0,3600.0
7350,FITfiles/2024-09-23/UMICH_20240923_184500_59.fit,2024-09-23 18:45:00,0,0,, ,train,190.0,3600.0
7342,FITfiles/2024-09-23/UMICH_20240923_190000_59.fit,2024-09-23 19:00:00,0,0,, ,train,190.0,3600.0
7344,FITfiles/2024-09-23/UMICH_20240923_191500_59.fit,2024-09-23 19:15:00,0,0,, ,test,190.0,3600.0
7364,FITfiles/2024-09-23/UMICH_20240923_193000_59.fit,2024-09-23 19:30:00,0,0,, ,valid,190.0,3600.0
7345,FITfiles/2024-09-23/UMICH_20240923_194500_59.fit,2024-09-23 19:45:00,0,0,, ,train,190.0,3600.0
7353,FITfiles/2024-09-23/UMICH_20240923_200000_59.fit,2024-09-23 20:00:00,0,0,, ,test,190.0,3600.0
7351,FITfiles/2024-09-23/UMICH_20240923_201500_59.fit,2024-09-23 20:15:00,0,0,, ,valid,190.0,3589.0
7347,FITfiles/2024-09-23/UMICH_20240923_203000_59.fit,2024-09-23 20:30:00,0,0,, ,valid,190.0,3600.0
7360,FITfiles/2024-09-23/UMICH_20240923_204500_59.fit,2024-09-23 20:45:00,0,0,, ,train,190.0,3590.0
5875,FITfiles/2024-09-24/UMICH_20240924_063000_59.fit,2024-09-24 06:30:00,0,0,, ,train,190.0,3600.0
5830,FITfiles/2024-09-24/UMICH_20240924_064500_59.fit,2024-09-24 06:45:00,0,0,, ,train,190.0,3600.0
5823,FITfiles/2024-09-24/UMICH_20240924_070000_59.fit,2024-09-24 07:00:00,0,0,, ,train,190.0,3600.0
5846,FITfiles/2024-09-24/UMICH_20240924_071500_59.fit,2024-09-24 07:15:00,0,0,, ,train,190.0,3600.0
5820,FITfiles/2024-09-24/UMICH_20240924_073000_59.fit,2024-09-24 07:30:00,0,0,, ,train,190.0,3600.0
5827,FITfiles/2024-09-24/UMICH_20240924_074500_59.fit,2024-09-24 07:45:00,0,0,, ,train,190.0,3600.0
5824,FITfiles/2024-09-24/UMICH_20240924_080000_59.fit,2024-09-24 08:00:00,0,0,, ,train,190.0,3600.0
5836,FITfiles/2024-09-24/UMICH_20240924_081500_59.fit,2024-09-24 08:15:00,0,0,, ,train,190.0,3589.0
5877,FITfiles/2024-09-24/UMICH_20240924_083000_59.fit,2024-09-24 08:30:00,0,0,, ,train,190.0,3600.0
5833,FITfiles/2024-09-24/UMICH_20240924_084500_59.fit,2024-09-24 08:45:00,0,0,, ,train,190.0,3600.0
5835,FITfiles/2024-09-24/UMICH_20240924_090000_59.fit,2024-09-24 09:00:00,0,0,, ,train,190.0,3600.0
5831,FITfiles/2024-09-24/UMICH_20240924_091500_59.fit,2024-09-24 09:15:00,0,0,, ,train,190.0,3600.0
5848,FITfiles/2024-09-24/UMICH_20240924_093000_59.fit,2024-09-24 09:30:00,0,0,, ,train,190.0,3600.0
5828,FITfiles/2024-09-24/UMICH_20240924_094500_59.fit,2024-09-24 09:45:00,0,0,, ,train,190.0,3600.0
5853,FITfiles/2024-09-24/UMICH_20240924_100000_59.fit,2024-09-24 10:00:00,0,0,, ,valid,190.0,3600.0
5832,FITfiles/2024-09-24/UMICH_20240924_101500_59.fit,2024-09-24 10:15:00,0,0,, ,train,190.0,3600.0
5829,FITfiles/2024-09-24/UMICH_20240924_103000_59.fit,2024-09-24 10:30:00,0,0,, ,test,190.0,3600.0
5868,FITfiles/2024-09-24/UMICH_20240924_104500_59.fit,2024-09-24 10:45:00,0,0,, ,train,190.0,3600.0
5837,FITfiles/2024-09-24/UMICH_20240924_110000_59.fit,2024-09-24 11:00:00,0,0,, ,valid,190.0,3600.0
5834,FITfiles/2024-09-24/UMICH_20240924_111500_59.fit,2024-09-24 11:15:00,0,0,, ,valid,190.0,3600.0
5838,FITfiles/2024-09-24/UMICH_20240924_113000_59.fit,2024-09-24 11:30:00,0,0,, ,train,190.0,3600.0
5845,FITfiles/2024-09-24/UMICH_20240924_114500_59.fit,2024-09-24 11:45:00,0,0,, ,train,190.0,3600.0
5849,FITfiles/2024-09-24/UMICH_20240924_120000_59.fit,2024-09-24 12:00:00,0,0,, ,valid,190.0,3600.0
5839,FITfiles/2024-09-24/UMICH_20240924_121500_59.fit,2024-09-24 12:15:00,0,0,, ,train,190.0,3590.0
5856,FITfiles/2024-09-24/UMICH_20240924_123000_59.fit,2024-09-24 12:30:00,0,0,, ,train,190.0,3600.0
5864,FITfiles/2024-09-24/UMICH_20240924_124500_59.fit,2024-09-24 12:45:00,0,0,, ,train,190.0,3600.0
5842,FITfiles/2024-09-24/UMICH_20240924_130000_59.fit,2024-09-24 13:00:00,0,0,, ,train,190.0,3600.0
5847,FITfiles/2024-09-24/UMICH_20240924_131500_59.fit,2024-09-24 13:15:00,0,0,, ,train,190.0,3600.0
5855,FITfiles/2024-09-24/UMICH_20240924_133000_59.fit,2024-09-24 13:30:00,0,0,, ,train,190.0,3600.0
5841,FITfiles/2024-09-24/UMICH_20240924_134500_59.fit,2024-09-24 13:45:00,0,0,, ,test,190.0,3600.0
5850,FITfiles/2024-09-24/UMICH_20240924_140000_59.fit,2024-09-24 14:00:00,0,0,, ,train,190.0,3600.0
5840,FITfiles/2024-09-24/UMICH_20240924_141500_59.fit,2024-09-24 14:15:00,0,0,, ,valid,190.0,3590.0
5852,FITfiles/2024-09-24/UMICH_20240924_143000_59.fit,2024-09-24 14:30:00,0,0,, ,test,190.0,3600.0
5843,FITfiles/2024-09-24/UMICH_20240924_144500_59.fit,2024-09-24 14:45:00,0,0,, ,valid,190.0,3600.0
5851,FITfiles/2024-09-24/UMICH_20240924_150000_59.fit,2024-09-24 15:00:00,0,0,, ,train,190.0,3600.0
5844,FITfiles/2024-09-24/UMICH_20240924_151500_59.fit,2024-09-24 15:15:00,0,0,, ,valid,190.0,3600.0
5854,FITfiles/2024-09-24/UMICH_20240924_153000_59.fit,2024-09-24 15:30:00,0,0,, ,valid,190.0,3600.0
5860,FITfiles/2024-09-24/UMICH_20240924_154500_59.fit,2024-09-24 15:45:00,0,0,, ,train,190.0,3600.0
5889,FITfiles/2024-09-24/UMICH_20240924_160000_59.fit,2024-09-24 16:00:00,0,0,, ,test,190.0,3600.0
5857,FITfiles/2024-09-24/UMICH_20240924_161500_59.fit,2024-09-24 16:15:00,0,0,, ,valid,190.0,3590.0
5876,FITfiles/2024-09-24/UMICH_20240924_163000_59.fit,2024-09-24 16:30:00,0,0,, ,valid,190.0,3600.0
5870,FITfiles/2024-09-24/UMICH_20240924_164500_59.fit,2024-09-24 16:45:00,0,0,, ,test,190.0,3600.0
5861,FITfiles/2024-09-24/UMICH_20240924_170000_59.fit,2024-09-24 17:00:00,0,0,, ,valid,190.0,3600.0
5858,FITfiles/2024-09-24/UMICH_20240924_171500_59.fit,2024-09-24 17:15:00,0,0,, ,test,190.0,3600.0
5865,FITfiles/2024-09-24/UMICH_20240924_173000_59.fit,2024-09-24 17:30:00,0,0,, ,test,190.0,3600.0
5859,FITfiles/2024-09-24/UMICH_20240924_174500_59.fit,2024-09-24 17:45:00,0,0,, ,test,190.0,3600.0
5871,FITfiles/2024-09-24/UMICH_20240924_180000_59.fit,2024-09-24 18:00:00,0,0,, ,test,190.0,3600.0
5863,FITfiles/2024-09-24/UMICH_20240924_181500_59.fit,2024-09-24 18:15:00,0,0,, ,train,190.0,3590.0
5881,FITfiles/2024-09-24/UMICH_20240924_183000_59.fit,2024-09-24 18:30:00,0,0,, ,train,190.0,3600.0
5862,FITfiles/2024-09-24/UMICH_20240924_184500_59.fit,2024-09-24 18:45:00,0,0,, ,valid,190.0,3600.0
5882,FITfiles/2024-09-24/UMICH_20240924_190000_59.fit,2024-09-24 19:00:00,0,0,, ,train,190.0,3600.0
5866,FITfiles/2024-09-24/UMICH_20240924_191500_59.fit,2024-09-24 19:15:00,0,0,, ,train,190.0,3600.0
5893,FITfiles/2024-09-24/UMICH_20240924_193000_59.fit,2024-09-24 19:30:00,0,0,, ,valid,190.0,3600.0
5869,FITfiles/2024-09-24/UMICH_20240924_194500_59.fit,2024-09-24 19:45:00,0,0,, ,valid,190.0,3600.0
5873,FITfiles/2024-09-24/UMICH_20240924_200000_59.fit,2024-09-24 20:00:00,0,0,, ,train,190.0,3600.0
5874,FITfiles/2024-09-24/UMICH_20240924_201500_59.fit,2024-09-24 20:15:00,0,0,, ,valid,190.0,3590.0
5867,FITfiles/2024-09-24/UMICH_20240924_203000_59.fit,2024-09-24 20:30:00,0,0,, ,train,190.0,3600.0
5872,FITfiles/2024-09-24/UMICH_20240924_204500_59.fit,2024-09-24 20:45:00,0,0,, ,test,190.0,3590.0
6894,FITfiles/2024-09-25/UMICH_20240925_063000_59.fit,2024-09-25 06:30:00,0,0,, ,test,190.0,3600.0
6878,FITfiles/2024-09-25/UMICH_20240925_064500_59.fit,2024-09-25 06:45:00,0,0,, ,train,190.0,3600.0
6872,FITfiles/2024-09-25/UMICH_20240925_070000_59.fit,2024-09-25 07:00:00,0,0,, ,valid,190.0,3600.0
6881,FITfiles/2024-09-25/UMICH_20240925_071500_59.fit,2024-09-25 07:15:00,0,0,, ,train,190.0,3600.0
6891,FITfiles/2024-09-25/UMICH_20240925_073000_59.fit,2024-09-25 07:30:00,0,0,, ,train,190.0,3600.0
6907,FITfiles/2024-09-25/UMICH_20240925_074500_59.fit,2024-09-25 07:45:00,0,0,, ,train,190.0,3600.0
6897,FITfiles/2024-09-25/UMICH_20240925_080000_59.fit,2024-09-25 08:00:00,0,0,, ,train,190.0,3600.0
6892,FITfiles/2024-09-25/UMICH_20240925_081500_59.fit,2024-09-25 08:15:00,0,0,, ,train,190.0,3590.0
6896,FITfiles/2024-09-25/UMICH_20240925_083000_59.fit,2024-09-25 08:30:00,0,0,, ,train,190.0,3600.0
6900,FITfiles/2024-09-25/UMICH_20240925_084500_59.fit,2024-09-25 08:45:00,0,0,, ,test,190.0,3600.0
6890,FITfiles/2024-09-25/UMICH_20240925_090000_59.fit,2024-09-25 09:00:00,0,0,, ,train,190.0,3600.0
6903,FITfiles/2024-09-25/UMICH_20240925_091500_59.fit,2024-09-25 09:15:00,0,0,, ,train,190.0,3600.0
6895,FITfiles/2024-09-25/UMICH_20240925_093000_59.fit,2024-09-25 09:30:00,0,0,, ,train,190.0,3600.0
6911,FITfiles/2024-09-25/UMICH_20240925_094500_59.fit,2024-09-25 09:45:00,0,0,, ,test,190.0,3600.0
6902,FITfiles/2024-09-25/UMICH_20240925_100000_59.fit,2024-09-25 10:00:00,0,0,, ,train,190.0,3600.0
6904,FITfiles/2024-09-25/UMICH_20240925_101500_59.fit,2024-09-25 10:15:00,0,0,, ,train,190.0,3600.0
6898,FITfiles/2024-09-25/UMICH_20240925_103000_59.fit,2024-09-25 10:30:00,0,0,, ,train,190.0,3600.0
6908,FITfiles/2024-09-25/UMICH_20240925_104500_59.fit,2024-09-25 10:45:00,0,0,, ,train,190.0,3600.0
6905,FITfiles/2024-09-25/UMICH_20240925_110000_59.fit,2024-09-25 11:00:00,0,0,, ,train,190.0,3600.0
6920,FITfiles/2024-09-25/UMICH_20240925_111500_59.fit,2024-09-25 11:15:00,0,0,, ,test,190.0,3600.0
6909,FITfiles/2024-09-25/UMICH_20240925_113000_59.fit,2024-09-25 11:30:00,0,0,, ,test,190.0,3600.0
6923,FITfiles/2024-09-25/UMICH_20240925_114500_59.fit,2024-09-25 11:45:00,0,0,, ,test,190.0,3600.0
6899,FITfiles/2024-09-25/UMICH_20240925_120000_59.fit,2024-09-25 12:00:00,0,0,, ,valid,190.0,3600.0
6906,FITfiles/2024-09-25/UMICH_20240925_121500_59.fit,2024-09-25 12:15:00,0,0,, ,test,190.0,3590.0
6927,FITfiles/2024-09-25/UMICH_20240925_123000_59.fit,2024-09-25 12:30:00,0,0,, ,train,190.0,3600.0
6901,FITfiles/2024-09-25/UMICH_20240925_124500_59.fit,2024-09-25 12:45:00,0,0,, ,train,190.0,3600.0
6941,FITfiles/2024-09-25/UMICH_20240925_130000_59.fit,2024-09-25 13:00:00,0,0,, ,train,190.0,3600.0
6910,FITfiles/2024-09-25/UMICH_20240925_131500_59.fit,2024-09-25 13:15:00,0,0,, ,test,190.0,3600.0
6914,FITfiles/2024-09-25/UMICH_20240925_133000_59.fit,2024-09-25 13:30:00,0,0,, ,train,190.0,3600.0
6917,FITfiles/2024-09-25/UMICH_20240925_134500_59.fit,2024-09-25 13:45:00,0,0,, ,train,190.0,3600.0
7005,FITfiles/2024-09-25/UMICH_20240925_140000_59.fit,2024-09-25 14:00:00,0,0,, ,train,190.0,3600.0
6937,FITfiles/2024-09-25/UMICH_20240925_141500_59.fit,2024-09-25 14:15:00,0,0,, ,train,190.0,3590.0
6913,FITfiles/2024-09-25/UMICH_20240925_143000_59.fit,2024-09-25 14:30:00,0,0,, ,train,190.0,3600.0
6928,FITfiles/2024-09-25/UMICH_20240925_144500_59.fit,2024-09-25 14:45:00,0,0,, ,test,190.0,3600.0
6912,FITfiles/2024-09-25/UMICH_20240925_150000_59.fit,2024-09-25 15:00:00,0,0,, ,train,190.0,3600.0
6919,FITfiles/2024-09-25/UMICH_20240925_151500_59.fit,2024-09-25 15:15:00,0,0,, ,train,190.0,3600.0
6918,FITfiles/2024-09-25/UMICH_20240925_153000_59.fit,2024-09-25 15:30:00,0,0,, ,train,190.0,3600.0
6925,FITfiles/2024-09-25/UMICH_20240925_154500_59.fit,2024-09-25 15:45:00,0,0,, ,train,190.0,3600.0
6940,FITfiles/2024-09-25/UMICH_20240925_160000_59.fit,2024-09-25 16:00:00,0,0,, ,train,190.0,3600.0
6926,FITfiles/2024-09-25/UMICH_20240925_161500_59.fit,2024-09-25 16:15:00,0,0,, ,train,190.0,3589.0
6921,FITfiles/2024-09-25/UMICH_20240925_163000_59.fit,2024-09-25 16:30:00,0,0,, ,valid,190.0,3600.0
6922,FITfiles/2024-09-25/UMICH_20240925_164500_59.fit,2024-09-25 16:45:00,0,0,, ,valid,190.0,3600.0
6934,FITfiles/2024-09-25/UMICH_20240925_170000_59.fit,2024-09-25 17:00:00,0,0,, ,train,190.0,3600.0
6946,FITfiles/2024-09-25/UMICH_20240925_171500_59.fit,2024-09-25 17:15:00,0,0,, ,train,190.0,3600.0
6929,FITfiles/2024-09-25/UMICH_20240925_173000_59.fit,2024-09-25 17:30:00,0,0,, ,valid,190.0,3600.0
6916,FITfiles/2024-09-25/UMICH_20240925_174500_59.fit,2024-09-25 17:45:00,0,0,, ,train,190.0,3600.0
6947,FITfiles/2024-09-25/UMICH_20240925_180000_59.fit,2024-09-25 18:00:00,0,0,, ,valid,190.0,3600.0
6956,FITfiles/2024-09-25/UMICH_20240925_181500_59.fit,2024-09-25 18:15:00,0,0,, ,train,190.0,3589.0
6930,FITfiles/2024-09-25/UMICH_20240925_183000_59.fit,2024-09-25 18:30:00,0,0,, ,valid,190.0,3600.0
6939,FITfiles/2024-09-25/UMICH_20240925_184500_59.fit,2024-09-25 18:45:00,0,0,, ,train,190.0,3600.0
6945,FITfiles/2024-09-25/UMICH_20240925_190000_59.fit,2024-09-25 19:00:00,0,0,, ,train,190.0,3600.0
6936,FITfiles/2024-09-25/UMICH_20240925_191500_59.fit,2024-09-25 19:15:00,0,0,, ,valid,190.0,3600.0
6962,FITfiles/2024-09-25/UMICH_20240925_193000_59.fit,2024-09-25 19:30:00,0,0,, ,valid,190.0,3600.0
6949,FITfiles/2024-09-25/UMICH_20240925_194500_59.fit,2024-09-25 19:45:00,0,0,, ,test,190.0,3600.0
6975,FITfiles/2024-09-25/UMICH_20240925_200000_59.fit,2024-09-25 20:00:00,0,0,, ,train,190.0,3600.0
6959,FITfiles/2024-09-25/UMICH_20240925_201500_59.fit,2024-09-25 20:15:00,0,0,, ,train,190.0,3589.0
6943,FITfiles/2024-09-25/UMICH_20240925_203000_59.fit,2024-09-25 20:30:00,0,0,, ,train,190.0,3600.0
6948,FITfiles/2024-09-25/UMICH_20240925_204500_59.fit,2024-09-25 20:45:00,0,0,, ,valid,190.0,3590.0
8779,FITfiles/2024-09-26/UMICH_20240926_063000_59.fit,2024-09-26 06:30:00,0,0,, ,test,190.0,3600.0
8782,FITfiles/2024-09-26/UMICH_20240926_064500_59.fit,2024-09-26 06:45:00,0,0,, ,train,190.0,3600.0
8775,FITfiles/2024-09-26/UMICH_20240926_070000_59.fit,2024-09-26 07:00:00,0,0,, ,train,190.0,3600.0
8777,FITfiles/2024-09-26/UMICH_20240926_071500_59.fit,2024-09-26 07:15:00,0,0,, ,valid,190.0,3600.0
8784,FITfiles/2024-09-26/UMICH_20240926_073000_59.fit,2024-09-26 07:30:00,0,0,, ,train,190.0,3600.0
8788,FITfiles/2024-09-26/UMICH_20240926_074500_59.fit,2024-09-26 07:45:00,0,0,, ,test,190.0,3600.0
8783,FITfiles/2024-09-26/UMICH_20240926_080000_59.fit,2024-09-26 08:00:00,0,0,, ,test,190.0,3600.0
8781,FITfiles/2024-09-26/UMICH_20240926_081500_59.fit,2024-09-26 08:15:00,0,0,, ,valid,190.0,3590.0
8780,FITfiles/2024-09-26/UMICH_20240926_083000_59.fit,2024-09-26 08:30:00,0,0,, ,valid,190.0,3600.0
8792,FITfiles/2024-09-26/UMICH_20240926_084500_59.fit,2024-09-26 08:45:00,0,0,, ,test,190.0,3600.0
8786,FITfiles/2024-09-26/UMICH_20240926_090000_59.fit,2024-09-26 09:00:00,0,0,, ,train,190.0,3600.0
8787,FITfiles/2024-09-26/UMICH_20240926_091500_59.fit,2024-09-26 09:15:00,0,0,, ,test,190.0,3600.0
8785,FITfiles/2024-09-26/UMICH_20240926_093000_59.fit,2024-09-26 09:30:00,0,0,, ,valid,190.0,3600.0
8799,FITfiles/2024-09-26/UMICH_20240926_094500_59.fit,2024-09-26 09:45:00,0,0,, ,test,190.0,3600.0
8790,FITfiles/2024-09-26/UMICH_20240926_100000_59.fit,2024-09-26 10:00:00,0,0,, ,train,190.0,3600.0
8789,FITfiles/2024-09-26/UMICH_20240926_101500_59.fit,2024-09-26 10:15:00,0,0,, ,valid,190.0,3600.0
8801,FITfiles/2024-09-26/UMICH_20240926_103000_59.fit,2024-09-26 10:30:00,0,0,, ,test,190.0,3600.0
8795,FITfiles/2024-09-26/UMICH_20240926_104500_59.fit,2024-09-26 10:45:00,0,0,, ,test,190.0,3600.0
8804,FITfiles/2024-09-26/UMICH_20240926_110000_59.fit,2024-09-26 11:00:00,0,0,, ,train,190.0,3600.0
8794,FITfiles/2024-09-26/UMICH_20240926_111500_59.fit,2024-09-26 11:15:00,0,0,, ,train,190.0,3600.0
8797,FITfiles/2024-09-26/UMICH_20240926_113000_59.fit,2024-09-26 11:30:00,0,0,, ,valid,190.0,3600.0
8796,FITfiles/2024-09-26/UMICH_20240926_114500_59.fit,2024-09-26 11:45:00,0,0,, ,test,190.0,3600.0
8793,FITfiles/2024-09-26/UMICH_20240926_120000_59.fit,2024-09-26 12:00:00,0,0,, ,train,190.0,3600.0
8791,FITfiles/2024-09-26/UMICH_20240926_121500_59.fit,2024-09-26 12:15:00,0,0,, ,train,190.0,3590.0
8828,FITfiles/2024-09-26/UMICH_20240926_123000_59.fit,2024-09-26 12:30:00,0,0,, ,train,190.0,3600.0
8798,FITfiles/2024-09-26/UMICH_20240926_124500_59.fit,2024-09-26 12:45:00,0,0,, ,train,190.0,3600.0
8806,FITfiles/2024-09-26/UMICH_20240926_130000_59.fit,2024-09-26 13:00:00,0,0,, ,train,190.0,3600.0
8800,FITfiles/2024-09-26/UMICH_20240926_131500_59.fit,2024-09-26 13:15:00,0,0,, ,train,190.0,3600.0
8803,FITfiles/2024-09-26/UMICH_20240926_133000_59.fit,2024-09-26 13:30:00,0,0,, ,train,190.0,3600.0
8805,FITfiles/2024-09-26/UMICH_20240926_134500_59.fit,2024-09-26 13:45:00,0,0,, ,train,190.0,3600.0
8802,FITfiles/2024-09-26/UMICH_20240926_140000_59.fit,2024-09-26 14:00:00,0,0,, ,train,190.0,3600.0
8809,FITfiles/2024-09-26/UMICH_20240926_141500_59.fit,2024-09-26 14:15:00,0,0,, ,train,190.0,3589.0
8825,FITfiles/2024-09-26/UMICH_20240926_143000_59.fit,2024-09-26 14:30:00,0,0,, ,test,190.0,3600.0
8818,FITfiles/2024-09-26/UMICH_20240926_144500_59.fit,2024-09-26 14:45:00,0,0,, ,test,190.0,3600.0
8807,FITfiles/2024-09-26/UMICH_20240926_150000_59.fit,2024-09-26 15:00:00,0,0,, ,valid,190.0,3600.0
8826,FITfiles/2024-09-26/UMICH_20240926_151500_59.fit,2024-09-26 15:15:00,0,0,, ,valid,190.0,3600.0
8808,FITfiles/2024-09-26/UMICH_20240926_153000_59.fit,2024-09-26 15:30:00,0,0,, ,train,190.0,3600.0
8813,FITfiles/2024-09-26/UMICH_20240926_154500_59.fit,2024-09-26 15:45:00,0,0,, ,train,190.0,3600.0
8822,FITfiles/2024-09-26/UMICH_20240926_160000_59.fit,2024-09-26 16:00:00,0,0,, ,test,190.0,3600.0
8815,FITfiles/2024-09-26/UMICH_20240926_161500_59.fit,2024-09-26 16:15:00,0,0,, ,train,190.0,3590.0
8811,FITfiles/2024-09-26/UMICH_20240926_163000_59.fit,2024-09-26 16:30:00,0,0,, ,test,190.0,3600.0
8810,FITfiles/2024-09-26/UMICH_20240926_164500_59.fit,2024-09-26 16:45:00,0,0,, ,train,190.0,3600.0
8814,FITfiles/2024-09-26/UMICH_20240926_170000_59.fit,2024-09-26 17:00:00,0,0,, ,train,190.0,3600.0
8817,FITfiles/2024-09-26/UMICH_20240926_171500_59.fit,2024-09-26 17:15:00,0,0,, ,train,190.0,3600.0
8812,FITfiles/2024-09-26/UMICH_20240926_173000_59.fit,2024-09-26 17:30:00,0,0,, ,train,190.0,3600.0
8816,FITfiles/2024-09-26/UMICH_20240926_174500_59.fit,2024-09-26 17:45:00,0,0,, ,train,190.0,3600.0
8821,FITfiles/2024-09-26/UMICH_20240926_180000_59.fit,2024-09-26 18:00:00,0,0,, ,train,190.0,3600.0
8834,FITfiles/2024-09-26/UMICH_20240926_181500_59.fit,2024-09-26 18:15:00,0,0,, ,train,190.0,3590.0
8823,FITfiles/2024-09-26/UMICH_20240926_183000_59.fit,2024-09-26 18:30:00,0,0,, ,train,190.0,3600.0
8820,FITfiles/2024-09-26/UMICH_20240926_184500_59.fit,2024-09-26 18:45:00,0,0,, ,train,190.0,3600.0
8830,FITfiles/2024-09-26/UMICH_20240926_190000_59.fit,2024-09-26 19:00:00,0,0,, ,test,190.0,3600.0
8833,FITfiles/2024-09-26/UMICH_20240926_191500_59.fit,2024-09-26 19:15:00,0,0,, ,train,190.0,3600.0
8824,FITfiles/2024-09-26/UMICH_20240926_193000_59.fit,2024-09-26 19:30:00,0,0,, ,train,190.0,3600.0
8832,FITfiles/2024-09-26/UMICH_20240926_194500_59.fit,2024-09-26 19:45:00,0,0,, ,test,190.0,3600.0
8819,FITfiles/2024-09-26/UMICH_20240926_200000_59.fit,2024-09-26 20:00:00,0,0,, ,test,190.0,3600.0
8831,FITfiles/2024-09-26/UMICH_20240926_201500_59.fit,2024-09-26 20:15:00,0,0,, ,valid,190.0,3590.0
8827,FITfiles/2024-09-26/UMICH_20240926_203000_59.fit,2024-09-26 20:30:00,0,0,, ,train,190.0,3600.0
8829,FITfiles/2024-09-26/UMICH_20240926_204500_59.fit,2024-09-26 20:45:00,0,0,, ,valid,190.0,3590.0
3108,FITfiles/2024-09-27/UMICH_20240927_063000_59.fit,2024-09-27 06:30:00,0,0,, ,test,190.0,3600.0
3106,FITfiles/2024-09-27/UMICH_20240927_064500_59.fit,2024-09-27 06:45:00,0,0,, ,train,190.0,3600.0
3101,FITfiles/2024-09-27/UMICH_20240927_070000_59.fit,2024-09-27 07:00:00,0,0,, ,train,190.0,3600.0
3124,FITfiles/2024-09-27/UMICH_20240927_071500_59.fit,2024-09-27 07:15:00,0,0,, ,train,190.0,3600.0
3102,FITfiles/2024-09-27/UMICH_20240927_073000_59.fit,2024-09-27 07:30:00,0,0,, ,train,190.0,3600.0
3100,FITfiles/2024-09-27/UMICH_20240927_074500_59.fit,2024-09-27 07:45:00,0,0,, ,valid,190.0,3600.0
3126,FITfiles/2024-09-27/UMICH_20240927_080000_59.fit,2024-09-27 08:00:00,0,0,, ,valid,190.0,3600.0
3099,FITfiles/2024-09-27/UMICH_20240927_081500_59.fit,2024-09-27 08:15:00,0,0,, ,test,190.0,3590.0
3103,FITfiles/2024-09-27/UMICH_20240927_083000_59.fit,2024-09-27 08:30:00,0,0,, ,test,190.0,3600.0
3109,FITfiles/2024-09-27/UMICH_20240927_084500_59.fit,2024-09-27 08:45:00,0,0,, ,train,190.0,3600.0
3107,FITfiles/2024-09-27/UMICH_20240927_090000_59.fit,2024-09-27 09:00:00,0,0,, ,train,190.0,3600.0
3143,FITfiles/2024-09-27/UMICH_20240927_091500_59.fit,2024-09-27 09:15:00,0,0,, ,valid,190.0,3600.0
3113,FITfiles/2024-09-27/UMICH_20240927_093000_59.fit,2024-09-27 09:30:00,0,0,, ,valid,190.0,3600.0
3104,FITfiles/2024-09-27/UMICH_20240927_094500_59.fit,2024-09-27 09:45:00,0,0,, ,test,190.0,3600.0
3110,FITfiles/2024-09-27/UMICH_20240927_100000_59.fit,2024-09-27 10:00:00,0,0,, ,test,190.0,3600.0
3130,FITfiles/2024-09-27/UMICH_20240927_101500_59.fit,2024-09-27 10:15:00,0,0,, ,train,190.0,3600.0
3132,FITfiles/2024-09-27/UMICH_20240927_103000_59.fit,2024-09-27 10:30:00,0,0,, ,test,190.0,3600.0
3133,FITfiles/2024-09-27/UMICH_20240927_104500_59.fit,2024-09-27 10:45:00,0,0,, ,valid,190.0,3600.0
3111,FITfiles/2024-09-27/UMICH_20240927_110000_59.fit,2024-09-27 11:00:00,0,0,, ,train,190.0,3600.0
3114,FITfiles/2024-09-27/UMICH_20240927_111500_59.fit,2024-09-27 11:15:00,0,0,, ,train,190.0,3600.0
3112,FITfiles/2024-09-27/UMICH_20240927_113000_59.fit,2024-09-27 11:30:00,0,0,, ,train,190.0,3600.0
3128,FITfiles/2024-09-27/UMICH_20240927_114500_59.fit,2024-09-27 11:45:00,0,0,, ,valid,190.0,3600.0
3116,FITfiles/2024-09-27/UMICH_20240927_120000_59.fit,2024-09-27 12:00:00,0,0,, ,train,190.0,3600.0
3127,FITfiles/2024-09-27/UMICH_20240927_121500_59.fit,2024-09-27 12:15:00,0,0,, ,valid,190.0,3589.0
3115,FITfiles/2024-09-27/UMICH_20240927_123000_59.fit,2024-09-27 12:30:00,0,0,, ,valid,190.0,3600.0
3129,FITfiles/2024-09-27/UMICH_20240927_124500_59.fit,2024-09-27 12:45:00,0,0,, ,test,190.0,3600.0
3119,FITfiles/2024-09-27/UMICH_20240927_130000_59.fit,2024-09-27 13:00:00,0,0,, ,train,190.0,3600.0
3138,FITfiles/2024-09-27/UMICH_20240927_131500_59.fit,2024-09-27 13:15:00,0,0,, ,train,190.0,3600.0
3120,FITfiles/2024-09-27/UMICH_20240927_133000_59.fit,2024-09-27 13:30:00,0,0,, ,train,190.0,3600.0
3137,FITfiles/2024-09-27/UMICH_20240927_134500_59.fit,2024-09-27 13:45:00,0,0,, ,train,190.0,3600.0
3123,FITfiles/2024-09-27/UMICH_20240927_140000_59.fit,2024-09-27 14:00:00,0,0,, ,train,190.0,3600.0
3134,FITfiles/2024-09-27/UMICH_20240927_141500_59.fit,2024-09-27 14:15:00,0,0,, ,train,190.0,3590.0
3117,FITfiles/2024-09-27/UMICH_20240927_143000_59.fit,2024-09-27 14:30:00,0,0,, ,test,190.0,3600.0
3121,FITfiles/2024-09-27/UMICH_20240927_144500_59.fit,2024-09-27 14:45:00,0,0,, ,test,190.0,3600.0
3131,FITfiles/2024-09-27/UMICH_20240927_150000_59.fit,2024-09-27 15:00:00,0,0,, ,valid,190.0,3600.0
3122,FITfiles/2024-09-27/UMICH_20240927_151500_59.fit,2024-09-27 15:15:00,0,0,, ,train,190.0,3600.0
3118,FITfiles/2024-09-27/UMICH_20240927_153000_59.fit,2024-09-27 15:30:00,0,0,, ,train,190.0,3600.0
3125,FITfiles/2024-09-27/UMICH_20240927_154500_59.fit,2024-09-27 15:45:00,0,0,, ,test,190.0,3600.0
3135,FITfiles/2024-09-27/UMICH_20240927_160000_59.fit,2024-09-27 16:00:00,0,0,, ,valid,190.0,3600.0
3154,FITfiles/2024-09-27/UMICH_20240927_161500_59.fit,2024-09-27 16:15:00,0,0,, ,test,190.0,3590.0
3140,FITfiles/2024-09-27/UMICH_20240927_163000_59.fit,2024-09-27 16:30:00,0,0,, ,test,190.0,3600.0
3141,FITfiles/2024-09-27/UMICH_20240927_164500_59.fit,2024-09-27 16:45:00,0,0,, ,train,190.0,3600.0
3139,FITfiles/2024-09-27/UMICH_20240927_170000_59.fit,2024-09-27 17:00:00,0,0,, ,test,190.0,3600.0
3147,FITfiles/2024-09-27/UMICH_20240927_171500_59.fit,2024-09-27 17:15:00,0,0,, ,train,190.0,3600.0
3144,FITfiles/2024-09-27/UMICH_20240927_173000_59.fit,2024-09-27 17:30:00,0,0,, ,valid,190.0,3600.0
3136,FITfiles/2024-09-27/UMICH_20240927_174500_59.fit,2024-09-27 17:45:00,0,0,, ,train,190.0,3600.0
3145,FITfiles/2024-09-27/UMICH_20240927_180000_59.fit,2024-09-27 18:00:00,0,0,, ,train,190.0,3600.0
3151,FITfiles/2024-09-27/UMICH_20240927_181500_59.fit,2024-09-27 18:15:00,0,0,, ,train,190.0,3590.0
3149,FITfiles/2024-09-27/UMICH_20240927_183000_59.fit,2024-09-27 18:30:00,0,0,, ,train,190.0,3600.0
3152,FITfiles/2024-09-27/UMICH_20240927_184500_59.fit,2024-09-27 18:45:00,0,0,, ,train,190.0,3600.0
3153,FITfiles/2024-09-27/UMICH_20240927_190000_59.fit,2024-09-27 19:00:00,0,0,, ,train,190.0,3600.0
3148,FITfiles/2024-09-27/UMICH_20240927_191500_59.fit,2024-09-27 19:15:00,0,0,, ,train,190.0,3600.0
3146,FITfiles/2024-09-27/UMICH_20240927_193000_59.fit,2024-09-27 19:30:00,0,0,, ,test,190.0,3600.0
3161,FITfiles/2024-09-27/UMICH_20240927_194500_59.fit,2024-09-27 19:45:00,0,0,, ,test,190.0,3600.0
3142,FITfiles/2024-09-27/UMICH_20240927_200000_59.fit,2024-09-27 20:00:00,0,0,, ,valid,190.0,3600.0
3156,FITfiles/2024-09-27/UMICH_20240927_201500_59.fit,2024-09-27 20:15:00,0,0,, ,test,190.0,3590.0
3159,FITfiles/2024-09-27/UMICH_20240927_203000_59.fit,2024-09-27 20:30:00,0,0,, ,test,190.0,3600.0
3157,FITfiles/2024-09-27/UMICH_20240927_204500_59.fit,2024-09-27 20:45:00,0,0,, ,train,190.0,3590.0
5222,FITfiles/2024-09-28/UMICH_20240928_063000_59.fit,2024-09-28 06:30:00,0,0,, ,test,190.0,3600.0
5225,FITfiles/2024-09-28/UMICH_20240928_064500_59.fit,2024-09-28 06:45:00,0,0,, ,train,190.0,3600.0
5242,FITfiles/2024-09-28/UMICH_20240928_070000_59.fit,2024-09-28 07:00:00,0,0,, ,valid,190.0,3600.0
5248,FITfiles/2024-09-28/UMICH_20240928_071500_59.fit,2024-09-28 07:15:00,0,0,, ,train,190.0,3600.0
5219,FITfiles/2024-09-28/UMICH_20240928_073000_59.fit,2024-09-28 07:30:00,0,0,, ,test,190.0,3600.0
5224,FITfiles/2024-09-28/UMICH_20240928_074500_59.fit,2024-09-28 07:45:00,0,0,, ,train,190.0,3600.0
5243,FITfiles/2024-09-28/UMICH_20240928_080000_59.fit,2024-09-28 08:00:00,0,0,, ,train,190.0,3600.0
5223,FITfiles/2024-09-28/UMICH_20240928_081500_59.fit,2024-09-28 08:15:00,0,0,, ,valid,190.0,3589.0
5236,FITfiles/2024-09-28/UMICH_20240928_083000_59.fit,2024-09-28 08:30:00,0,0,, ,valid,190.0,3600.0
5232,FITfiles/2024-09-28/UMICH_20240928_084500_59.fit,2024-09-28 08:45:00,0,0,, ,train,190.0,3600.0
5227,FITfiles/2024-09-28/UMICH_20240928_090000_59.fit,2024-09-28 09:00:00,0,0,, ,train,190.0,3600.0
5226,FITfiles/2024-09-28/UMICH_20240928_091500_59.fit,2024-09-28 09:15:00,0,0,, ,train,190.0,3600.0
5229,FITfiles/2024-09-28/UMICH_20240928_093000_59.fit,2024-09-28 09:30:00,0,0,, ,valid,190.0,3600.0
5235,FITfiles/2024-09-28/UMICH_20240928_094500_59.fit,2024-09-28 09:45:00,0,0,, ,train,190.0,3600.0
5239,FITfiles/2024-09-28/UMICH_20240928_100000_59.fit,2024-09-28 10:00:00,0,0,, ,train,190.0,3600.0
5231,FITfiles/2024-09-28/UMICH_20240928_101500_59.fit,2024-09-28 10:15:00,0,0,, ,train,190.0,3600.0
5230,FITfiles/2024-09-28/UMICH_20240928_103000_59.fit,2024-09-28 10:30:00,0,0,, ,valid,190.0,3600.0
5238,FITfiles/2024-09-28/UMICH_20240928_104500_59.fit,2024-09-28 10:45:00,0,0,, ,train,190.0,3600.0
5233,FITfiles/2024-09-28/UMICH_20240928_110000_59.fit,2024-09-28 11:00:00,0,0,, ,train,190.0,3600.0
5234,FITfiles/2024-09-28/UMICH_20240928_111500_59.fit,2024-09-28 11:15:00,0,0,, ,test,190.0,3600.0
5241,FITfiles/2024-09-28/UMICH_20240928_113000_59.fit,2024-09-28 11:30:00,0,0,, ,train,190.0,3600.0
5237,FITfiles/2024-09-28/UMICH_20240928_114500_59.fit,2024-09-28 11:45:00,0,0,, ,valid,190.0,3600.0
5250,FITfiles/2024-09-28/UMICH_20240928_120000_59.fit,2024-09-28 12:00:00,0,0,, ,train,190.0,3600.0
5253,FITfiles/2024-09-28/UMICH_20240928_121500_59.fit,2024-09-28 12:15:00,0,0,, ,train,190.0,3590.0
5240,FITfiles/2024-09-28/UMICH_20240928_123000_59.fit,2024-09-28 12:30:00,0,0,, ,train,190.0,3600.0
5246,FITfiles/2024-09-28/UMICH_20240928_124500_59.fit,2024-09-28 12:45:00,0,0,, ,train,190.0,3600.0
5245,FITfiles/2024-09-28/UMICH_20240928_130000_59.fit,2024-09-28 13:00:00,0,0,, ,valid,190.0,3600.0
5247,FITfiles/2024-09-28/UMICH_20240928_131500_59.fit,2024-09-28 13:15:00,0,0,, ,train,190.0,3600.0
5251,FITfiles/2024-09-28/UMICH_20240928_133000_59.fit,2024-09-28 13:30:00,0,0,, ,train,190.0,3600.0
5244,FITfiles/2024-09-28/UMICH_20240928_134500_59.fit,2024-09-28 13:45:00,0,0,, ,train,190.0,3600.0
5265,FITfiles/2024-09-28/UMICH_20240928_140000_59.fit,2024-09-28 14:00:00,0,0,, ,train,190.0,3600.0
5300,FITfiles/2024-09-28/UMICH_20240928_141500_59.fit,2024-09-28 14:15:00,0,0,, ,train,190.0,3589.0
5260,FITfiles/2024-09-28/UMICH_20240928_143000_59.fit,2024-09-28 14:30:00,0,0,, ,valid,190.0,3600.0
5252,FITfiles/2024-09-28/UMICH_20240928_144500_59.fit,2024-09-28 14:45:00,0,0,, ,valid,190.0,3600.0
5249,FITfiles/2024-09-28/UMICH_20240928_150000_59.fit,2024-09-28 15:00:00,0,0,, ,train,190.0,3600.0
5263,FITfiles/2024-09-28/UMICH_20240928_151500_59.fit,2024-09-28 15:15:00,0,0,, ,test,190.0,3600.0
5261,FITfiles/2024-09-28/UMICH_20240928_153000_59.fit,2024-09-28 15:30:00,0,0,, ,test,190.0,3600.0
5257,FITfiles/2024-09-28/UMICH_20240928_154500_59.fit,2024-09-28 15:45:00,0,0,, ,valid,190.0,3600.0
5276,FITfiles/2024-09-28/UMICH_20240928_160000_59.fit,2024-09-28 16:00:00,0,0,, ,train,190.0,3600.0
5256,FITfiles/2024-09-28/UMICH_20240928_161500_59.fit,2024-09-28 16:15:00,0,0,, ,train,190.0,3590.0
5259,FITfiles/2024-09-28/UMICH_20240928_163000_59.fit,2024-09-28 16:30:00,0,0,, ,train,190.0,3600.0
5267,FITfiles/2024-09-28/UMICH_20240928_164500_59.fit,2024-09-28 16:45:00,0,0,, ,test,190.0,3600.0
5255,FITfiles/2024-09-28/UMICH_20240928_170000_59.fit,2024-09-28 17:00:00,0,0,, ,test,190.0,3600.0
5262,FITfiles/2024-09-28/UMICH_20240928_171500_59.fit,2024-09-28 17:15:00,0,0,, ,train,190.0,3600.0
5264,FITfiles/2024-09-28/UMICH_20240928_173000_59.fit,2024-09-28 17:30:00,0,0,, ,train,190.0,3600.0
5271,FITfiles/2024-09-28/UMICH_20240928_174500_59.fit,2024-09-28 17:45:00,0,0,, ,test,190.0,3600.0
5254,FITfiles/2024-09-28/UMICH_20240928_180000_59.fit,2024-09-28 18:00:00,0,0,, ,train,190.0,3600.0
5272,FITfiles/2024-09-28/UMICH_20240928_181500_59.fit,2024-09-28 18:15:00,0,0,, ,train,190.0,3590.0
5258,FITfiles/2024-09-28/UMICH_20240928_183000_59.fit,2024-09-28 18:30:00,0,0,, ,train,190.0,3600.0
5266,FITfiles/2024-09-28/UMICH_20240928_184500_59.fit,2024-09-28 18:45:00,0,0,, ,train,190.0,3600.0
5280,FITfiles/2024-09-28/UMICH_20240928_190000_59.fit,2024-09-28 19:00:00,0,0,, ,valid,190.0,3600.0
5269,FITfiles/2024-09-28/UMICH_20240928_191500_59.fit,2024-09-28 19:15:00,0,0,, ,test,190.0,3600.0
5273,FITfiles/2024-09-28/UMICH_20240928_193000_59.fit,2024-09-28 19:30:00,0,0,, ,valid,190.0,3600.0
5268,FITfiles/2024-09-28/UMICH_20240928_194500_59.fit,2024-09-28 19:45:00,0,0,, ,test,190.0,3600.0
5279,FITfiles/2024-09-28/UMICH_20240928_200000_59.fit,2024-09-28 20:00:00,0,0,, ,valid,190.0,3600.0
5270,FITfiles/2024-09-28/UMICH_20240928_201500_59.fit,2024-09-28 20:15:00,0,0,, ,valid,190.0,3590.0
5277,FITfiles/2024-09-28/UMICH_20240928_203000_59.fit,2024-09-28 20:30:00,0,0,, ,train,190.0,3600.0
5294,FITfiles/2024-09-28/UMICH_20240928_204500_59.fit,2024-09-28 20:45:00,0,0,, ,test,190.0,3590.0
6391,FITfiles/2024-09-29/UMICH_20240929_063000_59.fit,2024-09-29 06:30:00,0,0,, ,train,190.0,3600.0
6386,FITfiles/2024-09-29/UMICH_20240929_064500_59.fit,2024-09-29 06:45:00,0,0,, ,train,190.0,3600.0
6390,FITfiles/2024-09-29/UMICH_20240929_070000_59.fit,2024-09-29 07:00:00,0,0,, ,test,190.0,3600.0
6385,FITfiles/2024-09-29/UMICH_20240929_071500_59.fit,2024-09-29 07:15:00,0,0,, ,train,190.0,3600.0
6380,FITfiles/2024-09-29/UMICH_20240929_073000_59.fit,2024-09-29 07:30:00,0,0,, ,train,190.0,3600.0
6383,FITfiles/2024-09-29/UMICH_20240929_074500_59.fit,2024-09-29 07:45:00,0,0,, ,train,190.0,3600.0
6394,FITfiles/2024-09-29/UMICH_20240929_080000_59.fit,2024-09-29 08:00:00,0,0,, ,train,190.0,3600.0
6381,FITfiles/2024-09-29/UMICH_20240929_081500_59.fit,2024-09-29 08:15:00,0,0,, ,train,190.0,3590.0
6384,FITfiles/2024-09-29/UMICH_20240929_083000_59.fit,2024-09-29 08:30:00,0,0,, ,test,190.0,3600.0
6395,FITfiles/2024-09-29/UMICH_20240929_084500_59.fit,2024-09-29 08:45:00,0,0,, ,train,190.0,3600.0
6388,FITfiles/2024-09-29/UMICH_20240929_090000_59.fit,2024-09-29 09:00:00,0,0,, ,train,190.0,3600.0
6393,FITfiles/2024-09-29/UMICH_20240929_091500_59.fit,2024-09-29 09:15:00,0,0,, ,train,190.0,3600.0
6389,FITfiles/2024-09-29/UMICH_20240929_093000_59.fit,2024-09-29 09:30:00,0,0,, ,train,190.0,3600.0
6392,FITfiles/2024-09-29/UMICH_20240929_094500_59.fit,2024-09-29 09:45:00,0,0,, ,train,190.0,3600.0
6400,FITfiles/2024-09-29/UMICH_20240929_100000_59.fit,2024-09-29 10:00:00,0,0,, ,train,190.0,3600.0
6403,FITfiles/2024-09-29/UMICH_20240929_101500_59.fit,2024-09-29 10:15:00,0,0,, ,train,190.0,3600.0
6387,FITfiles/2024-09-29/UMICH_20240929_103000_59.fit,2024-09-29 10:30:00,0,0,, ,test,190.0,3600.0
6397,FITfiles/2024-09-29/UMICH_20240929_104500_59.fit,2024-09-29 10:45:00,0,0,, ,train,190.0,3600.0
6404,FITfiles/2024-09-29/UMICH_20240929_110000_59.fit,2024-09-29 11:00:00,0,0,, ,train,190.0,3600.0
6398,FITfiles/2024-09-29/UMICH_20240929_111500_59.fit,2024-09-29 11:15:00,0,0,, ,train,190.0,3600.0
6412,FITfiles/2024-09-29/UMICH_20240929_113000_59.fit,2024-09-29 11:30:00,0,0,, ,test,190.0,3600.0
6427,FITfiles/2024-09-29/UMICH_20240929_114500_59.fit,2024-09-29 11:45:00,0,0,, ,train,190.0,3600.0
6417,FITfiles/2024-09-29/UMICH_20240929_120000_59.fit,2024-09-29 12:00:00,0,0,, ,train,190.0,3600.0
6406,FITfiles/2024-09-29/UMICH_20240929_121500_59.fit,2024-09-29 12:15:00,0,0,, ,valid,190.0,3590.0
6399,FITfiles/2024-09-29/UMICH_20240929_123000_59.fit,2024-09-29 12:30:00,0,0,, ,valid,190.0,3600.0
6473,FITfiles/2024-09-29/UMICH_20240929_124500_59.fit,2024-09-29 12:45:00,0,0,, ,train,190.0,3600.0
6401,FITfiles/2024-09-29/UMICH_20240929_130000_59.fit,2024-09-29 13:00:00,0,0,, ,train,190.0,3600.0
6408,FITfiles/2024-09-29/UMICH_20240929_131500_59.fit,2024-09-29 13:15:00,0,0,, ,valid,190.0,3600.0
6407,FITfiles/2024-09-29/UMICH_20240929_133000_59.fit,2024-09-29 13:30:00,0,0,, ,valid,190.0,3600.0
6402,FITfiles/2024-09-29/UMICH_20240929_134500_59.fit,2024-09-29 13:45:00,0,0,, ,test,190.0,3600.0
6413,FITfiles/2024-09-29/UMICH_20240929_140000_59.fit,2024-09-29 14:00:00,0,0,, ,train,190.0,3600.0
6405,FITfiles/2024-09-29/UMICH_20240929_141500_59.fit,2024-09-29 14:15:00,0,0,, ,valid,190.0,3590.0
6414,FITfiles/2024-09-29/UMICH_20240929_143000_59.fit,2024-09-29 14:30:00,0,0,, ,train,190.0,3600.0
6410,FITfiles/2024-09-29/UMICH_20240929_144500_59.fit,2024-09-29 14:45:00,0,0,, ,train,190.0,3600.0
6409,FITfiles/2024-09-29/UMICH_20240929_150000_59.fit,2024-09-29 15:00:00,0,0,, ,train,190.0,3600.0
6430,FITfiles/2024-09-29/UMICH_20240929_151500_59.fit,2024-09-29 15:15:00,0,0,, ,test,190.0,3600.0
6418,FITfiles/2024-09-29/UMICH_20240929_153000_59.fit,2024-09-29 15:30:00,0,0,, ,train,190.0,3600.0
6421,FITfiles/2024-09-29/UMICH_20240929_154500_59.fit,2024-09-29 15:45:00,0,0,, ,test,190.0,3600.0
6420,FITfiles/2024-09-29/UMICH_20240929_160000_59.fit,2024-09-29 16:00:00,0,0,, ,valid,190.0,3600.0
6411,FITfiles/2024-09-29/UMICH_20240929_161500_59.fit,2024-09-29 16:15:00,0,0,, ,test,190.0,3590.0
6416,FITfiles/2024-09-29/UMICH_20240929_163000_59.fit,2024-09-29 16:30:00,0,0,, ,train,190.0,3600.0
6415,FITfiles/2024-09-29/UMICH_20240929_164500_59.fit,2024-09-29 16:45:00,0,0,, ,test,190.0,3600.0
6431,FITfiles/2024-09-29/UMICH_20240929_170000_59.fit,2024-09-29 17:00:00,0,0,, ,train,190.0,3600.0
6422,FITfiles/2024-09-29/UMICH_20240929_171500_59.fit,2024-09-29 17:15:00,0,0,, ,train,190.0,3600.0
6419,FITfiles/2024-09-29/UMICH_20240929_173000_59.fit,2024-09-29 17:30:00,0,0,, ,valid,190.0,3600.0
6426,FITfiles/2024-09-29/UMICH_20240929_174500_59.fit,2024-09-29 17:45:00,0,0,, ,train,190.0,3600.0
6433,FITfiles/2024-09-29/UMICH_20240929_180000_59.fit,2024-09-29 18:00:00,0,0,, ,train,190.0,3600.0
6429,FITfiles/2024-09-29/UMICH_20240929_181500_59.fit,2024-09-29 18:15:00,0,0,, ,train,190.0,3590.0
6425,FITfiles/2024-09-29/UMICH_20240929_183000_59.fit,2024-09-29 18:30:00,0,0,, ,valid,190.0,3600.0
6435,FITfiles/2024-09-29/UMICH_20240929_184500_59.fit,2024-09-29 18:45:00,0,0,, ,train,190.0,3600.0
6424,FITfiles/2024-09-29/UMICH_20240929_190000_59.fit,2024-09-29 19:00:00,0,0,, ,train,190.0,3600.0
6436,FITfiles/2024-09-29/UMICH_20240929_191500_59.fit,2024-09-29 19:15:00,0,0,, ,valid,190.0,3600.0
6434,FITfiles/2024-09-29/UMICH_20240929_193000_59.fit,2024-09-29 19:30:00,0,0,, ,train,190.0,3600.0
6452,FITfiles/2024-09-29/UMICH_20240929_194500_59.fit,2024-09-29 19:45:00,0,0,, ,test,190.0,3600.0
6444,FITfiles/2024-09-29/UMICH_20240929_200000_59.fit,2024-09-29 20:00:00,0,0,, ,valid,190.0,3600.0
6441,FITfiles/2024-09-29/UMICH_20240929_201500_59.fit,2024-09-29 20:15:00,0,0,, ,valid,190.0,3590.0
6446,FITfiles/2024-09-29/UMICH_20240929_203000_59.fit,2024-09-29 20:30:00,0,0,, ,test,190.0,3600.0
6453,FITfiles/2024-09-29/UMICH_20240929_204500_59.fit,2024-09-29 20:45:00,0,0,, ,train,190.0,3590.0
8408,FITfiles/2024-09-30/UMICH_20240930_063000_59.fit,2024-09-30 06:30:00,0,0,, ,train,190.0,3600.0
8406,FITfiles/2024-09-30/UMICH_20240930_064500_59.fit,2024-09-30 06:45:00,0,0,, ,train,190.0,3600.0
8405,FITfiles/2024-09-30/UMICH_20240930_070000_59.fit,2024-09-30 07:00:00,0,0,, ,valid,190.0,3600.0
8404,FITfiles/2024-09-30/UMICH_20240930_071500_59.fit,2024-09-30 07:15:00,0,0,, ,train,190.0,3600.0
8407,FITfiles/2024-09-30/UMICH_20240930_073000_59.fit,2024-09-30 07:30:00,0,0,, ,train,190.0,3600.0
8418,FITfiles/2024-09-30/UMICH_20240930_074500_59.fit,2024-09-30 07:45:00,0,0,, ,train,190.0,3600.0
8409,FITfiles/2024-09-30/UMICH_20240930_080000_59.fit,2024-09-30 08:00:00,0,0,, ,valid,190.0,3600.0
8417,FITfiles/2024-09-30/UMICH_20240930_081500_59.fit,2024-09-30 08:15:00,0,0,, ,train,190.0,3589.0
8411,FITfiles/2024-09-30/UMICH_20240930_083000_59.fit,2024-09-30 08:30:00,0,0,, ,valid,190.0,3600.0
8412,FITfiles/2024-09-30/UMICH_20240930_084500_59.fit,2024-09-30 08:45:00,0,0,, ,test,190.0,3600.0
8410,FITfiles/2024-09-30/UMICH_20240930_090000_59.fit,2024-09-30 09:00:00,0,0,, ,train,190.0,3600.0
8432,FITfiles/2024-09-30/UMICH_20240930_091500_59.fit,2024-09-30 09:15:00,0,0,, ,test,190.0,3600.0
8414,FITfiles/2024-09-30/UMICH_20240930_093000_59.fit,2024-09-30 09:30:00,0,0,, ,valid,190.0,3600.0
8413,FITfiles/2024-09-30/UMICH_20240930_094500_59.fit,2024-09-30 09:45:00,0,0,, ,test,190.0,3600.0
8415,FITfiles/2024-09-30/UMICH_20240930_100000_59.fit,2024-09-30 10:00:00,0,0,, ,valid,190.0,3600.0
8416,FITfiles/2024-09-30/UMICH_20240930_101500_59.fit,2024-09-30 10:15:00,0,0,, ,train,190.0,3600.0
8426,FITfiles/2024-09-30/UMICH_20240930_103000_59.fit,2024-09-30 10:30:00,0,0,, ,train,190.0,3600.0
8442,FITfiles/2024-09-30/UMICH_20240930_104500_59.fit,2024-09-30 10:45:00,0,0,, ,train,190.0,3600.0
8419,FITfiles/2024-09-30/UMICH_20240930_110000_59.fit,2024-09-30 11:00:00,0,0,, ,valid,190.0,3600.0
8422,FITfiles/2024-09-30/UMICH_20240930_111500_59.fit,2024-09-30 11:15:00,0,0,, ,train,190.0,3600.0
8431,FITfiles/2024-09-30/UMICH_20240930_113000_59.fit,2024-09-30 11:30:00,0,0,, ,train,190.0,3600.0
8423,FITfiles/2024-09-30/UMICH_20240930_114500_59.fit,2024-09-30 11:45:00,0,0,, ,test,190.0,3600.0
8421,FITfiles/2024-09-30/UMICH_20240930_120000_59.fit,2024-09-30 12:00:00,0,0,, ,train,190.0,3600.0
8420,FITfiles/2024-09-30/UMICH_20240930_121500_59.fit,2024-09-30 12:15:00,0,0,, ,test,190.0,3590.0
8425,FITfiles/2024-09-30/UMICH_20240930_123000_59.fit,2024-09-30 12:30:00,0,0,, ,test,190.0,3600.0
8424,FITfiles/2024-09-30/UMICH_20240930_124500_59.fit,2024-09-30 12:45:00,0,0,, ,valid,190.0,3600.0
8428,FITfiles/2024-09-30/UMICH_20240930_130000_59.fit,2024-09-30 13:00:00,0,0,, ,train,190.0,3600.0
8430,FITfiles/2024-09-30/UMICH_20240930_131500_59.fit,2024-09-30 13:15:00,0,0,, ,train,190.0,3600.0
8462,FITfiles/2024-09-30/UMICH_20240930_133000_59.fit,2024-09-30 13:30:00,0,0,, ,train,190.0,3600.0
8441,FITfiles/2024-09-30/UMICH_20240930_134500_59.fit,2024-09-30 13:45:00,0,0,, ,test,190.0,3600.0
8440,FITfiles/2024-09-30/UMICH_20240930_140000_59.fit,2024-09-30 14:00:00,0,0,, ,train,190.0,3600.0
8437,FITfiles/2024-09-30/UMICH_20240930_141500_59.fit,2024-09-30 14:15:00,0,0,, ,train,190.0,3590.0
8427,FITfiles/2024-09-30/UMICH_20240930_143000_59.fit,2024-09-30 14:30:00,0,0,, ,valid,190.0,3600.0
8429,FITfiles/2024-09-30/UMICH_20240930_144500_59.fit,2024-09-30 14:45:00,0,0,, ,train,190.0,3600.0
8434,FITfiles/2024-09-30/UMICH_20240930_150000_59.fit,2024-09-30 15:00:00,0,0,, ,train,190.0,3600.0
8454,FITfiles/2024-09-30/UMICH_20240930_151500_59.fit,2024-09-30 15:15:00,0,0,, ,train,190.0,3600.0
8439,FITfiles/2024-09-30/UMICH_20240930_153000_59.fit,2024-09-30 15:30:00,0,0,, ,train,190.0,3600.0
8433,FITfiles/2024-09-30/UMICH_20240930_154500_59.fit,2024-09-30 15:45:00,0,0,, ,valid,190.0,3600.0
8461,FITfiles/2024-09-30/UMICH_20240930_160000_59.fit,2024-09-30 16:00:00,0,0,, ,train,190.0,3600.0
8435,FITfiles/2024-09-30/UMICH_20240930_161500_59.fit,2024-09-30 16:15:00,0,0,, ,train,190.0,3590.0
8460,FITfiles/2024-09-30/UMICH_20240930_163000_59.fit,2024-09-30 16:30:00,0,0,, ,train,190.0,3600.0
8436,FITfiles/2024-09-30/UMICH_20240930_164500_59.fit,2024-09-30 16:45:00,0,0,, ,train,190.0,3600.0
8443,FITfiles/2024-09-30/UMICH_20240930_170000_59.fit,2024-09-30 17:00:00,0,0,, ,train,190.0,3600.0
8450,FITfiles/2024-09-30/UMICH_20240930_171500_59.fit,2024-09-30 17:15:00,0,0,, ,train,190.0,3600.0
8457,FITfiles/2024-09-30/UMICH_20240930_173000_59.fit,2024-09-30 17:30:00,0,0,, ,train,190.0,3600.0
8438,FITfiles/2024-09-30/UMICH_20240930_174500_59.fit,2024-09-30 17:45:00,0,0,, ,train,190.0,3600.0
8444,FITfiles/2024-09-30/UMICH_20240930_180000_59.fit,2024-09-30 18:00:00,0,0,, ,test,190.0,3600.0
8445,FITfiles/2024-09-30/UMICH_20240930_181500_59.fit,2024-09-30 18:15:00,0,0,, ,train,190.0,3589.0
8446,FITfiles/2024-09-30/UMICH_20240930_183000_59.fit,2024-09-30 18:30:00,0,0,, ,test,190.0,3600.0
8453,FITfiles/2024-09-30/UMICH_20240930_184500_59.fit,2024-09-30 18:45:00,0,0,, ,train,190.0,3600.0
8455,FITfiles/2024-09-30/UMICH_20240930_190000_59.fit,2024-09-30 19:00:00,0,0,, ,test,190.0,3600.0
8448,FITfiles/2024-09-30/UMICH_20240930_191500_59.fit,2024-09-30 19:15:00,0,0,, ,valid,190.0,3600.0
8459,FITfiles/2024-09-30/UMICH_20240930_193000_59.fit,2024-09-30 19:30:00,0,0,, ,test,190.0,3600.0
8451,FITfiles/2024-09-30/UMICH_20240930_194500_59.fit,2024-09-30 19:45:00,0,0,, ,train,190.0,3600.0
8447,FITfiles/2024-09-30/UMICH_20240930_200000_59.fit,2024-09-30 20:00:00,0,0,, ,train,190.0,3600.0
8452,FITfiles/2024-09-30/UMICH_20240930_201500_59.fit,2024-09-30 20:15:00,0,0,, ,valid,190.0,3589.0
8449,FITfiles/2024-09-30/UMICH_20240930_203000_59.fit,2024-09-30 20:30:00,0,0,, ,train,190.0,3600.0
8458,FITfiles/2024-09-30/UMICH_20240930_204500_59.fit,2024-09-30 20:45:00,0,0,, ,valid,190.0,3590.0
7354,FITfiles/2024-10-01/UMICH_20241001_063000_59.fit,2024-10-01 06:30:00,0,0,, ,train,190.0,3600.0
7356,FITfiles/2024-10-01/UMICH_20241001_064500_59.fit,2024-10-01 06:45:00,0,0,, ,train,190.0,3600.0
7357,FITfiles/2024-10-01/UMICH_20241001_070000_59.fit,2024-10-01 07:00:00,0,0,, ,valid,190.0,3600.0
7358,FITfiles/2024-10-01/UMICH_20241001_071500_59.fit,2024-10-01 07:15:00,0,0,, ,train,190.0,3600.0
7361,FITfiles/2024-10-01/UMICH_20241001_073000_59.fit,2024-10-01 07:30:00,0,0,, ,test,190.0,3600.0
7359,FITfiles/2024-10-01/UMICH_20241001_074500_59.fit,2024-10-01 07:45:00,0,0,, ,train,190.0,3600.0
7365,FITfiles/2024-10-01/UMICH_20241001_080000_59.fit,2024-10-01 08:00:00,0,0,, ,train,190.0,3600.0
7368,FITfiles/2024-10-01/UMICH_20241001_081500_59.fit,2024-10-01 08:15:00,0,0,, ,test,190.0,3590.0
7369,FITfiles/2024-10-01/UMICH_20241001_083000_59.fit,2024-10-01 08:30:00,0,0,, ,train,190.0,3600.0
7366,FITfiles/2024-10-01/UMICH_20241001_084500_59.fit,2024-10-01 08:45:00,0,0,, ,train,190.0,3600.0
7362,FITfiles/2024-10-01/UMICH_20241001_090000_59.fit,2024-10-01 09:00:00,0,0,, ,train,190.0,3600.0
7372,FITfiles/2024-10-01/UMICH_20241001_091500_59.fit,2024-10-01 09:15:00,0,0,, ,train,190.0,3600.0
7396,FITfiles/2024-10-01/UMICH_20241001_093000_59.fit,2024-10-01 09:30:00,0,0,, ,train,190.0,3600.0
7374,FITfiles/2024-10-01/UMICH_20241001_094500_59.fit,2024-10-01 09:45:00,0,0,, ,train,190.0,3600.0
7363,FITfiles/2024-10-01/UMICH_20241001_100000_59.fit,2024-10-01 10:00:00,0,0,, ,valid,190.0,3600.0
7373,FITfiles/2024-10-01/UMICH_20241001_101500_59.fit,2024-10-01 10:15:00,0,0,, ,test,190.0,3600.0
7367,FITfiles/2024-10-01/UMICH_20241001_103000_59.fit,2024-10-01 10:30:00,0,0,, ,test,190.0,3600.0
7389,FITfiles/2024-10-01/UMICH_20241001_104500_59.fit,2024-10-01 10:45:00,0,0,, ,train,190.0,3600.0
7379,FITfiles/2024-10-01/UMICH_20241001_110000_59.fit,2024-10-01 11:00:00,0,0,, ,valid,190.0,3600.0
7371,FITfiles/2024-10-01/UMICH_20241001_111500_59.fit,2024-10-01 11:15:00,0,0,, ,valid,190.0,3600.0
7380,FITfiles/2024-10-01/UMICH_20241001_113000_59.fit,2024-10-01 11:30:00,0,0,, ,train,190.0,3600.0
7383,FITfiles/2024-10-01/UMICH_20241001_114500_59.fit,2024-10-01 11:45:00,0,0,, ,train,190.0,3600.0
7370,FITfiles/2024-10-01/UMICH_20241001_120000_59.fit,2024-10-01 12:00:00,0,0,, ,train,190.0,3600.0
7376,FITfiles/2024-10-01/UMICH_20241001_121500_59.fit,2024-10-01 12:15:00,0,0,, ,train,190.0,3589.0
7377,FITfiles/2024-10-01/UMICH_20241001_123000_59.fit,2024-10-01 12:30:00,0,0,, ,test,190.0,3600.0
7378,FITfiles/2024-10-01/UMICH_20241001_124500_59.fit,2024-10-01 12:45:00,0,0,, ,train,190.0,3600.0
7382,FITfiles/2024-10-01/UMICH_20241001_130000_59.fit,2024-10-01 13:00:00,0,0,, ,train,190.0,3600.0
7375,FITfiles/2024-10-01/UMICH_20241001_131500_59.fit,2024-10-01 13:15:00,0,0,, ,train,190.0,3600.0
7413,FITfiles/2024-10-01/UMICH_20241001_133000_59.fit,2024-10-01 13:30:00,0,0,, ,test,190.0,3600.0
7393,FITfiles/2024-10-01/UMICH_20241001_134500_59.fit,2024-10-01 13:45:00,0,0,, ,test,190.0,3600.0
7398,FITfiles/2024-10-01/UMICH_20241001_140000_59.fit,2024-10-01 14:00:00,0,0,, ,train,190.0,3600.0
7386,FITfiles/2024-10-01/UMICH_20241001_141500_59.fit,2024-10-01 14:15:00,0,0,, ,test,190.0,3590.0
7388,FITfiles/2024-10-01/UMICH_20241001_143000_59.fit,2024-10-01 14:30:00,0,0,, ,train,190.0,3600.0
7381,FITfiles/2024-10-01/UMICH_20241001_144500_59.fit,2024-10-01 14:45:00,0,0,, ,train,190.0,3600.0
7384,FITfiles/2024-10-01/UMICH_20241001_150000_59.fit,2024-10-01 15:00:00,0,0,, ,test,190.0,3600.0
7394,FITfiles/2024-10-01/UMICH_20241001_151500_59.fit,2024-10-01 15:15:00,0,0,, ,train,190.0,3600.0
7404,FITfiles/2024-10-01/UMICH_20241001_153000_59.fit,2024-10-01 15:30:00,0,0,, ,train,190.0,3600.0
7385,FITfiles/2024-10-01/UMICH_20241001_154500_59.fit,2024-10-01 15:45:00,0,0,, ,train,190.0,3600.0
7407,FITfiles/2024-10-01/UMICH_20241001_160000_59.fit,2024-10-01 16:00:00,0,0,, ,test,190.0,3600.0
7395,FITfiles/2024-10-01/UMICH_20241001_161500_59.fit,2024-10-01 16:15:00,0,0,, ,train,190.0,3589.0
7390,FITfiles/2024-10-01/UMICH_20241001_163000_59.fit,2024-10-01 16:30:00,0,0,, ,valid,190.0,3600.0
7387,FITfiles/2024-10-01/UMICH_20241001_164500_59.fit,2024-10-01 16:45:00,0,0,, ,train,190.0,3600.0
7400,FITfiles/2024-10-01/UMICH_20241001_170000_59.fit,2024-10-01 17:00:00,0,0,, ,train,190.0,3600.0
7391,FITfiles/2024-10-01/UMICH_20241001_171500_59.fit,2024-10-01 17:15:00,0,0,, ,train,190.0,3600.0
7392,FITfiles/2024-10-01/UMICH_20241001_173000_59.fit,2024-10-01 17:30:00,0,0,, ,train,190.0,3600.0
7403,FITfiles/2024-10-01/UMICH_20241001_174500_59.fit,2024-10-01 17:45:00,0,0,, ,train,190.0,3600.0
7399,FITfiles/2024-10-01/UMICH_20241001_180000_59.fit,2024-10-01 18:00:00,0,0,, ,test,190.0,3600.0
7406,FITfiles/2024-10-01/UMICH_20241001_181500_59.fit,2024-10-01 18:15:00,0,0,, ,valid,190.0,3590.0
7401,FITfiles/2024-10-01/UMICH_20241001_183000_59.fit,2024-10-01 18:30:00,0,0,, ,train,190.0,3600.0
7408,FITfiles/2024-10-01/UMICH_20241001_184500_59.fit,2024-10-01 18:45:00,0,0,, ,train,190.0,3600.0
7397,FITfiles/2024-10-01/UMICH_20241001_190000_59.fit,2024-10-01 19:00:00,0,0,, ,train,190.0,3600.0
7411,FITfiles/2024-10-01/UMICH_20241001_191500_59.fit,2024-10-01 19:15:00,0,0,, ,train,190.0,3600.0
7412,FITfiles/2024-10-01/UMICH_20241001_193000_59.fit,2024-10-01 19:30:00,0,0,, ,valid,190.0,3600.0
7427,FITfiles/2024-10-01/UMICH_20241001_194500_59.fit,2024-10-01 19:45:00,0,0,, ,test,190.0,3600.0
7421,FITfiles/2024-10-01/UMICH_20241001_200000_59.fit,2024-10-01 20:00:00,0,0,, ,train,190.0,3600.0
7445,FITfiles/2024-10-01/UMICH_20241001_201500_59.fit,2024-10-01 20:15:00,0,0,, ,valid,190.0,3589.0
7409,FITfiles/2024-10-01/UMICH_20241001_203000_59.fit,2024-10-01 20:30:00,0,0,, ,train,190.0,3600.0
7441,FITfiles/2024-10-01/UMICH_20241001_204500_59.fit,2024-10-01 20:45:00,0,0,, ,train,190.0,3590.0
7254,FITfiles/2024-10-02/UMICH_20241002_063000_59.fit,2024-10-02 06:30:00,0,0,, ,train,190.0,3600.0
7240,FITfiles/2024-10-02/UMICH_20241002_064500_59.fit,2024-10-02 06:45:00,0,0,, ,test,190.0,3600.0
7258,FITfiles/2024-10-02/UMICH_20241002_070000_59.fit,2024-10-02 07:00:00,0,0,, ,train,190.0,3600.0
7268,FITfiles/2024-10-02/UMICH_20241002_071500_59.fit,2024-10-02 07:15:00,0,0,, ,train,190.0,3600.0
7253,FITfiles/2024-10-02/UMICH_20241002_073000_59.fit,2024-10-02 07:30:00,0,0,, ,train,190.0,3600.0
7259,FITfiles/2024-10-02/UMICH_20241002_074500_59.fit,2024-10-02 07:45:00,0,0,, ,train,190.0,3600.0
7267,FITfiles/2024-10-02/UMICH_20241002_080000_59.fit,2024-10-02 08:00:00,0,0,, ,train,190.0,3600.0
7248,FITfiles/2024-10-02/UMICH_20241002_081500_59.fit,2024-10-02 08:15:00,0,0,, ,test,190.0,3590.0
7280,FITfiles/2024-10-02/UMICH_20241002_083000_59.fit,2024-10-02 08:30:00,0,0,, ,test,190.0,3600.0
7256,FITfiles/2024-10-02/UMICH_20241002_084500_59.fit,2024-10-02 08:45:00,0,0,, ,train,190.0,3600.0
7257,FITfiles/2024-10-02/UMICH_20241002_090000_59.fit,2024-10-02 09:00:00,0,0,, ,train,190.0,3600.0
7252,FITfiles/2024-10-02/UMICH_20241002_091500_59.fit,2024-10-02 09:15:00,0,0,, ,train,190.0,3600.0
7283,FITfiles/2024-10-02/UMICH_20241002_093000_59.fit,2024-10-02 09:30:00,0,0,, ,train,190.0,3600.0
7262,FITfiles/2024-10-02/UMICH_20241002_094500_59.fit,2024-10-02 09:45:00,0,0,, ,train,190.0,3600.0
7260,FITfiles/2024-10-02/UMICH_20241002_100000_59.fit,2024-10-02 10:00:00,0,0,, ,test,190.0,3600.0
7282,FITfiles/2024-10-02/UMICH_20241002_101500_59.fit,2024-10-02 10:15:00,0,0,, ,test,190.0,3600.0
7261,FITfiles/2024-10-02/UMICH_20241002_103000_59.fit,2024-10-02 10:30:00,0,0,, ,train,190.0,3600.0
7263,FITfiles/2024-10-02/UMICH_20241002_104500_59.fit,2024-10-02 10:45:00,0,0,, ,train,190.0,3600.0
7273,FITfiles/2024-10-02/UMICH_20241002_110000_59.fit,2024-10-02 11:00:00,0,0,, ,train,190.0,3600.0
7312,FITfiles/2024-10-02/UMICH_20241002_111500_59.fit,2024-10-02 11:15:00,0,0,, ,test,190.0,3600.0
7265,FITfiles/2024-10-02/UMICH_20241002_113000_59.fit,2024-10-02 11:30:00,0,0,, ,valid,190.0,3600.0
7279,FITfiles/2024-10-02/UMICH_20241002_114500_59.fit,2024-10-02 11:45:00,0,0,, ,test,190.0,3600.0
7271,FITfiles/2024-10-02/UMICH_20241002_120000_59.fit,2024-10-02 12:00:00,0,0,, ,train,190.0,3600.0
7274,FITfiles/2024-10-02/UMICH_20241002_121500_59.fit,2024-10-02 12:15:00,0,0,, ,train,190.0,3590.0
7266,FITfiles/2024-10-02/UMICH_20241002_123000_59.fit,2024-10-02 12:30:00,0,0,, ,train,190.0,3600.0
7288,FITfiles/2024-10-02/UMICH_20241002_124500_59.fit,2024-10-02 12:45:00,0,0,, ,train,190.0,3600.0
7278,FITfiles/2024-10-02/UMICH_20241002_130000_59.fit,2024-10-02 13:00:00,0,0,, ,test,190.0,3600.0
7275,FITfiles/2024-10-02/UMICH_20241002_131500_59.fit,2024-10-02 13:15:00,0,0,, ,valid,190.0,3600.0
7269,FITfiles/2024-10-02/UMICH_20241002_133000_59.fit,2024-10-02 13:30:00,0,0,, ,test,190.0,3600.0
7284,FITfiles/2024-10-02/UMICH_20241002_134500_59.fit,2024-10-02 13:45:00,0,0,, ,train,190.0,3600.0
7272,FITfiles/2024-10-02/UMICH_20241002_140000_59.fit,2024-10-02 14:00:00,0,0,, ,valid,190.0,3600.0
7281,FITfiles/2024-10-02/UMICH_20241002_141500_59.fit,2024-10-02 14:15:00,0,0,, ,train,190.0,3590.0
7276,FITfiles/2024-10-02/UMICH_20241002_143000_59.fit,2024-10-02 14:30:00,0,0,, ,train,190.0,3600.0
7306,FITfiles/2024-10-02/UMICH_20241002_144500_59.fit,2024-10-02 14:45:00,0,0,, ,valid,190.0,3600.0
7294,FITfiles/2024-10-02/UMICH_20241002_150000_59.fit,2024-10-02 15:00:00,0,0,, ,train,190.0,3600.0
7286,FITfiles/2024-10-02/UMICH_20241002_151500_59.fit,2024-10-02 15:15:00,0,0,, ,train,190.0,3600.0
7295,FITfiles/2024-10-02/UMICH_20241002_153000_59.fit,2024-10-02 15:30:00,0,0,, ,train,190.0,3600.0
7285,FITfiles/2024-10-02/UMICH_20241002_154500_59.fit,2024-10-02 15:45:00,0,0,, ,train,190.0,3600.0
7303,FITfiles/2024-10-02/UMICH_20241002_160000_59.fit,2024-10-02 16:00:00,0,0,, ,test,190.0,3600.0
7315,FITfiles/2024-10-02/UMICH_20241002_161500_59.fit,2024-10-02 16:15:00,0,0,, ,train,190.0,3590.0
7291,FITfiles/2024-10-02/UMICH_20241002_163000_59.fit,2024-10-02 16:30:00,0,0,, ,train,190.0,3600.0
7287,FITfiles/2024-10-02/UMICH_20241002_164500_59.fit,2024-10-02 16:45:00,0,0,, ,valid,190.0,3600.0
7289,FITfiles/2024-10-02/UMICH_20241002_170000_59.fit,2024-10-02 17:00:00,0,0,, ,train,190.0,3600.0
7305,FITfiles/2024-10-02/UMICH_20241002_171500_59.fit,2024-10-02 17:15:00,0,0,, ,train,190.0,3600.0
7310,FITfiles/2024-10-02/UMICH_20241002_173000_59.fit,2024-10-02 17:30:00,0,0,, ,train,190.0,3600.0
7301,FITfiles/2024-10-02/UMICH_20241002_174500_59.fit,2024-10-02 17:45:00,0,0,, ,train,190.0,3600.0
7293,FITfiles/2024-10-02/UMICH_20241002_180000_59.fit,2024-10-02 18:00:00,0,0,, ,train,190.0,3600.0
7290,FITfiles/2024-10-02/UMICH_20241002_181500_59.fit,2024-10-02 18:15:00,0,0,, ,train,190.0,3589.0
7308,FITfiles/2024-10-02/UMICH_20241002_183000_59.fit,2024-10-02 18:30:00,0,0,, ,valid,190.0,3600.0
7296,FITfiles/2024-10-02/UMICH_20241002_184500_59.fit,2024-10-02 18:45:00,0,0,, ,test,190.0,3600.0
7292,FITfiles/2024-10-02/UMICH_20241002_190000_59.fit,2024-10-02 19:00:00,0,0,, ,train,190.0,3600.0
7299,FITfiles/2024-10-02/UMICH_20241002_191500_59.fit,2024-10-02 19:15:00,0,0,, ,train,190.0,3600.0
7298,FITfiles/2024-10-02/UMICH_20241002_193000_59.fit,2024-10-02 19:30:00,0,0,, ,train,190.0,3600.0
7307,FITfiles/2024-10-02/UMICH_20241002_194500_59.fit,2024-10-02 19:45:00,0,0,, ,train,190.0,3600.0
7300,FITfiles/2024-10-02/UMICH_20241002_200000_59.fit,2024-10-02 20:00:00,0,0,, ,train,190.0,3600.0
7304,FITfiles/2024-10-02/UMICH_20241002_201500_59.fit,2024-10-02 20:15:00,0,0,, ,valid,190.0,3590.0
7297,FITfiles/2024-10-02/UMICH_20241002_203000_59.fit,2024-10-02 20:30:00,0,0,, ,train,190.0,3600.0
7311,FITfiles/2024-10-02/UMICH_20241002_204500_59.fit,2024-10-02 20:45:00,0,0,, ,train,190.0,3590.0
7064,FITfiles/2024-10-03/UMICH_20241003_063000_59.fit,2024-10-03 06:30:00,0,0,, ,valid,190.0,3600.0
7066,FITfiles/2024-10-03/UMICH_20241003_064500_59.fit,2024-10-03 06:45:00,0,0,, ,test,190.0,3600.0
7063,FITfiles/2024-10-03/UMICH_20241003_070000_59.fit,2024-10-03 07:00:00,0,0,, ,train,190.0,3600.0
7070,FITfiles/2024-10-03/UMICH_20241003_071500_59.fit,2024-10-03 07:15:00,0,0,, ,train,190.0,3600.0
7082,FITfiles/2024-10-03/UMICH_20241003_073000_59.fit,2024-10-03 07:30:00,0,0,, ,train,190.0,3600.0
7080,FITfiles/2024-10-03/UMICH_20241003_074500_59.fit,2024-10-03 07:45:00,0,0,, ,valid,190.0,3600.0
7075,FITfiles/2024-10-03/UMICH_20241003_080000_59.fit,2024-10-03 08:00:00,0,0,, ,train,190.0,3600.0
7072,FITfiles/2024-10-03/UMICH_20241003_081500_59.fit,2024-10-03 08:15:00,0,0,, ,train,190.0,3590.0
7076,FITfiles/2024-10-03/UMICH_20241003_083000_59.fit,2024-10-03 08:30:00,0,0,, ,test,190.0,3600.0
7084,FITfiles/2024-10-03/UMICH_20241003_084500_59.fit,2024-10-03 08:45:00,0,0,, ,test,190.0,3600.0
7095,FITfiles/2024-10-03/UMICH_20241003_090000_59.fit,2024-10-03 09:00:00,0,0,, ,train,190.0,3600.0
7068,FITfiles/2024-10-03/UMICH_20241003_091500_59.fit,2024-10-03 09:15:00,0,0,, ,train,190.0,3600.0
7091,FITfiles/2024-10-03/UMICH_20241003_093000_59.fit,2024-10-03 09:30:00,0,0,, ,test,190.0,3600.0
7083,FITfiles/2024-10-03/UMICH_20241003_094500_59.fit,2024-10-03 09:45:00,0,0,, ,test,190.0,3600.0
7077,FITfiles/2024-10-03/UMICH_20241003_100000_59.fit,2024-10-03 10:00:00,0,0,, ,valid,190.0,3600.0
7073,FITfiles/2024-10-03/UMICH_20241003_101500_59.fit,2024-10-03 10:15:00,0,0,, ,train,190.0,3600.0
7074,FITfiles/2024-10-03/UMICH_20241003_103000_59.fit,2024-10-03 10:30:00,0,0,, ,valid,190.0,3600.0
7079,FITfiles/2024-10-03/UMICH_20241003_104500_59.fit,2024-10-03 10:45:00,0,0,, ,test,190.0,3600.0
7078,FITfiles/2024-10-03/UMICH_20241003_110000_59.fit,2024-10-03 11:00:00,0,0,, ,train,190.0,3600.0
7081,FITfiles/2024-10-03/UMICH_20241003_111500_59.fit,2024-10-03 11:15:00,0,0,, ,train,190.0,3600.0
7089,FITfiles/2024-10-03/UMICH_20241003_113001_59.fit,2024-10-03 11:30:01,0,0,, ,train,190.0,3600.0
7087,FITfiles/2024-10-03/UMICH_20241003_114500_59.fit,2024-10-03 11:45:00,0,0,, ,train,190.0,3600.0
7093,FITfiles/2024-10-03/UMICH_20241003_120000_59.fit,2024-10-03 12:00:00,0,0,, ,train,190.0,3600.0
7088,FITfiles/2024-10-03/UMICH_20241003_121501_59.fit,2024-10-03 12:15:01,0,0,, ,train,190.0,3589.0
7086,FITfiles/2024-10-03/UMICH_20241003_123000_59.fit,2024-10-03 12:30:00,0,0,, ,train,190.0,3600.0
7109,FITfiles/2024-10-03/UMICH_20241003_124500_59.fit,2024-10-03 12:45:00,0,0,, ,train,190.0,3600.0
7094,FITfiles/2024-10-03/UMICH_20241003_130000_59.fit,2024-10-03 13:00:00,0,0,, ,train,190.0,3600.0
7104,FITfiles/2024-10-03/UMICH_20241003_131500_59.fit,2024-10-03 13:15:00,0,0,, ,train,190.0,3600.0
7099,FITfiles/2024-10-03/UMICH_20241003_133000_59.fit,2024-10-03 13:30:00,0,0,, ,train,190.0,3600.0
7090,FITfiles/2024-10-03/UMICH_20241003_134500_59.fit,2024-10-03 13:45:00,0,0,, ,train,190.0,3600.0
7085,FITfiles/2024-10-03/UMICH_20241003_140000_59.fit,2024-10-03 14:00:00,0,0,, ,train,190.0,3600.0
7103,FITfiles/2024-10-03/UMICH_20241003_141500_59.fit,2024-10-03 14:15:00,0,0,, ,train,190.0,3590.0
7092,FITfiles/2024-10-03/UMICH_20241003_143000_59.fit,2024-10-03 14:30:00,0,0,, ,train,190.0,3600.0
7106,FITfiles/2024-10-03/UMICH_20241003_144500_59.fit,2024-10-03 14:45:00,0,0,, ,valid,190.0,3600.0
7111,FITfiles/2024-10-03/UMICH_20241003_150000_59.fit,2024-10-03 15:00:00,0,0,, ,train,190.0,3600.0
7102,FITfiles/2024-10-03/UMICH_20241003_151500_59.fit,2024-10-03 15:15:00,0,0,, ,test,190.0,3600.0
7101,FITfiles/2024-10-03/UMICH_20241003_153000_59.fit,2024-10-03 15:30:00,0,0,, ,train,190.0,3600.0
7100,FITfiles/2024-10-03/UMICH_20241003_154500_59.fit,2024-10-03 15:45:00,0,0,, ,train,190.0,3600.0
7096,FITfiles/2024-10-03/UMICH_20241003_160000_59.fit,2024-10-03 16:00:00,0,0,, ,train,190.0,3600.0
7118,FITfiles/2024-10-03/UMICH_20241003_161500_59.fit,2024-10-03 16:15:00,0,0,, ,train,190.0,3590.0
7115,FITfiles/2024-10-03/UMICH_20241003_163000_59.fit,2024-10-03 16:30:00,0,0,, ,train,190.0,3600.0
7120,FITfiles/2024-10-03/UMICH_20241003_164500_59.fit,2024-10-03 16:45:00,0,0,, ,train,190.0,3600.0
7098,FITfiles/2024-10-03/UMICH_20241003_170000_59.fit,2024-10-03 17:00:00,0,0,, ,train,190.0,3600.0
7097,FITfiles/2024-10-03/UMICH_20241003_171500_59.fit,2024-10-03 17:15:00,0,0,, ,valid,190.0,3600.0
7105,FITfiles/2024-10-03/UMICH_20241003_173000_59.fit,2024-10-03 17:30:00,0,0,, ,train,190.0,3600.0
7107,FITfiles/2024-10-03/UMICH_20241003_174500_59.fit,2024-10-03 17:45:00,0,0,, ,train,190.0,3600.0
7110,FITfiles/2024-10-03/UMICH_20241003_180000_59.fit,2024-10-03 18:00:00,0,0,, ,test,190.0,3600.0
7108,FITfiles/2024-10-03/UMICH_20241003_181500_59.fit,2024-10-03 18:15:00,0,0,, ,train,190.0,3590.0
7117,FITfiles/2024-10-03/UMICH_20241003_183000_59.fit,2024-10-03 18:30:00,0,0,, ,test,190.0,3600.0
7121,FITfiles/2024-10-03/UMICH_20241003_184500_59.fit,2024-10-03 18:45:00,0,0,, ,train,190.0,3600.0
7114,FITfiles/2024-10-03/UMICH_20241003_190000_59.fit,2024-10-03 19:00:00,0,0,, ,train,190.0,3600.0
7124,FITfiles/2024-10-03/UMICH_20241003_191500_59.fit,2024-10-03 19:15:00,0,0,, ,train,190.0,3600.0
7113,FITfiles/2024-10-03/UMICH_20241003_193000_59.fit,2024-10-03 19:30:00,0,0,, ,train,190.0,3600.0
7112,FITfiles/2024-10-03/UMICH_20241003_194500_59.fit,2024-10-03 19:45:00,0,0,, ,train,190.0,3600.0
7123,FITfiles/2024-10-03/UMICH_20241003_200000_59.fit,2024-10-03 20:00:00,0,0,, ,valid,190.0,3600.0
7122,FITfiles/2024-10-03/UMICH_20241003_201500_59.fit,2024-10-03 20:15:00,0,0,, ,valid,190.0,3590.0
7116,FITfiles/2024-10-03/UMICH_20241003_203000_59.fit,2024-10-03 20:30:00,0,0,, ,test,190.0,3600.0
7119,FITfiles/2024-10-03/UMICH_20241003_204500_59.fit,2024-10-03 20:45:00,0,0,, ,test,190.0,3590.0
8257,FITfiles/2024-10-04/UMICH_20241004_063000_59.fit,2024-10-04 06:30:00,0,0,, ,train,190.0,3600.0
8258,FITfiles/2024-10-04/UMICH_20241004_064500_59.fit,2024-10-04 06:45:00,0,0,, ,train,190.0,3600.0
8267,FITfiles/2024-10-04/UMICH_20241004_070000_59.fit,2024-10-04 07:00:00,0,0,, ,train,190.0,3600.0
8259,FITfiles/2024-10-04/UMICH_20241004_071500_59.fit,2024-10-04 07:15:00,0,0,, ,train,190.0,3600.0
8268,FITfiles/2024-10-04/UMICH_20241004_073000_59.fit,2024-10-04 07:30:00,0,0,, ,test,190.0,3600.0
8275,FITfiles/2024-10-04/UMICH_20241004_074500_59.fit,2024-10-04 07:45:00,0,0,, ,train,190.0,3600.0
8260,FITfiles/2024-10-04/UMICH_20241004_080000_59.fit,2024-10-04 08:00:00,0,0,, ,test,190.0,3600.0
8281,FITfiles/2024-10-04/UMICH_20241004_081500_59.fit,2024-10-04 08:15:00,0,0,, ,valid,190.0,3590.0
8272,FITfiles/2024-10-04/UMICH_20241004_083000_59.fit,2024-10-04 08:30:00,0,0,, ,valid,190.0,3600.0
8280,FITfiles/2024-10-04/UMICH_20241004_084500_59.fit,2024-10-04 08:45:00,0,0,, ,test,190.0,3600.0
8279,FITfiles/2024-10-04/UMICH_20241004_090000_59.fit,2024-10-04 09:00:00,0,0,, ,valid,190.0,3600.0
8266,FITfiles/2024-10-04/UMICH_20241004_091500_59.fit,2024-10-04 09:15:00,0,0,, ,train,190.0,3600.0
8264,FITfiles/2024-10-04/UMICH_20241004_093000_59.fit,2024-10-04 09:30:00,0,0,, ,train,190.0,3600.0
8262,FITfiles/2024-10-04/UMICH_20241004_094500_59.fit,2024-10-04 09:45:00,0,0,, ,train,190.0,3600.0
8271,FITfiles/2024-10-04/UMICH_20241004_100000_59.fit,2024-10-04 10:00:00,0,0,, ,train,190.0,3600.0
8261,FITfiles/2024-10-04/UMICH_20241004_101500_59.fit,2024-10-04 10:15:00,0,0,, ,train,190.0,3600.0
8263,FITfiles/2024-10-04/UMICH_20241004_103000_59.fit,2024-10-04 10:30:00,0,0,, ,train,190.0,3600.0
8276,FITfiles/2024-10-04/UMICH_20241004_104500_59.fit,2024-10-04 10:45:00,0,0,, ,test,190.0,3600.0
8270,FITfiles/2024-10-04/UMICH_20241004_110000_59.fit,2024-10-04 11:00:00,0,0,, ,train,190.0,3600.0
8274,FITfiles/2024-10-04/UMICH_20241004_111500_59.fit,2024-10-04 11:15:00,0,0,, ,train,190.0,3600.0
8265,FITfiles/2024-10-04/UMICH_20241004_113000_59.fit,2024-10-04 11:30:00,0,0,, ,train,190.0,3600.0
8282,FITfiles/2024-10-04/UMICH_20241004_114500_59.fit,2024-10-04 11:45:00,0,0,, ,train,190.0,3600.0
8273,FITfiles/2024-10-04/UMICH_20241004_120000_59.fit,2024-10-04 12:00:00,0,0,, ,train,190.0,3600.0
8284,FITfiles/2024-10-04/UMICH_20241004_121500_59.fit,2024-10-04 12:15:00,0,0,, ,valid,190.0,3590.0
8301,FITfiles/2024-10-04/UMICH_20241004_123000_59.fit,2024-10-04 12:30:00,0,0,, ,train,190.0,3600.0
8278,FITfiles/2024-10-04/UMICH_20241004_124500_59.fit,2024-10-04 12:45:00,0,0,, ,train,190.0,3600.0
8269,FITfiles/2024-10-04/UMICH_20241004_130000_59.fit,2024-10-04 13:00:00,0,0,, ,valid,190.0,3600.0
8283,FITfiles/2024-10-04/UMICH_20241004_131500_59.fit,2024-10-04 13:15:00,0,0,, ,train,190.0,3600.0
8277,FITfiles/2024-10-04/UMICH_20241004_133000_59.fit,2024-10-04 13:30:00,0,0,, ,train,190.0,3600.0
8308,FITfiles/2024-10-04/UMICH_20241004_134500_59.fit,2024-10-04 13:45:00,0,0,, ,train,190.0,3600.0
8314,FITfiles/2024-10-04/UMICH_20241004_140000_59.fit,2024-10-04 14:00:00,0,0,, ,train,190.0,3600.0
8287,FITfiles/2024-10-04/UMICH_20241004_141500_59.fit,2024-10-04 14:15:00,0,0,, ,train,190.0,3589.0
8286,FITfiles/2024-10-04/UMICH_20241004_143000_59.fit,2024-10-04 14:30:00,0,0,, ,test,190.0,3600.0
8292,FITfiles/2024-10-04/UMICH_20241004_144500_59.fit,2024-10-04 14:45:00,0,0,, ,train,190.0,3600.0
8296,FITfiles/2024-10-04/UMICH_20241004_150000_59.fit,2024-10-04 15:00:00,0,0,, ,train,190.0,3600.0
8291,FITfiles/2024-10-04/UMICH_20241004_151500_59.fit,2024-10-04 15:15:00,0,0,, ,test,190.0,3600.0
8294,FITfiles/2024-10-04/UMICH_20241004_153000_59.fit,2024-10-04 15:30:00,0,0,, ,train,190.0,3600.0
8299,FITfiles/2024-10-04/UMICH_20241004_154500_59.fit,2024-10-04 15:45:00,0,0,, ,train,190.0,3600.0
8297,FITfiles/2024-10-04/UMICH_20241004_160000_59.fit,2024-10-04 16:00:00,0,0,, ,train,190.0,3600.0
8288,FITfiles/2024-10-04/UMICH_20241004_161500_59.fit,2024-10-04 16:15:00,0,0,, ,valid,190.0,3590.0
8289,FITfiles/2024-10-04/UMICH_20241004_163000_59.fit,2024-10-04 16:30:00,0,0,, ,test,190.0,3600.0
8300,FITfiles/2024-10-04/UMICH_20241004_164500_59.fit,2024-10-04 16:45:00,0,0,, ,train,190.0,3600.0
8285,FITfiles/2024-10-04/UMICH_20241004_170000_59.fit,2024-10-04 17:00:00,0,0,, ,train,190.0,3600.0
8303,FITfiles/2024-10-04/UMICH_20241004_171500_59.fit,2024-10-04 17:15:00,0,0,, ,test,190.0,3600.0
8310,FITfiles/2024-10-04/UMICH_20241004_173000_59.fit,2024-10-04 17:30:00,0,0,, ,train,190.0,3600.0
8293,FITfiles/2024-10-04/UMICH_20241004_174500_59.fit,2024-10-04 17:45:00,0,0,, ,train,190.0,3600.0
8298,FITfiles/2024-10-04/UMICH_20241004_180000_59.fit,2024-10-04 18:00:00,0,0,, ,train,190.0,3600.0
8309,FITfiles/2024-10-04/UMICH_20241004_181500_59.fit,2024-10-04 18:15:00,0,0,, ,train,190.0,3590.0
8295,FITfiles/2024-10-04/UMICH_20241004_183000_59.fit,2024-10-04 18:30:00,0,0,, ,test,190.0,3600.0
8290,FITfiles/2024-10-04/UMICH_20241004_184500_59.fit,2024-10-04 18:45:00,0,0,, ,valid,190.0,3600.0
8302,FITfiles/2024-10-04/UMICH_20241004_190000_59.fit,2024-10-04 19:00:00,0,0,, ,test,190.0,3600.0
8307,FITfiles/2024-10-04/UMICH_20241004_191500_59.fit,2024-10-04 19:15:00,0,0,, ,train,190.0,3600.0
8305,FITfiles/2024-10-04/UMICH_20241004_193000_59.fit,2024-10-04 19:30:00,0,0,, ,train,190.0,3600.0
8306,FITfiles/2024-10-04/UMICH_20241004_194500_59.fit,2024-10-04 19:45:00,0,0,, ,valid,190.0,3600.0
8304,FITfiles/2024-10-04/UMICH_20241004_200000_59.fit,2024-10-04 20:00:00,0,0,, ,train,190.0,3600.0
8312,FITfiles/2024-10-04/UMICH_20241004_201500_59.fit,2024-10-04 20:15:00,0,0,, ,train,190.0,3590.0
8311,FITfiles/2024-10-04/UMICH_20241004_203000_59.fit,2024-10-04 20:30:00,0,0,, ,train,190.0,3600.0
8313,FITfiles/2024-10-04/UMICH_20241004_204500_59.fit,2024-10-04 20:45:00,0,0,, ,train,190.0,3590.0
5136,FITfiles/2024-10-05/UMICH_20241005_063000_59.fit,2024-10-05 06:30:00,0,0,, ,train,190.0,3600.0
5145,FITfiles/2024-10-05/UMICH_20241005_064500_59.fit,2024-10-05 06:45:00,0,0,, ,test,190.0,3600.0
5142,FITfiles/2024-10-05/UMICH_20241005_070000_59.fit,2024-10-05 07:00:00,0,0,, ,train,190.0,3600.0
5137,FITfiles/2024-10-05/UMICH_20241005_071500_59.fit,2024-10-05 07:15:00,0,0,, ,train,190.0,3600.0
5147,FITfiles/2024-10-05/UMICH_20241005_073000_59.fit,2024-10-05 07:30:00,0,0,, ,valid,190.0,3600.0
5160,FITfiles/2024-10-05/UMICH_20241005_074500_59.fit,2024-10-05 07:45:00,0,0,, ,test,190.0,3600.0
5149,FITfiles/2024-10-05/UMICH_20241005_080000_59.fit,2024-10-05 08:00:00,0,0,, ,train,190.0,3600.0
5141,FITfiles/2024-10-05/UMICH_20241005_081500_59.fit,2024-10-05 08:15:00,0,0,, ,test,190.0,3590.0
5143,FITfiles/2024-10-05/UMICH_20241005_083000_59.fit,2024-10-05 08:30:00,0,0,, ,valid,190.0,3600.0
5158,FITfiles/2024-10-05/UMICH_20241005_084500_59.fit,2024-10-05 08:45:00,0,0,, ,valid,190.0,3600.0
5153,FITfiles/2024-10-05/UMICH_20241005_090000_59.fit,2024-10-05 09:00:00,0,0,, ,valid,190.0,3600.0
5161,FITfiles/2024-10-05/UMICH_20241005_091500_59.fit,2024-10-05 09:15:00,0,0,, ,train,190.0,3600.0
5146,FITfiles/2024-10-05/UMICH_20241005_093000_59.fit,2024-10-05 09:30:00,0,0,, ,train,190.0,3600.0
5139,FITfiles/2024-10-05/UMICH_20241005_094500_59.fit,2024-10-05 09:45:00,0,0,, ,train,190.0,3600.0
5151,FITfiles/2024-10-05/UMICH_20241005_100000_59.fit,2024-10-05 10:00:00,0,0,, ,train,190.0,3600.0
5150,FITfiles/2024-10-05/UMICH_20241005_101500_59.fit,2024-10-05 10:15:00,0,0,, ,test,190.0,3600.0
5163,FITfiles/2024-10-05/UMICH_20241005_103000_59.fit,2024-10-05 10:30:00,0,0,, ,train,190.0,3600.0
5155,FITfiles/2024-10-05/UMICH_20241005_104500_59.fit,2024-10-05 10:45:00,0,0,, ,train,190.0,3600.0
5162,FITfiles/2024-10-05/UMICH_20241005_110000_59.fit,2024-10-05 11:00:00,0,0,, ,valid,190.0,3600.0
5193,FITfiles/2024-10-05/UMICH_20241005_111500_59.fit,2024-10-05 11:15:00,0,0,, ,test,190.0,3600.0
5152,FITfiles/2024-10-05/UMICH_20241005_113000_59.fit,2024-10-05 11:30:00,0,0,, ,valid,190.0,3600.0
5175,FITfiles/2024-10-05/UMICH_20241005_114500_59.fit,2024-10-05 11:45:00,0,0,, ,train,190.0,3600.0
5196,FITfiles/2024-10-05/UMICH_20241005_120000_59.fit,2024-10-05 12:00:00,0,0,, ,train,190.0,3600.0
5166,FITfiles/2024-10-05/UMICH_20241005_121500_59.fit,2024-10-05 12:15:00,0,0,, ,valid,190.0,3590.0
5165,FITfiles/2024-10-05/UMICH_20241005_123000_59.fit,2024-10-05 12:30:00,0,0,, ,valid,190.0,3600.0
5169,FITfiles/2024-10-05/UMICH_20241005_124500_59.fit,2024-10-05 12:45:00,0,0,, ,valid,190.0,3600.0
5159,FITfiles/2024-10-05/UMICH_20241005_130000_59.fit,2024-10-05 13:00:00,0,0,, ,train,190.0,3600.0
5157,FITfiles/2024-10-05/UMICH_20241005_131500_59.fit,2024-10-05 13:15:00,0,0,, ,train,190.0,3600.0
5172,FITfiles/2024-10-05/UMICH_20241005_133000_59.fit,2024-10-05 13:30:00,0,0,, ,train,190.0,3600.0
5170,FITfiles/2024-10-05/UMICH_20241005_134500_59.fit,2024-10-05 13:45:00,0,0,, ,train,190.0,3600.0
5180,FITfiles/2024-10-05/UMICH_20241005_140000_59.fit,2024-10-05 14:00:00,0,0,, ,train,190.0,3600.0
5190,FITfiles/2024-10-05/UMICH_20241005_141500_59.fit,2024-10-05 14:15:00,0,0,, ,train,190.0,3590.0
5176,FITfiles/2024-10-05/UMICH_20241005_143000_59.fit,2024-10-05 14:30:00,0,0,, ,valid,190.0,3600.0
5187,FITfiles/2024-10-05/UMICH_20241005_144500_59.fit,2024-10-05 14:45:00,0,0,, ,valid,190.0,3600.0
5179,FITfiles/2024-10-05/UMICH_20241005_150000_59.fit,2024-10-05 15:00:00,0,0,, ,valid,190.0,3600.0
5199,FITfiles/2024-10-05/UMICH_20241005_151500_59.fit,2024-10-05 15:15:00,0,0,, ,train,190.0,3600.0
5182,FITfiles/2024-10-05/UMICH_20241005_153000_59.fit,2024-10-05 15:30:00,0,0,, ,train,190.0,3600.0
5186,FITfiles/2024-10-05/UMICH_20241005_154500_59.fit,2024-10-05 15:45:00,0,0,, ,train,190.0,3600.0
5188,FITfiles/2024-10-05/UMICH_20241005_160000_59.fit,2024-10-05 16:00:00,0,0,, ,valid,190.0,3600.0
5221,FITfiles/2024-10-05/UMICH_20241005_161500_59.fit,2024-10-05 16:15:00,0,0,, ,train,190.0,3589.0
5195,FITfiles/2024-10-05/UMICH_20241005_163000_59.fit,2024-10-05 16:30:00,0,0,, ,train,190.0,3600.0
5198,FITfiles/2024-10-05/UMICH_20241005_164500_59.fit,2024-10-05 16:45:00,0,0,, ,train,190.0,3600.0
5200,FITfiles/2024-10-05/UMICH_20241005_170000_59.fit,2024-10-05 17:00:00,0,0,, ,train,190.0,3600.0
5194,FITfiles/2024-10-05/UMICH_20241005_171500_59.fit,2024-10-05 17:15:00,0,0,, ,train,190.0,3600.0
5201,FITfiles/2024-10-05/UMICH_20241005_173000_59.fit,2024-10-05 17:30:00,0,0,, ,train,190.0,3600.0
5206,FITfiles/2024-10-05/UMICH_20241005_174500_59.fit,2024-10-05 17:45:00,0,0,, ,valid,190.0,3600.0
5204,FITfiles/2024-10-05/UMICH_20241005_180000_59.fit,2024-10-05 18:00:00,0,0,, ,train,190.0,3600.0
5210,FITfiles/2024-10-05/UMICH_20241005_181500_59.fit,2024-10-05 18:15:00,0,0,, ,valid,190.0,3590.0
5214,FITfiles/2024-10-05/UMICH_20241005_183000_59.fit,2024-10-05 18:30:00,0,0,, ,test,190.0,3600.0
5218,FITfiles/2024-10-05/UMICH_20241005_184500_59.fit,2024-10-05 18:45:00,0,0,, ,train,190.0,3600.0
5207,FITfiles/2024-10-05/UMICH_20241005_190000_59.fit,2024-10-05 19:00:00,0,0,, ,train,190.0,3600.0
5211,FITfiles/2024-10-05/UMICH_20241005_191500_59.fit,2024-10-05 19:15:00,0,0,, ,train,190.0,3600.0
5209,FITfiles/2024-10-05/UMICH_20241005_193000_59.fit,2024-10-05 19:30:00,0,0,, ,train,190.0,3600.0
5208,FITfiles/2024-10-05/UMICH_20241005_194500_59.fit,2024-10-05 19:45:00,0,0,, ,train,190.0,3600.0
5216,FITfiles/2024-10-05/UMICH_20241005_200000_59.fit,2024-10-05 20:00:00,0,0,, ,test,190.0,3600.0
5220,FITfiles/2024-10-05/UMICH_20241005_201500_59.fit,2024-10-05 20:15:00,0,0,, ,train,190.0,3589.0
5215,FITfiles/2024-10-05/UMICH_20241005_203000_59.fit,2024-10-05 20:30:00,0,0,, ,valid,190.0,3600.0
5228,FITfiles/2024-10-05/UMICH_20241005_204500_59.fit,2024-10-05 20:45:00,0,0,, ,valid,190.0,3590.0
932,FITfiles/2024-10-06/UMICH_20241006_063000_59.fit,2024-10-06 06:30:00,0,0,, ,train,190.0,3600.0
959,FITfiles/2024-10-06/UMICH_20241006_064500_59.fit,2024-10-06 06:45:00,0,0,, ,valid,190.0,3600.0
945,FITfiles/2024-10-06/UMICH_20241006_070000_59.fit,2024-10-06 07:00:00,0,0,, ,train,190.0,3600.0
958,FITfiles/2024-10-06/UMICH_20241006_071500_59.fit,2024-10-06 07:15:00,0,0,, ,valid,190.0,3600.0
957,FITfiles/2024-10-06/UMICH_20241006_073000_59.fit,2024-10-06 07:30:00,0,0,, ,train,190.0,3600.0
982,FITfiles/2024-10-06/UMICH_20241006_074500_59.fit,2024-10-06 07:45:00,0,0,, ,test,190.0,3600.0
964,FITfiles/2024-10-06/UMICH_20241006_080000_59.fit,2024-10-06 08:00:00,0,0,, ,train,190.0,3600.0
974,FITfiles/2024-10-06/UMICH_20241006_081500_59.fit,2024-10-06 08:15:00,0,0,, ,train,190.0,3590.0
995,FITfiles/2024-10-06/UMICH_20241006_083000_59.fit,2024-10-06 08:30:00,0,0,, ,train,190.0,3600.0
972,FITfiles/2024-10-06/UMICH_20241006_084500_59.fit,2024-10-06 08:45:00,0,0,, ,train,190.0,3600.0
988,FITfiles/2024-10-06/UMICH_20241006_090000_59.fit,2024-10-06 09:00:00,0,0,, ,train,190.0,3600.0
996,FITfiles/2024-10-06/UMICH_20241006_091500_59.fit,2024-10-06 09:15:00,0,0,, ,valid,190.0,3600.0
1000,FITfiles/2024-10-06/UMICH_20241006_093000_59.fit,2024-10-06 09:30:00,0,0,, ,test,190.0,3600.0
1013,FITfiles/2024-10-06/UMICH_20241006_094500_59.fit,2024-10-06 09:45:00,0,0,, ,valid,190.0,3600.0
1010,FITfiles/2024-10-06/UMICH_20241006_100000_59.fit,2024-10-06 10:00:00,0,0,, ,train,190.0,3600.0
1043,FITfiles/2024-10-06/UMICH_20241006_101500_59.fit,2024-10-06 10:15:00,0,0,, ,test,190.0,3600.0
1023,FITfiles/2024-10-06/UMICH_20241006_103000_59.fit,2024-10-06 10:30:00,0,0,, ,valid,190.0,3600.0
1017,FITfiles/2024-10-06/UMICH_20241006_104500_59.fit,2024-10-06 10:45:00,0,0,, ,train,190.0,3600.0
1020,FITfiles/2024-10-06/UMICH_20241006_110000_59.fit,2024-10-06 11:00:00,0,0,, ,train,190.0,3600.0
1029,FITfiles/2024-10-06/UMICH_20241006_111500_59.fit,2024-10-06 11:15:00,0,0,, ,train,190.0,3600.0
1059,FITfiles/2024-10-06/UMICH_20241006_113000_59.fit,2024-10-06 11:30:00,0,0,, ,train,190.0,3600.0
1045,FITfiles/2024-10-06/UMICH_20241006_114500_59.fit,2024-10-06 11:45:00,0,0,, ,train,190.0,3600.0
1062,FITfiles/2024-10-06/UMICH_20241006_120000_59.fit,2024-10-06 12:00:00,0,0,, ,train,190.0,3600.0
1063,FITfiles/2024-10-06/UMICH_20241006_121500_59.fit,2024-10-06 12:15:00,0,0,, ,valid,190.0,3590.0
1073,FITfiles/2024-10-06/UMICH_20241006_123000_59.fit,2024-10-06 12:30:00,0,0,, ,train,190.0,3600.0
1077,FITfiles/2024-10-06/UMICH_20241006_124500_59.fit,2024-10-06 12:45:00,0,0,, ,train,190.0,3600.0
1072,FITfiles/2024-10-06/UMICH_20241006_130000_59.fit,2024-10-06 13:00:00,0,0,, ,test,190.0,3600.0
1104,FITfiles/2024-10-06/UMICH_20241006_131500_59.fit,2024-10-06 13:15:00,0,0,, ,train,190.0,3600.0
1112,FITfiles/2024-10-06/UMICH_20241006_133000_59.fit,2024-10-06 13:30:00,0,0,, ,train,190.0,3600.0
1131,FITfiles/2024-10-06/UMICH_20241006_134500_59.fit,2024-10-06 13:45:00,0,0,, ,train,190.0,3600.0
1109,FITfiles/2024-10-06/UMICH_20241006_140000_59.fit,2024-10-06 14:00:00,0,0,, ,test,190.0,3600.0
1134,FITfiles/2024-10-06/UMICH_20241006_141500_59.fit,2024-10-06 14:15:00,0,0,, ,test,190.0,3590.0
1136,FITfiles/2024-10-06/UMICH_20241006_143000_59.fit,2024-10-06 14:30:00,0,0,, ,train,190.0,3600.0
1127,FITfiles/2024-10-06/UMICH_20241006_144500_59.fit,2024-10-06 14:45:00,0,0,, ,test,190.0,3600.0
1160,FITfiles/2024-10-06/UMICH_20241006_150000_59.fit,2024-10-06 15:00:00,0,0,, ,train,190.0,3600.0
1154,FITfiles/2024-10-06/UMICH_20241006_151500_59.fit,2024-10-06 15:15:00,0,0,, ,train,190.0,3600.0
1152,FITfiles/2024-10-06/UMICH_20241006_153000_59.fit,2024-10-06 15:30:00,0,0,, ,valid,190.0,3600.0
1158,FITfiles/2024-10-06/UMICH_20241006_154500_59.fit,2024-10-06 15:45:00,0,0,, ,train,190.0,3600.0
1155,FITfiles/2024-10-06/UMICH_20241006_160000_59.fit,2024-10-06 16:00:00,0,0,, ,train,190.0,3600.0
1188,FITfiles/2024-10-06/UMICH_20241006_161500_59.fit,2024-10-06 16:15:00,0,0,, ,train,190.0,3590.0
1179,FITfiles/2024-10-06/UMICH_20241006_163000_59.fit,2024-10-06 16:30:00,0,0,, ,train,190.0,3600.0
1185,FITfiles/2024-10-06/UMICH_20241006_164500_59.fit,2024-10-06 16:45:00,0,0,, ,test,190.0,3600.0
1199,FITfiles/2024-10-06/UMICH_20241006_170000_59.fit,2024-10-06 17:00:00,0,0,, ,test,190.0,3600.0
1198,FITfiles/2024-10-06/UMICH_20241006_171500_59.fit,2024-10-06 17:15:00,0,0,, ,valid,190.0,3600.0
1226,FITfiles/2024-10-06/UMICH_20241006_173000_59.fit,2024-10-06 17:30:00,0,0,, ,train,190.0,3600.0
1212,FITfiles/2024-10-06/UMICH_20241006_174500_59.fit,2024-10-06 17:45:00,0,0,, ,train,190.0,3600.0
1209,FITfiles/2024-10-06/UMICH_20241006_180000_59.fit,2024-10-06 18:00:00,0,0,, ,train,190.0,3600.0
1220,FITfiles/2024-10-06/UMICH_20241006_181500_59.fit,2024-10-06 18:15:00,0,0,, ,train,190.0,3590.0
1229,FITfiles/2024-10-06/UMICH_20241006_183000_59.fit,2024-10-06 18:30:00,0,0,, ,valid,190.0,3600.0
1250,FITfiles/2024-10-06/UMICH_20241006_184500_59.fit,2024-10-06 18:45:00,0,0,, ,train,190.0,3600.0
1234,FITfiles/2024-10-06/UMICH_20241006_190000_59.fit,2024-10-06 19:00:00,0,0,, ,test,190.0,3600.0
1248,FITfiles/2024-10-06/UMICH_20241006_191500_59.fit,2024-10-06 19:15:00,0,0,, ,train,190.0,3600.0
1241,FITfiles/2024-10-06/UMICH_20241006_193000_59.fit,2024-10-06 19:30:00,0,0,, ,train,190.0,3600.0
1255,FITfiles/2024-10-06/UMICH_20241006_194500_59.fit,2024-10-06 19:45:00,0,0,, ,valid,190.0,3600.0
1258,FITfiles/2024-10-06/UMICH_20241006_200000_59.fit,2024-10-06 20:00:00,0,0,, ,valid,190.0,3600.0
1253,FITfiles/2024-10-06/UMICH_20241006_201500_59.fit,2024-10-06 20:15:00,0,0,, ,train,190.0,3589.0
1265,FITfiles/2024-10-06/UMICH_20241006_203000_59.fit,2024-10-06 20:30:00,0,0,, ,train,190.0,3600.0
1279,FITfiles/2024-10-06/UMICH_20241006_204500_59.fit,2024-10-06 20:45:00,0,0,, ,train,190.0,3589.0
709,FITfiles/2024-10-07/UMICH_20241007_063000_59.fit,2024-10-07 06:30:00,0,0,, ,train,190.0,3600.0
718,FITfiles/2024-10-07/UMICH_20241007_064500_59.fit,2024-10-07 06:45:00,0,0,, ,train,190.0,3600.0
716,FITfiles/2024-10-07/UMICH_20241007_070000_59.fit,2024-10-07 07:00:00,0,0,, ,valid,190.0,3600.0
731,FITfiles/2024-10-07/UMICH_20241007_071500_59.fit,2024-10-07 07:15:00,0,0,, ,train,190.0,3600.0
711,FITfiles/2024-10-07/UMICH_20241007_073000_59.fit,2024-10-07 07:30:00,0,0,, ,train,190.0,3600.0
751,FITfiles/2024-10-07/UMICH_20241007_074500_59.fit,2024-10-07 07:45:00,0,0,, ,test,190.0,3600.0
733,FITfiles/2024-10-07/UMICH_20241007_080000_59.fit,2024-10-07 08:00:00,0,0,, ,train,190.0,3600.0
720,FITfiles/2024-10-07/UMICH_20241007_081500_59.fit,2024-10-07 08:15:00,0,0,, ,train,190.0,3590.0
717,FITfiles/2024-10-07/UMICH_20241007_083000_59.fit,2024-10-07 08:30:00,0,0,, ,train,190.0,3600.0
729,FITfiles/2024-10-07/UMICH_20241007_084500_59.fit,2024-10-07 08:45:00,0,0,, ,train,190.0,3600.0
713,FITfiles/2024-10-07/UMICH_20241007_090000_59.fit,2024-10-07 09:00:00,0,0,, ,train,190.0,3600.0
714,FITfiles/2024-10-07/UMICH_20241007_091500_59.fit,2024-10-07 09:15:00,0,0,, ,valid,190.0,3600.0
727,FITfiles/2024-10-07/UMICH_20241007_093000_59.fit,2024-10-07 09:30:00,0,0,, ,test,190.0,3600.0
724,FITfiles/2024-10-07/UMICH_20241007_094500_59.fit,2024-10-07 09:45:00,0,0,, ,train,190.0,3600.0
728,FITfiles/2024-10-07/UMICH_20241007_100000_59.fit,2024-10-07 10:00:00,0,0,, ,test,190.0,3600.0
719,FITfiles/2024-10-07/UMICH_20241007_101500_59.fit,2024-10-07 10:15:00,0,0,, ,train,190.0,3600.0
723,FITfiles/2024-10-07/UMICH_20241007_103000_59.fit,2024-10-07 10:30:00,0,0,, ,test,190.0,3600.0
739,FITfiles/2024-10-07/UMICH_20241007_104500_59.fit,2024-10-07 10:45:00,0,0,, ,valid,190.0,3600.0
730,FITfiles/2024-10-07/UMICH_20241007_110000_59.fit,2024-10-07 11:00:00,0,0,, ,train,190.0,3600.0
725,FITfiles/2024-10-07/UMICH_20241007_111500_59.fit,2024-10-07 11:15:00,0,0,, ,train,190.0,3600.0
736,FITfiles/2024-10-07/UMICH_20241007_113000_59.fit,2024-10-07 11:30:00,0,0,, ,valid,190.0,3600.0
721,FITfiles/2024-10-07/UMICH_20241007_114500_59.fit,2024-10-07 11:45:00,0,0,, ,train,190.0,3600.0
732,FITfiles/2024-10-07/UMICH_20241007_120000_59.fit,2024-10-07 12:00:00,0,0,, ,train,190.0,3600.0
745,FITfiles/2024-10-07/UMICH_20241007_121500_59.fit,2024-10-07 12:15:00,0,0,, ,valid,190.0,3589.0
757,FITfiles/2024-10-07/UMICH_20241007_123000_59.fit,2024-10-07 12:30:00,0,0,, ,train,190.0,3600.0
735,FITfiles/2024-10-07/UMICH_20241007_124500_59.fit,2024-10-07 12:45:00,0,0,, ,train,190.0,3600.0
737,FITfiles/2024-10-07/UMICH_20241007_130000_59.fit,2024-10-07 13:00:00,0,0,, ,train,190.0,3600.0
734,FITfiles/2024-10-07/UMICH_20241007_131500_59.fit,2024-10-07 13:15:00,0,0,, ,test,190.0,3600.0
726,FITfiles/2024-10-07/UMICH_20241007_133000_59.fit,2024-10-07 13:30:00,0,0,, ,train,190.0,3600.0
741,FITfiles/2024-10-07/UMICH_20241007_134500_59.fit,2024-10-07 13:45:00,0,0,, ,train,190.0,3600.0
760,FITfiles/2024-10-07/UMICH_20241007_140000_59.fit,2024-10-07 14:00:00,0,0,, ,test,190.0,3600.0
744,FITfiles/2024-10-07/UMICH_20241007_141500_59.fit,2024-10-07 14:15:00,0,0,, ,train,190.0,3590.0
748,FITfiles/2024-10-07/UMICH_20241007_143000_59.fit,2024-10-07 14:30:00,0,0,, ,test,190.0,3600.0
755,FITfiles/2024-10-07/UMICH_20241007_144500_59.fit,2024-10-07 14:45:00,0,0,, ,test,190.0,3600.0
740,FITfiles/2024-10-07/UMICH_20241007_150000_59.fit,2024-10-07 15:00:00,0,0,, ,train,190.0,3600.0
746,FITfiles/2024-10-07/UMICH_20241007_151500_59.fit,2024-10-07 15:15:00,0,0,, ,test,190.0,3600.0
742,FITfiles/2024-10-07/UMICH_20241007_153000_59.fit,2024-10-07 15:30:00,0,0,, ,valid,190.0,3600.0
770,FITfiles/2024-10-07/UMICH_20241007_154500_59.fit,2024-10-07 15:45:00,0,0,, ,train,190.0,3600.0
753,FITfiles/2024-10-07/UMICH_20241007_160000_59.fit,2024-10-07 16:00:00,0,0,, ,train,190.0,3600.0
756,FITfiles/2024-10-07/UMICH_20241007_161500_59.fit,2024-10-07 16:15:00,0,0,, ,train,190.0,3590.0
749,FITfiles/2024-10-07/UMICH_20241007_163000_59.fit,2024-10-07 16:30:00,0,0,, ,test,190.0,3600.0
747,FITfiles/2024-10-07/UMICH_20241007_164500_59.fit,2024-10-07 16:45:00,0,0,, ,valid,190.0,3600.0
762,FITfiles/2024-10-07/UMICH_20241007_170000_59.fit,2024-10-07 17:00:00,0,0,, ,train,190.0,3600.0
754,FITfiles/2024-10-07/UMICH_20241007_171500_59.fit,2024-10-07 17:15:00,0,0,, ,test,190.0,3600.0
743,FITfiles/2024-10-07/UMICH_20241007_173000_59.fit,2024-10-07 17:30:00,0,0,, ,train,190.0,3600.0
764,FITfiles/2024-10-07/UMICH_20241007_174500_59.fit,2024-10-07 17:45:00,0,0,, ,train,190.0,3600.0
752,FITfiles/2024-10-07/UMICH_20241007_180000_59.fit,2024-10-07 18:00:00,0,0,, ,train,190.0,3600.0
750,FITfiles/2024-10-07/UMICH_20241007_181500_59.fit,2024-10-07 18:15:00,0,0,, ,train,190.0,3590.0
766,FITfiles/2024-10-07/UMICH_20241007_183000_59.fit,2024-10-07 18:30:00,0,0,, ,train,190.0,3600.0
758,FITfiles/2024-10-07/UMICH_20241007_184500_59.fit,2024-10-07 18:45:00,0,0,, ,train,190.0,3600.0
778,FITfiles/2024-10-07/UMICH_20241007_190000_59.fit,2024-10-07 19:00:00,0,0,, ,train,190.0,3600.0
763,FITfiles/2024-10-07/UMICH_20241007_191500_59.fit,2024-10-07 19:15:00,0,0,, ,test,190.0,3600.0
769,FITfiles/2024-10-07/UMICH_20241007_193000_59.fit,2024-10-07 19:30:00,0,0,, ,train,190.0,3600.0
759,FITfiles/2024-10-07/UMICH_20241007_194500_59.fit,2024-10-07 19:45:00,0,0,, ,test,190.0,3600.0
827,FITfiles/2024-10-07/UMICH_20241007_200000_59.fit,2024-10-07 20:00:00,0,0,, ,test,190.0,3600.0
761,FITfiles/2024-10-07/UMICH_20241007_201500_59.fit,2024-10-07 20:15:00,0,0,, ,train,190.0,3590.0
767,FITfiles/2024-10-07/UMICH_20241007_203000_59.fit,2024-10-07 20:30:00,0,0,, ,valid,190.0,3600.0
765,FITfiles/2024-10-07/UMICH_20241007_204500_59.fit,2024-10-07 20:45:00,0,0,, ,train,190.0,3590.0
909,FITfiles/2024-10-08/UMICH_20241008_063000_59.fit,2024-10-08 06:30:00,0,0,, ,test,190.0,3600.0
927,FITfiles/2024-10-08/UMICH_20241008_064500_59.fit,2024-10-08 06:45:00,0,0,, ,train,190.0,3600.0
929,FITfiles/2024-10-08/UMICH_20241008_070000_59.fit,2024-10-08 07:00:00,0,0,, ,test,190.0,3600.0
918,FITfiles/2024-10-08/UMICH_20241008_071500_59.fit,2024-10-08 07:15:00,0,0,, ,test,190.0,3600.0
939,FITfiles/2024-10-08/UMICH_20241008_073000_59.fit,2024-10-08 07:30:00,0,0,, ,train,190.0,3600.0
941,FITfiles/2024-10-08/UMICH_20241008_074500_59.fit,2024-10-08 07:45:00,0,0,, ,valid,190.0,3600.0
937,FITfiles/2024-10-08/UMICH_20241008_080000_59.fit,2024-10-08 08:00:00,0,0,, ,test,190.0,3600.0
965,FITfiles/2024-10-08/UMICH_20241008_081500_59.fit,2024-10-08 08:15:00,0,0,, ,valid,190.0,3590.0
963,FITfiles/2024-10-08/UMICH_20241008_083000_59.fit,2024-10-08 08:30:00,0,0,, ,train,190.0,3600.0
949,FITfiles/2024-10-08/UMICH_20241008_084500_59.fit,2024-10-08 08:45:00,0,0,, ,train,190.0,3600.0
946,FITfiles/2024-10-08/UMICH_20241008_090000_59.fit,2024-10-08 09:00:00,0,0,, ,train,190.0,3600.0
955,FITfiles/2024-10-08/UMICH_20241008_091500_59.fit,2024-10-08 09:15:00,0,0,, ,valid,190.0,3600.0
961,FITfiles/2024-10-08/UMICH_20241008_093000_59.fit,2024-10-08 09:30:00,0,0,, ,valid,190.0,3600.0
967,FITfiles/2024-10-08/UMICH_20241008_094500_59.fit,2024-10-08 09:45:00,0,0,, ,train,190.0,3600.0
968,FITfiles/2024-10-08/UMICH_20241008_100000_59.fit,2024-10-08 10:00:00,0,0,, ,train,190.0,3600.0
986,FITfiles/2024-10-08/UMICH_20241008_101500_59.fit,2024-10-08 10:15:00,0,0,, ,train,190.0,3600.0
970,FITfiles/2024-10-08/UMICH_20241008_103000_59.fit,2024-10-08 10:30:00,0,0,, ,train,190.0,3600.0
1014,FITfiles/2024-10-08/UMICH_20241008_104500_59.fit,2024-10-08 10:45:00,0,0,, ,train,190.0,3600.0
977,FITfiles/2024-10-08/UMICH_20241008_110000_59.fit,2024-10-08 11:00:00,0,0,, ,train,190.0,3600.0
987,FITfiles/2024-10-08/UMICH_20241008_111500_59.fit,2024-10-08 11:15:00,0,0,, ,valid,190.0,3600.0
980,FITfiles/2024-10-08/UMICH_20241008_113000_59.fit,2024-10-08 11:30:00,0,0,, ,valid,190.0,3600.0
1011,FITfiles/2024-10-08/UMICH_20241008_114500_59.fit,2024-10-08 11:45:00,0,0,, ,train,190.0,3600.0
1002,FITfiles/2024-10-08/UMICH_20241008_120000_59.fit,2024-10-08 12:00:00,0,0,, ,train,190.0,3600.0
1004,FITfiles/2024-10-08/UMICH_20241008_121500_59.fit,2024-10-08 12:15:00,0,0,, ,test,190.0,3590.0
1003,FITfiles/2024-10-08/UMICH_20241008_123000_59.fit,2024-10-08 12:30:00,0,0,, ,train,190.0,3600.0
1046,FITfiles/2024-10-08/UMICH_20241008_124500_59.fit,2024-10-08 12:45:00,0,0,, ,test,190.0,3600.0
1034,FITfiles/2024-10-08/UMICH_20241008_130000_59.fit,2024-10-08 13:00:00,0,0,, ,valid,190.0,3600.0
1026,FITfiles/2024-10-08/UMICH_20241008_131500_59.fit,2024-10-08 13:15:00,0,0,, ,train,190.0,3600.0
1022,FITfiles/2024-10-08/UMICH_20241008_133000_59.fit,2024-10-08 13:30:00,0,0,, ,test,190.0,3600.0
1019,FITfiles/2024-10-08/UMICH_20241008_134500_59.fit,2024-10-08 13:45:00,0,0,, ,train,190.0,3600.0
1032,FITfiles/2024-10-08/UMICH_20241008_140000_59.fit,2024-10-08 14:00:00,0,0,, ,train,190.0,3600.0
1049,FITfiles/2024-10-08/UMICH_20241008_141500_59.fit,2024-10-08 14:15:00,0,0,, ,train,190.0,3590.0
1068,FITfiles/2024-10-08/UMICH_20241008_143000_59.fit,2024-10-08 14:30:00,0,0,, ,train,190.0,3600.0
1039,FITfiles/2024-10-08/UMICH_20241008_144500_59.fit,2024-10-08 14:45:00,0,0,, ,train,190.0,3600.0
1055,FITfiles/2024-10-08/UMICH_20241008_150000_59.fit,2024-10-08 15:00:00,0,0,, ,valid,190.0,3600.0
1058,FITfiles/2024-10-08/UMICH_20241008_151500_59.fit,2024-10-08 15:15:00,0,0,, ,train,190.0,3600.0
1093,FITfiles/2024-10-08/UMICH_20241008_153000_59.fit,2024-10-08 15:30:00,0,0,, ,train,190.0,3600.0
1084,FITfiles/2024-10-08/UMICH_20241008_154500_59.fit,2024-10-08 15:45:00,0,0,, ,train,190.0,3600.0
1083,FITfiles/2024-10-08/UMICH_20241008_160000_59.fit,2024-10-08 16:00:00,0,0,, ,test,190.0,3600.0
1078,FITfiles/2024-10-08/UMICH_20241008_161500_59.fit,2024-10-08 16:15:00,0,0,, ,valid,190.0,3590.0
1108,FITfiles/2024-10-08/UMICH_20241008_163000_59.fit,2024-10-08 16:30:00,0,0,, ,valid,190.0,3600.0
1116,FITfiles/2024-10-08/UMICH_20241008_164500_59.fit,2024-10-08 16:45:00,0,0,, ,train,190.0,3600.0
1102,FITfiles/2024-10-08/UMICH_20241008_170000_59.fit,2024-10-08 17:00:00,0,0,, ,train,190.0,3600.0
1156,FITfiles/2024-10-08/UMICH_20241008_171500_59.fit,2024-10-08 17:15:00,0,0,, ,train,190.0,3600.0
1145,FITfiles/2024-10-08/UMICH_20241008_173000_59.fit,2024-10-08 17:30:00,0,0,, ,test,190.0,3600.0
1126,FITfiles/2024-10-08/UMICH_20241008_174500_59.fit,2024-10-08 17:45:00,0,0,, ,valid,190.0,3600.0
1135,FITfiles/2024-10-08/UMICH_20241008_180000_59.fit,2024-10-08 18:00:00,0,0,, ,train,190.0,3600.0
1129,FITfiles/2024-10-08/UMICH_20241008_181500_59.fit,2024-10-08 18:15:00,0,0,, ,test,190.0,3590.0
1146,FITfiles/2024-10-08/UMICH_20241008_183000_59.fit,2024-10-08 18:30:00,0,0,, ,train,190.0,3600.0
1150,FITfiles/2024-10-08/UMICH_20241008_184500_59.fit,2024-10-08 18:45:00,0,0,, ,train,190.0,3600.0
1169,FITfiles/2024-10-08/UMICH_20241008_190000_59.fit,2024-10-08 19:00:00,0,0,, ,train,190.0,3600.0
1161,FITfiles/2024-10-08/UMICH_20241008_191500_59.fit,2024-10-08 19:15:00,0,0,, ,train,190.0,3600.0
1165,FITfiles/2024-10-08/UMICH_20241008_193000_59.fit,2024-10-08 19:30:00,0,0,, ,train,190.0,3600.0
1172,FITfiles/2024-10-08/UMICH_20241008_194500_59.fit,2024-10-08 19:45:00,0,0,, ,train,190.0,3600.0
1180,FITfiles/2024-10-08/UMICH_20241008_200000_59.fit,2024-10-08 20:00:00,0,0,, ,train,190.0,3600.0
1196,FITfiles/2024-10-08/UMICH_20241008_201500_59.fit,2024-10-08 20:15:00,0,0,, ,test,190.0,3590.0
1191,FITfiles/2024-10-08/UMICH_20241008_203000_59.fit,2024-10-08 20:30:00,0,0,, ,train,190.0,3600.0
1190,FITfiles/2024-10-08/UMICH_20241008_204500_59.fit,2024-10-08 20:45:00,0,0,, ,test,190.0,3589.0
15,FITfiles/2024-10-09/Beelink1_20241009_020903_01.fit,2024-10-09 02:09:03,0,0,, ,train,190.0,3600.0
13,FITfiles/2024-10-09/Beelink1_20241009_022403_01.fit,2024-10-09 02:24:03,0,0,, ,train,190.0,3600.0
16,FITfiles/2024-10-09/Beelink1_20241009_023903_01.fit,2024-10-09 02:39:03,0,0,, ,train,190.0,3600.0
23,FITfiles/2024-10-09/Beelink1_20241009_025403_01.fit,2024-10-09 02:54:03,0,0,, ,test,190.0,3600.0
30,FITfiles/2024-10-09/Beelink1_20241009_030903_01.fit,2024-10-09 03:09:03,0,0,, ,train,190.0,3600.0
53,FITfiles/2024-10-22/Beelink1_20241022_170000_01.fit,2024-10-22 17:00:00,0,0,, ,train,190.0,37.0
7,FITfiles/2024-10-22/Beelink1_20241022_170012_01.fit,2024-10-22 17:00:12,0,0,, ,train,190.0,3600.0
4,FITfiles/2024-10-22/Beelink1_20241022_171512_01.fit,2024-10-22 17:15:12,0,0,, ,train,190.0,3600.0
14,FITfiles/2024-10-22/Beelink1_20241022_173012_01.fit,2024-10-22 17:30:12,0,0,, ,train,190.0,3600.0
3,FITfiles/2024-10-22/Beelink1_20241022_174512_01.fit,2024-10-22 17:45:12,0,0,, ,test,190.0,3600.0
5,FITfiles/2024-10-22/Beelink1_20241022_180012_01.fit,2024-10-22 18:00:12,0,0,, ,train,190.0,3600.0
1,FITfiles/2024-10-22/Beelink1_20241022_181512_01.fit,2024-10-22 18:15:12,0,0,, ,train,190.0,3545.0
0,FITfiles/2024-10-22/Beelink1_20241022_183000_59.fit,2024-10-22 18:30:00,0,0,, ,train,190.0,3600.0
12,FITfiles/2024-10-22/Beelink1_20241022_184500_59.fit,2024-10-22 18:45:00,0,0,, ,train,190.0,3600.0
2,FITfiles/2024-10-22/Beelink1_20241022_190000_59.fit,2024-10-22 19:00:00,0,0,, ,train,190.0,3600.0
6,FITfiles/2024-10-22/Beelink1_20241022_191500_59.fit,2024-10-22 19:15:00,0,0,, ,train,190.0,3600.0
9,FITfiles/2024-10-22/Beelink1_20241022_193000_59.fit,2024-10-22 19:30:00,0,0,, ,test,190.0,3600.0
8,FITfiles/2024-10-22/Beelink1_20241022_194500_59.fit,2024-10-22 19:45:00,0,0,, ,test,190.0,3600.0
26,FITfiles/2024-10-22/Beelink1_20241022_200000_59.fit,2024-10-22 20:00:00,0,0,, ,train,190.0,3600.0
10,FITfiles/2024-10-22/Beelink1_20241022_201500_59.fit,2024-10-22 20:15:00,0,0,, ,train,190.0,3590.0
11,FITfiles/2024-10-22/Beelink1_20241022_203000_59.fit,2024-10-22 20:30:00,0,0,, ,train,190.0,3600.0
18,FITfiles/2024-10-22/Beelink1_20241022_204500_59.fit,2024-10-22 20:45:00,0,0,, ,test,190.0,3590.0
781,FITfiles/2024-10-23/Beelink1_20241023_063000_59.fit,2024-10-23 06:30:00,0,0,, ,train,190.0,3600.0
783,FITfiles/2024-10-23/Beelink1_20241023_064500_59.fit,2024-10-23 06:45:00,0,0,, ,test,190.0,3600.0
773,FITfiles/2024-10-23/Beelink1_20241023_070000_59.fit,2024-10-23 07:00:00,0,0,, ,test,190.0,3600.0
775,FITfiles/2024-10-23/Beelink1_20241023_071500_59.fit,2024-10-23 07:15:00,0,0,, ,valid,190.0,3600.0
820,FITfiles/2024-10-23/Beelink1_20241023_073000_59.fit,2024-10-23 07:30:00,0,0,, ,test,190.0,3600.0
800,FITfiles/2024-10-23/Beelink1_20241023_074500_59.fit,2024-10-23 07:45:00,0,0,, ,train,190.0,3600.0
779,FITfiles/2024-10-23/Beelink1_20241023_080000_59.fit,2024-10-23 08:00:00,0,0,, ,test,190.0,3600.0
791,FITfiles/2024-10-23/Beelink1_20241023_081500_59.fit,2024-10-23 08:15:00,0,0,, ,train,190.0,3590.0
792,FITfiles/2024-10-23/Beelink1_20241023_083000_59.fit,2024-10-23 08:30:00,0,0,, ,valid,190.0,3600.0
797,FITfiles/2024-10-23/Beelink1_20241023_084500_59.fit,2024-10-23 08:45:00,0,0,, ,valid,190.0,3600.0
811,FITfiles/2024-10-23/Beelink1_20241023_090000_59.fit,2024-10-23 09:00:00,0,0,, ,train,190.0,3600.0
799,FITfiles/2024-10-23/Beelink1_20241023_091500_59.fit,2024-10-23 09:15:00,0,0,, ,test,190.0,3600.0
805,FITfiles/2024-10-23/Beelink1_20241023_093000_59.fit,2024-10-23 09:30:00,0,0,, ,train,190.0,3600.0
807,FITfiles/2024-10-23/Beelink1_20241023_094500_59.fit,2024-10-23 09:45:00,0,0,, ,train,190.0,3600.0
804,FITfiles/2024-10-23/Beelink1_20241023_100000_59.fit,2024-10-23 10:00:00,0,0,, ,train,190.0,3600.0
818,FITfiles/2024-10-23/Beelink1_20241023_101500_59.fit,2024-10-23 10:15:00,0,0,, ,valid,190.0,3600.0
817,FITfiles/2024-10-23/Beelink1_20241023_103000_59.fit,2024-10-23 10:30:00,0,0,, ,test,190.0,3600.0
824,FITfiles/2024-10-23/Beelink1_20241023_104500_59.fit,2024-10-23 10:45:00,0,0,, ,valid,190.0,3600.0
854,FITfiles/2024-10-23/Beelink1_20241023_110000_59.fit,2024-10-23 11:00:00,0,0,, ,valid,190.0,3600.0
833,FITfiles/2024-10-23/Beelink1_20241023_111500_59.fit,2024-10-23 11:15:00,0,0,, ,train,190.0,3600.0
828,FITfiles/2024-10-23/Beelink1_20241023_113000_59.fit,2024-10-23 11:30:00,0,0,, ,train,190.0,3600.0
845,FITfiles/2024-10-23/Beelink1_20241023_114501_59.fit,2024-10-23 11:45:01,0,0,, ,train,190.0,3600.0
848,FITfiles/2024-10-23/Beelink1_20241023_120000_59.fit,2024-10-23 12:00:00,0,0,, ,valid,190.0,3600.0
842,FITfiles/2024-10-23/Beelink1_20241023_121501_59.fit,2024-10-23 12:15:01,0,0,, ,train,190.0,3589.0
850,FITfiles/2024-10-23/Beelink1_20241023_123000_59.fit,2024-10-23 12:30:00,0,0,, ,train,190.0,3600.0
856,FITfiles/2024-10-23/Beelink1_20241023_124500_59.fit,2024-10-23 12:45:00,0,0,, ,train,190.0,3600.0
853,FITfiles/2024-10-23/Beelink1_20241023_130000_59.fit,2024-10-23 13:00:00,0,0,, ,test,190.0,3600.0
879,FITfiles/2024-10-23/Beelink1_20241023_131500_59.fit,2024-10-23 13:15:00,0,0,, ,train,190.0,3600.0
876,FITfiles/2024-10-23/Beelink1_20241023_133000_59.fit,2024-10-23 13:30:00,0,0,, ,train,190.0,3600.0
884,FITfiles/2024-10-23/Beelink1_20241023_134500_59.fit,2024-10-23 13:45:00,0,0,, ,test,190.0,3600.0
871,FITfiles/2024-10-23/Beelink1_20241023_140000_59.fit,2024-10-23 14:00:00,0,0,, ,train,190.0,3600.0
877,FITfiles/2024-10-23/Beelink1_20241023_141500_59.fit,2024-10-23 14:15:00,0,0,, ,train,190.0,3590.0
911,FITfiles/2024-10-23/Beelink1_20241023_143000_59.fit,2024-10-23 14:30:00,0,0,, ,test,190.0,3600.0
897,FITfiles/2024-10-23/Beelink1_20241023_144500_59.fit,2024-10-23 14:45:00,0,0,, ,valid,190.0,3600.0
894,FITfiles/2024-10-23/Beelink1_20241023_150000_59.fit,2024-10-23 15:00:00,0,0,, ,train,190.0,3600.0
902,FITfiles/2024-10-23/Beelink1_20241023_151500_59.fit,2024-10-23 15:15:00,0,0,, ,train,190.0,3600.0
931,FITfiles/2024-10-23/Beelink1_20241023_153000_59.fit,2024-10-23 15:30:00,0,0,, ,valid,190.0,3600.0
908,FITfiles/2024-10-23/Beelink1_20241023_154500_59.fit,2024-10-23 15:45:00,0,0,, ,train,190.0,3600.0
913,FITfiles/2024-10-23/Beelink1_20241023_160000_59.fit,2024-10-23 16:00:00,0,0,, ,test,190.0,3600.0
924,FITfiles/2024-10-23/Beelink1_20241023_161500_59.fit,2024-10-23 16:15:00,0,0,, ,train,190.0,3590.0
925,FITfiles/2024-10-23/Beelink1_20241023_163000_59.fit,2024-10-23 16:30:00,0,0,, ,test,190.0,3600.0
926,FITfiles/2024-10-23/Beelink1_20241023_164500_59.fit,2024-10-23 16:45:00,0,0,, ,train,190.0,3600.0
922,FITfiles/2024-10-23/Beelink1_20241023_170000_59.fit,2024-10-23 17:00:00,0,0,, ,train,190.0,3600.0
928,FITfiles/2024-10-23/Beelink1_20241023_171500_59.fit,2024-10-23 17:15:00,0,0,, ,test,190.0,3600.0
940,FITfiles/2024-10-23/Beelink1_20241023_173000_59.fit,2024-10-23 17:30:00,0,0,, ,train,190.0,3600.0
947,FITfiles/2024-10-23/Beelink1_20241023_174500_59.fit,2024-10-23 17:45:00,0,0,, ,valid,190.0,3600.0
950,FITfiles/2024-10-23/Beelink1_20241023_180000_59.fit,2024-10-23 18:00:00,0,0,, ,train,190.0,3600.0
938,FITfiles/2024-10-23/Beelink1_20241023_181500_59.fit,2024-10-23 18:15:00,0,0,, ,train,190.0,3590.0
943,FITfiles/2024-10-23/Beelink1_20241023_183000_59.fit,2024-10-23 18:30:00,0,0,, ,train,190.0,3600.0
962,FITfiles/2024-10-23/Beelink1_20241023_184500_59.fit,2024-10-23 18:45:00,0,0,, ,test,190.0,3600.0
981,FITfiles/2024-10-23/Beelink1_20241023_190000_59.fit,2024-10-23 19:00:00,0,0,, ,test,190.0,3600.0
973,FITfiles/2024-10-23/Beelink1_20241023_191500_59.fit,2024-10-23 19:15:00,0,0,, ,valid,190.0,3600.0
984,FITfiles/2024-10-23/Beelink1_20241023_193000_59.fit,2024-10-23 19:30:00,0,0,, ,train,190.0,3600.0
969,FITfiles/2024-10-23/Beelink1_20241023_194500_59.fit,2024-10-23 19:45:00,0,0,, ,valid,190.0,3600.0
971,FITfiles/2024-10-23/Beelink1_20241023_200000_59.fit,2024-10-23 20:00:00,0,0,, ,test,190.0,3600.0
976,FITfiles/2024-10-23/Beelink1_20241023_201500_59.fit,2024-10-23 20:15:00,0,0,, ,train,190.0,3590.0
979,FITfiles/2024-10-23/Beelink1_20241023_203000_59.fit,2024-10-23 20:30:00,0,0,, ,train,190.0,3600.0
992,FITfiles/2024-10-23/Beelink1_20241023_204500_59.fit,2024-10-23 20:45:00,0,0,, ,train,190.0,3590.0
1085,FITfiles/2024-10-24/Beelink1_20241024_063000_59.fit,2024-10-24 06:30:00,0,0,, ,train,190.0,3600.0
1056,FITfiles/2024-10-24/Beelink1_20241024_064500_59.fit,2024-10-24 06:45:00,0,0,, ,valid,190.0,3600.0
1052,FITfiles/2024-10-24/Beelink1_20241024_070000_59.fit,2024-10-24 07:00:00,0,0,, ,test,190.0,3600.0
1075,FITfiles/2024-10-24/Beelink1_20241024_071500_59.fit,2024-10-24 07:15:00,0,0,, ,valid,190.0,3600.0
1070,FITfiles/2024-10-24/Beelink1_20241024_073000_59.fit,2024-10-24 07:30:00,0,0,, ,train,190.0,3600.0
1091,FITfiles/2024-10-24/Beelink1_20241024_074500_59.fit,2024-10-24 07:45:00,0,0,, ,test,190.0,3600.0
1094,FITfiles/2024-10-24/Beelink1_20241024_080000_59.fit,2024-10-24 08:00:00,0,0,, ,valid,190.0,3600.0
1106,FITfiles/2024-10-24/Beelink1_20241024_081500_59.fit,2024-10-24 08:15:00,0,0,, ,train,190.0,3589.0
1107,FITfiles/2024-10-24/Beelink1_20241024_083000_59.fit,2024-10-24 08:30:00,0,0,, ,train,190.0,3600.0
1123,FITfiles/2024-10-24/Beelink1_20241024_084500_59.fit,2024-10-24 08:45:00,0,0,, ,valid,190.0,3600.0
1122,FITfiles/2024-10-24/Beelink1_20241024_090000_59.fit,2024-10-24 09:00:00,0,0,, ,train,190.0,3600.0
1149,FITfiles/2024-10-24/Beelink1_20241024_091500_59.fit,2024-10-24 09:15:00,0,0,, ,train,190.0,3600.0
1128,FITfiles/2024-10-24/Beelink1_20241024_093000_59.fit,2024-10-24 09:30:00,0,0,, ,train,190.0,3600.0
1142,FITfiles/2024-10-24/Beelink1_20241024_094500_59.fit,2024-10-24 09:45:00,0,0,, ,train,190.0,3600.0
1186,FITfiles/2024-10-24/Beelink1_20241024_100000_59.fit,2024-10-24 10:00:00,0,0,, ,train,190.0,3600.0
1162,FITfiles/2024-10-24/Beelink1_20241024_101500_59.fit,2024-10-24 10:15:00,0,0,, ,train,190.0,3600.0
1166,FITfiles/2024-10-24/Beelink1_20241024_103000_59.fit,2024-10-24 10:30:00,0,0,, ,train,190.0,3600.0
1177,FITfiles/2024-10-24/Beelink1_20241024_104500_59.fit,2024-10-24 10:45:00,0,0,, ,train,190.0,3600.0
1195,FITfiles/2024-10-24/Beelink1_20241024_110000_59.fit,2024-10-24 11:00:00,0,0,, ,train,190.0,3600.0
1219,FITfiles/2024-10-24/Beelink1_20241024_111500_59.fit,2024-10-24 11:15:00,0,0,, ,test,190.0,3600.0
1205,FITfiles/2024-10-24/Beelink1_20241024_113000_59.fit,2024-10-24 11:30:00,0,0,, ,train,190.0,3600.0
1213,FITfiles/2024-10-24/Beelink1_20241024_114500_59.fit,2024-10-24 11:45:00,0,0,, ,train,190.0,3600.0
1236,FITfiles/2024-10-24/Beelink1_20241024_120000_59.fit,2024-10-24 12:00:00,0,0,, ,train,190.0,3600.0
1224,FITfiles/2024-10-24/Beelink1_20241024_121500_59.fit,2024-10-24 12:15:00,0,0,, ,train,190.0,3589.0
1239,FITfiles/2024-10-24/Beelink1_20241024_123000_59.fit,2024-10-24 12:30:00,0,0,, ,train,190.0,3600.0
1237,FITfiles/2024-10-24/Beelink1_20241024_124500_59.fit,2024-10-24 12:45:00,0,0,, ,train,190.0,3600.0
1260,FITfiles/2024-10-24/Beelink1_20241024_130000_59.fit,2024-10-24 13:00:00,0,0,, ,train,190.0,3600.0
1264,FITfiles/2024-10-24/Beelink1_20241024_131500_59.fit,2024-10-24 13:15:00,0,0,, ,test,190.0,3600.0
1251,FITfiles/2024-10-24/Beelink1_20241024_133000_59.fit,2024-10-24 13:30:00,0,0,, ,valid,190.0,3600.0
1267,FITfiles/2024-10-24/Beelink1_20241024_134500_59.fit,2024-10-24 13:45:00,0,0,, ,train,190.0,3600.0
1270,FITfiles/2024-10-24/Beelink1_20241024_140000_59.fit,2024-10-24 14:00:00,0,0,, ,train,190.0,3600.0
1284,FITfiles/2024-10-24/Beelink1_20241024_141500_59.fit,2024-10-24 14:15:00,0,0,, ,train,190.0,3590.0
1268,FITfiles/2024-10-24/Beelink1_20241024_143000_59.fit,2024-10-24 14:30:00,0,0,, ,train,190.0,3600.0
1273,FITfiles/2024-10-24/Beelink1_20241024_144500_59.fit,2024-10-24 14:45:00,0,0,, ,train,190.0,3600.0
1282,FITfiles/2024-10-24/Beelink1_20241024_150000_59.fit,2024-10-24 15:00:00,0,0,, ,valid,190.0,3600.0
1283,FITfiles/2024-10-24/Beelink1_20241024_151500_59.fit,2024-10-24 15:15:00,0,0,, ,train,190.0,3600.0
1287,FITfiles/2024-10-24/Beelink1_20241024_153000_59.fit,2024-10-24 15:30:00,0,0,, ,test,190.0,3600.0
1288,FITfiles/2024-10-24/Beelink1_20241024_154500_59.fit,2024-10-24 15:45:00,0,0,, ,train,190.0,3600.0
1320,FITfiles/2024-10-24/Beelink1_20241024_160000_59.fit,2024-10-24 16:00:00,0,0,, ,valid,190.0,3600.0
1314,FITfiles/2024-10-24/Beelink1_20241024_161500_59.fit,2024-10-24 16:15:00,0,0,, ,test,190.0,3591.0
1304,FITfiles/2024-10-24/Beelink1_20241024_163000_59.fit,2024-10-24 16:30:00,0,0,, ,train,190.0,3600.0
1307,FITfiles/2024-10-24/Beelink1_20241024_164500_59.fit,2024-10-24 16:45:00,0,0,, ,train,190.0,3600.0
1333,FITfiles/2024-10-24/Beelink1_20241024_170000_59.fit,2024-10-24 17:00:00,0,0,, ,train,190.0,3600.0
1317,FITfiles/2024-10-24/Beelink1_20241024_171500_59.fit,2024-10-24 17:15:00,0,0,, ,valid,190.0,3600.0
1325,FITfiles/2024-10-24/Beelink1_20241024_173000_59.fit,2024-10-24 17:30:00,0,0,, ,test,190.0,3600.0
1329,FITfiles/2024-10-24/Beelink1_20241024_174500_59.fit,2024-10-24 17:45:00,0,0,, ,train,190.0,3600.0
1344,FITfiles/2024-10-24/Beelink1_20241024_180000_59.fit,2024-10-24 18:00:00,0,0,, ,train,190.0,3600.0
1358,FITfiles/2024-10-24/Beelink1_20241024_181500_59.fit,2024-10-24 18:15:00,0,0,, ,test,190.0,3590.0
1340,FITfiles/2024-10-24/Beelink1_20241024_183000_59.fit,2024-10-24 18:30:00,0,0,, ,train,190.0,3600.0
1352,FITfiles/2024-10-24/Beelink1_20241024_184500_59.fit,2024-10-24 18:45:00,0,0,, ,train,190.0,3600.0
1376,FITfiles/2024-10-24/Beelink1_20241024_190000_59.fit,2024-10-24 19:00:00,0,0,, ,train,190.0,3600.0
1383,FITfiles/2024-10-24/Beelink1_20241024_191500_59.fit,2024-10-24 19:15:00,0,0,, ,train,190.0,3600.0
1373,FITfiles/2024-10-24/Beelink1_20241024_193000_59.fit,2024-10-24 19:30:00,0,0,, ,test,190.0,3600.0
1368,FITfiles/2024-10-24/Beelink1_20241024_194500_59.fit,2024-10-24 19:45:00,0,0,, ,train,190.0,3600.0
1384,FITfiles/2024-10-24/Beelink1_20241024_200000_59.fit,2024-10-24 20:00:00,0,0,, ,valid,190.0,3600.0
1389,FITfiles/2024-10-24/Beelink1_20241024_201500_59.fit,2024-10-24 20:15:00,0,0,, ,train,190.0,3589.0
1386,FITfiles/2024-10-24/Beelink1_20241024_203000_59.fit,2024-10-24 20:30:00,0,0,, ,valid,190.0,3600.0
1392,FITfiles/2024-10-24/Beelink1_20241024_204500_59.fit,2024-10-24 20:45:00,0,0,, ,train,190.0,3590.0
25,FITfiles/2024-10-25/Beelink1_20241025_063000_59.fit,2024-10-25 06:30:00,0,0,, ,train,190.0,3600.0
32,FITfiles/2024-10-25/Beelink1_20241025_064500_59.fit,2024-10-25 06:45:00,0,0,, ,test,190.0,3600.0
17,FITfiles/2024-10-25/Beelink1_20241025_070000_59.fit,2024-10-25 07:00:00,0,0,, ,train,190.0,3600.0
19,FITfiles/2024-10-25/Beelink1_20241025_071500_59.fit,2024-10-25 07:15:00,0,0,, ,train,190.0,3600.0
20,FITfiles/2024-10-25/Beelink1_20241025_073000_59.fit,2024-10-25 07:30:00,0,0,, ,valid,190.0,3600.0
22,FITfiles/2024-10-25/Beelink1_20241025_074500_59.fit,2024-10-25 07:45:00,0,0,, ,test,190.0,3600.0
21,FITfiles/2024-10-25/Beelink1_20241025_080000_59.fit,2024-10-25 08:00:00,0,0,, ,train,190.0,3600.0
27,FITfiles/2024-10-25/Beelink1_20241025_081500_59.fit,2024-10-25 08:15:00,0,0,, ,train,190.0,3590.0
29,FITfiles/2024-10-25/Beelink1_20241025_083000_59.fit,2024-10-25 08:30:00,0,0,, ,train,190.0,3600.0
37,FITfiles/2024-10-25/Beelink1_20241025_084500_59.fit,2024-10-25 08:45:00,0,0,, ,valid,190.0,3600.0
24,FITfiles/2024-10-25/Beelink1_20241025_090000_59.fit,2024-10-25 09:00:00,0,0,, ,train,190.0,3600.0
28,FITfiles/2024-10-25/Beelink1_20241025_091500_59.fit,2024-10-25 09:15:00,0,0,, ,train,190.0,3600.0
44,FITfiles/2024-10-25/Beelink1_20241025_093000_59.fit,2024-10-25 09:30:00,0,0,, ,train,190.0,3600.0
31,FITfiles/2024-10-25/Beelink1_20241025_094500_59.fit,2024-10-25 09:45:00,0,0,, ,train,190.0,3600.0
51,FITfiles/2024-10-25/Beelink1_20241025_100000_59.fit,2024-10-25 10:00:00,0,0,, ,valid,190.0,3600.0
39,FITfiles/2024-10-25/Beelink1_20241025_101500_59.fit,2024-10-25 10:15:00,0,0,, ,train,190.0,3600.0
76,FITfiles/2024-10-25/Beelink1_20241025_103000_59.fit,2024-10-25 10:30:00,0,0,, ,train,190.0,3600.0
33,FITfiles/2024-10-25/Beelink1_20241025_104500_59.fit,2024-10-25 10:45:00,0,0,, ,train,190.0,3600.0
58,FITfiles/2024-10-25/Beelink1_20241025_110000_59.fit,2024-10-25 11:00:00,0,0,, ,train,190.0,3600.0
55,FITfiles/2024-10-25/Beelink1_20241025_111500_59.fit,2024-10-25 11:15:00,0,0,, ,test,190.0,3600.0
34,FITfiles/2024-10-25/Beelink1_20241025_113000_59.fit,2024-10-25 11:30:00,0,0,, ,train,190.0,3600.0
43,FITfiles/2024-10-25/Beelink1_20241025_114500_59.fit,2024-10-25 11:45:00,0,0,, ,test,190.0,3600.0
49,FITfiles/2024-10-25/Beelink1_20241025_120000_59.fit,2024-10-25 12:00:00,0,0,, ,train,190.0,3600.0
36,FITfiles/2024-10-25/Beelink1_20241025_121500_59.fit,2024-10-25 12:15:00,0,0,, ,test,190.0,3590.0
57,FITfiles/2024-10-25/Beelink1_20241025_123000_59.fit,2024-10-25 12:30:00,0,0,, ,test,190.0,3600.0
64,FITfiles/2024-10-25/Beelink1_20241025_124500_59.fit,2024-10-25 12:45:00,0,0,, ,test,190.0,3600.0
35,FITfiles/2024-10-25/Beelink1_20241025_130000_59.fit,2024-10-25 13:00:00,0,0,, ,train,190.0,3600.0
38,FITfiles/2024-10-25/Beelink1_20241025_131500_59.fit,2024-10-25 13:15:00,0,0,, ,test,190.0,3600.0
50,FITfiles/2024-10-25/Beelink1_20241025_133000_59.fit,2024-10-25 13:30:00,0,0,, ,valid,190.0,3600.0
47,FITfiles/2024-10-25/Beelink1_20241025_134500_59.fit,2024-10-25 13:45:00,0,0,, ,train,190.0,3600.0
40,FITfiles/2024-10-25/Beelink1_20241025_140000_59.fit,2024-10-25 14:00:00,0,0,, ,train,190.0,3600.0
45,FITfiles/2024-10-25/Beelink1_20241025_141500_59.fit,2024-10-25 14:15:00,0,0,, ,train,190.0,3590.0
48,FITfiles/2024-10-25/Beelink1_20241025_143000_59.fit,2024-10-25 14:30:00,0,0,, ,valid,190.0,3600.0
41,FITfiles/2024-10-25/Beelink1_20241025_144500_59.fit,2024-10-25 14:45:00,0,0,, ,train,190.0,3600.0
42,FITfiles/2024-10-25/Beelink1_20241025_150000_59.fit,2024-10-25 15:00:00,0,0,, ,valid,190.0,3600.0
80,FITfiles/2024-10-25/Beelink1_20241025_151500_59.fit,2024-10-25 15:15:00,0,0,, ,valid,190.0,3600.0
72,FITfiles/2024-10-25/Beelink1_20241025_153000_59.fit,2024-10-25 15:30:00,0,0,, ,train,190.0,3600.0
46,FITfiles/2024-10-25/Beelink1_20241025_154500_59.fit,2024-10-25 15:45:00,0,0,, ,test,190.0,3600.0
69,FITfiles/2024-10-25/Beelink1_20241025_160000_59.fit,2024-10-25 16:00:00,0,0,, ,train,190.0,3600.0
74,FITfiles/2024-10-25/Beelink1_20241025_161500_59.fit,2024-10-25 16:15:00,0,0,, ,train,190.0,3589.0
52,FITfiles/2024-10-25/Beelink1_20241025_163000_59.fit,2024-10-25 16:30:00,0,0,, ,train,190.0,3600.0
60,FITfiles/2024-10-25/Beelink1_20241025_164500_59.fit,2024-10-25 16:45:00,0,0,, ,train,190.0,3600.0
70,FITfiles/2024-10-25/Beelink1_20241025_170000_59.fit,2024-10-25 17:00:00,0,0,, ,test,190.0,3600.0
103,FITfiles/2024-10-25/Beelink1_20241025_171500_59.fit,2024-10-25 17:15:00,0,0,, ,train,190.0,3600.0
54,FITfiles/2024-10-25/Beelink1_20241025_173000_59.fit,2024-10-25 17:30:00,0,0,, ,valid,190.0,3600.0
59,FITfiles/2024-10-25/Beelink1_20241025_174500_59.fit,2024-10-25 17:45:00,0,0,, ,valid,190.0,3600.0
63,FITfiles/2024-10-25/Beelink1_20241025_180000_59.fit,2024-10-25 18:00:00,0,0,, ,train,190.0,3600.0
68,FITfiles/2024-10-25/Beelink1_20241025_181500_59.fit,2024-10-25 18:15:00,0,0,, ,test,190.0,3590.0
62,FITfiles/2024-10-25/Beelink1_20241025_183000_59.fit,2024-10-25 18:30:00,0,0,, ,valid,190.0,3600.0
61,FITfiles/2024-10-25/Beelink1_20241025_184500_59.fit,2024-10-25 18:45:00,0,0,, ,train,190.0,3600.0
67,FITfiles/2024-10-25/Beelink1_20241025_190000_59.fit,2024-10-25 19:00:00,0,0,, ,train,190.0,3600.0
65,FITfiles/2024-10-25/Beelink1_20241025_191500_59.fit,2024-10-25 19:15:00,0,0,, ,valid,190.0,3600.0
66,FITfiles/2024-10-25/Beelink1_20241025_193000_59.fit,2024-10-25 19:30:00,0,0,, ,test,190.0,3600.0
56,FITfiles/2024-10-25/Beelink1_20241025_194500_59.fit,2024-10-25 19:45:00,0,0,, ,train,190.0,3600.0
73,FITfiles/2024-10-25/Beelink1_20241025_200000_59.fit,2024-10-25 20:00:00,0,0,, ,train,190.0,3600.0
113,FITfiles/2024-10-25/Beelink1_20241025_201500_59.fit,2024-10-25 20:15:00,0,0,, ,train,190.0,3590.0
102,FITfiles/2024-10-25/Beelink1_20241025_203000_59.fit,2024-10-25 20:30:00,0,0,, ,test,190.0,3600.0
82,FITfiles/2024-10-25/Beelink1_20241025_204500_59.fit,2024-10-25 20:45:00,0,0,, ,valid,190.0,3590.0
1296,FITfiles/2024-10-26/Beelink1_20241026_063000_59.fit,2024-10-26 06:30:00,0,0,, ,train,190.0,3600.0
1313,FITfiles/2024-10-26/Beelink1_20241026_064500_59.fit,2024-10-26 06:45:00,0,0,, ,train,190.0,3600.0
1300,FITfiles/2024-10-26/Beelink1_20241026_070000_59.fit,2024-10-26 07:00:00,0,0,, ,train,190.0,3600.0
1335,FITfiles/2024-10-26/Beelink1_20241026_071500_59.fit,2024-10-26 07:15:00,0,0,, ,train,190.0,3600.0
1327,FITfiles/2024-10-26/Beelink1_20241026_073000_59.fit,2024-10-26 07:30:00,0,0,, ,test,190.0,3600.0
1332,FITfiles/2024-10-26/Beelink1_20241026_074500_59.fit,2024-10-26 07:45:00,0,0,, ,test,190.0,3600.0
1319,FITfiles/2024-10-26/Beelink1_20241026_080000_59.fit,2024-10-26 08:00:00,0,0,, ,train,190.0,3600.0
1350,FITfiles/2024-10-26/Beelink1_20241026_081500_59.fit,2024-10-26 08:15:00,0,0,, ,train,190.0,3589.0
1382,FITfiles/2024-10-26/Beelink1_20241026_083000_59.fit,2024-10-26 08:30:00,0,0,, ,valid,190.0,3600.0
1356,FITfiles/2024-10-26/Beelink1_20241026_084500_59.fit,2024-10-26 08:45:00,0,0,, ,train,190.0,3600.0
1326,FITfiles/2024-10-26/Beelink1_20241026_090000_59.fit,2024-10-26 09:00:00,0,0,, ,train,190.0,3600.0
1330,FITfiles/2024-10-26/Beelink1_20241026_091500_59.fit,2024-10-26 09:15:00,0,0,, ,train,190.0,3600.0
1338,FITfiles/2024-10-26/Beelink1_20241026_093000_59.fit,2024-10-26 09:30:00,0,0,, ,train,190.0,3600.0
1346,FITfiles/2024-10-26/Beelink1_20241026_094500_59.fit,2024-10-26 09:45:00,0,0,, ,train,190.0,3600.0
1349,FITfiles/2024-10-26/Beelink1_20241026_100000_59.fit,2024-10-26 10:00:00,0,0,, ,train,190.0,3600.0
1354,FITfiles/2024-10-26/Beelink1_20241026_101500_59.fit,2024-10-26 10:15:00,0,0,, ,train,190.0,3600.0
1359,FITfiles/2024-10-26/Beelink1_20241026_103000_59.fit,2024-10-26 10:30:00,0,0,, ,test,190.0,3600.0
1361,FITfiles/2024-10-26/Beelink1_20241026_104500_59.fit,2024-10-26 10:45:00,0,0,, ,train,190.0,3600.0
1381,FITfiles/2024-10-26/Beelink1_20241026_110000_59.fit,2024-10-26 11:00:00,0,0,, ,valid,190.0,3600.0
1371,FITfiles/2024-10-26/Beelink1_20241026_111500_59.fit,2024-10-26 11:15:00,0,0,, ,valid,190.0,3600.0
1374,FITfiles/2024-10-26/Beelink1_20241026_113000_59.fit,2024-10-26 11:30:00,0,0,, ,test,190.0,3600.0
1402,FITfiles/2024-10-26/Beelink1_20241026_114500_59.fit,2024-10-26 11:45:00,0,0,, ,valid,190.0,3600.0
1403,FITfiles/2024-10-26/Beelink1_20241026_120000_59.fit,2024-10-26 12:00:00,0,0,, ,valid,190.0,3600.0
1406,FITfiles/2024-10-26/Beelink1_20241026_121500_59.fit,2024-10-26 12:15:00,0,0,, ,train,190.0,3589.0
1408,FITfiles/2024-10-26/Beelink1_20241026_123000_59.fit,2024-10-26 12:30:00,0,0,, ,test,190.0,3600.0
1412,FITfiles/2024-10-26/Beelink1_20241026_124500_59.fit,2024-10-26 12:45:00,0,0,, ,train,190.0,3600.0
1415,FITfiles/2024-10-26/Beelink1_20241026_130000_59.fit,2024-10-26 13:00:00,0,0,, ,train,190.0,3600.0
1418,FITfiles/2024-10-26/Beelink1_20241026_131500_59.fit,2024-10-26 13:15:00,0,0,, ,valid,190.0,3600.0
1420,FITfiles/2024-10-26/Beelink1_20241026_133000_59.fit,2024-10-26 13:30:00,0,0,, ,test,190.0,3600.0
1423,FITfiles/2024-10-26/Beelink1_20241026_134500_59.fit,2024-10-26 13:45:00,0,0,, ,train,190.0,3600.0
1425,FITfiles/2024-10-26/Beelink1_20241026_140000_59.fit,2024-10-26 14:00:00,0,0,, ,train,190.0,3600.0
1430,FITfiles/2024-10-26/Beelink1_20241026_141500_59.fit,2024-10-26 14:15:00,0,0,, ,train,190.0,3589.0
1429,FITfiles/2024-10-26/Beelink1_20241026_143000_59.fit,2024-10-26 14:30:00,0,0,, ,train,190.0,3600.0
1433,FITfiles/2024-10-26/Beelink1_20241026_144500_59.fit,2024-10-26 14:45:00,0,0,, ,train,190.0,3600.0
1434,FITfiles/2024-10-26/Beelink1_20241026_150000_59.fit,2024-10-26 15:00:00,0,0,, ,train,190.0,3600.0
1437,FITfiles/2024-10-26/Beelink1_20241026_151500_59.fit,2024-10-26 15:15:00,0,0,, ,train,190.0,3600.0
1438,FITfiles/2024-10-26/Beelink1_20241026_153000_59.fit,2024-10-26 15:30:00,0,0,, ,valid,190.0,3600.0
1440,FITfiles/2024-10-26/Beelink1_20241026_154500_59.fit,2024-10-26 15:45:00,0,0,, ,valid,190.0,3600.0
1442,FITfiles/2024-10-26/Beelink1_20241026_160000_59.fit,2024-10-26 16:00:00,0,0,, ,valid,190.0,3600.0
1443,FITfiles/2024-10-26/Beelink1_20241026_161500_59.fit,2024-10-26 16:15:00,0,0,, ,valid,190.0,3590.0
1446,FITfiles/2024-10-26/Beelink1_20241026_163000_59.fit,2024-10-26 16:30:00,0,0,, ,test,190.0,3600.0
1448,FITfiles/2024-10-26/Beelink1_20241026_164500_59.fit,2024-10-26 16:45:00,0,0,, ,train,190.0,3600.0
1450,FITfiles/2024-10-26/Beelink1_20241026_170000_59.fit,2024-10-26 17:00:00,0,0,, ,train,190.0,3600.0
1452,FITfiles/2024-10-26/Beelink1_20241026_171500_59.fit,2024-10-26 17:15:00,0,0,, ,test,190.0,3600.0
1454,FITfiles/2024-10-26/Beelink1_20241026_173000_59.fit,2024-10-26 17:30:00,0,0,, ,train,190.0,3600.0
1456,FITfiles/2024-10-26/Beelink1_20241026_174500_59.fit,2024-10-26 17:45:00,0,0,, ,valid,190.0,3600.0
1459,FITfiles/2024-10-26/Beelink1_20241026_180000_59.fit,2024-10-26 18:00:00,0,0,, ,train,190.0,3600.0
1461,FITfiles/2024-10-26/Beelink1_20241026_181500_59.fit,2024-10-26 18:15:00,0,0,, ,valid,190.0,3590.0
1462,FITfiles/2024-10-26/Beelink1_20241026_183000_59.fit,2024-10-26 18:30:00,0,0,, ,train,190.0,3600.0
1463,FITfiles/2024-10-26/Beelink1_20241026_184500_59.fit,2024-10-26 18:45:00,0,0,, ,train,190.0,3600.0
1465,FITfiles/2024-10-26/Beelink1_20241026_190000_59.fit,2024-10-26 19:00:00,0,0,, ,train,190.0,3600.0
1464,FITfiles/2024-10-26/Beelink1_20241026_191500_59.fit,2024-10-26 19:15:00,0,0,, ,train,190.0,3600.0
1467,FITfiles/2024-10-26/Beelink1_20241026_193000_59.fit,2024-10-26 19:30:00,0,0,, ,train,190.0,3600.0
1470,FITfiles/2024-10-26/Beelink1_20241026_194500_59.fit,2024-10-26 19:45:00,0,0,, ,train,190.0,3600.0
1466,FITfiles/2024-10-26/Beelink1_20241026_200000_59.fit,2024-10-26 20:00:00,0,0,, ,test,190.0,3600.0
1468,FITfiles/2024-10-26/Beelink1_20241026_201500_59.fit,2024-10-26 20:15:00,0,0,, ,train,190.0,3589.0
1469,FITfiles/2024-10-26/Beelink1_20241026_203000_59.fit,2024-10-26 20:30:00,0,0,, ,train,190.0,3600.0
1471,FITfiles/2024-10-26/Beelink1_20241026_204500_59.fit,2024-10-26 20:45:00,0,0,, ,train,190.0,3590.0
9639,FITfiles/2024-10-27/Beelink1_20241027_063000_59.fit,2024-10-27 06:30:00,0,0,, ,test,190.0,3600.0
9647,FITfiles/2024-10-27/Beelink1_20241027_064500_59.fit,2024-10-27 06:45:00,0,0,, ,test,190.0,3600.0
9649,FITfiles/2024-10-27/Beelink1_20241027_070000_59.fit,2024-10-27 07:00:00,0,0,, ,valid,190.0,3600.0
9642,FITfiles/2024-10-27/Beelink1_20241027_071500_59.fit,2024-10-27 07:15:00,0,0,, ,train,190.0,3600.0
9650,FITfiles/2024-10-27/Beelink1_20241027_073000_59.fit,2024-10-27 07:30:00,0,0,, ,train,190.0,3600.0
9653,FITfiles/2024-10-27/Beelink1_20241027_074500_59.fit,2024-10-27 07:45:00,0,0,, ,train,190.0,3600.0
9656,FITfiles/2024-10-27/Beelink1_20241027_080000_59.fit,2024-10-27 08:00:00,0,0,, ,test,190.0,3600.0
9664,FITfiles/2024-10-27/Beelink1_20241027_081500_59.fit,2024-10-27 08:15:00,0,0,, ,train,190.0,3590.0
9725,FITfiles/2024-10-27/Beelink1_20241027_083000_59.fit,2024-10-27 08:30:00,0,0,, ,train,190.0,3600.0
9661,FITfiles/2024-10-27/Beelink1_20241027_084500_59.fit,2024-10-27 08:45:00,0,0,, ,valid,190.0,3600.0
9654,FITfiles/2024-10-27/Beelink1_20241027_090000_59.fit,2024-10-27 09:00:00,0,0,, ,train,190.0,3600.0
9660,FITfiles/2024-10-27/Beelink1_20241027_091500_59.fit,2024-10-27 09:15:00,0,0,, ,valid,190.0,3600.0
9663,FITfiles/2024-10-27/Beelink1_20241027_093000_59.fit,2024-10-27 09:30:00,0,0,, ,test,190.0,3600.0
9689,FITfiles/2024-10-27/Beelink1_20241027_094500_59.fit,2024-10-27 09:45:00,0,0,, ,valid,190.0,3600.0
9667,FITfiles/2024-10-27/Beelink1_20241027_100000_59.fit,2024-10-27 10:00:00,0,0,, ,train,190.0,3600.0
9686,FITfiles/2024-10-27/Beelink1_20241027_101500_59.fit,2024-10-27 10:15:00,0,0,, ,valid,190.0,3600.0
9672,FITfiles/2024-10-27/Beelink1_20241027_103000_59.fit,2024-10-27 10:30:00,0,0,, ,train,190.0,3600.0
9676,FITfiles/2024-10-27/Beelink1_20241027_104500_59.fit,2024-10-27 10:45:00,0,0,, ,train,190.0,3600.0
9675,FITfiles/2024-10-27/Beelink1_20241027_110000_59.fit,2024-10-27 11:00:00,0,0,, ,train,190.0,3600.0
9690,FITfiles/2024-10-27/Beelink1_20241027_111500_59.fit,2024-10-27 11:15:00,0,0,, ,valid,190.0,3600.0
9685,FITfiles/2024-10-27/Beelink1_20241027_113000_59.fit,2024-10-27 11:30:00,0,0,, ,valid,190.0,3600.0
9682,FITfiles/2024-10-27/Beelink1_20241027_114500_59.fit,2024-10-27 11:45:00,0,0,, ,train,190.0,3600.0
9688,FITfiles/2024-10-27/Beelink1_20241027_120000_59.fit,2024-10-27 12:00:00,0,0,, ,test,190.0,3600.0
9700,FITfiles/2024-10-27/Beelink1_20241027_121500_59.fit,2024-10-27 12:15:00,0,0,, ,train,190.0,3590.0
9693,FITfiles/2024-10-27/Beelink1_20241027_123000_59.fit,2024-10-27 12:30:00,0,0,, ,test,190.0,3600.0
9698,FITfiles/2024-10-27/Beelink1_20241027_124500_59.fit,2024-10-27 12:45:00,0,0,, ,train,190.0,3600.0
9694,FITfiles/2024-10-27/Beelink1_20241027_130000_59.fit,2024-10-27 13:00:00,0,0,, ,test,190.0,3600.0
9683,FITfiles/2024-10-27/Beelink1_20241027_131500_59.fit,2024-10-27 13:15:00,0,0,, ,test,190.0,3600.0
9695,FITfiles/2024-10-27/Beelink1_20241027_133000_59.fit,2024-10-27 13:30:00,0,0,, ,train,190.0,3600.0
9701,FITfiles/2024-10-27/Beelink1_20241027_134500_59.fit,2024-10-27 13:45:00,0,0,, ,test,190.0,3600.0
9709,FITfiles/2024-10-27/Beelink1_20241027_140000_59.fit,2024-10-27 14:00:00,0,0,, ,test,190.0,3600.0
9703,FITfiles/2024-10-27/Beelink1_20241027_141500_59.fit,2024-10-27 14:15:00,0,0,, ,test,190.0,3590.0
9697,FITfiles/2024-10-27/Beelink1_20241027_143000_59.fit,2024-10-27 14:30:00,0,0,, ,train,190.0,3600.0
9684,FITfiles/2024-10-27/Beelink1_20241027_144500_59.fit,2024-10-27 14:45:00,0,0,, ,train,190.0,3600.0
9692,FITfiles/2024-10-27/Beelink1_20241027_150000_59.fit,2024-10-27 15:00:00,0,0,, ,test,190.0,3600.0
9687,FITfiles/2024-10-27/Beelink1_20241027_151500_59.fit,2024-10-27 15:15:00,0,0,, ,valid,190.0,3600.0
9691,FITfiles/2024-10-27/Beelink1_20241027_153000_59.fit,2024-10-27 15:30:00,0,0,, ,train,190.0,3600.0
9714,FITfiles/2024-10-27/Beelink1_20241027_154500_59.fit,2024-10-27 15:45:00,0,0,, ,train,190.0,3600.0
9707,FITfiles/2024-10-27/Beelink1_20241027_160000_59.fit,2024-10-27 16:00:00,0,0,, ,train,190.0,3600.0
9699,FITfiles/2024-10-27/Beelink1_20241027_161500_59.fit,2024-10-27 16:15:00,0,0,, ,train,190.0,3590.0
9702,FITfiles/2024-10-27/Beelink1_20241027_163000_59.fit,2024-10-27 16:30:00,0,0,, ,train,190.0,3600.0
9706,FITfiles/2024-10-27/Beelink1_20241027_164500_59.fit,2024-10-27 16:45:00,0,0,, ,test,190.0,3600.0
9723,FITfiles/2024-10-27/Beelink1_20241027_170000_59.fit,2024-10-27 17:00:00,0,0,, ,train,190.0,3600.0
9696,FITfiles/2024-10-27/Beelink1_20241027_171500_59.fit,2024-10-27 17:15:00,0,0,, ,train,190.0,3600.0
9724,FITfiles/2024-10-27/Beelink1_20241027_173000_59.fit,2024-10-27 17:30:00,0,0,, ,train,190.0,3600.0
9710,FITfiles/2024-10-27/Beelink1_20241027_174500_59.fit,2024-10-27 17:45:00,0,0,, ,valid,190.0,3600.0
9716,FITfiles/2024-10-27/Beelink1_20241027_180000_59.fit,2024-10-27 18:00:00,0,0,, ,train,190.0,3600.0
9708,FITfiles/2024-10-27/Beelink1_20241027_181500_59.fit,2024-10-27 18:15:00,0,0,, ,test,190.0,3590.0
9705,FITfiles/2024-10-27/Beelink1_20241027_183000_59.fit,2024-10-27 18:30:00,0,0,, ,train,190.0,3600.0
9704,FITfiles/2024-10-27/Beelink1_20241027_184500_59.fit,2024-10-27 18:45:00,0,0,, ,train,190.0,3600.0
9718,FITfiles/2024-10-27/Beelink1_20241027_190000_59.fit,2024-10-27 19:00:00,0,0,, ,train,190.0,3600.0
9711,FITfiles/2024-10-27/Beelink1_20241027_191500_59.fit,2024-10-27 19:15:00,0,0,, ,train,190.0,3600.0
9717,FITfiles/2024-10-27/Beelink1_20241027_193000_59.fit,2024-10-27 19:30:00,0,0,, ,test,190.0,3600.0
9721,FITfiles/2024-10-27/Beelink1_20241027_194500_59.fit,2024-10-27 19:45:00,0,0,, ,valid,190.0,3600.0
9719,FITfiles/2024-10-27/Beelink1_20241027_200000_59.fit,2024-10-27 20:00:00,0,0,, ,test,190.0,3600.0
9722,FITfiles/2024-10-27/Beelink1_20241027_201500_59.fit,2024-10-27 20:15:00,0,0,, ,train,190.0,3590.0
9720,FITfiles/2024-10-27/Beelink1_20241027_203000_59.fit,2024-10-27 20:30:00,0,0,, ,train,190.0,3600.0
9713,FITfiles/2024-10-27/Beelink1_20241027_204500_59.fit,2024-10-27 20:45:00,0,0,, ,train,190.0,3590.0
429,FITfiles/2024-10-28/Beelink1_20241028_063000_59.fit,2024-10-28 06:30:00,0,0,, ,train,190.0,3600.0
432,FITfiles/2024-10-28/Beelink1_20241028_064500_59.fit,2024-10-28 06:45:00,0,0,, ,train,190.0,3600.0
444,FITfiles/2024-10-28/Beelink1_20241028_070000_59.fit,2024-10-28 07:00:00,0,0,, ,valid,190.0,3600.0
461,FITfiles/2024-10-28/Beelink1_20241028_071500_59.fit,2024-10-28 07:15:00,0,0,, ,valid,190.0,3600.0
443,FITfiles/2024-10-28/Beelink1_20241028_073000_59.fit,2024-10-28 07:30:00,0,0,, ,train,190.0,3600.0
439,FITfiles/2024-10-28/Beelink1_20241028_074500_59.fit,2024-10-28 07:45:00,0,0,, ,valid,190.0,3600.0
441,FITfiles/2024-10-28/Beelink1_20241028_080000_59.fit,2024-10-28 08:00:00,0,0,, ,test,190.0,3600.0
448,FITfiles/2024-10-28/Beelink1_20241028_081500_59.fit,2024-10-28 08:15:00,0,0,, ,train,190.0,3590.0
442,FITfiles/2024-10-28/Beelink1_20241028_083000_59.fit,2024-10-28 08:30:00,0,0,, ,valid,190.0,3600.0
453,FITfiles/2024-10-28/Beelink1_20241028_084500_59.fit,2024-10-28 08:45:00,0,0,, ,train,190.0,3600.0
455,FITfiles/2024-10-28/Beelink1_20241028_090000_59.fit,2024-10-28 09:00:00,0,0,, ,valid,190.0,3600.0
464,FITfiles/2024-10-28/Beelink1_20241028_091500_59.fit,2024-10-28 09:15:00,0,0,, ,test,190.0,3600.0
459,FITfiles/2024-10-28/Beelink1_20241028_093000_59.fit,2024-10-28 09:30:00,0,0,, ,valid,190.0,3600.0
483,FITfiles/2024-10-28/Beelink1_20241028_094500_59.fit,2024-10-28 09:45:00,0,0,, ,train,190.0,3600.0
463,FITfiles/2024-10-28/Beelink1_20241028_100000_59.fit,2024-10-28 10:00:00,0,0,, ,valid,190.0,3600.0
469,FITfiles/2024-10-28/Beelink1_20241028_101500_59.fit,2024-10-28 10:15:00,0,0,, ,train,190.0,3600.0
467,FITfiles/2024-10-28/Beelink1_20241028_103000_59.fit,2024-10-28 10:30:00,0,0,, ,test,190.0,3600.0
473,FITfiles/2024-10-28/Beelink1_20241028_104500_59.fit,2024-10-28 10:45:00,0,0,, ,train,190.0,3600.0
465,FITfiles/2024-10-28/Beelink1_20241028_110000_59.fit,2024-10-28 11:00:00,0,0,, ,valid,190.0,3600.0
468,FITfiles/2024-10-28/Beelink1_20241028_111500_59.fit,2024-10-28 11:15:00,0,0,, ,train,190.0,3600.0
477,FITfiles/2024-10-28/Beelink1_20241028_113000_59.fit,2024-10-28 11:30:00,0,0,, ,train,190.0,3600.0
476,FITfiles/2024-10-28/Beelink1_20241028_114500_59.fit,2024-10-28 11:45:00,0,0,, ,train,190.0,3600.0
482,FITfiles/2024-10-28/Beelink1_20241028_120000_59.fit,2024-10-28 12:00:00,0,0,, ,valid,190.0,3600.0
512,FITfiles/2024-10-28/Beelink1_20241028_121500_59.fit,2024-10-28 12:15:00,0,0,, ,train,190.0,3589.0
481,FITfiles/2024-10-28/Beelink1_20241028_123000_59.fit,2024-10-28 12:30:00,0,0,, ,train,190.0,3600.0
501,FITfiles/2024-10-28/Beelink1_20241028_124500_59.fit,2024-10-28 12:45:00,0,0,, ,valid,190.0,3600.0
519,FITfiles/2024-10-28/Beelink1_20241028_130000_59.fit,2024-10-28 13:00:00,0,0,, ,valid,190.0,3600.0
518,FITfiles/2024-10-28/Beelink1_20241028_131500_59.fit,2024-10-28 13:15:00,0,0,, ,train,190.0,3600.0
520,FITfiles/2024-10-28/Beelink1_20241028_133000_59.fit,2024-10-28 13:30:00,0,0,, ,train,190.0,3600.0
504,FITfiles/2024-10-28/Beelink1_20241028_134500_59.fit,2024-10-28 13:45:00,0,0,, ,train,190.0,3600.0
529,FITfiles/2024-10-28/Beelink1_20241028_140000_59.fit,2024-10-28 14:00:00,0,0,, ,train,190.0,3600.0
517,FITfiles/2024-10-28/Beelink1_20241028_141500_59.fit,2024-10-28 14:15:00,0,0,, ,valid,190.0,3590.0
508,FITfiles/2024-10-28/Beelink1_20241028_143000_59.fit,2024-10-28 14:30:00,0,0,, ,train,190.0,3600.0
526,FITfiles/2024-10-28/Beelink1_20241028_144500_59.fit,2024-10-28 14:45:00,0,0,, ,valid,190.0,3600.0
535,FITfiles/2024-10-28/Beelink1_20241028_150000_59.fit,2024-10-28 15:00:00,0,0,, ,train,190.0,3600.0
549,FITfiles/2024-10-28/Beelink1_20241028_151500_59.fit,2024-10-28 15:15:00,0,0,, ,train,190.0,3600.0
533,FITfiles/2024-10-28/Beelink1_20241028_153000_59.fit,2024-10-28 15:30:00,0,0,, ,test,190.0,3600.0
521,FITfiles/2024-10-28/Beelink1_20241028_154500_59.fit,2024-10-28 15:45:00,0,0,, ,test,190.0,3600.0
540,FITfiles/2024-10-28/Beelink1_20241028_160000_59.fit,2024-10-28 16:00:00,0,0,, ,test,190.0,3600.0
534,FITfiles/2024-10-28/Beelink1_20241028_161500_59.fit,2024-10-28 16:15:00,0,0,, ,train,190.0,3590.0
546,FITfiles/2024-10-28/Beelink1_20241028_163000_59.fit,2024-10-28 16:30:00,0,0,, ,train,190.0,3600.0
588,FITfiles/2024-10-28/Beelink1_20241028_164500_59.fit,2024-10-28 16:45:00,0,0,, ,test,190.0,3600.0
544,FITfiles/2024-10-28/Beelink1_20241028_170000_59.fit,2024-10-28 17:00:00,0,0,, ,train,190.0,3600.0
559,FITfiles/2024-10-28/Beelink1_20241028_171500_59.fit,2024-10-28 17:15:00,0,0,, ,test,190.0,3600.0
541,FITfiles/2024-10-28/Beelink1_20241028_173000_59.fit,2024-10-28 17:30:00,0,0,, ,test,190.0,3600.0
545,FITfiles/2024-10-28/Beelink1_20241028_174500_59.fit,2024-10-28 17:45:00,0,0,, ,train,190.0,3600.0
564,FITfiles/2024-10-28/Beelink1_20241028_180000_59.fit,2024-10-28 18:00:00,0,0,, ,valid,190.0,3600.0
594,FITfiles/2024-10-28/Beelink1_20241028_181500_59.fit,2024-10-28 18:15:00,0,0,, ,train,190.0,3590.0
562,FITfiles/2024-10-28/Beelink1_20241028_183000_59.fit,2024-10-28 18:30:00,0,0,, ,train,190.0,3600.0
558,FITfiles/2024-10-28/Beelink1_20241028_184500_59.fit,2024-10-28 18:45:00,0,0,, ,valid,190.0,3600.0
581,FITfiles/2024-10-28/Beelink1_20241028_190000_59.fit,2024-10-28 19:00:00,0,0,, ,train,190.0,3600.0
578,FITfiles/2024-10-28/Beelink1_20241028_191500_59.fit,2024-10-28 19:15:00,0,0,, ,train,190.0,3600.0
582,FITfiles/2024-10-28/Beelink1_20241028_193000_59.fit,2024-10-28 19:30:00,0,0,, ,valid,190.0,3600.0
561,FITfiles/2024-10-28/Beelink1_20241028_194500_59.fit,2024-10-28 19:45:00,0,0,, ,valid,190.0,3600.0
574,FITfiles/2024-10-28/Beelink1_20241028_200000_59.fit,2024-10-28 20:00:00,0,0,, ,test,190.0,3600.0
580,FITfiles/2024-10-28/Beelink1_20241028_201500_59.fit,2024-10-28 20:15:00,0,0,, ,test,190.0,3590.0
579,FITfiles/2024-10-28/Beelink1_20241028_203000_59.fit,2024-10-28 20:30:00,0,0,, ,train,190.0,3600.0
592,FITfiles/2024-10-28/Beelink1_20241028_204500_59.fit,2024-10-28 20:45:00,0,0,, ,test,190.0,3590.0
626,FITfiles/2024-10-29/Beelink1_20241029_063000_59.fit,2024-10-29 06:30:00,0,0,, ,test,190.0,3600.0
597,FITfiles/2024-10-29/Beelink1_20241029_064500_59.fit,2024-10-29 06:45:00,0,0,, ,train,190.0,3600.0
615,FITfiles/2024-10-29/Beelink1_20241029_070000_59.fit,2024-10-29 07:00:00,0,0,, ,valid,190.0,3600.0
648,FITfiles/2024-10-29/Beelink1_20241029_071500_59.fit,2024-10-29 07:15:00,0,0,, ,train,190.0,3600.0
624,FITfiles/2024-10-29/Beelink1_20241029_073000_59.fit,2024-10-29 07:30:00,0,0,, ,train,190.0,3600.0
616,FITfiles/2024-10-29/Beelink1_20241029_074500_59.fit,2024-10-29 07:45:00,0,0,, ,train,190.0,3600.0
605,FITfiles/2024-10-29/Beelink1_20241029_080000_59.fit,2024-10-29 08:00:00,0,0,, ,valid,190.0,3600.0
603,FITfiles/2024-10-29/Beelink1_20241029_081500_59.fit,2024-10-29 08:15:00,0,0,, ,train,190.0,3590.0
617,FITfiles/2024-10-29/Beelink1_20241029_083000_59.fit,2024-10-29 08:30:00,0,0,, ,train,190.0,3600.0
602,FITfiles/2024-10-29/Beelink1_20241029_084500_59.fit,2024-10-29 08:45:00,0,0,, ,train,190.0,3600.0
619,FITfiles/2024-10-29/Beelink1_20241029_090000_59.fit,2024-10-29 09:00:00,0,0,, ,test,190.0,3600.0
627,FITfiles/2024-10-29/Beelink1_20241029_091500_59.fit,2024-10-29 09:15:00,0,0,, ,train,190.0,3600.0
606,FITfiles/2024-10-29/Beelink1_20241029_093000_59.fit,2024-10-29 09:30:00,0,0,, ,valid,190.0,3600.0
614,FITfiles/2024-10-29/Beelink1_20241029_094500_59.fit,2024-10-29 09:45:00,0,0,, ,train,190.0,3600.0
646,FITfiles/2024-10-29/Beelink1_20241029_100000_59.fit,2024-10-29 10:00:00,0,0,, ,train,190.0,3600.0
632,FITfiles/2024-10-29/Beelink1_20241029_101500_59.fit,2024-10-29 10:15:00,0,0,, ,train,190.0,3600.0
621,FITfiles/2024-10-29/Beelink1_20241029_103000_59.fit,2024-10-29 10:30:00,0,0,, ,train,190.0,3600.0
637,FITfiles/2024-10-29/Beelink1_20241029_104500_59.fit,2024-10-29 10:45:00,0,0,, ,train,190.0,3600.0
625,FITfiles/2024-10-29/Beelink1_20241029_110000_59.fit,2024-10-29 11:00:00,0,0,, ,train,190.0,3600.0
622,FITfiles/2024-10-29/Beelink1_20241029_111500_59.fit,2024-10-29 11:15:00,0,0,, ,train,190.0,3600.0
628,FITfiles/2024-10-29/Beelink1_20241029_113000_59.fit,2024-10-29 11:30:00,0,0,, ,train,190.0,3600.0
638,FITfiles/2024-10-29/Beelink1_20241029_114500_59.fit,2024-10-29 11:45:00,0,0,, ,train,190.0,3600.0
671,FITfiles/2024-10-29/Beelink1_20241029_120000_59.fit,2024-10-29 12:00:00,0,0,, ,valid,190.0,3600.0
641,FITfiles/2024-10-29/Beelink1_20241029_121500_59.fit,2024-10-29 12:15:00,0,0,, ,train,190.0,3590.0
645,FITfiles/2024-10-29/Beelink1_20241029_123000_59.fit,2024-10-29 12:30:00,0,0,, ,train,190.0,3600.0
644,FITfiles/2024-10-29/Beelink1_20241029_124500_59.fit,2024-10-29 12:45:00,0,0,, ,train,190.0,3600.0
660,FITfiles/2024-10-29/Beelink1_20241029_130000_59.fit,2024-10-29 13:00:00,0,0,, ,valid,190.0,3600.0
699,FITfiles/2024-10-29/Beelink1_20241029_131500_59.fit,2024-10-29 13:15:00,0,0,, ,train,190.0,3600.0
642,FITfiles/2024-10-29/Beelink1_20241029_133000_59.fit,2024-10-29 13:30:00,0,0,, ,valid,190.0,3600.0
654,FITfiles/2024-10-29/Beelink1_20241029_134500_59.fit,2024-10-29 13:45:00,0,0,, ,train,190.0,3600.0
722,FITfiles/2024-10-29/Beelink1_20241029_140000_59.fit,2024-10-29 14:00:00,0,0,, ,test,190.0,3600.0
639,FITfiles/2024-10-29/Beelink1_20241029_141500_59.fit,2024-10-29 14:15:00,0,0,, ,valid,190.0,3589.0
650,FITfiles/2024-10-29/Beelink1_20241029_143000_59.fit,2024-10-29 14:30:00,0,0,, ,valid,190.0,3600.0
647,FITfiles/2024-10-29/Beelink1_20241029_144500_59.fit,2024-10-29 14:45:00,0,0,, ,test,190.0,3600.0
656,FITfiles/2024-10-29/Beelink1_20241029_150000_59.fit,2024-10-29 15:00:00,0,0,, ,train,190.0,3600.0
657,FITfiles/2024-10-29/Beelink1_20241029_151500_59.fit,2024-10-29 15:15:00,0,0,, ,train,190.0,3600.0
697,FITfiles/2024-10-29/Beelink1_20241029_153000_59.fit,2024-10-29 15:30:00,0,0,, ,train,190.0,3600.0
659,FITfiles/2024-10-29/Beelink1_20241029_154500_59.fit,2024-10-29 15:45:00,0,0,, ,test,190.0,3600.0
675,FITfiles/2024-10-29/Beelink1_20241029_160000_59.fit,2024-10-29 16:00:00,0,0,, ,train,190.0,3600.0
684,FITfiles/2024-10-29/Beelink1_20241029_161500_59.fit,2024-10-29 16:15:00,0,0,, ,train,190.0,3590.0
667,FITfiles/2024-10-29/Beelink1_20241029_163000_59.fit,2024-10-29 16:30:00,0,0,, ,train,190.0,3600.0
661,FITfiles/2024-10-29/Beelink1_20241029_164500_59.fit,2024-10-29 16:45:00,0,0,, ,test,190.0,3600.0
690,FITfiles/2024-10-29/Beelink1_20241029_170000_59.fit,2024-10-29 17:00:00,0,0,, ,train,190.0,3600.0
663,FITfiles/2024-10-29/Beelink1_20241029_171500_59.fit,2024-10-29 17:15:00,0,0,, ,train,190.0,3600.0
715,FITfiles/2024-10-29/Beelink1_20241029_173000_59.fit,2024-10-29 17:30:00,0,0,, ,train,190.0,3600.0
673,FITfiles/2024-10-29/Beelink1_20241029_174500_59.fit,2024-10-29 17:45:00,0,0,, ,train,190.0,3600.0
678,FITfiles/2024-10-29/Beelink1_20241029_180000_59.fit,2024-10-29 18:00:00,0,0,, ,train,190.0,3600.0
683,FITfiles/2024-10-29/Beelink1_20241029_181500_59.fit,2024-10-29 18:15:00,0,0,, ,valid,190.0,3589.0
674,FITfiles/2024-10-29/Beelink1_20241029_183000_59.fit,2024-10-29 18:30:00,0,0,, ,test,190.0,3600.0
685,FITfiles/2024-10-29/Beelink1_20241029_184500_59.fit,2024-10-29 18:45:00,0,0,, ,train,190.0,3600.0
679,FITfiles/2024-10-29/Beelink1_20241029_190000_59.fit,2024-10-29 19:00:00,0,0,, ,train,190.0,3600.0
688,FITfiles/2024-10-29/Beelink1_20241029_191500_59.fit,2024-10-29 19:15:00,0,0,, ,valid,190.0,3600.0
681,FITfiles/2024-10-29/Beelink1_20241029_193000_59.fit,2024-10-29 19:30:00,0,0,, ,valid,190.0,3600.0
692,FITfiles/2024-10-29/Beelink1_20241029_194500_59.fit,2024-10-29 19:45:00,0,0,, ,train,190.0,3600.0
687,FITfiles/2024-10-29/Beelink1_20241029_200000_59.fit,2024-10-29 20:00:00,0,0,, ,valid,190.0,3600.0
738,FITfiles/2024-10-29/Beelink1_20241029_201500_59.fit,2024-10-29 20:15:00,0,0,, ,test,190.0,3590.0
686,FITfiles/2024-10-29/Beelink1_20241029_203000_59.fit,2024-10-29 20:30:00,0,0,, ,train,190.0,3600.0
689,FITfiles/2024-10-29/Beelink1_20241029_204500_59.fit,2024-10-29 20:45:00,0,0,, ,train,190.0,3590.0
9614,FITfiles/2024-10-30/Beelink1_20241030_063000_59.fit,2024-10-30 06:30:00,0,0,, ,test,190.0,3600.0
9587,FITfiles/2024-10-30/Beelink1_20241030_064500_59.fit,2024-10-30 06:45:00,0,0,, ,valid,190.0,3600.0
9599,FITfiles/2024-10-30/Beelink1_20241030_070000_59.fit,2024-10-30 07:00:00,0,0,, ,test,190.0,3600.0
9584,FITfiles/2024-10-30/Beelink1_20241030_071500_59.fit,2024-10-30 07:15:00,0,0,, ,train,190.0,3600.0
9616,FITfiles/2024-10-30/Beelink1_20241030_073000_59.fit,2024-10-30 07:30:00,0,0,, ,valid,190.0,3600.0
9581,FITfiles/2024-10-30/Beelink1_20241030_074500_59.fit,2024-10-30 07:45:00,0,0,, ,valid,190.0,3600.0
9596,FITfiles/2024-10-30/Beelink1_20241030_080000_59.fit,2024-10-30 08:00:00,0,0,, ,train,190.0,3600.0
9610,FITfiles/2024-10-30/Beelink1_20241030_081500_59.fit,2024-10-30 08:15:00,0,0,, ,train,190.0,3589.0
9592,FITfiles/2024-10-30/Beelink1_20241030_083000_59.fit,2024-10-30 08:30:00,0,0,, ,train,190.0,3600.0
9588,FITfiles/2024-10-30/Beelink1_20241030_084500_59.fit,2024-10-30 08:45:00,0,0,, ,valid,190.0,3600.0
9597,FITfiles/2024-10-30/Beelink1_20241030_090000_59.fit,2024-10-30 09:00:00,0,0,, ,train,190.0,3600.0
9620,FITfiles/2024-10-30/Beelink1_20241030_091500_59.fit,2024-10-30 09:15:00,0,0,, ,valid,190.0,3600.0
9589,FITfiles/2024-10-30/Beelink1_20241030_093000_59.fit,2024-10-30 09:30:00,0,0,, ,valid,190.0,3600.0
9593,FITfiles/2024-10-30/Beelink1_20241030_094500_59.fit,2024-10-30 09:45:00,0,0,, ,train,190.0,3600.0
9608,FITfiles/2024-10-30/Beelink1_20241030_100000_59.fit,2024-10-30 10:00:00,0,0,, ,train,190.0,3600.0
9634,FITfiles/2024-10-30/Beelink1_20241030_101500_59.fit,2024-10-30 10:15:00,0,0,, ,test,190.0,3600.0
9619,FITfiles/2024-10-30/Beelink1_20241030_103000_59.fit,2024-10-30 10:30:00,0,0,, ,train,190.0,3600.0
9600,FITfiles/2024-10-30/Beelink1_20241030_104500_59.fit,2024-10-30 10:45:00,0,0,, ,valid,190.0,3600.0
9595,FITfiles/2024-10-30/Beelink1_20241030_110000_59.fit,2024-10-30 11:00:00,0,0,, ,train,190.0,3600.0
9602,FITfiles/2024-10-30/Beelink1_20241030_111500_59.fit,2024-10-30 11:15:00,0,0,, ,train,190.0,3600.0
9615,FITfiles/2024-10-30/Beelink1_20241030_113000_59.fit,2024-10-30 11:30:00,0,0,, ,train,190.0,3600.0
9609,FITfiles/2024-10-30/Beelink1_20241030_114500_59.fit,2024-10-30 11:45:00,0,0,, ,valid,190.0,3600.0
9604,FITfiles/2024-10-30/Beelink1_20241030_120000_59.fit,2024-10-30 12:00:00,0,0,, ,valid,190.0,3600.0
9601,FITfiles/2024-10-30/Beelink1_20241030_121500_59.fit,2024-10-30 12:15:00,0,0,, ,train,190.0,3589.0
9603,FITfiles/2024-10-30/Beelink1_20241030_123000_59.fit,2024-10-30 12:30:00,0,0,, ,valid,190.0,3600.0
9606,FITfiles/2024-10-30/Beelink1_20241030_124500_59.fit,2024-10-30 12:45:00,0,0,, ,train,190.0,3600.0
9607,FITfiles/2024-10-30/Beelink1_20241030_130000_59.fit,2024-10-30 13:00:00,0,0,, ,train,190.0,3600.0
9611,FITfiles/2024-10-30/Beelink1_20241030_131500_59.fit,2024-10-30 13:15:00,0,0,, ,train,190.0,3600.0
9624,FITfiles/2024-10-30/Beelink1_20241030_133000_59.fit,2024-10-30 13:30:00,0,0,, ,train,190.0,3600.0
9630,FITfiles/2024-10-30/Beelink1_20241030_134500_59.fit,2024-10-30 13:45:00,0,0,, ,train,190.0,3600.0
9605,FITfiles/2024-10-30/Beelink1_20241030_140000_59.fit,2024-10-30 14:00:00,0,0,, ,train,190.0,3600.0
9631,FITfiles/2024-10-30/Beelink1_20241030_141500_59.fit,2024-10-30 14:15:00,0,0,, ,valid,190.0,3589.0
9625,FITfiles/2024-10-30/Beelink1_20241030_143000_59.fit,2024-10-30 14:30:00,0,0,, ,test,190.0,3600.0
9632,FITfiles/2024-10-30/Beelink1_20241030_144500_59.fit,2024-10-30 14:45:00,0,0,, ,train,190.0,3600.0
9613,FITfiles/2024-10-30/Beelink1_20241030_150000_59.fit,2024-10-30 15:00:00,0,0,, ,train,190.0,3600.0
9633,FITfiles/2024-10-30/Beelink1_20241030_151500_59.fit,2024-10-30 15:15:00,0,0,, ,valid,190.0,3600.0
9621,FITfiles/2024-10-30/Beelink1_20241030_153000_59.fit,2024-10-30 15:30:00,0,0,, ,train,190.0,3600.0
9617,FITfiles/2024-10-30/Beelink1_20241030_154500_59.fit,2024-10-30 15:45:00,0,0,, ,train,190.0,3600.0
9622,FITfiles/2024-10-30/Beelink1_20241030_160000_59.fit,2024-10-30 16:00:00,0,0,, ,train,190.0,3600.0
9627,FITfiles/2024-10-30/Beelink1_20241030_161500_59.fit,2024-10-30 16:15:00,0,0,, ,test,190.0,3590.0
9629,FITfiles/2024-10-30/Beelink1_20241030_163000_59.fit,2024-10-30 16:30:00,0,0,, ,test,190.0,3600.0
9623,FITfiles/2024-10-30/Beelink1_20241030_164500_59.fit,2024-10-30 16:45:00,0,0,, ,train,190.0,3600.0
9628,FITfiles/2024-10-30/Beelink1_20241030_170000_59.fit,2024-10-30 17:00:00,0,0,, ,valid,190.0,3600.0
9618,FITfiles/2024-10-30/Beelink1_20241030_171500_59.fit,2024-10-30 17:15:00,0,0,, ,train,190.0,3600.0
9626,FITfiles/2024-10-30/Beelink1_20241030_173000_59.fit,2024-10-30 17:30:00,0,0,, ,train,190.0,3600.0
9636,FITfiles/2024-10-30/Beelink1_20241030_174500_59.fit,2024-10-30 17:45:00,0,0,, ,train,190.0,3600.0
9640,FITfiles/2024-10-30/Beelink1_20241030_180000_59.fit,2024-10-30 18:00:00,0,0,, ,valid,190.0,3600.0
9635,FITfiles/2024-10-30/Beelink1_20241030_181500_59.fit,2024-10-30 18:15:00,0,0,, ,valid,190.0,3590.0
9638,FITfiles/2024-10-30/Beelink1_20241030_183000_59.fit,2024-10-30 18:30:00,0,0,, ,train,190.0,3600.0
9637,FITfiles/2024-10-30/Beelink1_20241030_184500_59.fit,2024-10-30 18:45:00,0,0,, ,valid,190.0,3600.0
9666,FITfiles/2024-10-30/Beelink1_20241030_190000_59.fit,2024-10-30 19:00:00,0,0,, ,train,190.0,3600.0
9641,FITfiles/2024-10-30/Beelink1_20241030_191500_59.fit,2024-10-30 19:15:00,0,0,, ,train,190.0,3600.0
9643,FITfiles/2024-10-30/Beelink1_20241030_193000_59.fit,2024-10-30 19:30:00,0,0,, ,train,190.0,3600.0
9644,FITfiles/2024-10-30/Beelink1_20241030_194500_59.fit,2024-10-30 19:45:00,0,0,, ,train,190.0,3600.0
9648,FITfiles/2024-10-30/Beelink1_20241030_200000_59.fit,2024-10-30 20:00:00,0,0,, ,test,190.0,3600.0
9668,FITfiles/2024-10-30/Beelink1_20241030_201500_59.fit,2024-10-30 20:15:00,0,0,, ,train,190.0,3590.0
9678,FITfiles/2024-10-30/Beelink1_20241030_203000_59.fit,2024-10-30 20:30:00,0,0,, ,train,190.0,3600.0
9652,FITfiles/2024-10-30/Beelink1_20241030_204500_59.fit,2024-10-30 20:45:00,0,0,, ,train,190.0,3590.0
431,FITfiles/2024-10-31/Beelink1_20241031_063000_59.fit,2024-10-31 06:30:00,0,0,, ,train,190.0,3600.0
471,FITfiles/2024-10-31/Beelink1_20241031_064500_59.fit,2024-10-31 06:45:00,0,0,, ,train,190.0,3600.0
451,FITfiles/2024-10-31/Beelink1_20241031_070000_59.fit,2024-10-31 07:00:00,0,0,, ,valid,190.0,3600.0
458,FITfiles/2024-10-31/Beelink1_20241031_071500_59.fit,2024-10-31 07:15:00,0,0,, ,train,190.0,3600.0
449,FITfiles/2024-10-31/Beelink1_20241031_073000_59.fit,2024-10-31 07:30:00,0,0,, ,train,190.0,3600.0
447,FITfiles/2024-10-31/Beelink1_20241031_074500_59.fit,2024-10-31 07:45:00,0,0,, ,test,190.0,3600.0
452,FITfiles/2024-10-31/Beelink1_20241031_080000_59.fit,2024-10-31 08:00:00,0,0,, ,train,190.0,3600.0
457,FITfiles/2024-10-31/Beelink1_20241031_081500_59.fit,2024-10-31 08:15:00,0,0,, ,train,190.0,3590.0
495,FITfiles/2024-10-31/Beelink1_20241031_083000_59.fit,2024-10-31 08:30:00,0,0,, ,test,190.0,3600.0
493,FITfiles/2024-10-31/Beelink1_20241031_084500_59.fit,2024-10-31 08:45:00,0,0,, ,train,190.0,3600.0
485,FITfiles/2024-10-31/Beelink1_20241031_090000_59.fit,2024-10-31 09:00:00,0,0,, ,test,190.0,3600.0
470,FITfiles/2024-10-31/Beelink1_20241031_091500_59.fit,2024-10-31 09:15:00,0,0,, ,test,190.0,3600.0
486,FITfiles/2024-10-31/Beelink1_20241031_093000_59.fit,2024-10-31 09:30:00,0,0,, ,train,190.0,3600.0
474,FITfiles/2024-10-31/Beelink1_20241031_094500_59.fit,2024-10-31 09:45:00,0,0,, ,train,190.0,3600.0
490,FITfiles/2024-10-31/Beelink1_20241031_100000_59.fit,2024-10-31 10:00:00,0,0,, ,train,190.0,3600.0
503,FITfiles/2024-10-31/Beelink1_20241031_101500_59.fit,2024-10-31 10:15:00,0,0,, ,valid,190.0,3600.0
489,FITfiles/2024-10-31/Beelink1_20241031_103000_59.fit,2024-10-31 10:30:00,0,0,, ,train,190.0,3600.0
515,FITfiles/2024-10-31/Beelink1_20241031_104500_59.fit,2024-10-31 10:45:00,0,0,, ,train,190.0,3600.0
502,FITfiles/2024-10-31/Beelink1_20241031_110000_59.fit,2024-10-31 11:00:00,0,0,, ,train,190.0,3600.0
497,FITfiles/2024-10-31/Beelink1_20241031_111500_59.fit,2024-10-31 11:15:00,0,0,, ,train,190.0,3600.0
496,FITfiles/2024-10-31/Beelink1_20241031_113000_59.fit,2024-10-31 11:30:00,0,0,, ,test,190.0,3600.0
505,FITfiles/2024-10-31/Beelink1_20241031_114500_59.fit,2024-10-31 11:45:00,0,0,, ,train,190.0,3600.0
514,FITfiles/2024-10-31/Beelink1_20241031_120000_59.fit,2024-10-31 12:00:00,0,0,, ,test,190.0,3600.0
524,FITfiles/2024-10-31/Beelink1_20241031_121500_59.fit,2024-10-31 12:15:00,0,0,, ,valid,190.0,3590.0
510,FITfiles/2024-10-31/Beelink1_20241031_123000_59.fit,2024-10-31 12:30:00,0,0,, ,test,190.0,3600.0
531,FITfiles/2024-10-31/Beelink1_20241031_124500_59.fit,2024-10-31 12:45:00,0,0,, ,train,190.0,3600.0
522,FITfiles/2024-10-31/Beelink1_20241031_130000_59.fit,2024-10-31 13:00:00,0,0,, ,test,190.0,3600.0
538,FITfiles/2024-10-31/Beelink1_20241031_131500_59.fit,2024-10-31 13:15:00,0,0,, ,train,190.0,3600.0
523,FITfiles/2024-10-31/Beelink1_20241031_133000_59.fit,2024-10-31 13:30:00,0,0,, ,valid,190.0,3600.0
527,FITfiles/2024-10-31/Beelink1_20241031_134500_59.fit,2024-10-31 13:45:00,0,0,, ,valid,190.0,3600.0
530,FITfiles/2024-10-31/Beelink1_20241031_140000_59.fit,2024-10-31 14:00:00,0,0,, ,train,190.0,3600.0
537,FITfiles/2024-10-31/Beelink1_20241031_141500_59.fit,2024-10-31 14:15:00,0,0,, ,test,190.0,3590.0
560,FITfiles/2024-10-31/Beelink1_20241031_143000_59.fit,2024-10-31 14:30:00,0,0,, ,valid,190.0,3600.0
542,FITfiles/2024-10-31/Beelink1_20241031_144500_59.fit,2024-10-31 14:45:00,0,0,, ,train,190.0,3600.0
552,FITfiles/2024-10-31/Beelink1_20241031_150000_59.fit,2024-10-31 15:00:00,0,0,, ,train,190.0,3600.0
547,FITfiles/2024-10-31/Beelink1_20241031_151500_59.fit,2024-10-31 15:15:00,0,0,, ,train,190.0,3600.0
557,FITfiles/2024-10-31/Beelink1_20241031_153000_59.fit,2024-10-31 15:30:00,0,0,, ,train,190.0,3600.0
556,FITfiles/2024-10-31/Beelink1_20241031_154500_59.fit,2024-10-31 15:45:00,0,0,, ,train,190.0,3600.0
593,FITfiles/2024-10-31/Beelink1_20241031_160000_59.fit,2024-10-31 16:00:00,0,0,, ,train,190.0,3600.0
563,FITfiles/2024-10-31/Beelink1_20241031_161500_59.fit,2024-10-31 16:15:00,0,0,, ,test,190.0,3590.0
572,FITfiles/2024-10-31/Beelink1_20241031_163000_59.fit,2024-10-31 16:30:00,0,0,, ,valid,190.0,3600.0
567,FITfiles/2024-10-31/Beelink1_20241031_164500_59.fit,2024-10-31 16:45:00,0,0,, ,train,190.0,3600.0
568,FITfiles/2024-10-31/Beelink1_20241031_170000_59.fit,2024-10-31 17:00:00,0,0,, ,test,190.0,3600.0
577,FITfiles/2024-10-31/Beelink1_20241031_171500_59.fit,2024-10-31 17:15:00,0,0,, ,train,190.0,3600.0
573,FITfiles/2024-10-31/Beelink1_20241031_173000_59.fit,2024-10-31 17:30:00,0,0,, ,valid,190.0,3600.0
575,FITfiles/2024-10-31/Beelink1_20241031_174500_59.fit,2024-10-31 17:45:00,0,0,, ,train,190.0,3600.0
576,FITfiles/2024-10-31/Beelink1_20241031_180000_59.fit,2024-10-31 18:00:00,0,0,, ,train,190.0,3600.0
584,FITfiles/2024-10-31/Beelink1_20241031_181500_59.fit,2024-10-31 18:15:00,0,0,, ,valid,190.0,3590.0
586,FITfiles/2024-10-31/Beelink1_20241031_183000_59.fit,2024-10-31 18:30:00,0,0,, ,train,190.0,3600.0
587,FITfiles/2024-10-31/Beelink1_20241031_184500_59.fit,2024-10-31 18:45:00,0,0,, ,valid,190.0,3600.0
590,FITfiles/2024-10-31/Beelink1_20241031_190000_59.fit,2024-10-31 19:00:00,0,0,, ,valid,190.0,3600.0
601,FITfiles/2024-10-31/Beelink1_20241031_191500_59.fit,2024-10-31 19:15:00,0,0,, ,train,190.0,3600.0
608,FITfiles/2024-10-31/Beelink1_20241031_193000_59.fit,2024-10-31 19:30:00,0,0,, ,train,190.0,3600.0
595,FITfiles/2024-10-31/Beelink1_20241031_194500_59.fit,2024-10-31 19:45:00,0,0,, ,valid,190.0,3600.0
591,FITfiles/2024-10-31/Beelink1_20241031_200000_59.fit,2024-10-31 20:00:00,0,0,, ,test,190.0,3600.0
598,FITfiles/2024-10-31/Beelink1_20241031_201500_59.fit,2024-10-31 20:15:00,0,0,, ,train,190.0,3590.0
596,FITfiles/2024-10-31/Beelink1_20241031_203000_59.fit,2024-10-31 20:30:00,0,0,, ,valid,190.0,3600.0
600,FITfiles/2024-10-31/Beelink1_20241031_204500_59.fit,2024-10-31 20:45:00,0,0,, ,train,190.0,3590.0
75,FITfiles/2024-11-01/Beelink1_20241101_063000_59.fit,2024-11-01 06:30:00,0,0,, ,test,190.0,3600.0
78,FITfiles/2024-11-01/Beelink1_20241101_064500_59.fit,2024-11-01 06:45:00,0,0,, ,train,190.0,3600.0
94,FITfiles/2024-11-01/Beelink1_20241101_070000_59.fit,2024-11-01 07:00:00,0,0,, ,train,190.0,3600.0
81,FITfiles/2024-11-01/Beelink1_20241101_071500_59.fit,2024-11-01 07:15:00,0,0,, ,test,190.0,3600.0
101,FITfiles/2024-11-01/Beelink1_20241101_073000_59.fit,2024-11-01 07:30:00,0,0,, ,test,190.0,3600.0
83,FITfiles/2024-11-01/Beelink1_20241101_074500_59.fit,2024-11-01 07:45:00,0,0,, ,train,190.0,3600.0
79,FITfiles/2024-11-01/Beelink1_20241101_080000_59.fit,2024-11-01 08:00:00,0,0,, ,train,190.0,3600.0
90,FITfiles/2024-11-01/Beelink1_20241101_081500_59.fit,2024-11-01 08:15:00,0,0,, ,train,190.0,3590.0
87,FITfiles/2024-11-01/Beelink1_20241101_083000_59.fit,2024-11-01 08:30:00,0,0,, ,train,190.0,3600.0
93,FITfiles/2024-11-01/Beelink1_20241101_084500_59.fit,2024-11-01 08:45:00,0,0,, ,train,190.0,3600.0
105,FITfiles/2024-11-01/Beelink1_20241101_090000_59.fit,2024-11-01 09:00:00,0,0,, ,test,190.0,3600.0
114,FITfiles/2024-11-01/Beelink1_20241101_091500_59.fit,2024-11-01 09:15:00,0,0,, ,train,190.0,3600.0
106,FITfiles/2024-11-01/Beelink1_20241101_093000_59.fit,2024-11-01 09:30:00,0,0,, ,train,190.0,3600.0
108,FITfiles/2024-11-01/Beelink1_20241101_094500_59.fit,2024-11-01 09:45:00,0,0,, ,train,190.0,3600.0
111,FITfiles/2024-11-01/Beelink1_20241101_100000_59.fit,2024-11-01 10:00:00,0,0,, ,train,190.0,3600.0
135,FITfiles/2024-11-01/Beelink1_20241101_101500_59.fit,2024-11-01 10:15:00,0,0,, ,test,190.0,3600.0
109,FITfiles/2024-11-01/Beelink1_20241101_103000_59.fit,2024-11-01 10:30:00,0,0,, ,valid,190.0,3600.0
128,FITfiles/2024-11-01/Beelink1_20241101_104500_59.fit,2024-11-01 10:45:00,0,0,, ,test,190.0,3600.0
130,FITfiles/2024-11-01/Beelink1_20241101_110000_59.fit,2024-11-01 11:00:00,0,0,, ,valid,190.0,3600.0
116,FITfiles/2024-11-01/Beelink1_20241101_111500_59.fit,2024-11-01 11:15:00,0,0,, ,train,190.0,3600.0
120,FITfiles/2024-11-01/Beelink1_20241101_113000_59.fit,2024-11-01 11:30:00,0,0,, ,train,190.0,3600.0
136,FITfiles/2024-11-01/Beelink1_20241101_114500_59.fit,2024-11-01 11:45:00,0,0,, ,train,190.0,3600.0
124,FITfiles/2024-11-01/Beelink1_20241101_120000_59.fit,2024-11-01 12:00:00,0,0,, ,train,190.0,3600.0
139,FITfiles/2024-11-01/Beelink1_20241101_121500_59.fit,2024-11-01 12:15:00,0,0,, ,train,190.0,3590.0
138,FITfiles/2024-11-01/Beelink1_20241101_123000_59.fit,2024-11-01 12:30:00,0,0,, ,train,190.0,3600.0
129,FITfiles/2024-11-01/Beelink1_20241101_124500_59.fit,2024-11-01 12:45:00,0,0,, ,train,190.0,3600.0
152,FITfiles/2024-11-01/Beelink1_20241101_130000_59.fit,2024-11-01 13:00:00,0,0,, ,train,190.0,3600.0
143,FITfiles/2024-11-01/Beelink1_20241101_131500_59.fit,2024-11-01 13:15:00,0,0,, ,train,190.0,3600.0
149,FITfiles/2024-11-01/Beelink1_20241101_133000_59.fit,2024-11-01 13:30:00,0,0,, ,train,190.0,3600.0
146,FITfiles/2024-11-01/Beelink1_20241101_134500_59.fit,2024-11-01 13:45:00,0,0,, ,train,190.0,3600.0
148,FITfiles/2024-11-01/Beelink1_20241101_140000_59.fit,2024-11-01 14:00:00,0,0,, ,valid,190.0,3600.0
166,FITfiles/2024-11-01/Beelink1_20241101_141500_59.fit,2024-11-01 14:15:00,0,0,, ,test,190.0,3589.0
151,FITfiles/2024-11-01/Beelink1_20241101_143000_59.fit,2024-11-01 14:30:00,0,0,, ,train,190.0,3600.0
163,FITfiles/2024-11-01/Beelink1_20241101_144500_59.fit,2024-11-01 14:45:00,0,0,, ,valid,190.0,3600.0
168,FITfiles/2024-11-01/Beelink1_20241101_150000_59.fit,2024-11-01 15:00:00,0,0,, ,train,190.0,3600.0
159,FITfiles/2024-11-01/Beelink1_20241101_151500_59.fit,2024-11-01 15:15:00,0,0,, ,train,190.0,3600.0
286,FITfiles/2024-11-01/Beelink1_20241101_153000_59.fit,2024-11-01 15:30:00,0,0,, ,train,190.0,3600.0
174,FITfiles/2024-11-01/Beelink1_20241101_154500_59.fit,2024-11-01 15:45:00,0,0,, ,train,190.0,3600.0
179,FITfiles/2024-11-01/Beelink1_20241101_160000_59.fit,2024-11-01 16:00:00,0,0,, ,train,190.0,3600.0
187,FITfiles/2024-11-01/Beelink1_20241101_161500_59.fit,2024-11-01 16:15:00,0,0,, ,test,190.0,3590.0
192,FITfiles/2024-11-01/Beelink1_20241101_163000_59.fit,2024-11-01 16:30:00,0,0,, ,train,190.0,3600.0
184,FITfiles/2024-11-01/Beelink1_20241101_164500_59.fit,2024-11-01 16:45:00,0,0,, ,valid,190.0,3600.0
213,FITfiles/2024-11-01/Beelink1_20241101_170000_59.fit,2024-11-01 17:00:00,0,0,, ,test,190.0,3600.0
196,FITfiles/2024-11-01/Beelink1_20241101_171500_59.fit,2024-11-01 17:15:00,0,0,, ,train,190.0,3600.0
234,FITfiles/2024-11-01/Beelink1_20241101_173000_59.fit,2024-11-01 17:30:00,0,0,, ,test,190.0,3600.0
202,FITfiles/2024-11-01/Beelink1_20241101_174500_59.fit,2024-11-01 17:45:00,0,0,, ,train,190.0,3600.0
203,FITfiles/2024-11-01/Beelink1_20241101_180000_59.fit,2024-11-01 18:00:00,0,0,, ,valid,190.0,3600.0
222,FITfiles/2024-11-01/Beelink1_20241101_181500_59.fit,2024-11-01 18:15:00,0,0,, ,test,190.0,3590.0
206,FITfiles/2024-11-01/Beelink1_20241101_183000_59.fit,2024-11-01 18:30:00,0,0,, ,valid,190.0,3600.0
212,FITfiles/2024-11-01/Beelink1_20241101_184500_59.fit,2024-11-01 18:45:00,0,0,, ,train,190.0,3600.0
219,FITfiles/2024-11-01/Beelink1_20241101_190000_59.fit,2024-11-01 19:00:00,0,0,, ,valid,190.0,3600.0
237,FITfiles/2024-11-01/Beelink1_20241101_191500_59.fit,2024-11-01 19:15:00,0,0,, ,valid,190.0,3600.0
216,FITfiles/2024-11-01/Beelink1_20241101_193000_59.fit,2024-11-01 19:30:00,0,0,, ,train,190.0,3600.0
221,FITfiles/2024-11-01/Beelink1_20241101_194500_59.fit,2024-11-01 19:45:00,0,0,, ,train,190.0,3600.0
228,FITfiles/2024-11-01/Beelink1_20241101_200000_59.fit,2024-11-01 20:00:00,0,0,, ,train,190.0,3600.0
235,FITfiles/2024-11-01/Beelink1_20241101_201500_59.fit,2024-11-01 20:15:00,0,0,, ,valid,190.0,3590.0
239,FITfiles/2024-11-01/Beelink1_20241101_203000_59.fit,2024-11-01 20:30:00,0,0,, ,train,190.0,3600.0
270,FITfiles/2024-11-01/Beelink1_20241101_204500_59.fit,2024-11-01 20:45:00,0,0,, ,train,190.0,3590.0
425,FITfiles/2024-11-02/Beelink1_20241102_063000_59.fit,2024-11-02 06:30:00,0,0,, ,train,190.0,3600.0
413,FITfiles/2024-11-02/Beelink1_20241102_064500_59.fit,2024-11-02 06:45:00,0,0,, ,train,190.0,3600.0
438,FITfiles/2024-11-02/Beelink1_20241102_070000_59.fit,2024-11-02 07:00:00,0,0,, ,train,190.0,3600.0
436,FITfiles/2024-11-02/Beelink1_20241102_071500_59.fit,2024-11-02 07:15:00,0,0,, ,train,190.0,3600.0
433,FITfiles/2024-11-02/Beelink1_20241102_073000_59.fit,2024-11-02 07:30:00,0,0,, ,train,190.0,3600.0
445,FITfiles/2024-11-02/Beelink1_20241102_074500_59.fit,2024-11-02 07:45:00,0,0,, ,train,190.0,3600.0
435,FITfiles/2024-11-02/Beelink1_20241102_080000_59.fit,2024-11-02 08:00:00,0,0,, ,train,190.0,3600.0
437,FITfiles/2024-11-02/Beelink1_20241102_081500_59.fit,2024-11-02 08:15:00,0,0,, ,train,190.0,3589.0
434,FITfiles/2024-11-02/Beelink1_20241102_083000_59.fit,2024-11-02 08:30:00,0,0,, ,test,190.0,3600.0
440,FITfiles/2024-11-02/Beelink1_20241102_084500_59.fit,2024-11-02 08:45:00,0,0,, ,train,190.0,3600.0
462,FITfiles/2024-11-02/Beelink1_20241102_090000_59.fit,2024-11-02 09:00:00,0,0,, ,valid,190.0,3600.0
446,FITfiles/2024-11-02/Beelink1_20241102_091500_59.fit,2024-11-02 09:15:00,0,0,, ,train,190.0,3600.0
456,FITfiles/2024-11-02/Beelink1_20241102_093000_59.fit,2024-11-02 09:30:00,0,0,, ,train,190.0,3600.0
488,FITfiles/2024-11-02/Beelink1_20241102_094500_59.fit,2024-11-02 09:45:00,0,0,, ,valid,190.0,3600.0
454,FITfiles/2024-11-02/Beelink1_20241102_100000_59.fit,2024-11-02 10:00:00,0,0,, ,train,190.0,3600.0
507,FITfiles/2024-11-02/Beelink1_20241102_101500_59.fit,2024-11-02 10:15:00,0,0,, ,test,190.0,3600.0
450,FITfiles/2024-11-02/Beelink1_20241102_103000_59.fit,2024-11-02 10:30:00,0,0,, ,train,190.0,3600.0
460,FITfiles/2024-11-02/Beelink1_20241102_104500_59.fit,2024-11-02 10:45:00,0,0,, ,train,190.0,3600.0
466,FITfiles/2024-11-02/Beelink1_20241102_110000_59.fit,2024-11-02 11:00:00,0,0,, ,train,190.0,3600.0
472,FITfiles/2024-11-02/Beelink1_20241102_111500_59.fit,2024-11-02 11:15:00,0,0,, ,valid,190.0,3600.0
480,FITfiles/2024-11-02/Beelink1_20241102_113000_59.fit,2024-11-02 11:30:00,0,0,, ,valid,190.0,3600.0
475,FITfiles/2024-11-02/Beelink1_20241102_114500_59.fit,2024-11-02 11:45:00,0,0,, ,valid,190.0,3600.0
479,FITfiles/2024-11-02/Beelink1_20241102_120000_59.fit,2024-11-02 12:00:00,0,0,, ,train,190.0,3600.0
478,FITfiles/2024-11-02/Beelink1_20241102_121500_59.fit,2024-11-02 12:15:00,0,0,, ,train,190.0,3589.0
484,FITfiles/2024-11-02/Beelink1_20241102_123000_59.fit,2024-11-02 12:30:00,0,0,, ,train,190.0,3600.0
487,FITfiles/2024-11-02/Beelink1_20241102_124500_59.fit,2024-11-02 12:45:00,0,0,, ,valid,190.0,3600.0
498,FITfiles/2024-11-02/Beelink1_20241102_130000_59.fit,2024-11-02 13:00:00,0,0,, ,train,190.0,3600.0
492,FITfiles/2024-11-02/Beelink1_20241102_131500_59.fit,2024-11-02 13:15:00,0,0,, ,valid,190.0,3600.0
491,FITfiles/2024-11-02/Beelink1_20241102_133000_59.fit,2024-11-02 13:30:00,0,0,, ,test,190.0,3600.0
499,FITfiles/2024-11-02/Beelink1_20241102_134500_59.fit,2024-11-02 13:45:00,0,0,, ,train,190.0,3600.0
500,FITfiles/2024-11-02/Beelink1_20241102_140000_59.fit,2024-11-02 14:00:00,0,0,, ,train,190.0,3600.0
494,FITfiles/2024-11-02/Beelink1_20241102_141500_59.fit,2024-11-02 14:15:00,0,0,, ,train,190.0,3590.0
525,FITfiles/2024-11-02/Beelink1_20241102_143000_59.fit,2024-11-02 14:30:00,0,0,, ,train,190.0,3600.0
509,FITfiles/2024-11-02/Beelink1_20241102_144500_59.fit,2024-11-02 14:45:00,0,0,, ,test,190.0,3600.0
511,FITfiles/2024-11-02/Beelink1_20241102_150000_59.fit,2024-11-02 15:00:00,0,0,, ,train,190.0,3600.0
506,FITfiles/2024-11-02/Beelink1_20241102_151500_59.fit,2024-11-02 15:15:00,0,0,, ,valid,190.0,3600.0
516,FITfiles/2024-11-02/Beelink1_20241102_153000_59.fit,2024-11-02 15:30:00,0,0,, ,test,190.0,3600.0
513,FITfiles/2024-11-02/Beelink1_20241102_154500_59.fit,2024-11-02 15:45:00,0,0,, ,train,190.0,3600.0
532,FITfiles/2024-11-02/Beelink1_20241102_160000_59.fit,2024-11-02 16:00:00,0,0,, ,test,190.0,3600.0
528,FITfiles/2024-11-02/Beelink1_20241102_161500_59.fit,2024-11-02 16:15:00,0,0,, ,valid,190.0,3589.0
571,FITfiles/2024-11-02/Beelink1_20241102_163000_59.fit,2024-11-02 16:30:00,0,0,, ,train,190.0,3600.0
543,FITfiles/2024-11-02/Beelink1_20241102_164500_59.fit,2024-11-02 16:45:00,0,0,, ,train,190.0,3600.0
536,FITfiles/2024-11-02/Beelink1_20241102_170000_59.fit,2024-11-02 17:00:00,0,0,, ,train,190.0,3600.0
550,FITfiles/2024-11-02/Beelink1_20241102_171500_59.fit,2024-11-02 17:15:00,0,0,, ,valid,190.0,3600.0
539,FITfiles/2024-11-02/Beelink1_20241102_173000_59.fit,2024-11-02 17:30:00,0,0,, ,test,190.0,3600.0
548,FITfiles/2024-11-02/Beelink1_20241102_174500_59.fit,2024-11-02 17:45:00,0,0,, ,valid,190.0,3600.0
555,FITfiles/2024-11-02/Beelink1_20241102_180000_59.fit,2024-11-02 18:00:00,0,0,, ,valid,190.0,3600.0
565,FITfiles/2024-11-02/Beelink1_20241102_181500_59.fit,2024-11-02 18:15:00,0,0,, ,train,190.0,3590.0
553,FITfiles/2024-11-02/Beelink1_20241102_183000_59.fit,2024-11-02 18:30:00,0,0,, ,valid,190.0,3600.0
554,FITfiles/2024-11-02/Beelink1_20241102_184500_59.fit,2024-11-02 18:45:00,0,0,, ,valid,190.0,3600.0
551,FITfiles/2024-11-02/Beelink1_20241102_190000_59.fit,2024-11-02 19:00:00,0,0,, ,valid,190.0,3600.0
566,FITfiles/2024-11-02/Beelink1_20241102_191500_59.fit,2024-11-02 19:15:00,0,0,, ,train,190.0,3600.0
569,FITfiles/2024-11-02/Beelink1_20241102_193000_59.fit,2024-11-02 19:30:00,0,0,, ,train,190.0,3600.0
570,FITfiles/2024-11-02/Beelink1_20241102_194500_59.fit,2024-11-02 19:45:00,0,0,, ,train,190.0,3600.0
589,FITfiles/2024-11-02/Beelink1_20241102_200000_59.fit,2024-11-02 20:00:00,0,0,, ,train,190.0,3600.0
583,FITfiles/2024-11-02/Beelink1_20241102_201500_59.fit,2024-11-02 20:15:00,0,0,, ,test,190.0,3590.0
599,FITfiles/2024-11-02/Beelink1_20241102_203000_59.fit,2024-11-02 20:30:00,0,0,, ,train,190.0,3600.0
585,FITfiles/2024-11-02/Beelink1_20241102_204500_59.fit,2024-11-02 20:45:00,0,0,, ,train,190.0,3590.0
768,FITfiles/2024-11-03/Beelink1_20241103_063000_59.fit,2024-11-03 06:30:00,0,0,, ,train,190.0,3600.0
771,FITfiles/2024-11-03/Beelink1_20241103_064500_59.fit,2024-11-03 06:45:00,0,0,, ,train,190.0,3600.0
788,FITfiles/2024-11-03/Beelink1_20241103_070000_59.fit,2024-11-03 07:00:00,0,0,, ,train,190.0,3600.0
780,FITfiles/2024-11-03/Beelink1_20241103_071500_59.fit,2024-11-03 07:15:00,0,0,, ,valid,190.0,3600.0
777,FITfiles/2024-11-03/Beelink1_20241103_073000_59.fit,2024-11-03 07:30:00,0,0,, ,train,190.0,3600.0
772,FITfiles/2024-11-03/Beelink1_20241103_074500_59.fit,2024-11-03 07:45:00,0,0,, ,valid,190.0,3600.0
782,FITfiles/2024-11-03/Beelink1_20241103_080000_59.fit,2024-11-03 08:00:00,0,0,, ,valid,190.0,3600.0
786,FITfiles/2024-11-03/Beelink1_20241103_081500_59.fit,2024-11-03 08:15:00,0,0,, ,train,190.0,3590.0
787,FITfiles/2024-11-03/Beelink1_20241103_083000_59.fit,2024-11-03 08:30:00,0,0,, ,train,190.0,3600.0
789,FITfiles/2024-11-03/Beelink1_20241103_084500_59.fit,2024-11-03 08:45:00,0,0,, ,train,190.0,3600.0
785,FITfiles/2024-11-03/Beelink1_20241103_090000_59.fit,2024-11-03 09:00:00,0,0,, ,valid,190.0,3600.0
806,FITfiles/2024-11-03/Beelink1_20241103_091500_59.fit,2024-11-03 09:15:00,0,0,, ,train,190.0,3600.0
790,FITfiles/2024-11-03/Beelink1_20241103_093000_59.fit,2024-11-03 09:30:00,0,0,, ,test,190.0,3600.0
808,FITfiles/2024-11-03/Beelink1_20241103_094500_59.fit,2024-11-03 09:45:00,0,0,, ,train,190.0,3600.0
872,FITfiles/2024-11-03/Beelink1_20241103_100000_59.fit,2024-11-03 10:00:00,0,0,, ,train,190.0,3600.0
801,FITfiles/2024-11-03/Beelink1_20241103_101500_59.fit,2024-11-03 10:15:00,0,0,, ,train,190.0,3600.0
798,FITfiles/2024-11-03/Beelink1_20241103_103000_59.fit,2024-11-03 10:30:00,0,0,, ,train,190.0,3600.0
809,FITfiles/2024-11-03/Beelink1_20241103_104500_59.fit,2024-11-03 10:45:00,0,0,, ,train,190.0,3600.0
813,FITfiles/2024-11-03/Beelink1_20241103_110000_59.fit,2024-11-03 11:00:00,0,0,, ,valid,190.0,3600.0
825,FITfiles/2024-11-03/Beelink1_20241103_111500_59.fit,2024-11-03 11:15:00,0,0,, ,train,190.0,3600.0
816,FITfiles/2024-11-03/Beelink1_20241103_113000_59.fit,2024-11-03 11:30:00,0,0,, ,valid,190.0,3600.0
815,FITfiles/2024-11-03/Beelink1_20241103_114500_59.fit,2024-11-03 11:45:00,0,0,, ,train,190.0,3600.0
835,FITfiles/2024-11-03/Beelink1_20241103_120000_59.fit,2024-11-03 12:00:00,0,0,, ,test,190.0,3600.0
826,FITfiles/2024-11-03/Beelink1_20241103_121500_59.fit,2024-11-03 12:15:00,0,0,, ,valid,190.0,3590.0
831,FITfiles/2024-11-03/Beelink1_20241103_123000_59.fit,2024-11-03 12:30:00,0,0,, ,test,190.0,3600.0
821,FITfiles/2024-11-03/Beelink1_20241103_124500_59.fit,2024-11-03 12:45:00,0,0,, ,test,190.0,3600.0
829,FITfiles/2024-11-03/Beelink1_20241103_130000_59.fit,2024-11-03 13:00:00,0,0,, ,train,190.0,3600.0
837,FITfiles/2024-11-03/Beelink1_20241103_131500_59.fit,2024-11-03 13:15:00,0,0,, ,valid,190.0,3600.0
841,FITfiles/2024-11-03/Beelink1_20241103_133000_59.fit,2024-11-03 13:30:00,0,0,, ,train,190.0,3600.0
830,FITfiles/2024-11-03/Beelink1_20241103_134500_59.fit,2024-11-03 13:45:00,0,0,, ,train,190.0,3600.0
843,FITfiles/2024-11-03/Beelink1_20241103_140000_59.fit,2024-11-03 14:00:00,0,0,, ,train,190.0,3600.0
844,FITfiles/2024-11-03/Beelink1_20241103_141500_59.fit,2024-11-03 14:15:00,0,0,, ,train,190.0,3589.0
858,FITfiles/2024-11-03/Beelink1_20241103_143000_59.fit,2024-11-03 14:30:00,0,0,, ,valid,190.0,3600.0
847,FITfiles/2024-11-03/Beelink1_20241103_144500_59.fit,2024-11-03 14:45:00,0,0,, ,valid,190.0,3600.0
846,FITfiles/2024-11-03/Beelink1_20241103_150000_59.fit,2024-11-03 15:00:00,0,0,, ,valid,190.0,3600.0
859,FITfiles/2024-11-03/Beelink1_20241103_151500_59.fit,2024-11-03 15:15:00,0,0,, ,train,190.0,3600.0
865,FITfiles/2024-11-03/Beelink1_20241103_153000_59.fit,2024-11-03 15:30:00,0,0,, ,test,190.0,3600.0
860,FITfiles/2024-11-03/Beelink1_20241103_154500_59.fit,2024-11-03 15:45:00,0,0,, ,train,190.0,3600.0
862,FITfiles/2024-11-03/Beelink1_20241103_160000_59.fit,2024-11-03 16:00:00,0,0,, ,train,190.0,3600.0
896,FITfiles/2024-11-03/Beelink1_20241103_161500_59.fit,2024-11-03 16:15:00,0,0,, ,valid,190.0,3590.0
889,FITfiles/2024-11-03/Beelink1_20241103_163000_59.fit,2024-11-03 16:30:00,0,0,, ,valid,190.0,3600.0
869,FITfiles/2024-11-03/Beelink1_20241103_164500_59.fit,2024-11-03 16:45:00,0,0,, ,valid,190.0,3600.0
870,FITfiles/2024-11-03/Beelink1_20241103_170000_59.fit,2024-11-03 17:00:00,0,0,, ,valid,190.0,3600.0
880,FITfiles/2024-11-03/Beelink1_20241103_171500_59.fit,2024-11-03 17:15:00,0,0,, ,test,190.0,3600.0
878,FITfiles/2024-11-03/Beelink1_20241103_173000_59.fit,2024-11-03 17:30:00,0,0,, ,train,190.0,3600.0
868,FITfiles/2024-11-03/Beelink1_20241103_174500_59.fit,2024-11-03 17:45:00,0,0,, ,train,190.0,3600.0
917,FITfiles/2024-11-03/Beelink1_20241103_180000_59.fit,2024-11-03 18:00:00,0,0,, ,train,190.0,3600.0
882,FITfiles/2024-11-03/Beelink1_20241103_181500_59.fit,2024-11-03 18:15:00,0,0,, ,train,190.0,3590.0
875,FITfiles/2024-11-03/Beelink1_20241103_183000_59.fit,2024-11-03 18:30:00,0,0,, ,train,190.0,3600.0
919,FITfiles/2024-11-03/Beelink1_20241103_184500_59.fit,2024-11-03 18:45:00,0,0,, ,train,190.0,3600.0
886,FITfiles/2024-11-03/Beelink1_20241103_190000_59.fit,2024-11-03 19:00:00,0,0,, ,train,190.0,3600.0
890,FITfiles/2024-11-03/Beelink1_20241103_191500_59.fit,2024-11-03 19:15:00,0,0,, ,test,190.0,3600.0
892,FITfiles/2024-11-03/Beelink1_20241103_193000_59.fit,2024-11-03 19:30:00,0,0,, ,train,190.0,3600.0
891,FITfiles/2024-11-03/Beelink1_20241103_194500_59.fit,2024-11-03 19:45:00,0,0,, ,train,190.0,3600.0
910,FITfiles/2024-11-03/Beelink1_20241103_200000_59.fit,2024-11-03 20:00:00,0,0,, ,valid,190.0,3600.0
899,FITfiles/2024-11-03/Beelink1_20241103_201500_59.fit,2024-11-03 20:15:00,0,0,, ,valid,190.0,3589.0
898,FITfiles/2024-11-03/Beelink1_20241103_203000_59.fit,2024-11-03 20:30:00,0,0,, ,train,190.0,3600.0
904,FITfiles/2024-11-03/Beelink1_20241103_204500_59.fit,2024-11-03 20:45:00,0,0,, ,test,190.0,3590.0
96,FITfiles/2024-11-04/Beelink1_20241104_063000_59.fit,2024-11-04 06:30:00,0,0,, ,valid,190.0,3600.0
71,FITfiles/2024-11-04/Beelink1_20241104_064500_59.fit,2024-11-04 06:45:00,0,0,, ,valid,190.0,3600.0
85,FITfiles/2024-11-04/Beelink1_20241104_070000_59.fit,2024-11-04 07:00:00,0,0,, ,train,190.0,3600.0
92,FITfiles/2024-11-04/Beelink1_20241104_071500_59.fit,2024-11-04 07:15:00,0,0,, ,train,190.0,3600.0
91,FITfiles/2024-11-04/Beelink1_20241104_073000_59.fit,2024-11-04 07:30:00,0,0,, ,valid,190.0,3600.0
104,FITfiles/2024-11-04/Beelink1_20241104_074500_59.fit,2024-11-04 07:45:00,0,0,, ,test,190.0,3600.0
77,FITfiles/2024-11-04/Beelink1_20241104_080000_59.fit,2024-11-04 08:00:00,0,0,, ,train,190.0,3600.0
99,FITfiles/2024-11-04/Beelink1_20241104_081500_59.fit,2024-11-04 08:15:00,0,0,, ,test,190.0,3590.0
84,FITfiles/2024-11-04/Beelink1_20241104_083000_59.fit,2024-11-04 08:30:00,0,0,, ,test,190.0,3600.0
95,FITfiles/2024-11-04/Beelink1_20241104_084500_59.fit,2024-11-04 08:45:00,0,0,, ,train,190.0,3600.0
100,FITfiles/2024-11-04/Beelink1_20241104_090000_59.fit,2024-11-04 09:00:00,0,0,, ,valid,190.0,3600.0
88,FITfiles/2024-11-04/Beelink1_20241104_091500_59.fit,2024-11-04 09:15:00,0,0,, ,train,190.0,3600.0
89,FITfiles/2024-11-04/Beelink1_20241104_093000_59.fit,2024-11-04 09:30:00,0,0,, ,train,190.0,3600.0
98,FITfiles/2024-11-04/Beelink1_20241104_094500_59.fit,2024-11-04 09:45:00,0,0,, ,train,190.0,3600.0
86,FITfiles/2024-11-04/Beelink1_20241104_100000_59.fit,2024-11-04 10:00:00,0,0,, ,train,190.0,3600.0
97,FITfiles/2024-11-04/Beelink1_20241104_101500_59.fit,2024-11-04 10:15:00,0,0,, ,train,190.0,3600.0
134,FITfiles/2024-11-04/Beelink1_20241104_103000_59.fit,2024-11-04 10:30:00,0,0,, ,test,190.0,3600.0
107,FITfiles/2024-11-04/Beelink1_20241104_104500_59.fit,2024-11-04 10:45:00,0,0,, ,train,190.0,3600.0
112,FITfiles/2024-11-04/Beelink1_20241104_110000_59.fit,2024-11-04 11:00:00,0,0,, ,test,190.0,3600.0
110,FITfiles/2024-11-04/Beelink1_20241104_111500_59.fit,2024-11-04 11:15:00,0,0,, ,train,190.0,3600.0
121,FITfiles/2024-11-04/Beelink1_20241104_113000_59.fit,2024-11-04 11:30:00,0,0,, ,test,190.0,3600.0
117,FITfiles/2024-11-04/Beelink1_20241104_114500_59.fit,2024-11-04 11:45:00,0,0,, ,valid,190.0,3600.0
142,FITfiles/2024-11-04/Beelink1_20241104_120000_59.fit,2024-11-04 12:00:00,0,0,, ,test,190.0,3600.0
119,FITfiles/2024-11-04/Beelink1_20241104_121500_59.fit,2024-11-04 12:15:00,0,0,, ,train,190.0,3589.0
133,FITfiles/2024-11-04/Beelink1_20241104_123000_59.fit,2024-11-04 12:30:00,0,0,, ,test,190.0,3600.0
115,FITfiles/2024-11-04/Beelink1_20241104_124500_59.fit,2024-11-04 12:45:00,0,0,, ,train,190.0,3600.0
118,FITfiles/2024-11-04/Beelink1_20241104_130000_59.fit,2024-11-04 13:00:00,0,0,, ,valid,190.0,3600.0
140,FITfiles/2024-11-04/Beelink1_20241104_131500_59.fit,2024-11-04 13:15:00,0,0,, ,test,190.0,3600.0
132,FITfiles/2024-11-04/Beelink1_20241104_133000_59.fit,2024-11-04 13:30:00,0,0,, ,test,190.0,3600.0
127,FITfiles/2024-11-04/Beelink1_20241104_134500_59.fit,2024-11-04 13:45:00,0,0,, ,valid,190.0,3600.0
123,FITfiles/2024-11-04/Beelink1_20241104_140000_59.fit,2024-11-04 14:00:00,0,0,, ,valid,190.0,3600.0
125,FITfiles/2024-11-04/Beelink1_20241104_141500_59.fit,2024-11-04 14:15:00,0,0,, ,train,190.0,3590.0
122,FITfiles/2024-11-04/Beelink1_20241104_143000_59.fit,2024-11-04 14:30:00,0,0,, ,test,190.0,3600.0
131,FITfiles/2024-11-04/Beelink1_20241104_144500_59.fit,2024-11-04 14:45:00,0,0,, ,test,190.0,3600.0
126,FITfiles/2024-11-04/Beelink1_20241104_150000_59.fit,2024-11-04 15:00:00,0,0,, ,train,190.0,3600.0
141,FITfiles/2024-11-04/Beelink1_20241104_151500_59.fit,2024-11-04 15:15:00,0,0,, ,train,190.0,3600.0
137,FITfiles/2024-11-04/Beelink1_20241104_153000_59.fit,2024-11-04 15:30:00,0,0,, ,test,190.0,3600.0
144,FITfiles/2024-11-04/Beelink1_20241104_154500_59.fit,2024-11-04 15:45:00,0,0,, ,test,190.0,3600.0
145,FITfiles/2024-11-04/Beelink1_20241104_160000_59.fit,2024-11-04 16:00:00,0,0,, ,train,190.0,3600.0
218,FITfiles/2024-11-04/Beelink1_20241104_161500_59.fit,2024-11-04 16:15:00,0,0,, ,test,190.0,3590.0
156,FITfiles/2024-11-04/Beelink1_20241104_163000_59.fit,2024-11-04 16:30:00,0,0,, ,test,190.0,3600.0
201,FITfiles/2024-11-04/Beelink1_20241104_164500_59.fit,2024-11-04 16:45:00,0,0,, ,train,190.0,3600.0
150,FITfiles/2024-11-04/Beelink1_20241104_170000_59.fit,2024-11-04 17:00:00,0,0,, ,train,190.0,3600.0
147,FITfiles/2024-11-04/Beelink1_20241104_171500_59.fit,2024-11-04 17:15:00,0,0,, ,train,190.0,3600.0
157,FITfiles/2024-11-04/Beelink1_20241104_173000_59.fit,2024-11-04 17:30:00,0,0,, ,train,190.0,3600.0
160,FITfiles/2024-11-04/Beelink1_20241104_174500_59.fit,2024-11-04 17:45:00,0,0,, ,test,190.0,3600.0
169,FITfiles/2024-11-04/Beelink1_20241104_180000_59.fit,2024-11-04 18:00:00,0,0,, ,valid,190.0,3600.0
155,FITfiles/2024-11-04/Beelink1_20241104_181500_59.fit,2024-11-04 18:15:00,0,0,, ,train,190.0,3590.0
167,FITfiles/2024-11-04/Beelink1_20241104_183000_59.fit,2024-11-04 18:30:00,0,0,, ,test,190.0,3600.0
178,FITfiles/2024-11-04/Beelink1_20241104_184500_59.fit,2024-11-04 18:45:00,0,0,, ,train,190.0,3600.0
170,FITfiles/2024-11-04/Beelink1_20241104_190000_59.fit,2024-11-04 19:00:00,0,0,, ,valid,190.0,3600.0
172,FITfiles/2024-11-04/Beelink1_20241104_191500_59.fit,2024-11-04 19:15:00,0,0,, ,test,190.0,3600.0
176,FITfiles/2024-11-04/Beelink1_20241104_193000_59.fit,2024-11-04 19:30:00,0,0,, ,train,190.0,3600.0
204,FITfiles/2024-11-04/Beelink1_20241104_194500_59.fit,2024-11-04 19:45:00,0,0,, ,train,190.0,3600.0
185,FITfiles/2024-11-04/Beelink1_20241104_200000_59.fit,2024-11-04 20:00:00,0,0,, ,train,190.0,3600.0
182,FITfiles/2024-11-04/Beelink1_20241104_201500_59.fit,2024-11-04 20:15:00,0,0,, ,train,190.0,3589.0
188,FITfiles/2024-11-04/Beelink1_20241104_203000_59.fit,2024-11-04 20:30:00,0,0,, ,train,190.0,3600.0
186,FITfiles/2024-11-04/Beelink1_20241104_204500_59.fit,2024-11-04 20:45:00,0,0,, ,train,190.0,3590.0
336,FITfiles/2024-11-05/Beelink1_20241105_063000_59.fit,2024-11-05 06:30:00,0,0,, ,train,190.0,3600.0
346,FITfiles/2024-11-05/Beelink1_20241105_064500_59.fit,2024-11-05 06:45:00,0,0,, ,valid,190.0,3600.0
353,FITfiles/2024-11-05/Beelink1_20241105_070000_59.fit,2024-11-05 07:00:00,0,0,, ,valid,190.0,3600.0
345,FITfiles/2024-11-05/Beelink1_20241105_071500_59.fit,2024-11-05 07:15:00,0,0,, ,train,190.0,3600.0
367,FITfiles/2024-11-05/Beelink1_20241105_073000_59.fit,2024-11-05 07:30:00,0,0,, ,train,190.0,3600.0
347,FITfiles/2024-11-05/Beelink1_20241105_074500_59.fit,2024-11-05 07:45:00,0,0,, ,test,190.0,3600.0
356,FITfiles/2024-11-05/Beelink1_20241105_080000_59.fit,2024-11-05 08:00:00,0,0,, ,test,190.0,3600.0
375,FITfiles/2024-11-05/Beelink1_20241105_081500_59.fit,2024-11-05 08:15:00,0,0,, ,train,190.0,3589.0
361,FITfiles/2024-11-05/Beelink1_20241105_083000_59.fit,2024-11-05 08:30:00,0,0,, ,train,190.0,3600.0
351,FITfiles/2024-11-05/Beelink1_20241105_084500_59.fit,2024-11-05 08:45:00,0,0,, ,valid,190.0,3600.0
355,FITfiles/2024-11-05/Beelink1_20241105_090000_59.fit,2024-11-05 09:00:00,0,0,, ,train,190.0,3600.0
369,FITfiles/2024-11-05/Beelink1_20241105_091500_59.fit,2024-11-05 09:15:00,0,0,, ,train,190.0,3600.0
360,FITfiles/2024-11-05/Beelink1_20241105_093000_59.fit,2024-11-05 09:30:00,0,0,, ,train,190.0,3600.0
362,FITfiles/2024-11-05/Beelink1_20241105_094500_59.fit,2024-11-05 09:45:00,0,0,, ,train,190.0,3600.0
364,FITfiles/2024-11-05/Beelink1_20241105_100000_59.fit,2024-11-05 10:00:00,0,0,, ,train,190.0,3600.0
372,FITfiles/2024-11-05/Beelink1_20241105_101500_59.fit,2024-11-05 10:15:00,0,0,, ,train,190.0,3600.0
370,FITfiles/2024-11-05/Beelink1_20241105_103000_59.fit,2024-11-05 10:30:00,0,0,, ,train,190.0,3600.0
365,FITfiles/2024-11-05/Beelink1_20241105_104500_59.fit,2024-11-05 10:45:00,0,0,, ,test,190.0,3600.0
354,FITfiles/2024-11-05/Beelink1_20241105_110000_59.fit,2024-11-05 11:00:00,0,0,, ,valid,190.0,3600.0
404,FITfiles/2024-11-05/Beelink1_20241105_111500_59.fit,2024-11-05 11:15:00,0,0,, ,train,190.0,3600.0
399,FITfiles/2024-11-05/Beelink1_20241105_113000_59.fit,2024-11-05 11:30:00,0,0,, ,train,190.0,3600.0
373,FITfiles/2024-11-05/Beelink1_20241105_114500_59.fit,2024-11-05 11:45:00,0,0,, ,train,190.0,3600.0
381,FITfiles/2024-11-05/Beelink1_20241105_120000_59.fit,2024-11-05 12:00:00,0,0,, ,train,190.0,3600.0
389,FITfiles/2024-11-05/Beelink1_20241105_121500_59.fit,2024-11-05 12:15:00,0,0,, ,valid,190.0,3589.0
385,FITfiles/2024-11-05/Beelink1_20241105_123000_59.fit,2024-11-05 12:30:00,0,0,, ,test,190.0,3600.0
378,FITfiles/2024-11-05/Beelink1_20241105_124500_59.fit,2024-11-05 12:45:00,0,0,, ,train,190.0,3600.0
390,FITfiles/2024-11-05/Beelink1_20241105_130000_59.fit,2024-11-05 13:00:00,0,0,, ,test,190.0,3600.0
380,FITfiles/2024-11-05/Beelink1_20241105_131500_59.fit,2024-11-05 13:15:00,0,0,, ,train,190.0,3600.0
400,FITfiles/2024-11-05/Beelink1_20241105_133000_59.fit,2024-11-05 13:30:00,0,0,, ,valid,190.0,3600.0
387,FITfiles/2024-11-05/Beelink1_20241105_134500_59.fit,2024-11-05 13:45:00,0,0,, ,train,190.0,3600.0
383,FITfiles/2024-11-05/Beelink1_20241105_140000_59.fit,2024-11-05 14:00:00,0,0,, ,train,190.0,3600.0
392,FITfiles/2024-11-05/Beelink1_20241105_141500_59.fit,2024-11-05 14:15:00,0,0,, ,train,190.0,3589.0
409,FITfiles/2024-11-05/Beelink1_20241105_143000_59.fit,2024-11-05 14:30:00,0,0,, ,train,190.0,3600.0
417,FITfiles/2024-11-05/Beelink1_20241105_144500_59.fit,2024-11-05 14:45:00,0,0,, ,valid,190.0,3600.0
393,FITfiles/2024-11-05/Beelink1_20241105_150000_59.fit,2024-11-05 15:00:00,0,0,, ,train,190.0,3600.0
394,FITfiles/2024-11-05/Beelink1_20241105_151500_59.fit,2024-11-05 15:15:00,0,0,, ,train,190.0,3600.0
406,FITfiles/2024-11-05/Beelink1_20241105_153000_59.fit,2024-11-05 15:30:00,0,0,, ,valid,190.0,3600.0
397,FITfiles/2024-11-05/Beelink1_20241105_154500_59.fit,2024-11-05 15:45:00,0,0,, ,train,190.0,3600.0
402,FITfiles/2024-11-05/Beelink1_20241105_160000_59.fit,2024-11-05 16:00:00,0,0,, ,train,190.0,3600.0
396,FITfiles/2024-11-05/Beelink1_20241105_161500_59.fit,2024-11-05 16:15:00,0,0,, ,train,190.0,3589.0
398,FITfiles/2024-11-05/Beelink1_20241105_163000_59.fit,2024-11-05 16:30:00,0,0,, ,test,190.0,3600.0
401,FITfiles/2024-11-05/Beelink1_20241105_164500_59.fit,2024-11-05 16:45:00,0,0,, ,train,190.0,3600.0
403,FITfiles/2024-11-05/Beelink1_20241105_170000_59.fit,2024-11-05 17:00:00,0,0,, ,train,190.0,3600.0
415,FITfiles/2024-11-05/Beelink1_20241105_171500_59.fit,2024-11-05 17:15:00,0,0,, ,train,190.0,3600.0
405,FITfiles/2024-11-05/Beelink1_20241105_173000_59.fit,2024-11-05 17:30:00,0,0,, ,test,190.0,3600.0
422,FITfiles/2024-11-05/Beelink1_20241105_174500_59.fit,2024-11-05 17:45:00,0,0,, ,train,190.0,3600.0
427,FITfiles/2024-11-05/Beelink1_20241105_180000_59.fit,2024-11-05 18:00:00,0,0,, ,train,190.0,3600.0
407,FITfiles/2024-11-05/Beelink1_20241105_181500_59.fit,2024-11-05 18:15:00,0,0,, ,train,190.0,3590.0
412,FITfiles/2024-11-05/Beelink1_20241105_183000_59.fit,2024-11-05 18:30:00,0,0,, ,valid,190.0,3600.0
410,FITfiles/2024-11-05/Beelink1_20241105_184500_59.fit,2024-11-05 18:45:00,0,0,, ,train,190.0,3600.0
416,FITfiles/2024-11-05/Beelink1_20241105_190000_59.fit,2024-11-05 19:00:00,0,0,, ,train,190.0,3600.0
408,FITfiles/2024-11-05/Beelink1_20241105_191500_59.fit,2024-11-05 19:15:00,0,0,, ,test,190.0,3600.0
419,FITfiles/2024-11-05/Beelink1_20241105_193000_59.fit,2024-11-05 19:30:00,0,0,, ,train,190.0,3600.0
418,FITfiles/2024-11-05/Beelink1_20241105_194500_59.fit,2024-11-05 19:45:00,0,0,, ,valid,190.0,3600.0
424,FITfiles/2024-11-05/Beelink1_20241105_200000_59.fit,2024-11-05 20:00:00,0,0,, ,valid,190.0,3600.0
420,FITfiles/2024-11-05/Beelink1_20241105_201500_59.fit,2024-11-05 20:15:00,0,0,, ,train,190.0,3589.0
430,FITfiles/2024-11-05/Beelink1_20241105_203000_59.fit,2024-11-05 20:30:00,0,0,, ,valid,190.0,3600.0
428,FITfiles/2024-11-05/Beelink1_20241105_204500_59.fit,2024-11-05 20:45:00,0,0,, ,valid,190.0,3590.0
9061,FITfiles/2024-11-06/Beelink1_20241106_063000_59.fit,2024-11-06 06:30:00,0,0,, ,train,190.0,3600.0
9064,FITfiles/2024-11-06/Beelink1_20241106_064500_59.fit,2024-11-06 06:45:00,0,0,, ,test,190.0,3600.0
9074,FITfiles/2024-11-06/Beelink1_20241106_070000_59.fit,2024-11-06 07:00:00,0,0,, ,train,190.0,3600.0
9066,FITfiles/2024-11-06/Beelink1_20241106_071500_59.fit,2024-11-06 07:15:00,0,0,, ,valid,190.0,3600.0
9067,FITfiles/2024-11-06/Beelink1_20241106_073000_59.fit,2024-11-06 07:30:00,0,0,, ,test,190.0,3600.0
9072,FITfiles/2024-11-06/Beelink1_20241106_074500_59.fit,2024-11-06 07:45:00,0,0,, ,train,190.0,3600.0
9069,FITfiles/2024-11-06/Beelink1_20241106_080000_59.fit,2024-11-06 08:00:00,0,0,, ,valid,190.0,3600.0
9071,FITfiles/2024-11-06/Beelink1_20241106_081500_59.fit,2024-11-06 08:15:00,0,0,, ,train,190.0,3589.0
9075,FITfiles/2024-11-06/Beelink1_20241106_083000_59.fit,2024-11-06 08:30:00,0,0,, ,train,190.0,3600.0
9077,FITfiles/2024-11-06/Beelink1_20241106_084500_59.fit,2024-11-06 08:45:00,0,0,, ,train,190.0,3600.0
9079,FITfiles/2024-11-06/Beelink1_20241106_090000_59.fit,2024-11-06 09:00:00,0,0,, ,train,190.0,3600.0
9081,FITfiles/2024-11-06/Beelink1_20241106_091500_59.fit,2024-11-06 09:15:00,0,0,, ,test,190.0,3600.0
9082,FITfiles/2024-11-06/Beelink1_20241106_093000_59.fit,2024-11-06 09:30:00,0,0,, ,train,190.0,3600.0
9083,FITfiles/2024-11-06/Beelink1_20241106_094500_59.fit,2024-11-06 09:45:00,0,0,, ,valid,190.0,3600.0
9084,FITfiles/2024-11-06/Beelink1_20241106_100000_59.fit,2024-11-06 10:00:00,0,0,, ,train,190.0,3600.0
9099,FITfiles/2024-11-06/Beelink1_20241106_101500_59.fit,2024-11-06 10:15:00,0,0,, ,train,190.0,3600.0
9085,FITfiles/2024-11-06/Beelink1_20241106_103000_59.fit,2024-11-06 10:30:00,0,0,, ,train,190.0,3600.0
9087,FITfiles/2024-11-06/Beelink1_20241106_104500_59.fit,2024-11-06 10:45:00,0,0,, ,test,190.0,3600.0
9086,FITfiles/2024-11-06/Beelink1_20241106_110000_59.fit,2024-11-06 11:00:00,0,0,, ,test,190.0,3600.0
9106,FITfiles/2024-11-06/Beelink1_20241106_111500_59.fit,2024-11-06 11:15:00,0,0,, ,valid,190.0,3600.0
9090,FITfiles/2024-11-06/Beelink1_20241106_113000_59.fit,2024-11-06 11:30:00,0,0,, ,train,190.0,3600.0
9095,FITfiles/2024-11-06/Beelink1_20241106_114500_59.fit,2024-11-06 11:45:00,0,0,, ,test,190.0,3600.0
9094,FITfiles/2024-11-06/Beelink1_20241106_120000_59.fit,2024-11-06 12:00:00,0,0,, ,train,190.0,3600.0
9098,FITfiles/2024-11-06/Beelink1_20241106_121500_59.fit,2024-11-06 12:15:00,0,0,, ,valid,190.0,3589.0
9096,FITfiles/2024-11-06/Beelink1_20241106_123000_59.fit,2024-11-06 12:30:00,0,0,, ,valid,190.0,3600.0
9100,FITfiles/2024-11-06/Beelink1_20241106_124500_59.fit,2024-11-06 12:45:00,0,0,, ,train,190.0,3600.0
9097,FITfiles/2024-11-06/Beelink1_20241106_130000_59.fit,2024-11-06 13:00:00,0,0,, ,train,190.0,3600.0
9103,FITfiles/2024-11-06/Beelink1_20241106_131500_59.fit,2024-11-06 13:15:00,0,0,, ,train,190.0,3600.0
9102,FITfiles/2024-11-06/Beelink1_20241106_133000_59.fit,2024-11-06 13:30:00,0,0,, ,train,190.0,3600.0
9101,FITfiles/2024-11-06/Beelink1_20241106_134500_59.fit,2024-11-06 13:45:00,0,0,, ,train,190.0,3600.0
9104,FITfiles/2024-11-06/Beelink1_20241106_140000_59.fit,2024-11-06 14:00:00,0,0,, ,train,190.0,3600.0
9107,FITfiles/2024-11-06/Beelink1_20241106_141500_59.fit,2024-11-06 14:15:00,0,0,, ,train,190.0,3590.0
9105,FITfiles/2024-11-06/Beelink1_20241106_143000_59.fit,2024-11-06 14:30:00,0,0,, ,train,190.0,3600.0
9109,FITfiles/2024-11-06/Beelink1_20241106_144500_59.fit,2024-11-06 14:45:00,0,0,, ,test,190.0,3600.0
9110,FITfiles/2024-11-06/Beelink1_20241106_150000_59.fit,2024-11-06 15:00:00,0,0,, ,valid,190.0,3600.0
9108,FITfiles/2024-11-06/Beelink1_20241106_151500_59.fit,2024-11-06 15:15:00,0,0,, ,train,190.0,3600.0
9112,FITfiles/2024-11-06/Beelink1_20241106_153000_59.fit,2024-11-06 15:30:00,0,0,, ,train,190.0,3600.0
9115,FITfiles/2024-11-06/Beelink1_20241106_154500_59.fit,2024-11-06 15:45:00,0,0,, ,test,190.0,3600.0
9111,FITfiles/2024-11-06/Beelink1_20241106_160000_59.fit,2024-11-06 16:00:00,0,0,, ,train,190.0,3600.0
9113,FITfiles/2024-11-06/Beelink1_20241106_161500_59.fit,2024-11-06 16:15:00,0,0,, ,test,190.0,3589.0
9114,FITfiles/2024-11-06/Beelink1_20241106_163000_59.fit,2024-11-06 16:30:00,0,0,, ,test,190.0,3600.0
9127,FITfiles/2024-11-06/Beelink1_20241106_164500_59.fit,2024-11-06 16:45:00,0,0,, ,train,190.0,3600.0
9116,FITfiles/2024-11-06/Beelink1_20241106_170000_59.fit,2024-11-06 17:00:00,0,0,, ,train,190.0,3600.0
9117,FITfiles/2024-11-06/Beelink1_20241106_171500_59.fit,2024-11-06 17:15:00,0,0,, ,train,190.0,3600.0
9119,FITfiles/2024-11-06/Beelink1_20241106_173000_59.fit,2024-11-06 17:30:00,0,0,, ,train,190.0,3600.0
9120,FITfiles/2024-11-06/Beelink1_20241106_174500_59.fit,2024-11-06 17:45:00,0,0,, ,valid,190.0,3600.0
9122,FITfiles/2024-11-06/Beelink1_20241106_180000_59.fit,2024-11-06 18:00:00,0,0,, ,train,190.0,3600.0
9121,FITfiles/2024-11-06/Beelink1_20241106_181500_59.fit,2024-11-06 18:15:00,0,0,, ,train,190.0,3590.0
9118,FITfiles/2024-11-06/Beelink1_20241106_183000_59.fit,2024-11-06 18:30:00,0,0,, ,valid,190.0,3600.0
9125,FITfiles/2024-11-06/Beelink1_20241106_184500_59.fit,2024-11-06 18:45:00,0,0,, ,test,190.0,3600.0
9123,FITfiles/2024-11-06/Beelink1_20241106_190000_59.fit,2024-11-06 19:00:00,0,0,, ,train,190.0,3600.0
9128,FITfiles/2024-11-06/Beelink1_20241106_191500_59.fit,2024-11-06 19:15:00,0,0,, ,train,190.0,3600.0
9126,FITfiles/2024-11-06/Beelink1_20241106_193000_59.fit,2024-11-06 19:30:00,0,0,, ,test,190.0,3600.0
9134,FITfiles/2024-11-06/Beelink1_20241106_194500_59.fit,2024-11-06 19:45:00,0,0,, ,test,190.0,3600.0
9124,FITfiles/2024-11-06/Beelink1_20241106_200000_59.fit,2024-11-06 20:00:00,0,0,, ,test,190.0,3600.0
9130,FITfiles/2024-11-06/Beelink1_20241106_201500_59.fit,2024-11-06 20:15:00,0,0,, ,valid,190.0,3589.0
9132,FITfiles/2024-11-06/Beelink1_20241106_203000_59.fit,2024-11-06 20:30:00,0,0,, ,valid,190.0,3600.0
9129,FITfiles/2024-11-06/Beelink1_20241106_204500_59.fit,2024-11-06 20:45:00,0,0,, ,train,190.0,3590.0
774,FITfiles/2024-11-07/Beelink1_20241107_063000_59.fit,2024-11-07 06:30:00,0,0,, ,valid,190.0,3600.0
776,FITfiles/2024-11-07/Beelink1_20241107_064500_59.fit,2024-11-07 06:45:00,0,0,, ,test,190.0,3600.0
794,FITfiles/2024-11-07/Beelink1_20241107_070000_59.fit,2024-11-07 07:00:00,0,0,, ,test,190.0,3600.0
795,FITfiles/2024-11-07/Beelink1_20241107_071500_59.fit,2024-11-07 07:15:00,0,0,, ,train,190.0,3600.0
793,FITfiles/2024-11-07/Beelink1_20241107_073000_59.fit,2024-11-07 07:30:00,0,0,, ,train,190.0,3600.0
784,FITfiles/2024-11-07/Beelink1_20241107_074500_59.fit,2024-11-07 07:45:00,0,0,, ,test,190.0,3600.0
796,FITfiles/2024-11-07/Beelink1_20241107_080000_59.fit,2024-11-07 08:00:00,0,0,, ,train,190.0,3600.0
802,FITfiles/2024-11-07/Beelink1_20241107_081500_59.fit,2024-11-07 08:15:00,0,0,, ,train,190.0,3590.0
810,FITfiles/2024-11-07/Beelink1_20241107_083000_59.fit,2024-11-07 08:30:00,0,0,, ,test,190.0,3600.0
838,FITfiles/2024-11-07/Beelink1_20241107_084500_59.fit,2024-11-07 08:45:00,0,0,, ,valid,190.0,3600.0
803,FITfiles/2024-11-07/Beelink1_20241107_090000_59.fit,2024-11-07 09:00:00,0,0,, ,train,190.0,3600.0
814,FITfiles/2024-11-07/Beelink1_20241107_091500_59.fit,2024-11-07 09:15:00,0,0,, ,train,190.0,3600.0
812,FITfiles/2024-11-07/Beelink1_20241107_093000_59.fit,2024-11-07 09:30:00,0,0,, ,train,190.0,3600.0
823,FITfiles/2024-11-07/Beelink1_20241107_094500_59.fit,2024-11-07 09:45:00,0,0,, ,train,190.0,3600.0
819,FITfiles/2024-11-07/Beelink1_20241107_100000_59.fit,2024-11-07 10:00:00,0,0,, ,test,190.0,3600.0
834,FITfiles/2024-11-07/Beelink1_20241107_101500_59.fit,2024-11-07 10:15:00,0,0,, ,train,190.0,3600.0
832,FITfiles/2024-11-07/Beelink1_20241107_103000_59.fit,2024-11-07 10:30:00,0,0,, ,valid,190.0,3600.0
836,FITfiles/2024-11-07/Beelink1_20241107_104500_59.fit,2024-11-07 10:45:00,0,0,, ,train,190.0,3600.0
822,FITfiles/2024-11-07/Beelink1_20241107_110000_59.fit,2024-11-07 11:00:00,0,0,, ,test,190.0,3600.0
866,FITfiles/2024-11-07/Beelink1_20241107_111500_59.fit,2024-11-07 11:15:00,0,0,, ,train,190.0,3600.0
840,FITfiles/2024-11-07/Beelink1_20241107_113000_59.fit,2024-11-07 11:30:00,0,0,, ,train,190.0,3600.0
855,FITfiles/2024-11-07/Beelink1_20241107_114500_59.fit,2024-11-07 11:45:00,0,0,, ,valid,190.0,3600.0
839,FITfiles/2024-11-07/Beelink1_20241107_120000_59.fit,2024-11-07 12:00:00,0,0,, ,train,190.0,3600.0
851,FITfiles/2024-11-07/Beelink1_20241107_121500_59.fit,2024-11-07 12:15:00,0,0,, ,test,190.0,3590.0
849,FITfiles/2024-11-07/Beelink1_20241107_123000_59.fit,2024-11-07 12:30:00,0,0,, ,test,190.0,3600.0
857,FITfiles/2024-11-07/Beelink1_20241107_124500_59.fit,2024-11-07 12:45:00,0,0,, ,train,190.0,3600.0
852,FITfiles/2024-11-07/Beelink1_20241107_130000_59.fit,2024-11-07 13:00:00,0,0,, ,train,190.0,3600.0
863,FITfiles/2024-11-07/Beelink1_20241107_131500_59.fit,2024-11-07 13:15:00,0,0,, ,train,190.0,3600.0
895,FITfiles/2024-11-07/Beelink1_20241107_133000_59.fit,2024-11-07 13:30:00,0,0,, ,train,190.0,3600.0
864,FITfiles/2024-11-07/Beelink1_20241107_134500_59.fit,2024-11-07 13:45:00,0,0,, ,valid,190.0,3600.0
861,FITfiles/2024-11-07/Beelink1_20241107_140000_59.fit,2024-11-07 14:00:00,0,0,, ,train,190.0,3600.0
867,FITfiles/2024-11-07/Beelink1_20241107_141500_59.fit,2024-11-07 14:15:00,0,0,, ,test,190.0,3589.0
874,FITfiles/2024-11-07/Beelink1_20241107_143000_59.fit,2024-11-07 14:30:00,0,0,, ,valid,190.0,3600.0
873,FITfiles/2024-11-07/Beelink1_20241107_144500_59.fit,2024-11-07 14:45:00,0,0,, ,test,190.0,3600.0
883,FITfiles/2024-11-07/Beelink1_20241107_150000_59.fit,2024-11-07 15:00:00,0,0,, ,train,190.0,3600.0
885,FITfiles/2024-11-07/Beelink1_20241107_151500_59.fit,2024-11-07 15:15:00,0,0,, ,train,190.0,3600.0
900,FITfiles/2024-11-07/Beelink1_20241107_153000_59.fit,2024-11-07 15:30:00,0,0,, ,train,190.0,3600.0
888,FITfiles/2024-11-07/Beelink1_20241107_154500_59.fit,2024-11-07 15:45:00,0,0,, ,train,190.0,3600.0
901,FITfiles/2024-11-07/Beelink1_20241107_160000_59.fit,2024-11-07 16:00:00,0,0,, ,test,190.0,3600.0
887,FITfiles/2024-11-07/Beelink1_20241107_161500_59.fit,2024-11-07 16:15:00,0,0,, ,train,190.0,3589.0
881,FITfiles/2024-11-07/Beelink1_20241107_163000_59.fit,2024-11-07 16:30:00,0,0,, ,test,190.0,3600.0
903,FITfiles/2024-11-07/Beelink1_20241107_164500_59.fit,2024-11-07 16:45:00,0,0,, ,train,190.0,3600.0
905,FITfiles/2024-11-07/Beelink1_20241107_170000_59.fit,2024-11-07 17:00:00,0,0,, ,train,190.0,3600.0
907,FITfiles/2024-11-07/Beelink1_20241107_171500_59.fit,2024-11-07 17:15:00,0,0,, ,train,190.0,3600.0
893,FITfiles/2024-11-07/Beelink1_20241107_173000_59.fit,2024-11-07 17:30:00,0,0,, ,valid,190.0,3600.0
920,FITfiles/2024-11-07/Beelink1_20241107_174500_59.fit,2024-11-07 17:45:00,0,0,, ,test,190.0,3600.0
921,FITfiles/2024-11-07/Beelink1_20241107_180000_59.fit,2024-11-07 18:00:00,0,0,, ,train,190.0,3600.0
912,FITfiles/2024-11-07/Beelink1_20241107_181500_59.fit,2024-11-07 18:15:00,0,0,, ,train,190.0,3590.0
915,FITfiles/2024-11-07/Beelink1_20241107_183000_59.fit,2024-11-07 18:30:00,0,0,, ,test,190.0,3600.0
906,FITfiles/2024-11-07/Beelink1_20241107_184500_59.fit,2024-11-07 18:45:00,0,0,, ,valid,190.0,3600.0
916,FITfiles/2024-11-07/Beelink1_20241107_190000_59.fit,2024-11-07 19:00:00,0,0,, ,train,190.0,3600.0
914,FITfiles/2024-11-07/Beelink1_20241107_191500_59.fit,2024-11-07 19:15:00,0,0,, ,train,190.0,3600.0
942,FITfiles/2024-11-07/Beelink1_20241107_193000_59.fit,2024-11-07 19:30:00,0,0,, ,train,190.0,3600.0
930,FITfiles/2024-11-07/Beelink1_20241107_194500_59.fit,2024-11-07 19:45:00,0,0,, ,train,190.0,3600.0
934,FITfiles/2024-11-07/Beelink1_20241107_200000_59.fit,2024-11-07 20:00:00,0,0,, ,test,190.0,3600.0
933,FITfiles/2024-11-07/Beelink1_20241107_201500_59.fit,2024-11-07 20:15:00,0,0,, ,valid,190.0,3590.0
936,FITfiles/2024-11-07/Beelink1_20241107_203000_59.fit,2024-11-07 20:30:00,0,0,, ,valid,190.0,3600.0
948,FITfiles/2024-11-07/Beelink1_20241107_204500_59.fit,2024-11-07 20:45:00,0,0,, ,train,190.0,3590.0
1312,FITfiles/2024-11-08/Beelink1_20241108_063000_59.fit,2024-11-08 06:30:00,0,0,, ,train,190.0,3600.0
1308,FITfiles/2024-11-08/Beelink1_20241108_064500_59.fit,2024-11-08 06:45:00,0,0,, ,valid,190.0,3600.0
1297,FITfiles/2024-11-08/Beelink1_20241108_070000_59.fit,2024-11-08 07:00:00,0,0,, ,train,190.0,3600.0
1294,FITfiles/2024-11-08/Beelink1_20241108_071500_59.fit,2024-11-08 07:15:00,0,0,, ,test,190.0,3600.0
1318,FITfiles/2024-11-08/Beelink1_20241108_073000_59.fit,2024-11-08 07:30:00,0,0,, ,test,190.0,3600.0
1293,FITfiles/2024-11-08/Beelink1_20241108_074500_59.fit,2024-11-08 07:45:00,0,0,, ,train,190.0,3600.0
1302,FITfiles/2024-11-08/Beelink1_20241108_080000_59.fit,2024-11-08 08:00:00,0,0,, ,valid,190.0,3600.0
1315,FITfiles/2024-11-08/Beelink1_20241108_081500_59.fit,2024-11-08 08:15:00,0,0,, ,valid,190.0,3590.0
1310,FITfiles/2024-11-08/Beelink1_20241108_083000_59.fit,2024-11-08 08:30:00,0,0,, ,test,190.0,3600.0
1321,FITfiles/2024-11-08/Beelink1_20241108_084500_59.fit,2024-11-08 08:45:00,0,0,, ,valid,190.0,3600.0
1334,FITfiles/2024-11-08/Beelink1_20241108_090000_59.fit,2024-11-08 09:00:00,0,0,, ,train,190.0,3600.0
1323,FITfiles/2024-11-08/Beelink1_20241108_091500_59.fit,2024-11-08 09:15:00,0,0,, ,test,190.0,3600.0
1362,FITfiles/2024-11-08/Beelink1_20241108_093000_59.fit,2024-11-08 09:30:00,0,0,, ,train,190.0,3600.0
1331,FITfiles/2024-11-08/Beelink1_20241108_094500_59.fit,2024-11-08 09:45:00,0,0,, ,test,190.0,3600.0
1343,FITfiles/2024-11-08/Beelink1_20241108_100000_59.fit,2024-11-08 10:00:00,0,0,, ,valid,190.0,3600.0
1337,FITfiles/2024-11-08/Beelink1_20241108_101500_59.fit,2024-11-08 10:15:00,0,0,, ,train,190.0,3600.0
1339,FITfiles/2024-11-08/Beelink1_20241108_103000_59.fit,2024-11-08 10:30:00,0,0,, ,train,190.0,3600.0
1345,FITfiles/2024-11-08/Beelink1_20241108_104500_59.fit,2024-11-08 10:45:00,0,0,, ,test,190.0,3600.0
1357,FITfiles/2024-11-08/Beelink1_20241108_110000_59.fit,2024-11-08 11:00:00,0,0,, ,train,190.0,3600.0
1351,FITfiles/2024-11-08/Beelink1_20241108_111500_59.fit,2024-11-08 11:15:00,0,0,, ,train,190.0,3600.0
1360,FITfiles/2024-11-08/Beelink1_20241108_113000_59.fit,2024-11-08 11:30:00,0,0,, ,train,190.0,3600.0
1355,FITfiles/2024-11-08/Beelink1_20241108_114500_59.fit,2024-11-08 11:45:00,0,0,, ,train,190.0,3600.0
1377,FITfiles/2024-11-08/Beelink1_20241108_120000_59.fit,2024-11-08 12:00:00,0,0,, ,test,190.0,3600.0
1369,FITfiles/2024-11-08/Beelink1_20241108_121500_59.fit,2024-11-08 12:15:00,0,0,, ,train,190.0,3590.0
1372,FITfiles/2024-11-08/Beelink1_20241108_123000_59.fit,2024-11-08 12:30:00,0,0,, ,train,190.0,3600.0
1380,FITfiles/2024-11-08/Beelink1_20241108_124500_59.fit,2024-11-08 12:45:00,0,0,, ,train,190.0,3600.0
1387,FITfiles/2024-11-08/Beelink1_20241108_130000_59.fit,2024-11-08 13:00:00,0,0,, ,train,190.0,3600.0
1388,FITfiles/2024-11-08/Beelink1_20241108_131500_59.fit,2024-11-08 13:15:00,0,0,, ,train,190.0,3600.0
1393,FITfiles/2024-11-08/Beelink1_20241108_133000_59.fit,2024-11-08 13:30:00,0,0,, ,train,190.0,3600.0
1395,FITfiles/2024-11-08/Beelink1_20241108_134500_59.fit,2024-11-08 13:45:00,0,0,, ,test,190.0,3600.0
1396,FITfiles/2024-11-08/Beelink1_20241108_140000_59.fit,2024-11-08 14:00:00,0,0,, ,valid,190.0,3600.0
1398,FITfiles/2024-11-08/Beelink1_20241108_141500_59.fit,2024-11-08 14:15:00,0,0,, ,train,190.0,3590.0
1400,FITfiles/2024-11-08/Beelink1_20241108_143000_59.fit,2024-11-08 14:30:00,0,0,, ,train,190.0,3600.0
1405,FITfiles/2024-11-08/Beelink1_20241108_144500_59.fit,2024-11-08 14:45:00,0,0,, ,train,190.0,3600.0
1409,FITfiles/2024-11-08/Beelink1_20241108_150000_59.fit,2024-11-08 15:00:00,0,0,, ,valid,190.0,3600.0
1411,FITfiles/2024-11-08/Beelink1_20241108_151500_59.fit,2024-11-08 15:15:00,0,0,, ,train,190.0,3600.0
1414,FITfiles/2024-11-08/Beelink1_20241108_153000_59.fit,2024-11-08 15:30:00,0,0,, ,train,190.0,3600.0
1417,FITfiles/2024-11-08/Beelink1_20241108_154500_59.fit,2024-11-08 15:45:00,0,0,, ,test,190.0,3600.0
1421,FITfiles/2024-11-08/Beelink1_20241108_160000_59.fit,2024-11-08 16:00:00,0,0,, ,train,190.0,3600.0
1427,FITfiles/2024-11-08/Beelink1_20241108_161500_59.fit,2024-11-08 16:15:00,0,0,, ,train,190.0,3590.0
1426,FITfiles/2024-11-08/Beelink1_20241108_163000_59.fit,2024-11-08 16:30:00,0,0,, ,train,190.0,3600.0
1428,FITfiles/2024-11-08/Beelink1_20241108_164500_59.fit,2024-11-08 16:45:00,0,0,, ,train,190.0,3600.0
1431,FITfiles/2024-11-08/Beelink1_20241108_170000_59.fit,2024-11-08 17:00:00,0,0,, ,train,190.0,3600.0
1432,FITfiles/2024-11-08/Beelink1_20241108_171500_59.fit,2024-11-08 17:15:00,0,0,, ,test,190.0,3600.0
1435,FITfiles/2024-11-08/Beelink1_20241108_173000_59.fit,2024-11-08 17:30:00,0,0,, ,train,190.0,3600.0
1436,FITfiles/2024-11-08/Beelink1_20241108_174500_59.fit,2024-11-08 17:45:00,0,0,, ,train,190.0,3600.0
1439,FITfiles/2024-11-08/Beelink1_20241108_180000_59.fit,2024-11-08 18:00:00,0,0,, ,valid,190.0,3600.0
1441,FITfiles/2024-11-08/Beelink1_20241108_181500_59.fit,2024-11-08 18:15:00,0,0,, ,train,190.0,3590.0
1444,FITfiles/2024-11-08/Beelink1_20241108_183000_59.fit,2024-11-08 18:30:00,0,0,, ,train,190.0,3600.0
1445,FITfiles/2024-11-08/Beelink1_20241108_184500_59.fit,2024-11-08 18:45:00,0,0,, ,train,190.0,3600.0
1447,FITfiles/2024-11-08/Beelink1_20241108_190000_59.fit,2024-11-08 19:00:00,0,0,, ,train,190.0,3600.0
1449,FITfiles/2024-11-08/Beelink1_20241108_191500_59.fit,2024-11-08 19:15:00,0,0,, ,train,190.0,3600.0
1451,FITfiles/2024-11-08/Beelink1_20241108_193000_59.fit,2024-11-08 19:30:00,0,0,, ,train,190.0,3600.0
1453,FITfiles/2024-11-08/Beelink1_20241108_194500_59.fit,2024-11-08 19:45:00,0,0,, ,valid,190.0,3600.0
1455,FITfiles/2024-11-08/Beelink1_20241108_200000_59.fit,2024-11-08 20:00:00,0,0,, ,train,190.0,3600.0
1457,FITfiles/2024-11-08/Beelink1_20241108_201500_59.fit,2024-11-08 20:15:00,0,0,, ,train,190.0,3589.0
1458,FITfiles/2024-11-08/Beelink1_20241108_203000_59.fit,2024-11-08 20:30:00,0,0,, ,train,190.0,3600.0
1460,FITfiles/2024-11-08/Beelink1_20241108_204500_59.fit,2024-11-08 20:45:00,0,0,, ,train,190.0,3589.0
255,FITfiles/2024-11-09/Beelink1_20241109_063000_59.fit,2024-11-09 06:30:00,0,0,, ,train,190.0,3600.0
248,FITfiles/2024-11-09/Beelink1_20241109_064500_59.fit,2024-11-09 06:45:00,0,0,, ,train,190.0,3600.0
250,FITfiles/2024-11-09/Beelink1_20241109_070000_59.fit,2024-11-09 07:00:00,0,0,, ,train,190.0,3600.0
253,FITfiles/2024-11-09/Beelink1_20241109_071500_59.fit,2024-11-09 07:15:00,0,0,, ,test,190.0,3600.0
246,FITfiles/2024-11-09/Beelink1_20241109_073000_59.fit,2024-11-09 07:30:00,0,0,, ,train,190.0,3600.0
254,FITfiles/2024-11-09/Beelink1_20241109_074500_59.fit,2024-11-09 07:45:00,0,0,, ,train,190.0,3600.0
256,FITfiles/2024-11-09/Beelink1_20241109_080000_59.fit,2024-11-09 08:00:00,0,0,, ,valid,190.0,3600.0
244,FITfiles/2024-11-09/Beelink1_20241109_081500_59.fit,2024-11-09 08:15:00,0,0,, ,train,190.0,3590.0
259,FITfiles/2024-11-09/Beelink1_20241109_083000_59.fit,2024-11-09 08:30:00,0,0,, ,train,190.0,3600.0
252,FITfiles/2024-11-09/Beelink1_20241109_084500_59.fit,2024-11-09 08:45:00,0,0,, ,test,190.0,3600.0
263,FITfiles/2024-11-09/Beelink1_20241109_090000_59.fit,2024-11-09 09:00:00,0,0,, ,train,190.0,3600.0
260,FITfiles/2024-11-09/Beelink1_20241109_091500_59.fit,2024-11-09 09:15:00,0,0,, ,train,190.0,3600.0
283,FITfiles/2024-11-09/Beelink1_20241109_093000_59.fit,2024-11-09 09:30:00,0,0,, ,test,190.0,3600.0
269,FITfiles/2024-11-09/Beelink1_20241109_094500_59.fit,2024-11-09 09:45:00,0,0,, ,valid,190.0,3600.0
262,FITfiles/2024-11-09/Beelink1_20241109_100000_59.fit,2024-11-09 10:00:00,0,0,, ,test,190.0,3600.0
264,FITfiles/2024-11-09/Beelink1_20241109_101500_59.fit,2024-11-09 10:15:00,0,0,, ,train,190.0,3600.0
266,FITfiles/2024-11-09/Beelink1_20241109_103000_59.fit,2024-11-09 10:30:00,0,0,, ,test,190.0,3600.0
273,FITfiles/2024-11-09/Beelink1_20241109_104500_59.fit,2024-11-09 10:45:00,0,0,, ,valid,190.0,3600.0
258,FITfiles/2024-11-09/Beelink1_20241109_110000_59.fit,2024-11-09 11:00:00,0,0,, ,train,190.0,3600.0
261,FITfiles/2024-11-09/Beelink1_20241109_111500_59.fit,2024-11-09 11:15:00,0,0,, ,train,190.0,3600.0
268,FITfiles/2024-11-09/Beelink1_20241109_113000_59.fit,2024-11-09 11:30:00,0,0,, ,valid,190.0,3600.0
265,FITfiles/2024-11-09/Beelink1_20241109_114500_59.fit,2024-11-09 11:45:00,0,0,, ,valid,190.0,3600.0
267,FITfiles/2024-11-09/Beelink1_20241109_120000_59.fit,2024-11-09 12:00:00,0,0,, ,test,190.0,3600.0
278,FITfiles/2024-11-09/Beelink1_20241109_121500_59.fit,2024-11-09 12:15:00,0,0,, ,train,190.0,3590.0
284,FITfiles/2024-11-09/Beelink1_20241109_123000_59.fit,2024-11-09 12:30:00,0,0,, ,train,190.0,3600.0
271,FITfiles/2024-11-09/Beelink1_20241109_124500_59.fit,2024-11-09 12:45:00,0,0,, ,valid,190.0,3600.0
276,FITfiles/2024-11-09/Beelink1_20241109_130000_59.fit,2024-11-09 13:00:00,0,0,, ,train,190.0,3600.0
275,FITfiles/2024-11-09/Beelink1_20241109_131500_59.fit,2024-11-09 13:15:00,0,0,, ,train,190.0,3600.0
281,FITfiles/2024-11-09/Beelink1_20241109_133000_59.fit,2024-11-09 13:30:00,0,0,, ,train,190.0,3600.0
282,FITfiles/2024-11-09/Beelink1_20241109_134500_59.fit,2024-11-09 13:45:00,0,0,, ,test,190.0,3600.0
285,FITfiles/2024-11-09/Beelink1_20241109_140000_59.fit,2024-11-09 14:00:00,0,0,, ,valid,190.0,3600.0
292,FITfiles/2024-11-09/Beelink1_20241109_141500_59.fit,2024-11-09 14:15:00,0,0,, ,valid,190.0,3590.0
277,FITfiles/2024-11-09/Beelink1_20241109_143000_59.fit,2024-11-09 14:30:00,0,0,, ,test,190.0,3600.0
340,FITfiles/2024-11-09/Beelink1_20241109_144500_59.fit,2024-11-09 14:45:00,0,0,, ,train,190.0,3600.0
279,FITfiles/2024-11-09/Beelink1_20241109_150000_59.fit,2024-11-09 15:00:00,0,0,, ,train,190.0,3600.0
280,FITfiles/2024-11-09/Beelink1_20241109_151500_59.fit,2024-11-09 15:15:00,0,0,, ,train,190.0,3600.0
290,FITfiles/2024-11-09/Beelink1_20241109_153000_59.fit,2024-11-09 15:30:00,0,0,, ,valid,190.0,3600.0
324,FITfiles/2024-11-09/Beelink1_20241109_154500_59.fit,2024-11-09 15:45:00,0,0,, ,train,190.0,3600.0
306,FITfiles/2024-11-09/Beelink1_20241109_160000_59.fit,2024-11-09 16:00:00,0,0,, ,test,190.0,3600.0
295,FITfiles/2024-11-09/Beelink1_20241109_161500_59.fit,2024-11-09 16:15:00,0,0,, ,test,190.0,3590.0
287,FITfiles/2024-11-09/Beelink1_20241109_163000_59.fit,2024-11-09 16:30:00,0,0,, ,train,190.0,3600.0
349,FITfiles/2024-11-09/Beelink1_20241109_164500_59.fit,2024-11-09 16:45:00,0,0,, ,test,190.0,3600.0
299,FITfiles/2024-11-09/Beelink1_20241109_170000_59.fit,2024-11-09 17:00:00,0,0,, ,test,190.0,3600.0
289,FITfiles/2024-11-09/Beelink1_20241109_171500_59.fit,2024-11-09 17:15:00,0,0,, ,train,190.0,3600.0
312,FITfiles/2024-11-09/Beelink1_20241109_173000_59.fit,2024-11-09 17:30:00,0,0,, ,train,190.0,3600.0
288,FITfiles/2024-11-09/Beelink1_20241109_174500_59.fit,2024-11-09 17:45:00,0,0,, ,train,190.0,3600.0
296,FITfiles/2024-11-09/Beelink1_20241109_180000_59.fit,2024-11-09 18:00:00,0,0,, ,valid,190.0,3600.0
294,FITfiles/2024-11-09/Beelink1_20241109_181500_59.fit,2024-11-09 18:15:00,0,0,, ,test,190.0,3590.0
291,FITfiles/2024-11-09/Beelink1_20241109_183000_59.fit,2024-11-09 18:30:00,0,0,, ,train,190.0,3600.0
293,FITfiles/2024-11-09/Beelink1_20241109_184500_59.fit,2024-11-09 18:45:00,0,0,, ,train,190.0,3600.0
302,FITfiles/2024-11-09/Beelink1_20241109_190000_59.fit,2024-11-09 19:00:00,0,0,, ,test,190.0,3600.0
297,FITfiles/2024-11-09/Beelink1_20241109_191500_59.fit,2024-11-09 19:15:00,0,0,, ,train,190.0,3600.0
307,FITfiles/2024-11-09/Beelink1_20241109_193000_59.fit,2024-11-09 19:30:00,0,0,, ,train,190.0,3600.0
298,FITfiles/2024-11-09/Beelink1_20241109_194500_59.fit,2024-11-09 19:45:00,0,0,, ,test,190.0,3600.0
300,FITfiles/2024-11-09/Beelink1_20241109_200000_59.fit,2024-11-09 20:00:00,0,0,, ,valid,190.0,3600.0
301,FITfiles/2024-11-09/Beelink1_20241109_201500_59.fit,2024-11-09 20:15:00,0,0,, ,train,190.0,3590.0
316,FITfiles/2024-11-09/Beelink1_20241109_203000_59.fit,2024-11-09 20:30:00,0,0,, ,train,190.0,3600.0
303,FITfiles/2024-11-09/Beelink1_20241109_204500_59.fit,2024-11-09 20:45:00,0,0,, ,train,190.0,3590.0
611,FITfiles/2024-11-10/Beelink1_20241110_063000_59.fit,2024-11-10 06:30:00,0,0,, ,valid,190.0,3600.0
610,FITfiles/2024-11-10/Beelink1_20241110_064500_59.fit,2024-11-10 06:45:00,0,0,, ,train,190.0,3600.0
620,FITfiles/2024-11-10/Beelink1_20241110_070000_59.fit,2024-11-10 07:00:00,0,0,, ,valid,190.0,3600.0
604,FITfiles/2024-11-10/Beelink1_20241110_071500_59.fit,2024-11-10 07:15:00,0,0,, ,train,190.0,3600.0
607,FITfiles/2024-11-10/Beelink1_20241110_073000_59.fit,2024-11-10 07:30:00,0,0,, ,train,190.0,3600.0
612,FITfiles/2024-11-10/Beelink1_20241110_074500_59.fit,2024-11-10 07:45:00,0,0,, ,valid,190.0,3600.0
613,FITfiles/2024-11-10/Beelink1_20241110_080000_59.fit,2024-11-10 08:00:00,0,0,, ,train,190.0,3600.0
609,FITfiles/2024-11-10/Beelink1_20241110_081500_59.fit,2024-11-10 08:15:00,0,0,, ,train,190.0,3590.0
630,FITfiles/2024-11-10/Beelink1_20241110_083000_59.fit,2024-11-10 08:30:00,0,0,, ,train,190.0,3600.0
618,FITfiles/2024-11-10/Beelink1_20241110_084500_59.fit,2024-11-10 08:45:00,0,0,, ,valid,190.0,3600.0
629,FITfiles/2024-11-10/Beelink1_20241110_090000_59.fit,2024-11-10 09:00:00,0,0,, ,train,190.0,3600.0
651,FITfiles/2024-11-10/Beelink1_20241110_091500_59.fit,2024-11-10 09:15:00,0,0,, ,train,190.0,3600.0
623,FITfiles/2024-11-10/Beelink1_20241110_093000_59.fit,2024-11-10 09:30:00,0,0,, ,train,190.0,3600.0
634,FITfiles/2024-11-10/Beelink1_20241110_094500_59.fit,2024-11-10 09:45:00,0,0,, ,train,190.0,3600.0
643,FITfiles/2024-11-10/Beelink1_20241110_100000_59.fit,2024-11-10 10:00:00,0,0,, ,train,190.0,3600.0
633,FITfiles/2024-11-10/Beelink1_20241110_101500_59.fit,2024-11-10 10:15:00,0,0,, ,valid,190.0,3600.0
664,FITfiles/2024-11-10/Beelink1_20241110_103000_59.fit,2024-11-10 10:30:00,0,0,, ,valid,190.0,3600.0
636,FITfiles/2024-11-10/Beelink1_20241110_123700_01.fit,2024-11-10 12:37:00,0,0,, ,train,190.0,660.0
635,FITfiles/2024-11-10/Beelink1_20241110_125018_01.fit,2024-11-10 12:50:18,0,0,, ,valid,190.0,1596.0
631,FITfiles/2024-11-10/Beelink1_20241110_125731_01.fit,2024-11-10 12:57:31,0,0,, ,train,190.0,161.0
640,FITfiles/2024-11-10/Beelink1_20241110_125841_01.fit,2024-11-10 12:58:41,0,0,, ,test,190.0,2666.0
655,FITfiles/2024-11-10/Beelink1_20241110_130951_01.fit,2024-11-10 13:09:51,0,0,, ,train,190.0,1407.0
649,FITfiles/2024-11-10/Beelink1_20241110_131722_01.fit,2024-11-10 13:17:22,0,0,, ,train,190.0,33.0
652,FITfiles/2024-11-10/Beelink1_20241110_131732_01.fit,2024-11-10 13:17:32,0,0,, ,train,190.0,1856.0
658,FITfiles/2024-11-10/Beelink1_20241110_133600_01.fit,2024-11-10 13:36:00,0,0,, ,test,190.0,3600.0
665,FITfiles/2024-11-10/Beelink1_20241110_135100_01.fit,2024-11-10 13:51:00,0,0,, ,train,190.0,3600.0
653,FITfiles/2024-11-10/Beelink1_20241110_140600_01.fit,2024-11-10 14:06:00,0,0,, ,valid,190.0,3600.0
662,FITfiles/2024-11-10/Beelink1_20241110_142100_01.fit,2024-11-10 14:21:00,0,0,, ,train,190.0,2150.0
666,FITfiles/2024-11-10/Beelink1_20241110_143000_59.fit,2024-11-10 14:30:00,0,0,, ,train,190.0,3600.0
668,FITfiles/2024-11-10/Beelink1_20241110_144500_59.fit,2024-11-10 14:45:00,0,0,, ,train,190.0,3600.0
669,FITfiles/2024-11-10/Beelink1_20241110_150000_59.fit,2024-11-10 15:00:00,0,0,, ,train,190.0,3600.0
670,FITfiles/2024-11-10/Beelink1_20241110_151500_59.fit,2024-11-10 15:15:00,0,0,, ,valid,190.0,3600.0
691,FITfiles/2024-11-10/Beelink1_20241110_153000_59.fit,2024-11-10 15:30:00,0,0,, ,valid,190.0,3600.0
672,FITfiles/2024-11-10/Beelink1_20241110_154500_59.fit,2024-11-10 15:45:00,0,0,, ,valid,190.0,3600.0
680,FITfiles/2024-11-10/Beelink1_20241110_160000_59.fit,2024-11-10 16:00:00,0,0,, ,valid,190.0,3600.0
693,FITfiles/2024-11-10/Beelink1_20241110_161500_59.fit,2024-11-10 16:15:00,0,0,, ,train,190.0,3591.0
676,FITfiles/2024-11-10/Beelink1_20241110_163000_59.fit,2024-11-10 16:30:00,0,0,, ,test,190.0,3600.0
682,FITfiles/2024-11-10/Beelink1_20241110_164500_59.fit,2024-11-10 16:45:00,0,0,, ,train,190.0,3600.0
677,FITfiles/2024-11-10/Beelink1_20241110_170000_59.fit,2024-11-10 17:00:00,0,0,, ,train,190.0,3600.0
698,FITfiles/2024-11-10/Beelink1_20241110_171500_59.fit,2024-11-10 17:15:00,0,0,, ,train,190.0,3600.0
695,FITfiles/2024-11-10/Beelink1_20241110_173000_59.fit,2024-11-10 17:30:00,0,0,, ,train,190.0,3600.0
694,FITfiles/2024-11-10/Beelink1_20241110_174500_59.fit,2024-11-10 17:45:00,0,0,, ,valid,190.0,3600.0
708,FITfiles/2024-11-10/Beelink1_20241110_180000_59.fit,2024-11-10 18:00:00,0,0,, ,test,190.0,3600.0
701,FITfiles/2024-11-10/Beelink1_20241110_181500_59.fit,2024-11-10 18:15:00,0,0,, ,train,190.0,3590.0
712,FITfiles/2024-11-10/Beelink1_20241110_183000_59.fit,2024-11-10 18:30:00,0,0,, ,valid,190.0,3600.0
704,FITfiles/2024-11-10/Beelink1_20241110_184500_59.fit,2024-11-10 18:45:00,0,0,, ,valid,190.0,3600.0
702,FITfiles/2024-11-10/Beelink1_20241110_190000_59.fit,2024-11-10 19:00:00,0,0,, ,valid,190.0,3600.0
710,FITfiles/2024-11-10/Beelink1_20241110_191500_59.fit,2024-11-10 19:15:00,0,0,, ,train,190.0,3600.0
707,FITfiles/2024-11-10/Beelink1_20241110_193000_59.fit,2024-11-10 19:30:00,0,0,, ,train,190.0,3600.0
703,FITfiles/2024-11-10/Beelink1_20241110_194500_59.fit,2024-11-10 19:45:00,0,0,, ,train,190.0,3600.0
706,FITfiles/2024-11-10/Beelink1_20241110_200000_59.fit,2024-11-10 20:00:00,0,0,, ,test,190.0,3600.0
696,FITfiles/2024-11-10/Beelink1_20241110_201500_59.fit,2024-11-10 20:15:00,0,0,, ,train,190.0,3590.0
700,FITfiles/2024-11-10/Beelink1_20241110_203000_59.fit,2024-11-10 20:30:00,0,0,, ,train,190.0,3600.0
705,FITfiles/2024-11-10/Beelink1_20241110_204500_59.fit,2024-11-10 20:45:00,0,0,, ,train,190.0,3590.0
1480,FITfiles/2024-11-11/Beelink1_20241111_063000_59.fit,2024-11-11 06:30:00,0,0,, ,train,190.0,3600.0
1484,FITfiles/2024-11-11/Beelink1_20241111_064500_59.fit,2024-11-11 06:45:00,0,0,, ,train,190.0,3600.0
1487,FITfiles/2024-11-11/Beelink1_20241111_070000_59.fit,2024-11-11 07:00:00,0,0,, ,test,190.0,3600.0
1493,FITfiles/2024-11-11/Beelink1_20241111_071500_59.fit,2024-11-11 07:15:00,0,0,, ,test,190.0,3600.0
1495,FITfiles/2024-11-11/Beelink1_20241111_073000_59.fit,2024-11-11 07:30:00,0,0,, ,test,190.0,3600.0
1499,FITfiles/2024-11-11/Beelink1_20241111_074500_59.fit,2024-11-11 07:45:00,0,0,, ,train,190.0,3600.0
1502,FITfiles/2024-11-11/Beelink1_20241111_080000_59.fit,2024-11-11 08:00:00,0,0,, ,train,190.0,3600.0
1506,FITfiles/2024-11-11/Beelink1_20241111_081500_59.fit,2024-11-11 08:15:00,0,0,, ,train,190.0,3590.0
1511,FITfiles/2024-11-11/Beelink1_20241111_083000_59.fit,2024-11-11 08:30:00,0,0,, ,train,190.0,3600.0
1513,FITfiles/2024-11-11/Beelink1_20241111_084500_59.fit,2024-11-11 08:45:00,0,0,, ,valid,190.0,3600.0
1515,FITfiles/2024-11-11/Beelink1_20241111_090000_59.fit,2024-11-11 09:00:00,0,0,, ,test,190.0,3600.0
1519,FITfiles/2024-11-11/Beelink1_20241111_091500_59.fit,2024-11-11 09:15:00,0,0,, ,train,190.0,3600.0
1522,FITfiles/2024-11-11/Beelink1_20241111_093000_59.fit,2024-11-11 09:30:00,0,0,, ,valid,190.0,3600.0
1525,FITfiles/2024-11-11/Beelink1_20241111_094500_59.fit,2024-11-11 09:45:00,0,0,, ,train,190.0,3600.0
1528,FITfiles/2024-11-11/Beelink1_20241111_100000_59.fit,2024-11-11 10:00:00,0,0,, ,train,190.0,3600.0
1531,FITfiles/2024-11-11/Beelink1_20241111_101500_59.fit,2024-11-11 10:15:00,0,0,, ,train,190.0,3600.0
1538,FITfiles/2024-11-11/Beelink1_20241111_103000_59.fit,2024-11-11 10:30:00,0,0,, ,train,190.0,3600.0
1540,FITfiles/2024-11-11/Beelink1_20241111_104500_59.fit,2024-11-11 10:45:00,0,0,, ,train,190.0,3600.0
1542,FITfiles/2024-11-11/Beelink1_20241111_110000_59.fit,2024-11-11 11:00:00,0,0,, ,valid,190.0,3600.0
1541,FITfiles/2024-11-11/Beelink1_20241111_111500_59.fit,2024-11-11 11:15:00,0,0,, ,train,190.0,3600.0
1546,FITfiles/2024-11-11/Beelink1_20241111_113000_59.fit,2024-11-11 11:30:00,0,0,, ,test,190.0,3600.0
1548,FITfiles/2024-11-11/Beelink1_20241111_114500_59.fit,2024-11-11 11:45:00,0,0,, ,valid,190.0,3600.0
1550,FITfiles/2024-11-11/Beelink1_20241111_120000_59.fit,2024-11-11 12:00:00,0,0,, ,train,190.0,3600.0
1551,FITfiles/2024-11-11/Beelink1_20241111_121500_59.fit,2024-11-11 12:15:00,0,0,, ,train,190.0,3589.0
1554,FITfiles/2024-11-11/Beelink1_20241111_123000_59.fit,2024-11-11 12:30:00,0,0,, ,train,190.0,3600.0
1555,FITfiles/2024-11-11/Beelink1_20241111_124500_59.fit,2024-11-11 12:45:00,0,0,, ,train,190.0,3600.0
1557,FITfiles/2024-11-11/Beelink1_20241111_130000_59.fit,2024-11-11 13:00:00,0,0,, ,train,190.0,3600.0
1560,FITfiles/2024-11-11/Beelink1_20241111_131500_59.fit,2024-11-11 13:15:00,0,0,, ,valid,190.0,3600.0
1561,FITfiles/2024-11-11/Beelink1_20241111_133000_59.fit,2024-11-11 13:30:00,0,0,, ,train,190.0,3600.0
1564,FITfiles/2024-11-11/Beelink1_20241111_134500_59.fit,2024-11-11 13:45:00,0,0,, ,train,190.0,3600.0
1565,FITfiles/2024-11-11/Beelink1_20241111_140000_59.fit,2024-11-11 14:00:00,0,0,, ,test,190.0,3600.0
1567,FITfiles/2024-11-11/Beelink1_20241111_141500_59.fit,2024-11-11 14:15:00,0,0,, ,train,190.0,3590.0
1570,FITfiles/2024-11-11/Beelink1_20241111_143000_59.fit,2024-11-11 14:30:00,0,0,, ,valid,190.0,3600.0
1571,FITfiles/2024-11-11/Beelink1_20241111_144500_59.fit,2024-11-11 14:45:00,0,0,, ,test,190.0,3600.0
1573,FITfiles/2024-11-11/Beelink1_20241111_150000_59.fit,2024-11-11 15:00:00,0,0,, ,train,190.0,3600.0
1579,FITfiles/2024-11-11/Beelink1_20241111_151500_59.fit,2024-11-11 15:15:00,0,0,, ,train,190.0,3600.0
1577,FITfiles/2024-11-11/Beelink1_20241111_153000_59.fit,2024-11-11 15:30:00,0,0,, ,train,190.0,3600.0
1578,FITfiles/2024-11-11/Beelink1_20241111_154500_59.fit,2024-11-11 15:45:00,0,0,, ,train,190.0,3600.0
1580,FITfiles/2024-11-11/Beelink1_20241111_160000_59.fit,2024-11-11 16:00:00,0,0,, ,test,190.0,3600.0
1584,FITfiles/2024-11-11/Beelink1_20241111_161500_59.fit,2024-11-11 16:15:00,0,0,, ,train,190.0,3590.0
1583,FITfiles/2024-11-11/Beelink1_20241111_163000_59.fit,2024-11-11 16:30:00,0,0,, ,train,190.0,3600.0
1586,FITfiles/2024-11-11/Beelink1_20241111_164500_59.fit,2024-11-11 16:45:00,0,0,, ,test,190.0,3600.0
1587,FITfiles/2024-11-11/Beelink1_20241111_170000_59.fit,2024-11-11 17:00:00,0,0,, ,valid,190.0,3600.0
1589,FITfiles/2024-11-11/Beelink1_20241111_171500_59.fit,2024-11-11 17:15:00,0,0,, ,valid,190.0,3600.0
1591,FITfiles/2024-11-11/Beelink1_20241111_173000_59.fit,2024-11-11 17:30:00,0,0,, ,train,190.0,3600.0
1593,FITfiles/2024-11-11/Beelink1_20241111_174500_59.fit,2024-11-11 17:45:00,0,0,, ,train,190.0,3600.0
1595,FITfiles/2024-11-11/Beelink1_20241111_180000_59.fit,2024-11-11 18:00:00,0,0,, ,valid,190.0,3600.0
1596,FITfiles/2024-11-11/Beelink1_20241111_181500_59.fit,2024-11-11 18:15:00,0,0,, ,test,190.0,3590.0
1598,FITfiles/2024-11-11/Beelink1_20241111_183000_59.fit,2024-11-11 18:30:00,0,0,, ,train,190.0,3600.0
1600,FITfiles/2024-11-11/Beelink1_20241111_184500_59.fit,2024-11-11 18:45:00,0,0,, ,valid,190.0,3600.0
1605,FITfiles/2024-11-11/Beelink1_20241111_190000_59.fit,2024-11-11 19:00:00,0,0,, ,test,190.0,3600.0
1609,FITfiles/2024-11-11/Beelink1_20241111_191500_59.fit,2024-11-11 19:15:00,0,0,, ,train,190.0,3600.0
1606,FITfiles/2024-11-11/Beelink1_20241111_193000_59.fit,2024-11-11 19:30:00,0,0,, ,train,190.0,3600.0
1607,FITfiles/2024-11-11/Beelink1_20241111_194500_59.fit,2024-11-11 19:45:00,0,0,, ,train,190.0,3600.0
1608,FITfiles/2024-11-11/Beelink1_20241111_200000_59.fit,2024-11-11 20:00:00,0,0,, ,valid,190.0,3600.0
1616,FITfiles/2024-11-11/Beelink1_20241111_201500_59.fit,2024-11-11 20:15:00,0,0,, ,train,190.0,3590.0
1610,FITfiles/2024-11-11/Beelink1_20241111_203000_59.fit,2024-11-11 20:30:00,0,0,, ,test,190.0,3600.0
1611,FITfiles/2024-11-11/Beelink1_20241111_204500_59.fit,2024-11-11 20:45:00,0,0,, ,train,190.0,3590.0
1214,FITfiles/2024-11-12/Beelink1_20241112_063000_59.fit,2024-11-12 06:30:00,0,0,, ,valid,190.0,3600.0
1217,FITfiles/2024-11-12/Beelink1_20241112_064500_59.fit,2024-11-12 06:45:00,0,0,, ,train,190.0,3600.0
1221,FITfiles/2024-11-12/Beelink1_20241112_070000_59.fit,2024-11-12 07:00:00,0,0,, ,train,190.0,3600.0
1247,FITfiles/2024-11-12/Beelink1_20241112_071500_59.fit,2024-11-12 07:15:00,0,0,, ,test,190.0,3600.0
1244,FITfiles/2024-11-12/Beelink1_20241112_073000_59.fit,2024-11-12 07:30:00,0,0,, ,train,190.0,3600.0
1235,FITfiles/2024-11-12/Beelink1_20241112_074500_59.fit,2024-11-12 07:45:00,0,0,, ,train,190.0,3600.0
1245,FITfiles/2024-11-12/Beelink1_20241112_080000_59.fit,2024-11-12 08:00:00,0,0,, ,train,190.0,3600.0
1256,FITfiles/2024-11-12/Beelink1_20241112_081500_59.fit,2024-11-12 08:15:00,0,0,, ,train,190.0,3590.0
1257,FITfiles/2024-11-12/Beelink1_20241112_083000_59.fit,2024-11-12 08:30:00,0,0,, ,train,190.0,3600.0
1259,FITfiles/2024-11-12/Beelink1_20241112_084500_59.fit,2024-11-12 08:45:00,0,0,, ,test,190.0,3600.0
1276,FITfiles/2024-11-12/Beelink1_20241112_090000_59.fit,2024-11-12 09:00:00,0,0,, ,train,190.0,3600.0
1281,FITfiles/2024-11-12/Beelink1_20241112_091500_59.fit,2024-11-12 09:15:00,0,0,, ,train,190.0,3600.0
1275,FITfiles/2024-11-12/Beelink1_20241112_093000_59.fit,2024-11-12 09:30:00,0,0,, ,train,190.0,3600.0
1274,FITfiles/2024-11-12/Beelink1_20241112_094500_59.fit,2024-11-12 09:45:00,0,0,, ,train,190.0,3600.0
1278,FITfiles/2024-11-12/Beelink1_20241112_100000_59.fit,2024-11-12 10:00:00,0,0,, ,test,190.0,3600.0
1271,FITfiles/2024-11-12/Beelink1_20241112_101500_59.fit,2024-11-12 10:15:00,0,0,, ,train,190.0,3600.0
1289,FITfiles/2024-11-12/Beelink1_20241112_103000_59.fit,2024-11-12 10:30:00,0,0,, ,valid,190.0,3600.0
1290,FITfiles/2024-11-12/Beelink1_20241112_104500_59.fit,2024-11-12 10:45:00,0,0,, ,train,190.0,3600.0
1292,FITfiles/2024-11-12/Beelink1_20241112_110000_59.fit,2024-11-12 11:00:00,0,0,, ,valid,190.0,3600.0
1299,FITfiles/2024-11-12/Beelink1_20241112_111500_59.fit,2024-11-12 11:15:00,0,0,, ,train,190.0,3600.0
1301,FITfiles/2024-11-12/Beelink1_20241112_113000_59.fit,2024-11-12 11:30:00,0,0,, ,train,190.0,3600.0
1306,FITfiles/2024-11-12/Beelink1_20241112_114500_59.fit,2024-11-12 11:45:00,0,0,, ,train,190.0,3600.0
1303,FITfiles/2024-11-12/Beelink1_20241112_120000_59.fit,2024-11-12 12:00:00,0,0,, ,train,190.0,3600.0
1309,FITfiles/2024-11-12/Beelink1_20241112_121500_59.fit,2024-11-12 12:15:00,0,0,, ,test,190.0,3590.0
1342,FITfiles/2024-11-12/Beelink1_20241112_123000_59.fit,2024-11-12 12:30:00,0,0,, ,train,190.0,3600.0
1322,FITfiles/2024-11-12/Beelink1_20241112_124500_59.fit,2024-11-12 12:45:00,0,0,, ,train,190.0,3600.0
1316,FITfiles/2024-11-12/Beelink1_20241112_130000_59.fit,2024-11-12 13:00:00,0,0,, ,train,190.0,3600.0
1324,FITfiles/2024-11-12/Beelink1_20241112_131500_59.fit,2024-11-12 13:15:00,0,0,, ,train,190.0,3600.0
1328,FITfiles/2024-11-12/Beelink1_20241112_133000_59.fit,2024-11-12 13:30:00,0,0,, ,test,190.0,3600.0
1370,FITfiles/2024-11-12/Beelink1_20241112_134500_59.fit,2024-11-12 13:45:00,0,0,, ,train,190.0,3600.0
1341,FITfiles/2024-11-12/Beelink1_20241112_140000_59.fit,2024-11-12 14:00:00,0,0,, ,train,190.0,3600.0
1336,FITfiles/2024-11-12/Beelink1_20241112_141500_59.fit,2024-11-12 14:15:00,0,0,, ,train,190.0,3590.0
1366,FITfiles/2024-11-12/Beelink1_20241112_143000_59.fit,2024-11-12 14:30:00,0,0,, ,train,190.0,3600.0
1353,FITfiles/2024-11-12/Beelink1_20241112_144500_59.fit,2024-11-12 14:45:00,0,0,, ,valid,190.0,3600.0
1348,FITfiles/2024-11-12/Beelink1_20241112_150000_59.fit,2024-11-12 15:00:00,0,0,, ,train,190.0,3600.0
1347,FITfiles/2024-11-12/Beelink1_20241112_151500_59.fit,2024-11-12 15:15:00,0,0,, ,train,190.0,3600.0
1363,FITfiles/2024-11-12/Beelink1_20241112_153000_59.fit,2024-11-12 15:30:00,0,0,, ,test,190.0,3600.0
1364,FITfiles/2024-11-12/Beelink1_20241112_154500_59.fit,2024-11-12 15:45:00,0,0,, ,valid,190.0,3600.0
1379,FITfiles/2024-11-12/Beelink1_20241112_160000_59.fit,2024-11-12 16:00:00,0,0,, ,train,190.0,3600.0
1367,FITfiles/2024-11-12/Beelink1_20241112_161500_59.fit,2024-11-12 16:15:00,0,0,, ,valid,190.0,3590.0
1375,FITfiles/2024-11-12/Beelink1_20241112_163000_59.fit,2024-11-12 16:30:00,0,0,, ,test,190.0,3600.0
1365,FITfiles/2024-11-12/Beelink1_20241112_164500_59.fit,2024-11-12 16:45:00,0,0,, ,valid,190.0,3600.0
1378,FITfiles/2024-11-12/Beelink1_20241112_170000_59.fit,2024-11-12 17:00:00,0,0,, ,train,190.0,3600.0
1385,FITfiles/2024-11-12/Beelink1_20241112_171500_59.fit,2024-11-12 17:15:00,0,0,, ,train,190.0,3600.0
1391,FITfiles/2024-11-12/Beelink1_20241112_173000_59.fit,2024-11-12 17:30:00,0,0,, ,train,190.0,3600.0
1390,FITfiles/2024-11-12/Beelink1_20241112_174500_59.fit,2024-11-12 17:45:00,0,0,, ,train,190.0,3600.0
1394,FITfiles/2024-11-12/Beelink1_20241112_180000_59.fit,2024-11-12 18:00:00,0,0,, ,test,190.0,3600.0
1397,FITfiles/2024-11-12/Beelink1_20241112_181500_59.fit,2024-11-12 18:15:00,0,0,, ,valid,190.0,3590.0
1401,FITfiles/2024-11-12/Beelink1_20241112_183000_59.fit,2024-11-12 18:30:00,0,0,, ,train,190.0,3600.0
1399,FITfiles/2024-11-12/Beelink1_20241112_184500_59.fit,2024-11-12 18:45:00,0,0,, ,test,190.0,3600.0
1404,FITfiles/2024-11-12/Beelink1_20241112_190000_59.fit,2024-11-12 19:00:00,0,0,, ,train,190.0,3600.0
1407,FITfiles/2024-11-12/Beelink1_20241112_191500_59.fit,2024-11-12 19:15:00,0,0,, ,valid,190.0,3600.0
1410,FITfiles/2024-11-12/Beelink1_20241112_193000_59.fit,2024-11-12 19:30:00,0,0,, ,test,190.0,3600.0
1413,FITfiles/2024-11-12/Beelink1_20241112_194500_59.fit,2024-11-12 19:45:00,0,0,, ,test,190.0,3600.0
1416,FITfiles/2024-11-12/Beelink1_20241112_200000_59.fit,2024-11-12 20:00:00,0,0,, ,train,190.0,3600.0
1419,FITfiles/2024-11-12/Beelink1_20241112_201500_59.fit,2024-11-12 20:15:00,0,0,, ,test,190.0,3590.0
1422,FITfiles/2024-11-12/Beelink1_20241112_203000_59.fit,2024-11-12 20:30:00,0,0,, ,test,190.0,3600.0
1424,FITfiles/2024-11-12/Beelink1_20241112_204500_59.fit,2024-11-12 20:45:00,0,0,, ,valid,190.0,3590.0
1184,FITfiles/2024-11-12/Beelink1_20241112_230800_01.fit,2024-11-12 23:08:00,0,0,, ,train,190.0,3600.0
1201,FITfiles/2024-11-12/Beelink1_20241112_232300_01.fit,2024-11-12 23:23:00,0,0,, ,train,190.0,3600.0
1207,FITfiles/2024-11-12/Beelink1_20241112_233800_01.fit,2024-11-12 23:38:00,0,0,, ,valid,190.0,3600.0
1203,FITfiles/2024-11-12/Beelink1_20241112_235300_01.fit,2024-11-12 23:53:00,0,0,, ,train,190.0,3600.0
