,Unnamed: 0.1,Unnamed: 0,filename,datetime,burst,burst_type,initial_mse,link,split,spectrogram_f,spectrogram_t
0,117,3720,FITfiles/2024-03-10/Beelink1_20240310_184500_59.fit,2024-03-10 18:45:00,1,3,11684.76171875,http://soleil80.cs.technik.fhnw.ch/solarradio/data/2002-20yy_Callisto/2024/03/10/ALASKA-HAARP_20240310_224500_63.fit.gz,train,190.0,3600.0
1,315,3244,FITfiles/2024-03-30/Beelink1_20240330_143000_59.fit,2024-03-30 14:30:00,1,3,11666.640625,http://soleil80.cs.technik.fhnw.ch/solarradio/data/2002-20yy_Callisto/2024/03/30/MEXICO-LANCE-B_20240330_183000_62.fit.gz,train,190.0,3600.0
2,822,4429,FITfiles/2024-04-15/Beelink1_20240415_173000_59.fit,2024-04-15 17:30:00,1,6,21727.822265625,http://soleil80.cs.technik.fhnw.ch/solarradio/data/2002-20yy_Callisto/2024/04/15/ALASKA-HAARP_20240415_213000_63.fit.gz,train,190.0,3600.0
3,918,7839,FITfiles/2024-04-17/Beelink1_20240417_123000_59.fit,2024-04-17 12:30:00,1,3,22240.005859375,http://soleil80.cs.technik.fhnw.ch/solarradio/data/2002-20yy_Callisto/2024/04/17/ALASKA-HAARP_20240417_163000_63.fit.gz,test,190.0,3600.0
4,919,7778,FITfiles/2024-04-17/Beelink1_20240417_124500_59.fit,2024-04-17 12:45:00,1,3,22182.41015625,http://soleil80.cs.technik.fhnw.ch/solarradio/data/2002-20yy_Callisto/2024/04/17/ALASKA-HAARP_20240417_164500_63.fit.gz,test,190.0,3600.0
5,925,7777,FITfiles/2024-04-17/Beelink1_20240417_141500_59.fit,2024-04-17 14:15:00,1,6,21997.982421875,http://soleil80.cs.technik.fhnw.ch/solarradio/data/2002-20yy_Callisto/2024/04/17/ALASKA-HAARP_20240417_181500_63.fit.gz,valid,190.0,3590.0
6,932,7763,FITfiles/2024-04-17/Beelink1_20240417_160000_59.fit,2024-04-17 16:00:00,1,5,22425.427734375,http://soleil80.cs.technik.fhnw.ch/solarradio/data/2002-20yy_Callisto/2024/04/17/MEXICO-LANCE-B_20240417_200000_62.fit.gz,train,190.0,3600.0
7,945,7770,FITfiles/2024-04-17/Beelink1_20240417_191500_59.fit,2024-04-17 19:15:00,1,6,22424.001953125,http://soleil80.cs.technik.fhnw.ch/solarradio/data/2002-20yy_Callisto/2024/04/17/ALASKA-HAARP_20240417_231500_63.fit.gz,train,190.0,3600.0
8,978,7498,FITfiles/2024-04-18/Beelink1_20240418_130000_59.fit,2024-04-18 13:00:00,1,3,22271.1015625,http://soleil80.cs.technik.fhnw.ch/solarradio/data/2002-20yy_Callisto/2024/04/18/USA-BOSTON_20240418_170000_63.fit.gz,train,190.0,3600.0
9,1001,7466,FITfiles/2024-04-18/Beelink1_20240418_184500_59.fit,2024-04-18 18:45:00,1,3,22386.48046875,http://soleil80.cs.technik.fhnw.ch/solarradio/data/2002-20yy_Callisto/2024/04/18/USA-BOSTON_20240418_224500_63.fit.gz,valid,190.0,3600.0
10,1004,7470,FITfiles/2024-04-18/Beelink1_20240418_193000_59.fit,2024-04-18 19:30:00,1,3,22415.201171875,http://soleil80.cs.technik.fhnw.ch/solarradio/data/2002-20yy_Callisto/2024/04/18/ALASKA-HAARP_20240418_233000_63.fit.gz,train,190.0,3600.0
11,1020,5319,FITfiles/2024-04-19/Beelink1_20240419_090000_59.fit,2024-04-19 09:00:00,1,6,22509.0546875,http://soleil80.cs.technik.fhnw.ch/solarradio/data/2002-20yy_Callisto/2024/04/19/MEXICO-LANCE-B_20240419_130000_62.fit.gz,test,190.0,3600.0
12,1023,5329,FITfiles/2024-04-19/Beelink1_20240419_094500_59.fit,2024-04-19 09:45:00,1,6,22447.5390625,http://soleil80.cs.technik.fhnw.ch/solarradio/data/2002-20yy_Callisto/2024/04/19/MEXICO-LANCE-B_20240419_134500_62.fit.gz,valid,190.0,3600.0
13,1024,5312,FITfiles/2024-04-19/Beelink1_20240419_100000_59.fit,2024-04-19 10:00:00,1,6,22426.376953125,http://soleil80.cs.technik.fhnw.ch/solarradio/data/2002-20yy_Callisto/2024/04/19/MEXICO-LANCE-B_20240419_140000_62.fit.gz,valid,190.0,3600.0
14,1026,5331,FITfiles/2024-04-19/Beelink1_20240419_103000_59.fit,2024-04-19 10:30:00,1,6,22414.919921875,http://soleil80.cs.technik.fhnw.ch/solarradio/data/2002-20yy_Callisto/2024/04/19/USA-BOSTON_20240419_143000_63.fit.gz,train,190.0,3600.0
15,1027,5323,FITfiles/2024-04-19/Beelink1_20240419_104500_59.fit,2024-04-19 10:45:00,1,6,22423.732421875,http://soleil80.cs.technik.fhnw.ch/solarradio/data/2002-20yy_Callisto/2024/04/19/USA-BOSTON_20240419_144500_63.fit.gz,train,190.0,3600.0
16,1028,5317,FITfiles/2024-04-19/Beelink1_20240419_110000_59.fit,2024-04-19 11:00:00,1,6,22428.84375,http://soleil80.cs.technik.fhnw.ch/solarradio/data/2002-20yy_Callisto/2024/04/19/USA-BOSTON_20240419_150000_63.fit.gz,valid,190.0,3600.0
17,1034,5308,FITfiles/2024-04-19/Beelink1_20240419_123000_59.fit,2024-04-19 12:30:00,1,7,22453.57421875,http://soleil80.cs.technik.fhnw.ch/solarradio/data/2002-20yy_Callisto/2024/04/19/USA-BOSTON_20240419_163000_63.fit.gz,train,190.0,3600.0
18,1037,5305,FITfiles/2024-04-19/Beelink1_20240419_131500_59.fit,2024-04-19 13:15:00,1,6,22388.98828125,http://soleil80.cs.technik.fhnw.ch/solarradio/data/2002-20yy_Callisto/2024/04/19/MEXICO-LANCE-B_20240419_171500_62.fit.gz,test,190.0,3600.0
19,1039,5314,FITfiles/2024-04-19/Beelink1_20240419_134500_59.fit,2024-04-19 13:45:00,1,6,22376.0625,http://soleil80.cs.technik.fhnw.ch/solarradio/data/2002-20yy_Callisto/2024/04/19/MEXICO-LANCE-B_20240419_174500_62.fit.gz,train,190.0,3600.0
20,1040,5303,FITfiles/2024-04-19/Beelink1_20240419_140000_59.fit,2024-04-19 14:00:00,1,6,22387.23828125,http://soleil80.cs.technik.fhnw.ch/solarradio/data/2002-20yy_Callisto/2024/04/19/MEXICO-LANCE-B_20240419_180000_62.fit.gz,train,190.0,3600.0
21,1042,5302,FITfiles/2024-04-19/Beelink1_20240419_143332_59.fit,2024-04-19 14:33:32,1,6,22173.111328125,http://soleil80.cs.technik.fhnw.ch/solarradio/data/2002-20yy_Callisto/2024/04/19/MEXICO-LANCE-B_20240419_183000_62.fit.gz,train,190.0,3600.0
22,1043,5304,FITfiles/2024-04-19/Beelink1_20240419_144832_59.fit,2024-04-19 14:48:32,1,6,22128.12109375,http://soleil80.cs.technik.fhnw.ch/solarradio/data/2002-20yy_Callisto/2024/04/19/MEXICO-LANCE-B_20240419_184500_62.fit.gz,test,190.0,3600.0
23,1044,5297,FITfiles/2024-04-19/Beelink1_20240419_150332_59.fit,2024-04-19 15:03:32,1,3,22064.6171875,http://soleil80.cs.technik.fhnw.ch/solarradio/data/2002-20yy_Callisto/2024/04/19/MEXICO-LANCE-B_20240419_190000_62.fit.gz,train,190.0,3600.0
24,1045,5293,FITfiles/2024-04-19/Beelink1_20240419_151831_59.fit,2024-04-19 15:18:31,1,6,22044.380859375,http://soleil80.cs.technik.fhnw.ch/solarradio/data/2002-20yy_Callisto/2024/04/19/MEXICO-LANCE-B_20240419_191500_62.fit.gz,valid,190.0,3600.0
25,1051,5289,FITfiles/2024-04-19/Beelink1_20240419_164500_59.fit,2024-04-19 16:45:00,1,6,22034.91015625,http://soleil80.cs.technik.fhnw.ch/solarradio/data/2002-20yy_Callisto/2024/04/19/USA-BOSTON_20240419_204500_63.fit.gz,train,190.0,3600.0
26,1053,5291,FITfiles/2024-04-19/Beelink1_20240419_171500_59.fit,2024-04-19 17:15:00,1,6,22201.109375,http://soleil80.cs.technik.fhnw.ch/solarradio/data/2002-20yy_Callisto/2024/04/19/USA-BOSTON_20240419_211500_63.fit.gz,test,190.0,3600.0
27,1054,5286,FITfiles/2024-04-19/Beelink1_20240419_173000_59.fit,2024-04-19 17:30:00,1,6,22320.4609375,http://soleil80.cs.technik.fhnw.ch/solarradio/data/2002-20yy_Callisto/2024/04/19/USA-BOSTON_20240419_213000_63.fit.gz,valid,190.0,3600.0
28,1056,5288,FITfiles/2024-04-19/Beelink1_20240419_180000_59.fit,2024-04-19 18:00:00,1,6,22358.681640625,http://soleil80.cs.technik.fhnw.ch/solarradio/data/2002-20yy_Callisto/2024/04/19/USA-BOSTON_20240419_220000_63.fit.gz,train,190.0,3600.0
29,1057,5295,FITfiles/2024-04-19/Beelink1_20240419_181500_59.fit,2024-04-19 18:15:00,1,6,22420.53125,http://soleil80.cs.technik.fhnw.ch/solarradio/data/2002-20yy_Callisto/2024/04/19/USA-BOSTON_20240419_221500_63.fit.gz,test,190.0,3590.0
30,1073,8359,FITfiles/2024-04-20/Beelink1_20240420_074500_59.fit,2024-04-20 07:45:00,1,3,22582.42578125,http://soleil80.cs.technik.fhnw.ch/solarradio/data/2002-20yy_Callisto/2024/04/20/USA-BOSTON_20240420_114500_63.fit.gz,test,190.0,3600.0
31,1088,8345,FITfiles/2024-04-20/Beelink1_20240420_113000_59.fit,2024-04-20 11:30:00,1,3,22507.71484375,http://soleil80.cs.technik.fhnw.ch/solarradio/data/2002-20yy_Callisto/2024/04/20/USA-BOSTON_20240420_153000_63.fit.gz,test,190.0,3600.0
32,1091,8341,FITfiles/2024-04-20/Beelink1_20240420_121500_59.fit,2024-04-20 12:15:00,1,6,22517.5859375,http://soleil80.cs.technik.fhnw.ch/solarradio/data/2002-20yy_Callisto/2024/04/20/USA-BOSTON_20240420_161500_63.fit.gz,train,190.0,3590.0
33,1107,8342,FITfiles/2024-04-20/Beelink1_20240420_161500_59.fit,2024-04-20 16:15:00,1,6,22489.69140625,http://soleil80.cs.technik.fhnw.ch/solarradio/data/2002-20yy_Callisto/2024/04/20/MEXICO-LANCE-B_20240420_201500_62.fit.gz,valid,190.0,3590.0
34,1127,2358,FITfiles/2024-04-21/Beelink1_20240421_064500_59.fit,2024-04-21 06:45:00,1,3,22564.703125,http://soleil80.cs.technik.fhnw.ch/solarradio/data/2002-20yy_Callisto/2024/04/21/USA-BOSTON_20240421_104500_63.fit.gz,valid,190.0,3600.0
35,1144,2343,FITfiles/2024-04-21/Beelink1_20240421_110000_59.fit,2024-04-21 11:00:00,1,5,22485.705078125,http://soleil80.cs.technik.fhnw.ch/solarradio/data/2002-20yy_Callisto/2024/04/21/USA-BOSTON_20240421_150000_63.fit.gz,train,190.0,3600.0
36,1156,2322,FITfiles/2024-04-21/Beelink1_20240421_140000_59.fit,2024-04-21 14:00:00,1,3,22344.53125,http://soleil80.cs.technik.fhnw.ch/solarradio/data/2002-20yy_Callisto/2024/04/21/USA-BOSTON_20240421_180000_63.fit.gz,test,190.0,3600.0
37,1171,2314,FITfiles/2024-04-21/Beelink1_20240421_174500_59.fit,2024-04-21 17:45:00,1,6,22412.421875,http://soleil80.cs.technik.fhnw.ch/solarradio/data/2002-20yy_Callisto/2024/04/21/USA-BOSTON_20240421_214500_63.fit.gz,train,190.0,3600.0
38,1205,3372,FITfiles/2024-04-22/Beelink1_20240422_114500_59.fit,2024-04-22 11:45:00,1,3,22313.9609375,http://soleil80.cs.technik.fhnw.ch/solarradio/data/2002-20yy_Callisto/2024/04/22/USA-BOSTON_20240422_154500_63.fit.gz,train,190.0,3600.0
39,1227,3368,FITfiles/2024-04-22/Beelink1_20240422_171500_59.fit,2024-04-22 17:15:00,1,2,21939.89453125,http://soleil80.cs.technik.fhnw.ch/solarradio/data/2002-20yy_Callisto/2024/04/22/USA-BOSTON_20240422_211500_63.fit.gz,train,190.0,3600.0
40,1250,3821,FITfiles/2024-04-23/Beelink1_20240423_083000_59.fit,2024-04-23 08:30:00,1,3,22352.134765625,http://soleil80.cs.technik.fhnw.ch/solarradio/data/2002-20yy_Callisto/2024/04/23/MEXICO-LANCE-B_20240423_123000_62.fit.gz,train,190.0,3600.0
41,1265,3800,FITfiles/2024-04-23/Beelink1_20240423_121500_59.fit,2024-04-23 12:15:00,1,3,22306.6796875,http://soleil80.cs.technik.fhnw.ch/solarradio/data/2002-20yy_Callisto/2024/04/23/USA-BOSTON_20240423_161500_63.fit.gz,train,190.0,3590.0
42,1270,3794,FITfiles/2024-04-23/Beelink1_20240423_133000_59.fit,2024-04-23 13:30:00,1,3,22326.30078125,http://soleil80.cs.technik.fhnw.ch/solarradio/data/2002-20yy_Callisto/2024/04/23/USA-BOSTON_20240423_173000_63.fit.gz,test,190.0,3600.0
43,1271,3787,FITfiles/2024-04-23/Beelink1_20240423_134500_59.fit,2024-04-23 13:45:00,1,2,22383.08203125,http://soleil80.cs.technik.fhnw.ch/solarradio/data/2002-20yy_Callisto/2024/04/23/USA-BOSTON_20240423_174500_63.fit.gz,test,190.0,3600.0
44,1274,3784,FITfiles/2024-04-23/Beelink1_20240423_143000_59.fit,2024-04-23 14:30:00,1,3,22304.984375,http://soleil80.cs.technik.fhnw.ch/solarradio/data/2002-20yy_Callisto/2024/04/23/MEXICO-LANCE-B_20240423_183000_62.fit.gz,train,190.0,3600.0
45,1324,6020,FITfiles/2024-04-24/Beelink1_20240424_123000_59.fit,2024-04-24 12:30:00,1,3,22424.328125,http://soleil80.cs.technik.fhnw.ch/solarradio/data/2002-20yy_Callisto/2024/04/24/USA-BOSTON_20240424_163000_63.fit.gz,train,190.0,3600.0
46,1368,6305,FITfiles/2024-04-25/Beelink1_20240425_090000_59.fit,2024-04-25 09:00:00,1,5,22623.4765625,http://soleil80.cs.technik.fhnw.ch/solarradio/data/2002-20yy_Callisto/2024/04/25/MEXICO-LANCE-B_20240425_130000_62.fit.gz,train,190.0,3600.0
47,1384,6283,FITfiles/2024-04-25/Beelink1_20240425_130000_59.fit,2024-04-25 13:00:00,1,3,22299.91796875,http://soleil80.cs.technik.fhnw.ch/solarradio/data/2002-20yy_Callisto/2024/04/25/USA-BOSTON_20240425_170000_63.fit.gz,train,190.0,3600.0
48,1847,2289,FITfiles/2024-05-19/UMICH_20240519_080000_59.fit,2024-05-19 08:00:00,1,6,11266.83203125,http://soleil80.cs.technik.fhnw.ch/solarradio/data/2002-20yy_Callisto/2024/05/19/MEXICO-LANCE-B_20240519_120000_62.fit.gz,train,190.0,3600.0
49,1849,2281,FITfiles/2024-05-19/UMICH_20240519_083000_59.fit,2024-05-19 08:30:00,1,6,11192.935546875,http://soleil80.cs.technik.fhnw.ch/solarradio/data/2002-20yy_Callisto/2024/05/19/USA-BOSTON_20240519_123000_63.fit.gz,train,190.0,3600.0
50,1852,2290,FITfiles/2024-05-19/UMICH_20240519_091500_59.fit,2024-05-19 09:15:00,1,3,11290.3310546875,http://soleil80.cs.technik.fhnw.ch/solarradio/data/2002-20yy_Callisto/2024/05/19/USA-BOSTON_20240519_131500_63.fit.gz,train,190.0,3600.0
51,1853,2295,FITfiles/2024-05-19/UMICH_20240519_093000_59.fit,2024-05-19 09:30:00,1,6,11162.087890625,http://soleil80.cs.technik.fhnw.ch/solarradio/data/2002-20yy_Callisto/2024/05/19/USA-BOSTON_20240519_133000_63.fit.gz,train,190.0,3600.0
52,1860,2280,FITfiles/2024-05-19/UMICH_20240519_111459_59.fit,2024-05-19 11:14:59,1,3,10745.416015625,http://soleil80.cs.technik.fhnw.ch/solarradio/data/2002-20yy_Callisto/2024/05/19/MEXICO-LANCE-B_20240519_151500_62.fit.gz,train,190.0,3600.0
53,1862,2277,FITfiles/2024-05-19/UMICH_20240519_114459_59.fit,2024-05-19 11:44:59,1,3,10758.17578125,http://soleil80.cs.technik.fhnw.ch/solarradio/data/2002-20yy_Callisto/2024/05/19/MEXICO-LANCE-B_20240519_154500_62.fit.gz,valid,190.0,3600.0
54,1868,2276,FITfiles/2024-05-19/UMICH_20240519_131500_59.fit,2024-05-19 13:15:00,1,3,10445.4853515625,http://soleil80.cs.technik.fhnw.ch/solarradio/data/2002-20yy_Callisto/2024/05/19/MEXICO-LANCE-B_20240519_171500_62.fit.gz,train,190.0,3600.0
55,1870,2262,FITfiles/2024-05-19/UMICH_20240519_134500_59.fit,2024-05-19 13:45:00,1,3,10574.298828125,http://soleil80.cs.technik.fhnw.ch/solarradio/data/2002-20yy_Callisto/2024/05/19/MEXICO-LANCE-A_20240519_174500_63.fit.gz,test,190.0,3600.0
56,1913,5130,FITfiles/2024-05-20/UMICH_20240520_100000_59.fit,2024-05-20 10:00:00,1,3,11001.0458984375,http://soleil80.cs.technik.fhnw.ch/solarradio/data/2002-20yy_Callisto/2024/05/20/MEXICO-LANCE-B_20240520_140000_62.fit.gz,train,190.0,3600.0
57,1999,3303,FITfiles/2024-05-21/UMICH_20240521_170000_59.fit,2024-05-21 17:00:00,1,6,10445.8203125,http://soleil80.cs.technik.fhnw.ch/solarradio/data/2002-20yy_Callisto/2024/05/21/USA-BOSTON_20240521_210000_63.fit.gz,train,190.0,3600.0
58,2024,4687,FITfiles/2024-05-22/UMICH_20240522_084500_59.fit,2024-05-22 08:45:00,1,6,10779.4462890625,http://soleil80.cs.technik.fhnw.ch/solarradio/data/2002-20yy_Callisto/2024/05/22/MEXICO-LANCE-B_20240522_124500_62.fit.gz,train,190.0,3600.0
59,2082,1833,FITfiles/2024-05-23/UMICH_20240523_084500_59.fit,2024-05-23 08:45:00,1,6,11012.6298828125,http://soleil80.cs.technik.fhnw.ch/solarradio/data/2002-20yy_Callisto/2024/05/23/MEXICO-LANCE-B_20240523_124500_62.fit.gz,test,190.0,3600.0
60,2083,1829,FITfiles/2024-05-23/UMICH_20240523_090000_59.fit,2024-05-23 09:00:00,1,6,10895.4921875,http://soleil80.cs.technik.fhnw.ch/solarradio/data/2002-20yy_Callisto/2024/05/23/MEXICO-LANCE-B_20240523_130000_62.fit.gz,train,190.0,3600.0
61,2140,6187,FITfiles/2024-05-24/UMICH_20240524_084500_59.fit,2024-05-24 08:45:00,1,5,10994.9619140625,http://soleil80.cs.technik.fhnw.ch/solarradio/data/2002-20yy_Callisto/2024/05/24/MEXICO-LANCE-B_20240524_124500_62.fit.gz,train,190.0,3600.0
62,2334,3864,FITfiles/2024-05-27/UMICH_20240527_134500_59.fit,2024-05-27 13:45:00,1,3,10926.19140625,http://soleil80.cs.technik.fhnw.ch/solarradio/data/2002-20yy_Callisto/2024/05/27/USA-BOSTON_20240527_174500_01.fit.gz,train,190.0,3600.0
63,2439,4099,FITfiles/2024-05-29/UMICH_20240529_104500_59.fit,2024-05-29 10:45:00,1,2,10857.009765625,http://soleil80.cs.technik.fhnw.ch/solarradio/data/2002-20yy_Callisto/2024/05/29/MEXART_20240529_144500_59.fit.gz,train,190.0,3600.0
64,2732,2011,FITfiles/2024-06-03/UMICH_20240603_123000_59.fit,2024-06-03 12:30:00,1,3,10709.482421875,http://soleil80.cs.technik.fhnw.ch/solarradio/data/2002-20yy_Callisto/2024/06/03/USA-BOSTON_20240603_163000_63.fit.gz,test,190.0,3600.0
65,2956,7270,FITfiles/2024-06-07/UMICH_20240607_102959_59.fit,2024-06-07 10:29:59,1,3,10785.126953125,http://soleil80.cs.technik.fhnw.ch/solarradio/data/2002-20yy_Callisto/2024/06/07/MEXICO-LANCE-B_20240607_142959_62.fit.gz,train,190.0,3600.0
66,3195,2687,FITfiles/2024-06-11/UMICH_20240611_123000_59.fit,2024-06-11 12:30:00,1,3,10728.2900390625,http://soleil80.cs.technik.fhnw.ch/solarradio/data/2002-20yy_Callisto/2024/06/11/USA-BOSTON_20240611_163000_01.fit.gz,valid,190.0,3600.0
67,3722,3424,FITfiles/2024-06-20/UMICH_20240620_133000_59.fit,2024-06-20 13:30:00,1,3,10332.931640625,http://soleil80.cs.technik.fhnw.ch/solarradio/data/2002-20yy_Callisto/2024/06/20/MEXART_20240620_173000_59.fit.gz,train,190.0,3600.0
68,3767,2218,FITfiles/2024-06-21/UMICH_20240621_101500_59.fit,2024-06-21 10:15:00,1,7,11115.515625,http://soleil80.cs.technik.fhnw.ch/solarradio/data/2002-20yy_Callisto/2024/06/21/MEXICO-LANCE-A_20240621_141500_63.fit.gz,test,190.0,3600.0
69,3804,2131,FITfiles/2024-06-21/UMICH_20240621_193000_59.fit,2024-06-21 19:30:00,1,3,10597.5908203125,http://soleil80.cs.technik.fhnw.ch/solarradio/data/2002-20yy_Callisto/2024/06/21/MEXART_20240621_233000_59.fit.gz,train,190.0,3600.0
70,3805,2125,FITfiles/2024-06-21/UMICH_20240621_194500_59.fit,2024-06-21 19:45:00,1,2,10646.3974609375,http://soleil80.cs.technik.fhnw.ch/solarradio/data/2002-20yy_Callisto/2024/06/21/ALASKA-HAARP_20240621_234500_63.fit.gz,train,190.0,3600.0
71,3950,4024,FITfiles/2024-06-24/UMICH_20240624_123000_59.fit,2024-06-24 12:30:00,1,3,10572.1064453125,http://soleil80.cs.technik.fhnw.ch/solarradio/data/2002-20yy_Callisto/2024/06/24/ALASKA-HAARP_20240624_163000_63.fit.gz,train,190.0,3600.0
72,4009,4624,FITfiles/2024-06-25/UMICH_20240625_124500_59.fit,2024-06-25 12:45:00,1,3,10747.0986328125,http://soleil80.cs.technik.fhnw.ch/solarradio/data/2002-20yy_Callisto/2024/06/25/MEXART_20240625_164500_59.fit.gz,train,190.0,3600.0
73,4031,4600,FITfiles/2024-06-25/UMICH_20240625_181500_59.fit,2024-06-25 18:15:00,1,3,10575.197265625,http://soleil80.cs.technik.fhnw.ch/solarradio/data/2002-20yy_Callisto/2024/06/25/MEXART_20240625_221500_59.fit.gz,train,190.0,3592.0
74,4096,2771,FITfiles/2024-06-26/UMICH_20240626_200000_59.fit,2024-06-26 20:00:00,1,3,10795.5751953125,http://soleil80.cs.technik.fhnw.ch/solarradio/data/2002-20yy_Callisto/2024/06/27/MEXART_20240627_000000_59.fit.gz,train,190.0,3600.0
75,4104,7853,FITfiles/2024-06-27/UMICH_20240627_073000_59.fit,2024-06-27 07:30:00,1,3,10860.466796875,http://soleil80.cs.technik.fhnw.ch/solarradio/data/2002-20yy_Callisto/2024/06/27/USA-BOSTON_20240627_113000_01.fit.gz,train,190.0,3600.0
76,4137,7584,FITfiles/2024-06-27/UMICH_20240627_154500_59.fit,2024-06-27 15:45:00,1,3,10329.017578125,http://soleil80.cs.technik.fhnw.ch/solarradio/data/2002-20yy_Callisto/2024/06/27/MEXICO-LANCE-B_20240627_194500_62.fit.gz,train,190.0,3600.0
77,4142,7581,FITfiles/2024-06-27/UMICH_20240627_170000_59.fit,2024-06-27 17:00:00,1,3,10286.8603515625,http://soleil80.cs.technik.fhnw.ch/solarradio/data/2002-20yy_Callisto/2024/06/27/MEXICO-LANCE-A_20240627_210000_63.fit.gz,train,190.0,3600.0
78,4152,7809,FITfiles/2024-06-27/UMICH_20240627_193000_59.fit,2024-06-27 19:30:00,1,5,10681.7529296875,http://soleil80.cs.technik.fhnw.ch/solarradio/data/2002-20yy_Callisto/2024/06/27/USA-BOSTON_20240627_233000_63.fit.gz,train,190.0,3600.0
79,4153,7808,FITfiles/2024-06-27/UMICH_20240627_194500_59.fit,2024-06-27 19:45:00,1,5,10713.1875,http://soleil80.cs.technik.fhnw.ch/solarradio/data/2002-20yy_Callisto/2024/06/27/USA-BOSTON_20240627_234500_63.fit.gz,train,190.0,3600.0
80,4294,2513,FITfiles/2024-07-01/UMICH_20240701_064500_59.fit,2024-07-01 06:45:00,1,3,10926.1455078125,http://soleil80.cs.technik.fhnw.ch/solarradio/data/2002-20yy_Callisto/2024/07/01/USA-BOSTON_20240701_104500_63.fit.gz,test,190.0,3600.0
81,4305,2499,FITfiles/2024-07-01/UMICH_20240701_093000_59.fit,2024-07-01 09:30:00,1,5,10901.455078125,http://soleil80.cs.technik.fhnw.ch/solarradio/data/2002-20yy_Callisto/2024/07/01/MEXICO-LANCE-B_20240701_133000_62.fit.gz,train,190.0,3600.0
82,7384,1687,FITfiles/2024-09-19/UMICH_20240919_161500_59.fit,2024-09-19 16:15:00,0,0,10245.01171875,http://soleil80.cs.technik.fhnw.ch/solarradio/data/2002-20yy_Callisto/2024/09/19/MEXICO-LANCE-B_20240919_201500_62.fit.gz,test,190.0,3592.0
83,1591,6000,FITfiles/2024-04-29/Beelink1_20240429_064500_59.fit,2024-04-29 06:45:00,0,0,22307.361328125,http://soleil80.cs.technik.fhnw.ch/solarradio/data/2002-20yy_Callisto/2024/04/29/USA-BOSTON_20240429_104500_63.fit.gz,test,190.0,3600.0
84,6137,5788,FITfiles/2024-08-07/Beelink1_20240807_150000_59.fit,2024-08-07 15:00:00,0,0,9944.76953125,http://soleil80.cs.technik.fhnw.ch/solarradio/data/2002-20yy_Callisto/2024/08/07/MEXICO-LANCE-A_20240807_190000_63.fit.gz,train,190.0,3600.0
85,5075,7616,FITfiles/2024-07-20/Beelink1_20240720_121459_59.fit,2024-07-20 12:14:59,0,0,10040.0615234375,http://soleil80.cs.technik.fhnw.ch/solarradio/data/2002-20yy_Callisto/2024/07/20/MEXICO-LANCE-B_20240720_161459_62.fit.gz,train,190.0,3595.0
86,8352,1179,FITfiles/2024-10-06/UMICH_20241006_163000_59.fit,2024-10-06 16:30:00,0,0,31046.52734375,http://soleil80.cs.technik.fhnw.ch/solarradio/data/2002-20yy_Callisto/2024/10/06/ALASKA-HAARP_20241006_203000_63.fit.gz,train,190.0,3600.0
87,4894,5915,FITfiles/2024-07-17/Beelink1_20240717_103000_59.fit,2024-07-17 10:30:00,0,0,10076.3310546875,http://soleil80.cs.technik.fhnw.ch/solarradio/data/2002-20yy_Callisto/2024/07/17/MEXICO-LANCE-A_20240717_143000_63.fit.gz,train,190.0,3600.0
88,9128,571,FITfiles/2024-11-02/Beelink1_20241102_163000_59.fit,2024-11-02 16:30:00,0,0,36940.20703125,http://soleil80.cs.technik.fhnw.ch/solarradio/data/2002-20yy_Callisto/2024/11/02/GREENLAND_20241102_203000_63.fit.gz,train,190.0,3600.0
89,3810,2249,FITfiles/2024-06-22/UMICH_20240622_063000_59.fit,2024-06-22 06:30:00,0,0,11392.962890625,http://soleil80.cs.technik.fhnw.ch/solarradio/data/2002-20yy_Callisto/2024/06/22/USA-BOSTON_20240622_103000_63.fit.gz,valid,190.0,3600.0
90,7546,207,FITfiles/2024-09-22/UMICH_20240922_130000_59.fit,2024-09-22 13:00:00,0,0,10582.15625,http://soleil80.cs.technik.fhnw.ch/solarradio/data/2002-20yy_Callisto/2024/09/22/USA-BOSTON_20240922_170000_63.fit.gz,valid,190.0,3525.0
91,2947,7242,FITfiles/2024-06-07/UMICH_20240607_081500_59.fit,2024-06-07 08:15:00,0,0,10844.115234375,http://soleil80.cs.technik.fhnw.ch/solarradio/data/2002-20yy_Callisto/2024/06/07/MEXICO-LANCE-B_20240607_121500_62.fit.gz,train,190.0,3593.0
92,1698,6776,FITfiles/2024-04-30/Beelink1_20240430_190000_59.fit,2024-04-30 19:00:00,0,0,22131.029296875,http://soleil80.cs.technik.fhnw.ch/solarradio/data/2002-20yy_Callisto/2024/04/30/USA-BOSTON_20240430_230000_63.fit.gz,train,190.0,3600.0
93,3515,5432,FITfiles/2024-06-16/UMICH_20240616_200000_59.fit,2024-06-16 20:00:00,0,0,10662.9794921875,http://soleil80.cs.technik.fhnw.ch/solarradio/data/2002-20yy_Callisto/2024/06/17/USA-BOSTON_20240617_000000_63.fit.gz,test,190.0,3600.0
94,2287,7923,FITfiles/2024-05-26/UMICH_20240526_163000_59.fit,2024-05-26 16:30:00,0,0,10706.47265625,http://soleil80.cs.technik.fhnw.ch/solarradio/data/2002-20yy_Callisto/2024/05/26/MEXICO-LANCE-A_20240526_203000_63.fit.gz,train,190.0,3600.0
95,5426,8685,FITfiles/2024-07-26/Beelink1_20240726_111459_59.fit,2024-07-26 11:14:59,0,0,10085.712890625,http://soleil80.cs.technik.fhnw.ch/solarradio/data/2002-20yy_Callisto/2024/07/26/MEXICO-LANCE-B_20240726_151459_62.fit.gz,train,190.0,3600.0
96,120,3707,FITfiles/2024-03-10/Beelink1_20240310_193000_59.fit,2024-03-10 19:30:00,0,0,11682.2041015625,http://soleil80.cs.technik.fhnw.ch/solarradio/data/2002-20yy_Callisto/2024/03/10/ALASKA-HAARP_20240310_233000_63.fit.gz,valid,190.0,3600.0
97,520,3014,FITfiles/2024-04-07/Beelink1_20240407_194500_59.fit,2024-04-07 19:45:00,0,0,22333.408203125,http://soleil80.cs.technik.fhnw.ch/solarradio/data/2002-20yy_Callisto/2024/04/07/MEXART_20240407_234500_59.fit.gz,train,190.0,3600.0
98,2227,3175,FITfiles/2024-05-25/UMICH_20240525_160000_59.fit,2024-05-25 16:00:00,0,0,10410.798828125,http://soleil80.cs.technik.fhnw.ch/solarradio/data/2002-20yy_Callisto/2024/05/25/MEXICO-LANCE-B_20240525_200000_62.fit.gz,train,190.0,3600.0
99,5802,8201,FITfiles/2024-08-01/Beelink1_20240801_181500_59.fit,2024-08-01 18:15:00,0,0,10008.029296875,http://soleil80.cs.technik.fhnw.ch/solarradio/data/2002-20yy_Callisto/2024/08/01/MEXART_20240801_221500_59.fit.gz,train,190.0,3591.0
100,5414,8710,FITfiles/2024-07-26/Beelink1_20240726_081500_59.fit,2024-07-26 08:15:00,0,0,10123.8154296875,http://soleil80.cs.technik.fhnw.ch/solarradio/data/2002-20yy_Callisto/2024/07/26/MEXICO-LANCE-B_20240726_121500_62.fit.gz,train,190.0,3593.0
101,1356,5963,FITfiles/2024-04-24/Beelink1_20240424_203000_59.fit,2024-04-24 20:30:00,0,0,22613.798828125,http://soleil80.cs.technik.fhnw.ch/solarradio/data/2002-20yy_Callisto/2024/04/25/ALASKA-HAARP_20240425_003000_63.fit.gz,train,190.0,3600.0
102,6319,9150,FITfiles/2024-08-10/Beelink1_20240810_170000_59.fit,2024-08-10 17:00:00,0,0,9969.2646484375,http://soleil80.cs.technik.fhnw.ch/solarradio/data/2002-20yy_Callisto/2024/08/10/MEXART_20240810_210000_59.fit.gz,train,190.0,3600.0
103,8534,853,FITfiles/2024-10-23/Beelink1_20241023_130000_59.fit,2024-10-23 13:00:00,0,0,35958.46875,http://soleil80.cs.technik.fhnw.ch/solarradio/data/2002-20yy_Callisto/2024/10/23/ALASKA-HAARP_20241023_170000_63.fit.gz,test,190.0,3600.0
104,5744,2718,FITfiles/2024-07-31/Beelink1_20240731_181500_59.fit,2024-07-31 18:15:00,0,0,9986.8466796875,http://soleil80.cs.technik.fhnw.ch/solarradio/data/2002-20yy_Callisto/2024/07/31/MEXART_20240731_221500_59.fit.gz,test,190.0,3592.0
105,5097,7600,FITfiles/2024-07-20/Beelink1_20240720_174500_59.fit,2024-07-20 17:45:00,0,0,9988.220703125,http://soleil80.cs.technik.fhnw.ch/solarradio/data/2002-20yy_Callisto/2024/07/20/USA-BOSTON_20240720_214500_63.fit.gz,test,190.0,3600.0
106,565,6214,FITfiles/2024-04-08/Beelink1_20240408_163000_59.fit,2024-04-08 16:30:00,0,0,21716.443359375,http://soleil80.cs.technik.fhnw.ch/solarradio/data/2002-20yy_Callisto/2024/04/08/MEXICO-LANCE-B_20240408_203000_62.fit.gz,test,190.0,3600.0
107,4638,5713,FITfiles/2024-07-06/Beelink1_20240706_194500_59.fit,2024-07-06 19:45:00,0,0,10127.01953125,http://soleil80.cs.technik.fhnw.ch/solarradio/data/2002-20yy_Callisto/2024/07/06/USA-BOSTON_20240706_234500_63.fit.gz,train,190.0,3600.0
108,2219,3223,FITfiles/2024-05-25/UMICH_20240525_140000_59.fit,2024-05-25 14:00:00,0,0,10427.9580078125,http://soleil80.cs.technik.fhnw.ch/solarradio/data/2002-20yy_Callisto/2024/05/25/USA-BOSTON_20240525_180000_01.fit.gz,valid,190.0,3600.0
109,1606,5939,FITfiles/2024-04-29/Beelink1_20240429_103000_59.fit,2024-04-29 10:30:00,0,0,22033.05078125,http://soleil80.cs.technik.fhnw.ch/solarradio/data/2002-20yy_Callisto/2024/04/29/USA-BOSTON_20240429_143000_63.fit.gz,valid,190.0,3600.0
110,4408,8142,FITfiles/2024-07-02/Beelink1_20240702_201500_59.fit,2024-07-02 20:15:00,0,0,10128.66796875,http://soleil80.cs.technik.fhnw.ch/solarradio/data/2002-20yy_Callisto/2024/07/03/ALASKA-HAARP_20240703_001500_63.fit.gz,train,190.0,3593.0
111,9202,898,FITfiles/2024-11-03/Beelink1_20241103_203000_59.fit,2024-11-03 20:30:00,0,0,37540.578125,http://soleil80.cs.technik.fhnw.ch/solarradio/data/2002-20yy_Callisto/2024/11/04/ALASKA-HAARP_20241104_013000_63.fit.gz,train,190.0,3600.0
112,3146,1737,FITfiles/2024-06-10/UMICH_20240610_144500_59.fit,2024-06-10 14:45:00,0,0,10528.0869140625,http://soleil80.cs.technik.fhnw.ch/solarradio/data/2002-20yy_Callisto/2024/06/10/MEXICO-LANCE-B_20240610_184500_62.fit.gz,valid,190.0,3600.0
113,6960,7313,FITfiles/2024-09-10/UMICH_20240910_143000_59.fit,2024-09-10 14:30:00,0,0,9976.4736328125,http://soleil80.cs.technik.fhnw.ch/solarradio/data/2002-20yy_Callisto/2024/09/10/MEXICO-LANCE-B_20240910_183000_62.fit.gz,test,190.0,3600.0
114,2749,1994,FITfiles/2024-06-03/UMICH_20240603_164500_59.fit,2024-06-03 16:45:00,0,0,10386.3046875,http://soleil80.cs.technik.fhnw.ch/solarradio/data/2002-20yy_Callisto/2024/06/03/MEXICO-LANCE-A_20240603_204500_63.fit.gz,test,190.0,3600.0
115,4871,3464,FITfiles/2024-07-16/Beelink1_20240716_191500_59.fit,2024-07-16 19:15:00,0,0,10037.4619140625,http://soleil80.cs.technik.fhnw.ch/solarradio/data/2002-20yy_Callisto/2024/07/16/ALASKA-HAARP_20240716_231500_63.fit.gz,test,190.0,3600.0
116,3131,1755,FITfiles/2024-06-10/UMICH_20240610_105959_59.fit,2024-06-10 10:59:59,0,0,10854.35546875,http://soleil80.cs.technik.fhnw.ch/solarradio/data/2002-20yy_Callisto/2024/06/10/MEXICO-LANCE-B_20240610_145959_62.fit.gz,valid,190.0,3600.0
117,7044,1504,FITfiles/2024-09-13/UMICH_20240913_181500_59.fit,2024-09-13 18:15:00,0,0,10631.6494140625,http://soleil80.cs.technik.fhnw.ch/solarradio/data/2002-20yy_Callisto/2024/09/13/GREENLAND_20240913_221500_63.fit.gz,train,190.0,3593.0
118,6504,9303,FITfiles/2024-09-02/UMICH_20240902_163000_59.fit,2024-09-02 16:30:00,0,0,9945.115234375,http://soleil80.cs.technik.fhnw.ch/solarradio/data/2002-20yy_Callisto/2024/09/02/MEXICO-LANCE-A_20240902_203000_63.fit.gz,valid,190.0,3600.0
119,1881,2256,FITfiles/2024-05-19/UMICH_20240519_163000_59.fit,2024-05-19 16:30:00,0,0,10505.0615234375,http://soleil80.cs.technik.fhnw.ch/solarradio/data/2002-20yy_Callisto/2024/05/19/MEXICO-LANCE-A_20240519_203000_63.fit.gz,train,190.0,3600.0
120,5471,2626,FITfiles/2024-07-27/Beelink1_20240727_080000_59.fit,2024-07-27 08:00:00,0,0,10142.029296875,http://soleil80.cs.technik.fhnw.ch/solarradio/data/2002-20yy_Callisto/2024/07/27/MEXICO-LANCE-B_20240727_120000_62.fit.gz,train,190.0,3600.0
121,9207,92,FITfiles/2024-11-04/Beelink1_20241104_071500_59.fit,2024-11-04 07:15:00,0,0,36335.60546875,http://soleil80.cs.technik.fhnw.ch/solarradio/data/2002-20yy_Callisto/2024/11/04/USA-BOSTON_20241104_121500_63.fit.gz,train,190.0,3600.0
122,8180,7098,FITfiles/2024-10-03/UMICH_20241003_170000_59.fit,2024-10-03 17:00:00,0,0,30838.298828125,http://soleil80.cs.technik.fhnw.ch/solarradio/data/2002-20yy_Callisto/2024/10/03/ALASKA-HAARP_20241003_210000_63.fit.gz,train,190.0,3600.0
123,6220,7908,FITfiles/2024-08-09/Beelink1_20240809_064500_59.fit,2024-08-09 06:45:00,0,0,10130.611328125,http://soleil80.cs.technik.fhnw.ch/solarradio/data/2002-20yy_Callisto/2024/08/09/USA-BOSTON_20240809_104500_01.fit.gz,train,190.0,3600.0
124,2973,7210,FITfiles/2024-06-07/UMICH_20240607_144500_59.fit,2024-06-07 14:45:00,0,0,10747.9169921875,http://soleil80.cs.technik.fhnw.ch/solarradio/data/2002-20yy_Callisto/2024/06/07/MEXICO-LANCE-B_20240607_184500_62.fit.gz,train,190.0,3600.0
125,8153,7073,FITfiles/2024-10-03/UMICH_20241003_101500_59.fit,2024-10-03 10:15:00,0,0,37398.64453125,http://soleil80.cs.technik.fhnw.ch/solarradio/data/2002-20yy_Callisto/2024/10/03/GREENLAND_20241003_141500_63.fit.gz,train,190.0,3600.0
126,2505,3690,FITfiles/2024-05-30/UMICH_20240530_124500_59.fit,2024-05-30 12:45:00,0,0,10722.34375,http://soleil80.cs.technik.fhnw.ch/solarradio/data/2002-20yy_Callisto/2024/05/30/USA-BOSTON_20240530_164500_63.fit.gz,train,190.0,3600.0
127,9499,254,FITfiles/2024-11-09/Beelink1_20241109_074500_59.fit,2024-11-09 07:45:00,0,0,36515.9609375,http://soleil80.cs.technik.fhnw.ch/solarradio/data/2002-20yy_Callisto/2024/11/09/USA-BOSTON_20241109_124500_01.fit.gz,train,190.0,3600.0
128,3537,6990,FITfiles/2024-06-17/UMICH_20240617_105959_59.fit,2024-06-17 10:59:59,0,0,10716.3671875,http://soleil80.cs.technik.fhnw.ch/solarradio/data/2002-20yy_Callisto/2024/06/17/MEXART_20240617_150000_59.fit.gz,train,190.0,3600.0
129,1561,7737,FITfiles/2024-04-28/Beelink1_20240428_134500_59.fit,2024-04-28 13:45:00,0,0,22083.57421875,http://soleil80.cs.technik.fhnw.ch/solarradio/data/2002-20yy_Callisto/2024/04/28/USA-BOSTON_20240428_174500_63.fit.gz,train,190.0,3600.0
130,9395,836,FITfiles/2024-11-07/Beelink1_20241107_104500_59.fit,2024-11-07 10:45:00,0,0,37975.18359375,http://soleil80.cs.technik.fhnw.ch/solarradio/data/2002-20yy_Callisto/2024/11/07/ALASKA-HAARP_20241107_154500_63.fit.gz,train,190.0,3600.0
131,3536,6984,FITfiles/2024-06-17/UMICH_20240617_104459_59.fit,2024-06-17 10:44:59,0,0,10740.8330078125,http://soleil80.cs.technik.fhnw.ch/solarradio/data/2002-20yy_Callisto/2024/06/17/MEXART_20240617_144500_59.fit.gz,train,190.0,3600.0
132,8451,1004,FITfiles/2024-10-08/UMICH_20241008_121500_59.fit,2024-10-08 12:15:00,0,0,34469.3125,http://soleil80.cs.technik.fhnw.ch/solarradio/data/2002-20yy_Callisto/2024/10/08/USA-BOSTON_20241008_161500_01.fit.gz,test,190.0,3590.0
133,3982,4004,FITfiles/2024-06-24/UMICH_20240624_203000_59.fit,2024-06-24 20:30:00,0,0,10692.8759765625,http://soleil80.cs.technik.fhnw.ch/solarradio/data/2002-20yy_Callisto/2024/06/25/MEXART_20240625_003000_59.fit.gz,train,190.0,3600.0
134,252,5581,FITfiles/2024-03-16/Beelink1_20240316_174500_59.fit,2024-03-16 17:45:00,0,0,11651.4326171875,http://soleil80.cs.technik.fhnw.ch/solarradio/data/2002-20yy_Callisto/2024/03/16/ALASKA-HAARP_20240316_214500_63.fit.gz,train,190.0,3600.0
135,318,3240,FITfiles/2024-03-30/Beelink1_20240330_151500_59.fit,2024-03-30 15:15:00,0,0,11559.7744140625,http://soleil80.cs.technik.fhnw.ch/solarradio/data/2002-20yy_Callisto/2024/03/30/MEXICO-LANCE-B_20240330_191500_62.fit.gz,train,190.0,3600.0
136,2586,3619,FITfiles/2024-06-01/UMICH_20240601_091500_59.fit,2024-06-01 09:15:00,0,0,11309.8857421875,http://soleil80.cs.technik.fhnw.ch/solarradio/data/2002-20yy_Callisto/2024/06/01/MEXICO-LANCE-B_20240601_131500_62.fit.gz,valid,190.0,3600.0
137,489,3043,FITfiles/2024-04-07/Beelink1_20240407_120000_59.fit,2024-04-07 12:00:00,0,0,22257.943359375,http://soleil80.cs.technik.fhnw.ch/solarradio/data/2002-20yy_Callisto/2024/04/07/ALASKA-HAARP_20240407_160000_63.fit.gz,test,190.0,3600.0
138,9266,367,FITfiles/2024-11-05/Beelink1_20241105_073000_59.fit,2024-11-05 07:30:00,0,0,36297.46875,http://soleil80.cs.technik.fhnw.ch/solarradio/data/2002-20yy_Callisto/2024/11/05/USA-BOSTON_20241105_123000_63.fit.gz,train,190.0,3600.0
139,2675,7158,FITfiles/2024-06-02/UMICH_20240602_124500_59.fit,2024-06-02 12:45:00,0,0,10789.4130859375,http://soleil80.cs.technik.fhnw.ch/solarradio/data/2002-20yy_Callisto/2024/06/02/USA-BOSTON_20240602_164500_63.fit.gz,test,190.0,3600.0
140,2452,4088,FITfiles/2024-05-29/UMICH_20240529_140000_59.fit,2024-05-29 14:00:00,0,0,10619.525390625,http://soleil80.cs.technik.fhnw.ch/solarradio/data/2002-20yy_Callisto/2024/05/29/USA-BOSTON_20240529_180000_63.fit.gz,train,190.0,3600.0
141,8291,5186,FITfiles/2024-10-05/UMICH_20241005_154500_59.fit,2024-10-05 15:45:00,0,0,31945.755859375,http://soleil80.cs.technik.fhnw.ch/solarradio/data/2002-20yy_Callisto/2024/10/05/ALASKA-HAARP_20241005_194500_63.fit.gz,train,190.0,3600.0
142,362,4871,FITfiles/2024-04-05/Beelink1_20240405_084500_59.fit,2024-04-05 08:45:00,0,0,11546.8955078125,http://soleil80.cs.technik.fhnw.ch/solarradio/data/2002-20yy_Callisto/2024/04/05/MEXICO-LANCE-B_20240405_124500_62.fit.gz,train,190.0,3600.0
143,8027,7359,FITfiles/2024-10-01/UMICH_20241001_074500_59.fit,2024-10-01 07:45:00,0,0,34573.9453125,http://soleil80.cs.technik.fhnw.ch/solarradio/data/2002-20yy_Callisto/2024/10/01/USA-BOSTON_20241001_114500_63.fit.gz,train,190.0,3600.0
144,649,4824,FITfiles/2024-04-10/Beelink1_20240410_083000_59.fit,2024-04-10 08:30:00,0,0,22845.962890625,http://soleil80.cs.technik.fhnw.ch/solarradio/data/2002-20yy_Callisto/2024/04/10/MEXICO-LANCE-B_20240410_123000_62.fit.gz,train,190.0,3600.0
145,7706,6913,FITfiles/2024-09-25/UMICH_20240925_143000_59.fit,2024-09-25 14:30:00,0,0,33298.22265625,http://soleil80.cs.technik.fhnw.ch/solarradio/data/2002-20yy_Callisto/2024/09/25/MEXICO-LANCE-B_20240925_183000_62.fit.gz,train,190.0,3600.0
146,7922,6387,FITfiles/2024-09-29/UMICH_20240929_103000_59.fit,2024-09-29 10:30:00,0,0,35261.13671875,http://soleil80.cs.technik.fhnw.ch/solarradio/data/2002-20yy_Callisto/2024/09/29/USA-BOSTON_20240929_143000_63.fit.gz,test,190.0,3600.0
147,8094,7260,FITfiles/2024-10-02/UMICH_20241002_100000_59.fit,2024-10-02 10:00:00,0,0,36696.765625,http://soleil80.cs.technik.fhnw.ch/solarradio/data/2002-20yy_Callisto/2024/10/02/USA-BOSTON_20241002_140000_63.fit.gz,test,190.0,3600.0
148,4298,2511,FITfiles/2024-07-01/UMICH_20240701_074500_59.fit,2024-07-01 07:45:00,0,0,11232.58203125,http://soleil80.cs.technik.fhnw.ch/solarradio/data/2002-20yy_Callisto/2024/07/01/USA-BOSTON_20240701_114500_01.fit.gz,test,190.0,3600.0
149,5316,6119,FITfiles/2024-07-24/Beelink1_20240724_124500_59.fit,2024-07-24 12:45:00,0,0,10047.8642578125,http://soleil80.cs.technik.fhnw.ch/solarradio/data/2002-20yy_Callisto/2024/07/24/ALASKA-HAARP_20240724_164500_63.fit.gz,test,190.0,3600.0
150,4696,4756,FITfiles/2024-07-13/Beelink1_20240713_190000_59.fit,2024-07-13 19:00:00,0,0,10031.5087890625,http://soleil80.cs.technik.fhnw.ch/solarradio/data/2002-20yy_Callisto/2024/07/13/USA-BOSTON_20240713_230000_62.fit.gz,train,190.0,3600.0
151,7684,6890,FITfiles/2024-09-25/UMICH_20240925_090000_59.fit,2024-09-25 09:00:00,0,0,34959.91796875,http://soleil80.cs.technik.fhnw.ch/solarradio/data/2002-20yy_Callisto/2024/09/25/MEXICO-LANCE-B_20240925_130000_62.fit.gz,train,190.0,3600.0
152,6056,4229,FITfiles/2024-08-06/Beelink1_20240806_091500_59.fit,2024-08-06 09:15:00,0,0,10090.8046875,http://soleil80.cs.technik.fhnw.ch/solarradio/data/2002-20yy_Callisto/2024/08/06/MEXICO-LANCE-B_20240806_131500_62.fit.gz,train,190.0,3600.0
153,1994,3330,FITfiles/2024-05-21/UMICH_20240521_154500_59.fit,2024-05-21 15:45:00,0,0,10418.4541015625,http://soleil80.cs.technik.fhnw.ch/solarradio/data/2002-20yy_Callisto/2024/05/21/MEXICO-LANCE-B_20240521_194500_62.fit.gz,test,190.0,3600.0
154,4945,5185,FITfiles/2024-07-18/Beelink1_20240718_084500_59.fit,2024-07-18 08:45:00,0,0,10109.537109375,http://soleil80.cs.technik.fhnw.ch/solarradio/data/2002-20yy_Callisto/2024/07/18/MEXICO-LANCE-B_20240718_124500_62.fit.gz,train,190.0,3600.0
155,8603,1288,FITfiles/2024-10-24/Beelink1_20241024_154500_59.fit,2024-10-24 15:45:00,0,0,34335.42578125,http://soleil80.cs.technik.fhnw.ch/solarradio/data/2002-20yy_Callisto/2024/10/24/ALASKA-HAARP_20241024_194500_63.fit.gz,train,190.0,3600.0
156,1592,5978,FITfiles/2024-04-29/Beelink1_20240429_070000_59.fit,2024-04-29 07:00:00,0,0,22312.09375,http://soleil80.cs.technik.fhnw.ch/solarradio/data/2002-20yy_Callisto/2024/04/29/USA-BOSTON_20240429_110000_63.fit.gz,train,190.0,3600.0
157,8753,9689,FITfiles/2024-10-27/Beelink1_20241027_094500_59.fit,2024-10-27 09:45:00,0,0,36961.80859375,http://soleil80.cs.technik.fhnw.ch/solarradio/data/2002-20yy_Callisto/2024/10/27/USA-BOSTON_20241027_134500_63.fit.gz,valid,190.0,3600.0
158,6464,9349,FITfiles/2024-09-02/UMICH_20240902_063000_59.fit,2024-09-02 06:30:00,0,0,10167.85546875,http://soleil80.cs.technik.fhnw.ch/solarradio/data/2002-20yy_Callisto/2024/09/02/GREENLAND_20240902_103000_63.fit.gz,test,190.0,3600.0
159,5081,7613,FITfiles/2024-07-20/Beelink1_20240720_134500_59.fit,2024-07-20 13:45:00,0,0,9989.263671875,http://soleil80.cs.technik.fhnw.ch/solarradio/data/2002-20yy_Callisto/2024/07/20/USA-BOSTON_20240720_174500_01.fit.gz,test,190.0,3600.0
160,6879,3989,FITfiles/2024-09-09/UMICH_20240909_084500_59.fit,2024-09-09 08:45:00,0,0,10104.83203125,http://soleil80.cs.technik.fhnw.ch/solarradio/data/2002-20yy_Callisto/2024/09/09/MEXICO-LANCE-A_20240909_124500_63.fit.gz,train,190.0,3600.0
161,4854,3488,FITfiles/2024-07-16/Beelink1_20240716_150000_59.fit,2024-07-16 15:00:00,0,0,9962.51953125,http://soleil80.cs.technik.fhnw.ch/solarradio/data/2002-20yy_Callisto/2024/07/16/MEXICO-LANCE-B_20240716_190000_62.fit.gz,train,190.0,3600.0
162,8755,9686,FITfiles/2024-10-27/Beelink1_20241027_101500_59.fit,2024-10-27 10:15:00,0,0,37347.71484375,http://soleil80.cs.technik.fhnw.ch/solarradio/data/2002-20yy_Callisto/2024/10/27/USA-BOSTON_20241027_141500_63.fit.gz,valid,190.0,3600.0
163,4245,2426,FITfiles/2024-06-29/UMICH_20240629_134500_59.fit,2024-06-29 13:45:00,0,0,10389.72265625,http://soleil80.cs.technik.fhnw.ch/solarradio/data/2002-20yy_Callisto/2024/06/29/MEXART_20240629_174500_59.fit.gz,train,190.0,3600.0
164,3576,6981,FITfiles/2024-06-17/UMICH_20240617_204500_59.fit,2024-06-17 20:45:00,0,0,10723.7431640625,http://soleil80.cs.technik.fhnw.ch/solarradio/data/2002-20yy_Callisto/2024/06/18/MEXART_20240618_004500_59.fit.gz,train,190.0,3590.0
165,1713,5393,FITfiles/2024-05-01/Beelink1_20240501_081500_59.fit,2024-05-01 08:15:00,0,0,22687.3046875,http://soleil80.cs.technik.fhnw.ch/solarradio/data/2002-20yy_Callisto/2024/05/01/MEXICO-LANCE-B_20240501_121500_62.fit.gz,valid,190.0,3590.0
166,2301,7958,FITfiles/2024-05-26/UMICH_20240526_200000_59.fit,2024-05-26 20:00:00,0,0,10965.8037109375,http://soleil80.cs.technik.fhnw.ch/solarradio/data/2002-20yy_Callisto/2024/05/27/USA-BOSTON_20240527_000000_63.fit.gz,train,190.0,3600.0
167,8397,734,FITfiles/2024-10-07/UMICH_20241007_131500_59.fit,2024-10-07 13:15:00,0,0,34570.56640625,http://soleil80.cs.technik.fhnw.ch/solarradio/data/2002-20yy_Callisto/2024/10/07/GREENLAND_20241007_171500_63.fit.gz,test,190.0,3600.0
168,9721,1424,FITfiles/2024-11-12/Beelink1_20241112_204500_59.fit,2024-11-12 20:45:00,0,0,33611.80078125,http://soleil80.cs.technik.fhnw.ch/solarradio/data/2002-20yy_Callisto/2024/11/13/ALASKA-HAARP_20241113_014500_63.fit.gz,valid,190.0,3590.0
169,3776,2153,FITfiles/2024-06-21/UMICH_20240621_123000_59.fit,2024-06-21 12:30:00,0,0,10479.3818359375,http://soleil80.cs.technik.fhnw.ch/solarradio/data/2002-20yy_Callisto/2024/06/21/MEXART_20240621_163000_59.fit.gz,train,190.0,3600.0
170,8137,7311,FITfiles/2024-10-02/UMICH_20241002_204500_59.fit,2024-10-02 20:45:00,0,0,36162.875,http://soleil80.cs.technik.fhnw.ch/solarradio/data/2002-20yy_Callisto/2024/10/03/ALASKA-HAARP_20241003_004500_63.fit.gz,train,190.0,3590.0
171,6096,4196,FITfiles/2024-08-06/Beelink1_20240806_191500_59.fit,2024-08-06 19:15:00,0,0,10125.7880859375,http://soleil80.cs.technik.fhnw.ch/solarradio/data/2002-20yy_Callisto/2024/08/06/GREENLAND_20240806_231500_63.fit.gz,train,190.0,3600.0
172,4017,4633,FITfiles/2024-06-25/UMICH_20240625_144500_59.fit,2024-06-25 14:45:00,0,0,10382.0966796875,http://soleil80.cs.technik.fhnw.ch/solarradio/data/2002-20yy_Callisto/2024/06/25/MEXICO-LANCE-A_20240625_184500_63.fit.gz,train,190.0,3600.0
173,1690,6822,FITfiles/2024-04-30/Beelink1_20240430_170000_59.fit,2024-04-30 17:00:00,0,0,21377.888671875,http://soleil80.cs.technik.fhnw.ch/solarradio/data/2002-20yy_Callisto/2024/04/30/USA-BOSTON_20240430_210000_63.fit.gz,test,190.0,3600.0
174,39,2388,FITfiles/2024-03-09/Beelink1_20240309_140300_01.fit,2024-03-09 14:03:00,0,0,11663.748046875,http://soleil80.cs.technik.fhnw.ch/solarradio/data/2002-20yy_Callisto/2024/03/09/MEXICO-LANCE-B_20240309_190000_62.fit.gz,test,190.0,3600.0
175,4774,5023,FITfiles/2024-07-15/Beelink1_20240715_093000_59.fit,2024-07-15 09:30:00,0,0,10100.8759765625,http://soleil80.cs.technik.fhnw.ch/solarradio/data/2002-20yy_Callisto/2024/07/15/MEXICO-LANCE-B_20240715_133000_62.fit.gz,train,190.0,3600.0
176,6771,9051,FITfiles/2024-09-07/UMICH_20240907_104500_59.fit,2024-09-07 10:45:00,0,0,10177.6572265625,http://soleil80.cs.technik.fhnw.ch/solarradio/data/2002-20yy_Callisto/2024/09/07/USA-BOSTON_20240907_144500_63.fit.gz,train,190.0,3600.0
177,3,7225,FITfiles/2024-01-20/Beelink1_20240120_130800_01.fit,2024-01-20 13:08:00,0,0,21527.470703125,http://soleil80.cs.technik.fhnw.ch/solarradio/data/2002-20yy_Callisto/2024/01/20/MEXART_20240120_181500_59.fit.gz,test,190.0,1807.0
178,8122,7289,FITfiles/2024-10-02/UMICH_20241002_170000_59.fit,2024-10-02 17:00:00,0,0,31461.509765625,http://soleil80.cs.technik.fhnw.ch/solarradio/data/2002-20yy_Callisto/2024/10/02/ALASKA-HAARP_20241002_210000_63.fit.gz,train,190.0,3600.0
179,9434,936,FITfiles/2024-11-07/Beelink1_20241107_203000_59.fit,2024-11-07 20:30:00,0,0,37467.62890625,http://soleil80.cs.technik.fhnw.ch/solarradio/data/2002-20yy_Callisto/2024/11/08/ALASKA-HAARP_20241108_013000_63.fit.gz,valid,190.0,3600.0
180,4377,8157,FITfiles/2024-07-02/Beelink1_20240702_123000_59.fit,2024-07-02 12:30:00,0,0,10031.9931640625,http://soleil80.cs.technik.fhnw.ch/solarradio/data/2002-20yy_Callisto/2024/07/02/USA-BOSTON_20240702_163000_01.fit.gz,train,190.0,3600.0
181,323,3248,FITfiles/2024-03-30/Beelink1_20240330_163000_59.fit,2024-03-30 16:30:00,0,0,11598.7861328125,http://soleil80.cs.technik.fhnw.ch/solarradio/data/2002-20yy_Callisto/2024/03/30/MEXICO-LANCE-B_20240330_203000_62.fit.gz,train,190.0,3600.0
182,2364,6772,FITfiles/2024-05-28/UMICH_20240528_064500_59.fit,2024-05-28 06:45:00,0,0,11061.599609375,http://soleil80.cs.technik.fhnw.ch/solarradio/data/2002-20yy_Callisto/2024/05/28/USA-BOSTON_20240528_104500_63.fit.gz,test,190.0,3600.0
183,7463,1604,FITfiles/2024-09-21/UMICH_20240921_070000_59.fit,2024-09-21 07:00:00,0,0,13571.8740234375,http://soleil80.cs.technik.fhnw.ch/solarradio/data/2002-20yy_Callisto/2024/09/21/USA-BOSTON_20240921_110000_63.fit.gz,valid,190.0,3600.0
184,3269,8882,FITfiles/2024-06-12/UMICH_20240612_163000_59.fit,2024-06-12 16:30:00,0,0,10390.8369140625,http://soleil80.cs.technik.fhnw.ch/solarradio/data/2002-20yy_Callisto/2024/06/12/MEXICO-LANCE-B_20240612_203000_62.fit.gz,test,190.0,3600.0
185,8044,7370,FITfiles/2024-10-01/UMICH_20241001_120000_59.fit,2024-10-01 12:00:00,0,0,33984.44140625,http://soleil80.cs.technik.fhnw.ch/solarradio/data/2002-20yy_Callisto/2024/10/01/USA-BOSTON_20241001_160000_63.fit.gz,train,190.0,3600.0
186,1343,5969,FITfiles/2024-04-24/Beelink1_20240424_171500_59.fit,2024-04-24 17:15:00,0,0,22411.603515625,http://soleil80.cs.technik.fhnw.ch/solarradio/data/2002-20yy_Callisto/2024/04/24/USA-BOSTON_20240424_211500_63.fit.gz,valid,190.0,3600.0
187,3479,5485,FITfiles/2024-06-16/UMICH_20240616_105959_59.fit,2024-06-16 10:59:59,0,0,10735.314453125,http://soleil80.cs.technik.fhnw.ch/solarradio/data/2002-20yy_Callisto/2024/06/16/MEXART_20240616_150000_59.fit.gz,train,190.0,3600.0
188,1793,1860,FITfiles/2024-05-15/Beelink1_20240515_153000_59.fit,2024-05-15 15:30:00,0,0,10519.8369140625,http://soleil80.cs.technik.fhnw.ch/solarradio/data/2002-20yy_Callisto/2024/05/15/MEXICO-LANCE-B_20240515_193000_62.fit.gz,valid,190.0,3600.0
189,5403,6509,FITfiles/2024-07-25/Beelink1_20240725_200000_59.fit,2024-07-25 20:00:00,0,0,10062.51953125,http://soleil80.cs.technik.fhnw.ch/solarradio/data/2002-20yy_Callisto/2024/07/26/MEXART_20240726_000000_59.fit.gz,train,190.0,3600.0
190,6047,4247,FITfiles/2024-08-06/Beelink1_20240806_070000_59.fit,2024-08-06 07:00:00,0,0,10134.1982421875,http://soleil80.cs.technik.fhnw.ch/solarradio/data/2002-20yy_Callisto/2024/08/06/USA-BOSTON_20240806_110000_63.fit.gz,test,190.0,3600.0
191,6908,3004,FITfiles/2024-09-09/UMICH_20240909_160000_59.fit,2024-09-09 16:00:00,0,0,9948.703125,http://soleil80.cs.technik.fhnw.ch/solarradio/data/2002-20yy_Callisto/2024/09/09/MEXICO-LANCE-A_20240909_200000_63.fit.gz,test,190.0,3600.0
192,6602,8873,FITfiles/2024-09-04/UMICH_20240904_115959_59.fit,2024-09-04 11:59:59,0,0,10118.068359375,http://soleil80.cs.technik.fhnw.ch/solarradio/data/2002-20yy_Callisto/2024/09/04/MEXICO-LANCE-B_20240904_160000_62.fit.gz,train,190.0,3600.0
193,8573,1106,FITfiles/2024-10-24/Beelink1_20241024_081500_59.fit,2024-10-24 08:15:00,0,0,35500.4296875,http://soleil80.cs.technik.fhnw.ch/solarradio/data/2002-20yy_Callisto/2024/10/24/USA-BOSTON_20241024_121500_63.fit.gz,train,190.0,3589.0
194,4833,3510,FITfiles/2024-07-16/Beelink1_20240716_094500_59.fit,2024-07-16 09:45:00,0,0,10099.361328125,http://soleil80.cs.technik.fhnw.ch/solarradio/data/2002-20yy_Callisto/2024/07/16/MEXICO-LANCE-A_20240716_134500_63.fit.gz,train,190.0,3600.0
195,3568,6954,FITfiles/2024-06-17/UMICH_20240617_184500_59.fit,2024-06-17 18:45:00,0,0,10471.0908203125,http://soleil80.cs.technik.fhnw.ch/solarradio/data/2002-20yy_Callisto/2024/06/17/MEXART_20240617_224500_59.fit.gz,train,190.0,3600.0
196,5059,7867,FITfiles/2024-07-20/Beelink1_20240720_081500_59.fit,2024-07-20 08:15:00,0,0,10114.546875,http://soleil80.cs.technik.fhnw.ch/solarradio/data/2002-20yy_Callisto/2024/07/20/MEXICO-LANCE-B_20240720_121500_62.fit.gz,valid,190.0,3593.0
197,1251,3810,FITfiles/2024-04-23/Beelink1_20240423_084500_59.fit,2024-04-23 08:45:00,0,0,22337.875,http://soleil80.cs.technik.fhnw.ch/solarradio/data/2002-20yy_Callisto/2024/04/23/MEXICO-LANCE-B_20240423_124500_62.fit.gz,train,190.0,3600.0
198,1584,7704,FITfiles/2024-04-28/Beelink1_20240428_193000_59.fit,2024-04-28 19:30:00,0,0,22058.599609375,http://soleil80.cs.technik.fhnw.ch/solarradio/data/2002-20yy_Callisto/2024/04/28/USA-BOSTON_20240428_233000_62.fit.gz,valid,190.0,3600.0
199,9609,1493,FITfiles/2024-11-11/Beelink1_20241111_071500_59.fit,2024-11-11 07:15:00,0,0,32898.1328125,http://soleil80.cs.technik.fhnw.ch/solarradio/data/2002-20yy_Callisto/2024/11/11/USA-BOSTON_20241111_121500_01.fit.gz,test,190.0,3600.0
200,6500,9311,FITfiles/2024-09-02/UMICH_20240902_153000_59.fit,2024-09-02 15:30:00,0,0,9948.5390625,http://soleil80.cs.technik.fhnw.ch/solarradio/data/2002-20yy_Callisto/2024/09/02/MEXICO-LANCE-B_20240902_193000_62.fit.gz,train,190.0,3600.0
201,7535,164,FITfiles/2024-09-22/UMICH_20240922_101500_59.fit,2024-09-22 10:15:00,0,0,11234.234375,http://soleil80.cs.technik.fhnw.ch/solarradio/data/2002-20yy_Callisto/2024/09/22/MEXICO-LANCE-A_20240922_141500_63.fit.gz,test,190.0,3600.0
202,6627,8528,FITfiles/2024-09-04/UMICH_20240904_181500_59.fit,2024-09-04 18:15:00,0,0,10103.0947265625,http://soleil80.cs.technik.fhnw.ch/solarradio/data/2002-20yy_Callisto/2024/09/04/USA-BOSTON_20240904_221500_63.fit.gz,test,190.0,3592.0
203,763,8476,FITfiles/2024-04-14/Beelink1_20240414_171500_59.fit,2024-04-14 17:15:00,0,0,21547.240234375,http://soleil80.cs.technik.fhnw.ch/solarradio/data/2002-20yy_Callisto/2024/04/14/ALASKA-HAARP_20240414_211500_63.fit.gz,valid,190.0,3600.0
204,2945,7247,FITfiles/2024-06-07/UMICH_20240607_074500_59.fit,2024-06-07 07:45:00,0,0,10879.1865234375,http://soleil80.cs.technik.fhnw.ch/solarradio/data/2002-20yy_Callisto/2024/06/07/USA-BOSTON_20240607_114500_01.fit.gz,test,190.0,3600.0
205,9110,479,FITfiles/2024-11-02/Beelink1_20241102_120000_59.fit,2024-11-02 12:00:00,0,0,33649.8671875,http://soleil80.cs.technik.fhnw.ch/solarradio/data/2002-20yy_Callisto/2024/11/02/USA-BOSTON_20241102_160000_63.fit.gz,train,190.0,3600.0
206,1674,6800,FITfiles/2024-04-30/Beelink1_20240430_130000_59.fit,2024-04-30 13:00:00,0,0,22132.962890625,http://soleil80.cs.technik.fhnw.ch/solarradio/data/2002-20yy_Callisto/2024/04/30/USA-BOSTON_20240430_170000_63.fit.gz,test,190.0,3600.0
207,4231,2449,FITfiles/2024-06-29/UMICH_20240629_101500_59.fit,2024-06-29 10:15:00,0,0,10841.3916015625,http://soleil80.cs.technik.fhnw.ch/solarradio/data/2002-20yy_Callisto/2024/06/29/MEXICO-LANCE-A_20240629_141500_63.fit.gz,train,190.0,3600.0
208,2993,7203,FITfiles/2024-06-07/UMICH_20240607_200000_59.fit,2024-06-07 20:00:00,0,0,10806.4501953125,http://soleil80.cs.technik.fhnw.ch/solarradio/data/2002-20yy_Callisto/2024/06/08/MEXICO-LANCE-A_20240608_000000_63.fit.gz,test,190.0,3600.0
209,7437,1118,FITfiles/2024-09-20/UMICH_20240920_150000_59.fit,2024-09-20 15:00:00,0,0,10543.0927734375,http://soleil80.cs.technik.fhnw.ch/solarradio/data/2002-20yy_Callisto/2024/09/20/MEXICO-LANCE-B_20240920_190000_62.fit.gz,train,190.0,3600.0
210,3549,6971,FITfiles/2024-06-17/UMICH_20240617_140000_59.fit,2024-06-17 14:00:00,0,0,10335.5654296875,http://soleil80.cs.technik.fhnw.ch/solarradio/data/2002-20yy_Callisto/2024/06/17/USA-BOSTON_20240617_180000_63.fit.gz,train,190.0,3600.0
211,1816,4310,FITfiles/2024-05-18/UMICH_20240518_144500_59.fit,2024-05-18 14:45:00,0,0,10482.9423828125,http://soleil80.cs.technik.fhnw.ch/solarradio/data/2002-20yy_Callisto/2024/05/18/MEXICO-LANCE-B_20240518_184500_62.fit.gz,valid,190.0,3600.0
212,2597,3604,FITfiles/2024-06-01/UMICH_20240601_115959_59.fit,2024-06-01 11:59:59,0,0,10713.634765625,http://soleil80.cs.technik.fhnw.ch/solarradio/data/2002-20yy_Callisto/2024/06/01/MEXICO-LANCE-B_20240601_155959_62.fit.gz,train,190.0,3600.0
213,7054,1477,FITfiles/2024-09-13/UMICH_20240913_204500_59.fit,2024-09-13 20:45:00,0,0,10987.291015625,http://soleil80.cs.technik.fhnw.ch/solarradio/data/2002-20yy_Callisto/2024/09/14/MEXART_20240914_004500_59.fit.gz,train,190.0,3591.0
214,8641,33,FITfiles/2024-10-25/Beelink1_20241025_104500_59.fit,2024-10-25 10:45:00,0,0,36610.44140625,http://soleil80.cs.technik.fhnw.ch/solarradio/data/2002-20yy_Callisto/2024/10/25/USA-BOSTON_20241025_144500_63.fit.gz,train,190.0,3600.0
215,6233,7900,FITfiles/2024-08-09/Beelink1_20240809_100000_59.fit,2024-08-09 10:00:00,0,0,10086.361328125,http://soleil80.cs.technik.fhnw.ch/solarradio/data/2002-20yy_Callisto/2024/08/09/MEXICO-LANCE-B_20240809_140000_62.fit.gz,valid,190.0,3600.0
216,911,7784,FITfiles/2024-04-17/Beelink1_20240417_104500_59.fit,2024-04-17 10:45:00,0,0,22281.822265625,http://soleil80.cs.technik.fhnw.ch/solarradio/data/2002-20yy_Callisto/2024/04/17/ALASKA-HAARP_20240417_144500_63.fit.gz,valid,190.0,3600.0
217,1841,2297,FITfiles/2024-05-19/UMICH_20240519_063000_59.fit,2024-05-19 06:30:00,0,0,11810.5439453125,http://soleil80.cs.technik.fhnw.ch/solarradio/data/2002-20yy_Callisto/2024/05/19/USA-BOSTON_20240519_103000_01.fit.gz,train,190.0,3600.0
218,8251,8312,FITfiles/2024-10-04/UMICH_20241004_201500_59.fit,2024-10-04 20:15:00,0,0,35963.25390625,http://soleil80.cs.technik.fhnw.ch/solarradio/data/2002-20yy_Callisto/2024/10/05/ALASKA-HAARP_20241005_001500_63.fit.gz,train,190.0,3590.0
219,6515,9279,FITfiles/2024-09-02/UMICH_20240902_191500_59.fit,2024-09-02 19:15:00,0,0,10164.232421875,http://soleil80.cs.technik.fhnw.ch/solarradio/data/2002-20yy_Callisto/2024/09/02/MEXART_20240902_231500_59.fit.gz,valid,190.0,3600.0
220,6183,4980,FITfiles/2024-08-08/Beelink1_20240808_115959_59.fit,2024-08-08 11:59:59,0,0,9995.279296875,http://soleil80.cs.technik.fhnw.ch/solarradio/data/2002-20yy_Callisto/2024/08/08/MEXICO-LANCE-B_20240808_155959_62.fit.gz,train,190.0,3600.0
221,4114,7586,FITfiles/2024-06-27/UMICH_20240627_100000_59.fit,2024-06-27 10:00:00,0,0,10797.7158203125,http://soleil80.cs.technik.fhnw.ch/solarradio/data/2002-20yy_Callisto/2024/06/27/MEXICO-LANCE-B_20240627_140000_62.fit.gz,train,190.0,3600.0
222,1121,8350,FITfiles/2024-04-20/Beelink1_20240420_194500_59.fit,2024-04-20 19:45:00,0,0,22537.55078125,http://soleil80.cs.technik.fhnw.ch/solarradio/data/2002-20yy_Callisto/2024/04/20/MEXART_20240420_234500_59.fit.gz,valid,190.0,3600.0
223,1774,1881,FITfiles/2024-05-15/Beelink1_20240515_104500_59.fit,2024-05-15 10:45:00,0,0,10980.81640625,http://soleil80.cs.technik.fhnw.ch/solarradio/data/2002-20yy_Callisto/2024/05/15/MEXICO-LANCE-A_20240515_144500_63.fit.gz,train,190.0,3600.0
224,2421,4130,FITfiles/2024-05-29/UMICH_20240529_063000_59.fit,2024-05-29 06:30:00,0,0,11296.94921875,http://soleil80.cs.technik.fhnw.ch/solarradio/data/2002-20yy_Callisto/2024/05/29/USA-BOSTON_20240529_103000_63.fit.gz,test,190.0,3600.0
225,8585,1219,FITfiles/2024-10-24/Beelink1_20241024_111500_59.fit,2024-10-24 11:15:00,0,0,37125.77734375,http://soleil80.cs.technik.fhnw.ch/solarradio/data/2002-20yy_Callisto/2024/10/24/USA-BOSTON_20241024_151500_63.fit.gz,test,190.0,3600.0
226,5486,2611,FITfiles/2024-07-27/Beelink1_20240727_114459_59.fit,2024-07-27 11:44:59,0,0,10072.556640625,http://soleil80.cs.technik.fhnw.ch/solarradio/data/2002-20yy_Callisto/2024/07/27/MEXICO-LANCE-B_20240727_154459_62.fit.gz,test,190.0,3600.0
227,2691,7149,FITfiles/2024-06-02/UMICH_20240602_164500_59.fit,2024-06-02 16:45:00,0,0,10782.462890625,http://soleil80.cs.technik.fhnw.ch/solarradio/data/2002-20yy_Callisto/2024/06/02/USA-BOSTON_20240602_204500_63.fit.gz,valid,190.0,3600.0
228,6259,7871,FITfiles/2024-08-09/Beelink1_20240809_163000_59.fit,2024-08-09 16:30:00,0,0,9950.21875,http://soleil80.cs.technik.fhnw.ch/solarradio/data/2002-20yy_Callisto/2024/08/09/MEXICO-LANCE-B_20240809_203000_62.fit.gz,test,190.0,3600.0
229,1441,6590,FITfiles/2024-04-26/Beelink1_20240426_124500_59.fit,2024-04-26 12:45:00,0,0,22159.658203125,http://soleil80.cs.technik.fhnw.ch/solarradio/data/2002-20yy_Callisto/2024/04/26/USA-BOSTON_20240426_164500_63.fit.gz,train,190.0,3600.0
230,7428,1143,FITfiles/2024-09-20/UMICH_20240920_124500_59.fit,2024-09-20 12:45:00,0,0,10696.2177734375,http://soleil80.cs.technik.fhnw.ch/solarradio/data/2002-20yy_Callisto/2024/09/20/USA-BOSTON_20240920_164500_63.fit.gz,test,190.0,3600.0
231,5287,8599,FITfiles/2024-07-23/Beelink1_20240723_200000_59.fit,2024-07-23 20:00:00,0,0,10042.0703125,http://soleil80.cs.technik.fhnw.ch/solarradio/data/2002-20yy_Callisto/2024/07/24/MEXICO-LANCE-A_20240724_000000_63.fit.gz,test,190.0,3600.0
232,4378,8175,FITfiles/2024-07-02/Beelink1_20240702_124500_59.fit,2024-07-02 12:45:00,0,0,10013.072265625,http://soleil80.cs.technik.fhnw.ch/solarradio/data/2002-20yy_Callisto/2024/07/02/USA-BOSTON_20240702_164500_01.fit.gz,train,190.0,3600.0
233,670,4811,FITfiles/2024-04-10/Beelink1_20240410_134500_59.fit,2024-04-10 13:45:00,0,0,22024.275390625,http://soleil80.cs.technik.fhnw.ch/solarradio/data/2002-20yy_Callisto/2024/04/10/USA-BOSTON_20240410_174500_63.fit.gz,train,190.0,3600.0
234,9542,291,FITfiles/2024-11-09/Beelink1_20241109_183000_59.fit,2024-11-09 18:30:00,0,0,37534.4609375,http://soleil80.cs.technik.fhnw.ch/solarradio/data/2002-20yy_Callisto/2024/11/09/ALASKA-HAARP_20241109_233000_63.fit.gz,train,190.0,3600.0
235,1975,3325,FITfiles/2024-05-21/UMICH_20240521_105959_59.fit,2024-05-21 10:59:59,0,0,10787.2158203125,http://soleil80.cs.technik.fhnw.ch/solarradio/data/2002-20yy_Callisto/2024/05/21/MEXICO-LANCE-B_20240521_145959_62.fit.gz,train,190.0,3600.0
236,3842,2203,FITfiles/2024-06-22/UMICH_20240622_143000_59.fit,2024-06-22 14:30:00,0,0,10304.28125,http://soleil80.cs.technik.fhnw.ch/solarradio/data/2002-20yy_Callisto/2024/06/22/MEXICO-LANCE-B_20240622_183000_62.fit.gz,test,190.0,3600.0
237,418,5447,FITfiles/2024-04-06/Beelink1_20240406_081500_59.fit,2024-04-06 08:15:00,0,0,11676.5009765625,http://soleil80.cs.technik.fhnw.ch/solarradio/data/2002-20yy_Callisto/2024/04/06/MEXICO-LANCE-B_20240406_121500_62.fit.gz,test,190.0,3593.0
238,6199,4950,FITfiles/2024-08-08/Beelink1_20240808_160000_59.fit,2024-08-08 16:00:00,0,0,9927.025390625,http://soleil80.cs.technik.fhnw.ch/solarradio/data/2002-20yy_Callisto/2024/08/08/MEXICO-LANCE-B_20240808_200000_62.fit.gz,train,190.0,3600.0
239,5108,7590,FITfiles/2024-07-20/Beelink1_20240720_203000_59.fit,2024-07-20 20:30:00,0,0,10079.7373046875,http://soleil80.cs.technik.fhnw.ch/solarradio/data/2002-20yy_Callisto/2024/07/21/ALASKA-HAARP_20240721_003000_63.fit.gz,test,190.0,3600.0
240,7563,274,FITfiles/2024-09-22/UMICH_20240922_173000_59.fit,2024-09-22 17:30:00,0,0,35331.66015625,http://soleil80.cs.technik.fhnw.ch/solarradio/data/2002-20yy_Callisto/2024/09/22/GREENLAND_20240922_213000_63.fit.gz,train,190.0,3600.0
241,4276,7976,FITfiles/2024-06-30/UMICH_20240630_164500_59.fit,2024-06-30 16:45:00,0,0,10388.84765625,http://soleil80.cs.technik.fhnw.ch/solarradio/data/2002-20yy_Callisto/2024/06/30/MEXICO-LANCE-A_20240630_204500_63.fit.gz,test,190.0,3600.0
242,3422,1946,FITfiles/2024-06-15/UMICH_20240615_111459_59.fit,2024-06-15 11:14:59,0,0,10761.60546875,http://soleil80.cs.technik.fhnw.ch/solarradio/data/2002-20yy_Callisto/2024/06/15/MEXICO-LANCE-B_20240615_151459_62.fit.gz,test,190.0,3600.0
243,8962,9638,FITfiles/2024-10-30/Beelink1_20241030_183000_59.fit,2024-10-30 18:30:00,0,0,36709.31640625,http://soleil80.cs.technik.fhnw.ch/solarradio/data/2002-20yy_Callisto/2024/10/30/GREENLAND_20241030_223000_63.fit.gz,train,190.0,3600.0
244,6933,8584,FITfiles/2024-09-10/UMICH_20240910_074500_59.fit,2024-09-10 07:45:00,0,0,10120.3046875,http://soleil80.cs.technik.fhnw.ch/solarradio/data/2002-20yy_Callisto/2024/09/10/USA-BOSTON_20240910_114500_01.fit.gz,valid,190.0,3600.0
245,2425,4103,FITfiles/2024-05-29/UMICH_20240529_071500_59(1).fit,2024-05-29 07:15:00,0,0,11230.478515625,http://soleil80.cs.technik.fhnw.ch/solarradio/data/2002-20yy_Callisto/2024/05/29/USA-BOSTON_20240529_111500_63.fit.gz,test,190.0,3600.0
246,6731,9387,FITfiles/2024-09-06/UMICH_20240906_151500_59.fit,2024-09-06 15:15:00,0,0,10075.099609375,http://soleil80.cs.technik.fhnw.ch/solarradio/data/2002-20yy_Callisto/2024/09/06/MEXICO-LANCE-B_20240906_191500_62.fit.gz,train,190.0,3600.0
247,1859,2288,FITfiles/2024-05-19/UMICH_20240519_110000_59.fit,2024-05-19 11:00:00,0,0,10754.724609375,http://soleil80.cs.technik.fhnw.ch/solarradio/data/2002-20yy_Callisto/2024/05/19/MEXICO-LANCE-B_20240519_150000_62.fit.gz,train,190.0,3600.0
248,4584,2835,FITfiles/2024-07-05/Beelink1_20240705_204500_59.fit,2024-07-05 20:45:00,0,0,10133.8671875,http://soleil80.cs.technik.fhnw.ch/solarradio/data/2002-20yy_Callisto/2024/07/06/ALASKA-HAARP_20240706_004500_63.fit.gz,train,190.0,3591.0
249,6465,9354,FITfiles/2024-09-02/UMICH_20240902_064500_59.fit,2024-09-02 06:45:00,0,0,10169.154296875,http://soleil80.cs.technik.fhnw.ch/solarradio/data/2002-20yy_Callisto/2024/09/02/GREENLAND_20240902_104500_63.fit.gz,train,190.0,3600.0
250,7885,5257,FITfiles/2024-09-28/UMICH_20240928_154500_59.fit,2024-09-28 15:45:00,0,0,35406.63671875,http://soleil80.cs.technik.fhnw.ch/solarradio/data/2002-20yy_Callisto/2024/09/28/MEXICO-LANCE-B_20240928_194500_62.fit.gz,valid,190.0,3600.0
251,2061,4649,FITfiles/2024-05-22/UMICH_20240522_180000_59.fit,2024-05-22 18:00:00,0,0,10559.0986328125,http://soleil80.cs.technik.fhnw.ch/solarradio/data/2002-20yy_Callisto/2024/05/22/USA-BOSTON_20240522_220000_63.fit.gz,train,190.0,3600.0
252,784,4437,FITfiles/2024-04-15/Beelink1_20240415_080000_59.fit,2024-04-15 08:00:00,0,0,23236.310546875,http://soleil80.cs.technik.fhnw.ch/solarradio/data/2002-20yy_Callisto/2024/04/15/MEXICO-LANCE-B_20240415_120000_62.fit.gz,train,190.0,3600.0
253,7333,308,FITfiles/2024-09-18/UMICH_20240918_180000_59.fit,2024-09-18 18:00:00,0,0,10497.3544921875,http://soleil80.cs.technik.fhnw.ch/solarradio/data/2002-20yy_Callisto/2024/09/18/USA-BOSTON_20240918_220000_63.fit.gz,test,190.0,3600.0
254,3420,1953,FITfiles/2024-06-15/UMICH_20240615_104459_59.fit,2024-06-15 10:44:59,0,0,10796.208984375,http://soleil80.cs.technik.fhnw.ch/solarradio/data/2002-20yy_Callisto/2024/06/15/MEXICO-LANCE-B_20240615_144459_62.fit.gz,train,190.0,3600.0
255,8736,1466,FITfiles/2024-10-26/Beelink1_20241026_200000_59.fit,2024-10-26 20:00:00,0,0,37336.3359375,http://soleil80.cs.technik.fhnw.ch/solarradio/data/2002-20yy_Callisto/2024/10/27/ALASKA-HAARP_20241027_000000_63.fit.gz,test,190.0,3600.0
256,4990,4376,FITfiles/2024-07-18/Beelink1_20240718_200000_59.fit,2024-07-18 20:00:00,0,0,10103.0810546875,http://soleil80.cs.technik.fhnw.ch/solarradio/data/2002-20yy_Callisto/2024/07/19/ALASKA-HAARP_20240719_000000_63.fit.gz,valid,190.0,3600.0
257,8866,619,FITfiles/2024-10-29/Beelink1_20241029_090000_59.fit,2024-10-29 09:00:00,0,0,36792.1875,http://soleil80.cs.technik.fhnw.ch/solarradio/data/2002-20yy_Callisto/2024/10/29/USA-BOSTON_20241029_130000_63.fit.gz,test,190.0,3600.0
258,4084,2782,FITfiles/2024-06-26/UMICH_20240626_170000_59.fit,2024-06-26 17:00:00,0,0,10635.404296875,http://soleil80.cs.technik.fhnw.ch/solarradio/data/2002-20yy_Callisto/2024/06/26/MEXART_20240626_210000_59.fit.gz,train,190.0,3600.0
259,3305,8013,FITfiles/2024-06-13/UMICH_20240613_105959_59.fit,2024-06-13 10:59:59,0,0,10741.3583984375,http://soleil80.cs.technik.fhnw.ch/solarradio/data/2002-20yy_Callisto/2024/06/13/MEXICO-LANCE-B_20240613_145959_62.fit.gz,train,190.0,3600.0
260,2998,2086,FITfiles/2024-06-08/UMICH_20240608_064500_59.fit,2024-06-08 06:45:00,0,0,11045.8564453125,http://soleil80.cs.technik.fhnw.ch/solarradio/data/2002-20yy_Callisto/2024/06/08/USA-BOSTON_20240608_104500_63.fit.gz,train,190.0,3600.0
261,2366,6779,FITfiles/2024-05-28/UMICH_20240528_071500_59.fit,2024-05-28 07:15:00,0,0,10950.7236328125,http://soleil80.cs.technik.fhnw.ch/solarradio/data/2002-20yy_Callisto/2024/05/28/USA-BOSTON_20240528_111500_63.fit.gz,train,190.0,3600.0
262,7548,199,FITfiles/2024-09-22/UMICH_20240922_133450_01.fit,2024-09-22 13:34:50,0,0,10716.3857421875,http://soleil80.cs.technik.fhnw.ch/solarradio/data/2002-20yy_Callisto/2024/09/22/USA-BOSTON_20240922_173000_63.fit.gz,train,190.0,924.0
263,6291,9175,FITfiles/2024-08-10/Beelink1_20240810_100000_59.fit,2024-08-10 10:00:00,0,0,10088.2294921875,http://soleil80.cs.technik.fhnw.ch/solarradio/data/2002-20yy_Callisto/2024/08/10/MEXICO-LANCE-B_20240810_140000_62.fit.gz,test,190.0,3600.0
264,6015,4157,FITfiles/2024-08-05/Beelink1_20240805_133000_59.fit,2024-08-05 13:30:00,0,0,9984.875,http://soleil80.cs.technik.fhnw.ch/solarradio/data/2002-20yy_Callisto/2024/08/05/USA-BOSTON_20240805_173000_01.fit.gz,train,190.0,3600.0
265,980,7495,FITfiles/2024-04-18/Beelink1_20240418_133000_59.fit,2024-04-18 13:30:00,0,0,22262.103515625,http://soleil80.cs.technik.fhnw.ch/solarradio/data/2002-20yy_Callisto/2024/04/18/USA-BOSTON_20240418_173000_63.fit.gz,train,190.0,3600.0
266,5797,8203,FITfiles/2024-08-01/Beelink1_20240801_170000_59.fit,2024-08-01 17:00:00,0,0,9985.5849609375,http://soleil80.cs.technik.fhnw.ch/solarradio/data/2002-20yy_Callisto/2024/08/01/MEXICO-LANCE-A_20240801_210000_63.fit.gz,train,190.0,3600.0
267,2753,1986,FITfiles/2024-06-03/UMICH_20240603_174500_59.fit,2024-06-03 17:45:00,0,0,10447.5791015625,http://soleil80.cs.technik.fhnw.ch/solarradio/data/2002-20yy_Callisto/2024/06/03/USA-BOSTON_20240603_214500_63.fit.gz,train,190.0,3600.0
268,7173,1291,FITfiles/2024-09-16/UMICH_20240916_070000_59.fit,2024-09-16 07:00:00,0,0,11500.6572265625,http://soleil80.cs.technik.fhnw.ch/solarradio/data/2002-20yy_Callisto/2024/09/16/USA-BOSTON_20240916_110000_63.fit.gz,valid,190.0,3600.0
269,6043,4102,FITfiles/2024-08-05/Beelink1_20240805_203000_59.fit,2024-08-05 20:30:00,0,0,10066.341796875,http://soleil80.cs.technik.fhnw.ch/solarradio/data/2002-20yy_Callisto/2024/08/06/ALASKA-HAARP_20240806_003000_63.fit.gz,train,190.0,3600.0
270,2820,7667,FITfiles/2024-06-04/UMICH_20240604_200000_59.fit,2024-06-04 20:00:00,0,0,10667.2314453125,http://soleil80.cs.technik.fhnw.ch/solarradio/data/2002-20yy_Callisto/2024/06/05/USA-BOSTON_20240605_000000_63.fit.gz,train,190.0,3600.0
271,6562,9203,FITfiles/2024-09-03/UMICH_20240903_163000_59.fit,2024-09-03 16:30:00,0,0,9931.3828125,http://soleil80.cs.technik.fhnw.ch/solarradio/data/2002-20yy_Callisto/2024/09/03/USA-BOSTON_20240903_203000_63.fit.gz,train,190.0,3600.0
272,4474,6486,FITfiles/2024-07-04/Beelink1_20240704_074500_59.fit,2024-07-04 07:45:00,0,0,10143.7998046875,http://soleil80.cs.technik.fhnw.ch/solarradio/data/2002-20yy_Callisto/2024/07/04/USA-BOSTON_20240704_114500_01.fit.gz,train,190.0,3600.0
273,7510,1486,FITfiles/2024-09-21/UMICH_20240921_184500_59.fit,2024-09-21 18:45:00,0,0,10655.4892578125,http://soleil80.cs.technik.fhnw.ch/solarradio/data/2002-20yy_Callisto/2024/09/21/GREENLAND_20240921_224500_63.fit.gz,test,190.0,3600.0
274,5769,8240,FITfiles/2024-08-01/Beelink1_20240801_100000_59.fit,2024-08-01 10:00:00,0,0,10059.712890625,http://soleil80.cs.technik.fhnw.ch/solarradio/data/2002-20yy_Callisto/2024/08/01/MEXICO-LANCE-B_20240801_140000_62.fit.gz,train,190.0,3600.0
275,9074,234,FITfiles/2024-11-01/Beelink1_20241101_173000_59.fit,2024-11-01 17:30:00,0,0,38056.28125,http://soleil80.cs.technik.fhnw.ch/solarradio/data/2002-20yy_Callisto/2024/11/01/ALASKA-HAARP_20241101_213000_63.fit.gz,test,190.0,3600.0
276,6890,3179,FITfiles/2024-09-09/UMICH_20240909_112959_59.fit,2024-09-09 11:29:59,0,0,10100.7666015625,http://soleil80.cs.technik.fhnw.ch/solarradio/data/2002-20yy_Callisto/2024/09/09/MEXICO-LANCE-B_20240909_152959_62.fit.gz,train,190.0,3600.0
277,6251,7877,FITfiles/2024-08-09/Beelink1_20240809_143000_59.fit,2024-08-09 14:30:00,0,0,9941.626953125,http://soleil80.cs.technik.fhnw.ch/solarradio/data/2002-20yy_Callisto/2024/08/09/MEXICO-LANCE-B_20240809_183000_62.fit.gz,train,190.0,3600.0
278,9426,915,FITfiles/2024-11-07/Beelink1_20241107_183000_59.fit,2024-11-07 18:30:00,0,0,37797.8984375,http://soleil80.cs.technik.fhnw.ch/solarradio/data/2002-20yy_Callisto/2024/11/07/GREENLAND_20241107_233000_63.fit.gz,test,190.0,3600.0
279,6754,9093,FITfiles/2024-09-07/UMICH_20240907_063000_59.fit,2024-09-07 06:30:00,0,0,10126.2802734375,http://soleil80.cs.technik.fhnw.ch/solarradio/data/2002-20yy_Callisto/2024/09/07/USA-BOSTON_20240907_103000_01.fit.gz,train,190.0,3600.0
280,9468,1400,FITfiles/2024-11-08/Beelink1_20241108_143000_59.fit,2024-11-08 14:30:00,0,0,35138.7890625,http://soleil80.cs.technik.fhnw.ch/solarradio/data/2002-20yy_Callisto/2024/11/08/GREENLAND_20241108_193000_63.fit.gz,train,190.0,3600.0
281,1187,3428,FITfiles/2024-04-22/Beelink1_20240422_071500_59.fit,2024-04-22 07:15:00,0,0,22835.091796875,http://soleil80.cs.technik.fhnw.ch/solarradio/data/2002-20yy_Callisto/2024/04/22/USA-BOSTON_20240422_111500_63.fit.gz,train,190.0,3600.0
282,3082,8846,FITfiles/2024-06-09/UMICH_20240609_131500_59.fit,2024-06-09 13:15:00,0,0,10533.6689453125,http://soleil80.cs.technik.fhnw.ch/solarradio/data/2002-20yy_Callisto/2024/06/09/USA-BOSTON_20240609_171500_01.fit.gz,train,190.0,3600.0
283,4591,5754,FITfiles/2024-07-06/Beelink1_20240706_080000_59.fit,2024-07-06 08:00:00,0,0,10138.4970703125,http://soleil80.cs.technik.fhnw.ch/solarradio/data/2002-20yy_Callisto/2024/07/06/MEXICO-LANCE-B_20240706_120000_62.fit.gz,test,190.0,3600.0
284,9104,450,FITfiles/2024-11-02/Beelink1_20241102_103000_59.fit,2024-11-02 10:30:00,0,0,35642.05078125,http://soleil80.cs.technik.fhnw.ch/solarradio/data/2002-20yy_Callisto/2024/11/02/USA-BOSTON_20241102_143000_63.fit.gz,train,190.0,3600.0
285,4631,5724,FITfiles/2024-07-06/Beelink1_20240706_180000_59.fit,2024-07-06 18:00:00,0,0,10012.3818359375,http://soleil80.cs.technik.fhnw.ch/solarradio/data/2002-20yy_Callisto/2024/07/06/USA-BOSTON_20240706_220000_63.fit.gz,train,190.0,3600.0
286,9044,111,FITfiles/2024-11-01/Beelink1_20241101_100000_59.fit,2024-11-01 10:00:00,0,0,36378.7890625,http://soleil80.cs.technik.fhnw.ch/solarradio/data/2002-20yy_Callisto/2024/11/01/USA-BOSTON_20241101_140000_63.fit.gz,train,190.0,3600.0
287,7507,1494,FITfiles/2024-09-21/UMICH_20240921_180000_59.fit,2024-09-21 18:00:00,0,0,10468.2900390625,http://soleil80.cs.technik.fhnw.ch/solarradio/data/2002-20yy_Callisto/2024/09/21/GREENLAND_20240921_220000_63.fit.gz,test,190.0,3600.0
288,4916,5899,FITfiles/2024-07-17/Beelink1_20240717_160000_59.fit,2024-07-17 16:00:00,0,0,9970.9404296875,http://soleil80.cs.technik.fhnw.ch/solarradio/data/2002-20yy_Callisto/2024/07/17/MEXICO-LANCE-B_20240717_200000_62.fit.gz,valid,190.0,3600.0
289,7462,1602,FITfiles/2024-09-21/UMICH_20240921_064500_59.fit,2024-09-21 06:45:00,0,0,13703.5185546875,http://soleil80.cs.technik.fhnw.ch/solarradio/data/2002-20yy_Callisto/2024/09/21/USA-BOSTON_20240921_104500_63.fit.gz,test,190.0,3600.0
290,5881,4789,FITfiles/2024-08-03/Beelink1_20240803_090000_59.fit,2024-08-03 09:00:00,0,0,10086.9033203125,http://soleil80.cs.technik.fhnw.ch/solarradio/data/2002-20yy_Callisto/2024/08/03/MEXICO-LANCE-B_20240803_130000_62.fit.gz,train,190.0,3600.0
291,1364,6310,FITfiles/2024-04-25/Beelink1_20240425_080000_59.fit,2024-04-25 08:00:00,0,0,23156.205078125,http://soleil80.cs.technik.fhnw.ch/solarradio/data/2002-20yy_Callisto/2024/04/25/MEXICO-LANCE-B_20240425_120000_62.fit.gz,train,190.0,3600.0
292,588,5559,FITfiles/2024-04-09/Beelink1_20240409_074500_59.fit,2024-04-09 07:45:00,0,0,23888.318359375,http://soleil80.cs.technik.fhnw.ch/solarradio/data/2002-20yy_Callisto/2024/04/09/USA-BOSTON_20240409_114500_63.fit.gz,train,190.0,3600.0
293,5662,3893,FITfiles/2024-07-30/Beelink1_20240730_121459_59.fit,2024-07-30 12:14:59,0,0,10014.326171875,http://soleil80.cs.technik.fhnw.ch/solarradio/data/2002-20yy_Callisto/2024/07/30/MEXICO-LANCE-B_20240730_161459_62.fit.gz,test,190.0,3595.0
294,9558,613,FITfiles/2024-11-10/Beelink1_20241110_080000_59.fit,2024-11-10 08:00:00,0,0,36626.73828125,http://soleil80.cs.technik.fhnw.ch/solarradio/data/2002-20yy_Callisto/2024/11/10/USA-BOSTON_20241110_130000_01.fit.gz,train,190.0,3600.0
295,4912,5919,FITfiles/2024-07-17/Beelink1_20240717_150000_59.fit,2024-07-17 15:00:00,0,0,9994.759765625,http://soleil80.cs.technik.fhnw.ch/solarradio/data/2002-20yy_Callisto/2024/07/17/MEXICO-LANCE-B_20240717_190000_62.fit.gz,test,190.0,3600.0
296,3779,2148,FITfiles/2024-06-21/UMICH_20240621_131500_59.fit,2024-06-21 13:15:00,0,0,10386.69140625,http://soleil80.cs.technik.fhnw.ch/solarradio/data/2002-20yy_Callisto/2024/06/21/MEXART_20240621_171500_59.fit.gz,test,190.0,3600.0
297,14,4469,FITfiles/2024-01-21/Beelink1_20240121_180100_01.fit,2024-01-21 18:01:00,0,0,21511.35546875,http://soleil80.cs.technik.fhnw.ch/solarradio/data/2002-20yy_Callisto/2024/01/21/ALASKA-HAARP_20240121_230000_63.fit.gz,train,190.0,298.0
298,1610,5936,FITfiles/2024-04-29/Beelink1_20240429_113000_59.fit,2024-04-29 11:30:00,0,0,21931.65234375,http://soleil80.cs.technik.fhnw.ch/solarradio/data/2002-20yy_Callisto/2024/04/29/USA-BOSTON_20240429_153000_01.fit.gz,valid,190.0,3600.0
299,5385,6533,FITfiles/2024-07-25/Beelink1_20240725_153000_59.fit,2024-07-25 15:30:00,0,0,9945.3359375,http://soleil80.cs.technik.fhnw.ch/solarradio/data/2002-20yy_Callisto/2024/07/25/MEXICO-LANCE-B_20240725_193000_62.fit.gz,train,190.0,3600.0
300,8936,9604,FITfiles/2024-10-30/Beelink1_20241030_120000_59.fit,2024-10-30 12:00:00,0,0,35943.296875,http://soleil80.cs.technik.fhnw.ch/solarradio/data/2002-20yy_Callisto/2024/10/30/USA-BOSTON_20241030_160000_63.fit.gz,valid,190.0,3600.0
301,4895,5920,FITfiles/2024-07-17/Beelink1_20240717_104500_59.fit,2024-07-17 10:45:00,0,0,10076.857421875,http://soleil80.cs.technik.fhnw.ch/solarradio/data/2002-20yy_Callisto/2024/07/17/MEXICO-LANCE-A_20240717_144500_63.fit.gz,train,190.0,3600.0
302,2456,4078,FITfiles/2024-05-29/UMICH_20240529_150000_59.fit,2024-05-29 15:00:00,0,0,10541.82421875,http://soleil80.cs.technik.fhnw.ch/solarradio/data/2002-20yy_Callisto/2024/05/29/MEXICO-LANCE-B_20240529_190000_62.fit.gz,test,190.0,3600.0
303,7676,6872,FITfiles/2024-09-25/UMICH_20240925_070000_59.fit,2024-09-25 07:00:00,0,0,34543.88671875,http://soleil80.cs.technik.fhnw.ch/solarradio/data/2002-20yy_Callisto/2024/09/25/USA-BOSTON_20240925_110000_63.fit.gz,valid,190.0,3600.0
304,7766,8807,FITfiles/2024-09-26/UMICH_20240926_150000_59.fit,2024-09-26 15:00:00,0,0,34490.37890625,http://soleil80.cs.technik.fhnw.ch/solarradio/data/2002-20yy_Callisto/2024/09/26/MEXICO-LANCE-B_20240926_190000_62.fit.gz,valid,190.0,3600.0
305,4554,2879,FITfiles/2024-07-05/Beelink1_20240705_131500_59.fit,2024-07-05 13:15:00,0,0,10126.2412109375,http://soleil80.cs.technik.fhnw.ch/solarradio/data/2002-20yy_Callisto/2024/07/05/USA-BOSTON_20240705_171500_01.fit.gz,train,190.0,3600.0
306,4520,6457,FITfiles/2024-07-04/Beelink1_20240704_191500_59.fit,2024-07-04 19:15:00,0,0,10107.8447265625,http://soleil80.cs.technik.fhnw.ch/solarradio/data/2002-20yy_Callisto/2024/07/04/MEXART_20240704_231500_59.fit.gz,valid,190.0,3600.0
307,8803,439,FITfiles/2024-10-28/Beelink1_20241028_074500_59.fit,2024-10-28 07:45:00,0,0,36692.625,http://soleil80.cs.technik.fhnw.ch/solarradio/data/2002-20yy_Callisto/2024/10/28/USA-BOSTON_20241028_114500_63.fit.gz,valid,190.0,3600.0
308,9505,260,FITfiles/2024-11-09/Beelink1_20241109_091500_59.fit,2024-11-09 09:15:00,0,0,36820.515625,http://soleil80.cs.technik.fhnw.ch/solarradio/data/2002-20yy_Callisto/2024/11/09/GREENLAND_20241109_141500_63.fit.gz,train,190.0,3600.0
309,5925,4764,FITfiles/2024-08-03/Beelink1_20240803_200000_59.fit,2024-08-03 20:00:00,0,0,10060.9931640625,http://soleil80.cs.technik.fhnw.ch/solarradio/data/2002-20yy_Callisto/2024/08/04/MEXART_20240804_000000_59.fit.gz,train,190.0,3600.0
310,7308,338,FITfiles/2024-09-18/UMICH_20240918_114459_59.fit,2024-09-18 11:44:59,0,0,10724.41796875,http://soleil80.cs.technik.fhnw.ch/solarradio/data/2002-20yy_Callisto/2024/09/18/MEXICO-LANCE-B_20240918_154500_62.fit.gz,test,190.0,3600.0
311,5279,8602,FITfiles/2024-07-23/Beelink1_20240723_180000_59.fit,2024-07-23 18:00:00,0,0,9972.03125,http://soleil80.cs.technik.fhnw.ch/solarradio/data/2002-20yy_Callisto/2024/07/23/MEXICO-LANCE-A_20240723_220000_63.fit.gz,valid,190.0,3600.0
312,9348,9102,FITfiles/2024-11-06/Beelink1_20241106_133000_59.fit,2024-11-06 13:30:00,0,0,35697.47265625,http://soleil80.cs.technik.fhnw.ch/solarradio/data/2002-20yy_Callisto/2024/11/06/ALASKA-HAARP_20241106_183000_63.fit.gz,train,190.0,3600.0
313,3930,4043,FITfiles/2024-06-24/UMICH_20240624_073000_59.fit,2024-06-24 07:30:00,0,0,11119.2470703125,http://soleil80.cs.technik.fhnw.ch/solarradio/data/2002-20yy_Callisto/2024/06/24/USA-BOSTON_20240624_113000_01.fit.gz,train,190.0,3600.0
314,485,3045,FITfiles/2024-04-07/Beelink1_20240407_110000_59.fit,2024-04-07 11:00:00,0,0,22314.857421875,http://soleil80.cs.technik.fhnw.ch/solarradio/data/2002-20yy_Callisto/2024/04/07/MEXART_20240407_150000_59.fit.gz,train,190.0,3600.0
315,7587,7336,FITfiles/2024-09-23/UMICH_20240923_134500_59.fit,2024-09-23 13:45:00,0,0,35082.96484375,http://soleil80.cs.technik.fhnw.ch/solarradio/data/2002-20yy_Callisto/2024/09/23/USA-BOSTON_20240923_174500_63.fit.gz,train,190.0,3600.0
316,6941,8468,FITfiles/2024-09-10/UMICH_20240910_094500_59.fit,2024-09-10 09:45:00,0,0,10116.990234375,http://soleil80.cs.technik.fhnw.ch/solarradio/data/2002-20yy_Callisto/2024/09/10/USA-BOSTON_20240910_134500_63.fit.gz,train,190.0,3600.0
317,3977,4011,FITfiles/2024-06-24/UMICH_20240624_191500_59.fit,2024-06-24 19:15:00,0,0,10574.36328125,http://soleil80.cs.technik.fhnw.ch/solarradio/data/2002-20yy_Callisto/2024/06/24/MEXART_20240624_231500_59.fit.gz,train,190.0,3600.0
318,4813,4983,FITfiles/2024-07-15/Beelink1_20240715_191500_59.fit,2024-07-15 19:15:00,0,0,10028.966796875,http://soleil80.cs.technik.fhnw.ch/solarradio/data/2002-20yy_Callisto/2024/07/15/USA-BOSTON_20240715_231500_63.fit.gz,train,190.0,3600.0
319,9680,1289,FITfiles/2024-11-12/Beelink1_20241112_103000_59.fit,2024-11-12 10:30:00,0,0,34355.03125,http://soleil80.cs.technik.fhnw.ch/solarradio/data/2002-20yy_Callisto/2024/11/12/GREENLAND_20241112_153000_63.fit.gz,valid,190.0,3600.0
320,3463,5492,FITfiles/2024-06-16/UMICH_20240616_070000_59.fit,2024-06-16 07:00:00,0,0,11225.6083984375,http://soleil80.cs.technik.fhnw.ch/solarradio/data/2002-20yy_Callisto/2024/06/16/USA-BOSTON_20240616_110000_63.fit.gz,train,190.0,3600.0
321,5886,4343,FITfiles/2024-08-03/Beelink1_20240803_101500_59.fit,2024-08-03 10:15:00,0,0,10073.4423828125,http://soleil80.cs.technik.fhnw.ch/solarradio/data/2002-20yy_Callisto/2024/08/03/MEXICO-LANCE-B_20240803_141500_62.fit.gz,train,190.0,3600.0
322,1239,3353,FITfiles/2024-04-22/Beelink1_20240422_201500_59.fit,2024-04-22 20:15:00,0,0,22358.720703125,http://soleil80.cs.technik.fhnw.ch/solarradio/data/2002-20yy_Callisto/2024/04/23/ALASKA-HAARP_20240423_001500_63.fit.gz,train,190.0,3590.0
323,1104,8328,FITfiles/2024-04-20/Beelink1_20240420_153000_59.fit,2024-04-20 15:30:00,0,0,22486.267578125,http://soleil80.cs.technik.fhnw.ch/solarradio/data/2002-20yy_Callisto/2024/04/20/MEXICO-LANCE-B_20240420_193000_62.fit.gz,train,190.0,3600.0
324,6959,7316,FITfiles/2024-09-10/UMICH_20240910_141500_59.fit,2024-09-10 14:15:00,0,0,10048.552734375,http://soleil80.cs.technik.fhnw.ch/solarradio/data/2002-20yy_Callisto/2024/09/10/USA-BOSTON_20240910_181500_63.fit.gz,train,190.0,3593.0
325,4610,5729,FITfiles/2024-07-06/Beelink1_20240706_124500_59.fit,2024-07-06 12:45:00,0,0,10116.3720703125,http://soleil80.cs.technik.fhnw.ch/solarradio/data/2002-20yy_Callisto/2024/07/06/USA-BOSTON_20240706_164500_01.fit.gz,train,190.0,3600.0
326,1780,1875,FITfiles/2024-05-15/Beelink1_20240515_121459_59.fit,2024-05-15 12:14:59,0,0,10851.716796875,http://soleil80.cs.technik.fhnw.ch/solarradio/data/2002-20yy_Callisto/2024/05/15/MEXICO-LANCE-B_20240515_161459_62.fit.gz,train,190.0,3594.0
327,7440,1089,FITfiles/2024-09-20/UMICH_20240920_154500_59.fit,2024-09-20 15:45:00,0,0,10621.8857421875,http://soleil80.cs.technik.fhnw.ch/solarradio/data/2002-20yy_Callisto/2024/09/20/MEXICO-LANCE-B_20240920_194500_62.fit.gz,test,190.0,3600.0
328,4623,5728,FITfiles/2024-07-06/Beelink1_20240706_160000_59.fit,2024-07-06 16:00:00,0,0,9993.8779296875,http://soleil80.cs.technik.fhnw.ch/solarradio/data/2002-20yy_Callisto/2024/07/06/MEXICO-LANCE-B_20240706_200000_62.fit.gz,train,190.0,3600.0
329,5967,2911,FITfiles/2024-08-04/Beelink1_20240804_160000_59.fit,2024-08-04 16:00:00,0,0,9932.947265625,http://soleil80.cs.technik.fhnw.ch/solarradio/data/2002-20yy_Callisto/2024/08/04/MEXICO-LANCE-B_20240804_200000_62.fit.gz,valid,190.0,3600.0
330,5597,6703,FITfiles/2024-07-29/Beelink1_20240729_103000_59.fit,2024-07-29 10:30:00,0,0,10041.830078125,http://soleil80.cs.technik.fhnw.ch/solarradio/data/2002-20yy_Callisto/2024/07/29/MEXART_20240729_143000_59.fit.gz,train,190.0,3600.0
331,4071,2798,FITfiles/2024-06-26/UMICH_20240626_134500_59.fit,2024-06-26 13:45:00,0,0,10758.6806640625,http://soleil80.cs.technik.fhnw.ch/solarradio/data/2002-20yy_Callisto/2024/06/26/MEXART_20240626_174500_59.fit.gz,valid,190.0,3600.0
332,1855,2275,FITfiles/2024-05-19/UMICH_20240519_100000_59.fit,2024-05-19 10:00:00,0,0,10848.0048828125,http://soleil80.cs.technik.fhnw.ch/solarradio/data/2002-20yy_Callisto/2024/05/19/USA-BOSTON_20240519_140000_63.fit.gz,train,190.0,3600.0
333,2898,4930,FITfiles/2024-06-06/UMICH_20240606_102959_59.fit,2024-06-06 10:29:59,0,0,10816.87109375,http://soleil80.cs.technik.fhnw.ch/solarradio/data/2002-20yy_Callisto/2024/06/06/MEXICO-LANCE-B_20240606_142959_62.fit.gz,test,190.0,3600.0
334,3116,1784,FITfiles/2024-06-10/UMICH_20240610_071500_59.fit,2024-06-10 07:15:00,0,0,10882.6015625,http://soleil80.cs.technik.fhnw.ch/solarradio/data/2002-20yy_Callisto/2024/06/10/USA-BOSTON_20240610_111500_01.fit.gz,valid,190.0,3600.0
335,7169,1613,FITfiles/2024-09-15/UMICH_20240915_203000_59.fit,2024-09-15 20:30:00,0,0,11179.072265625,http://soleil80.cs.technik.fhnw.ch/solarradio/data/2002-20yy_Callisto/2024/09/16/MEXART_20240916_003000_59.fit.gz,valid,190.0,3600.0
336,29,2395,FITfiles/2024-03-09/Beelink1_20240309_122000_01.fit,2024-03-09 12:20:00,0,0,13601.7646484375,http://soleil80.cs.technik.fhnw.ch/solarradio/data/2002-20yy_Callisto/2024/03/09/MEXART_20240309_171500_59.fit.gz,valid,190.0,271.0
337,3730,3438,FITfiles/2024-06-20/UMICH_20240620_153000_59.fit,2024-06-20 15:30:00,0,0,10333.609375,http://soleil80.cs.technik.fhnw.ch/solarradio/data/2002-20yy_Callisto/2024/06/20/MEXICO-LANCE-A_20240620_193000_63.fit.gz,valid,190.0,3600.0
338,8143,7080,FITfiles/2024-10-03/UMICH_20241003_074500_59.fit,2024-10-03 07:45:00,0,0,36246.69140625,http://soleil80.cs.technik.fhnw.ch/solarradio/data/2002-20yy_Callisto/2024/10/03/GREENLAND_20241003_114500_63.fit.gz,valid,190.0,3600.0
339,4787,5015,FITfiles/2024-07-15/Beelink1_20240715_124500_59.fit,2024-07-15 12:45:00,0,0,10032.6591796875,http://soleil80.cs.technik.fhnw.ch/solarradio/data/2002-20yy_Callisto/2024/07/15/ALASKA-HAARP_20240715_164500_63.fit.gz,train,190.0,3600.0
340,8749,9661,FITfiles/2024-10-27/Beelink1_20241027_084500_59.fit,2024-10-27 08:45:00,0,0,36447.44921875,http://soleil80.cs.technik.fhnw.ch/solarradio/data/2002-20yy_Callisto/2024/10/27/USA-BOSTON_20241027_124500_63.fit.gz,valid,190.0,3600.0
341,4493,6474,FITfiles/2024-07-04/Beelink1_20240704_123000_59.fit,2024-07-04 12:30:00,0,0,10076.513671875,http://soleil80.cs.technik.fhnw.ch/solarradio/data/2002-20yy_Callisto/2024/07/04/USA-BOSTON_20240704_163000_01.fit.gz,valid,190.0,3600.0
342,80,3753,FITfiles/2024-03-10/Beelink1_20240310_094500_59.fit,2024-03-10 09:45:00,0,0,11826.927734375,http://soleil80.cs.technik.fhnw.ch/solarradio/data/2002-20yy_Callisto/2024/03/10/MEXICO-LANCE-B_20240310_134500_62.fit.gz,valid,190.0,3600.0
343,1200,3410,FITfiles/2024-04-22/Beelink1_20240422_103000_59.fit,2024-04-22 10:30:00,0,0,22321.083984375,http://soleil80.cs.technik.fhnw.ch/solarradio/data/2002-20yy_Callisto/2024/04/22/USA-BOSTON_20240422_143000_63.fit.gz,test,190.0,3600.0
344,3786,2154,FITfiles/2024-06-21/UMICH_20240621_150000_59.fit,2024-06-21 15:00:00,0,0,10293.4169921875,http://soleil80.cs.technik.fhnw.ch/solarradio/data/2002-20yy_Callisto/2024/06/21/MEXICO-LANCE-A_20240621_190000_63.fit.gz,valid,190.0,3600.0
345,797,4432,FITfiles/2024-04-15/Beelink1_20240415_111500_59.fit,2024-04-15 11:15:00,0,0,22278.8984375,http://soleil80.cs.technik.fhnw.ch/solarradio/data/2002-20yy_Callisto/2024/04/15/ALASKA-HAARP_20240415_151500_63.fit.gz,train,190.0,3600.0
346,9517,278,FITfiles/2024-11-09/Beelink1_20241109_121500_59.fit,2024-11-09 12:15:00,0,0,37165.9140625,http://soleil80.cs.technik.fhnw.ch/solarradio/data/2002-20yy_Callisto/2024/11/09/GREENLAND_20241109_171500_63.fit.gz,train,190.0,3590.0
347,106,3721,FITfiles/2024-03-10/Beelink1_20240310_160000_59.fit,2024-03-10 16:00:00,0,0,11645.1103515625,http://soleil80.cs.technik.fhnw.ch/solarradio/data/2002-20yy_Callisto/2024/03/10/MEXICO-LANCE-B_20240310_200000_62.fit.gz,train,190.0,3600.0
348,796,4436,FITfiles/2024-04-15/Beelink1_20240415_110000_59.fit,2024-04-15 11:00:00,0,0,22294.0234375,http://soleil80.cs.technik.fhnw.ch/solarradio/data/2002-20yy_Callisto/2024/04/15/ALASKA-HAARP_20240415_150000_63.fit.gz,train,190.0,3600.0
349,1544,7745,FITfiles/2024-04-28/Beelink1_20240428_093000_59.fit,2024-04-28 09:30:00,0,0,22526.1640625,http://soleil80.cs.technik.fhnw.ch/solarradio/data/2002-20yy_Callisto/2024/04/28/USA-BOSTON_20240428_133000_63.fit.gz,test,190.0,3600.0
350,3683,8089,FITfiles/2024-06-19/UMICH_20240619_183000_59(1).fit,2024-06-19 18:30:00,0,0,10398.2275390625,http://soleil80.cs.technik.fhnw.ch/solarradio/data/2002-20yy_Callisto/2024/06/19/USA-BOSTON_20240619_223000_63.fit.gz,valid,190.0,3600.0
351,3113,1780,FITfiles/2024-06-10/UMICH_20240610_063000_59.fit,2024-06-10 06:30:00,0,0,10902.0810546875,http://soleil80.cs.technik.fhnw.ch/solarradio/data/2002-20yy_Callisto/2024/06/10/USA-BOSTON_20240610_103000_63.fit.gz,train,190.0,3600.0
352,3036,2088,FITfiles/2024-06-08/UMICH_20240608_161500_59.fit,2024-06-08 16:15:00,0,0,10740.41796875,http://soleil80.cs.technik.fhnw.ch/solarradio/data/2002-20yy_Callisto/2024/06/08/MEXICO-LANCE-B_20240608_201500_62.fit.gz,train,190.0,3593.0
353,626,5546,FITfiles/2024-04-09/Beelink1_20240409_171500_59.fit,2024-04-09 17:15:00,0,0,21563.9296875,http://soleil80.cs.technik.fhnw.ch/solarradio/data/2002-20yy_Callisto/2024/04/09/MEXICO-LANCE-A_20240409_211500_63.fit.gz,train,190.0,3600.0
354,6010,4143,FITfiles/2024-08-05/Beelink1_20240805_121459_59.fit,2024-08-05 12:14:59,0,0,10056.255859375,http://soleil80.cs.technik.fhnw.ch/solarradio/data/2002-20yy_Callisto/2024/08/05/MEXICO-LANCE-B_20240805_161459_62.fit.gz,valid,190.0,3595.0
355,8072,7397,FITfiles/2024-10-01/UMICH_20241001_190000_59.fit,2024-10-01 19:00:00,0,0,36281.46875,http://soleil80.cs.technik.fhnw.ch/solarradio/data/2002-20yy_Callisto/2024/10/01/ALASKA-HAARP_20241001_230000_63.fit.gz,train,190.0,3600.0
356,0,7264,FITfiles/2024-01-20/Beelink1_20240120_121507_01.fit,2024-01-20 12:15:07,0,0,21620.0390625,http://soleil80.cs.technik.fhnw.ch/solarradio/data/2002-20yy_Callisto/2024/01/20/MEXART_20240120_171500_59.fit.gz,train,190.0,3600.0
357,8209,8262,FITfiles/2024-10-04/UMICH_20241004_094500_59.fit,2024-10-04 09:45:00,0,0,36428.71875,http://soleil80.cs.technik.fhnw.ch/solarradio/data/2002-20yy_Callisto/2024/10/04/USA-BOSTON_20241004_134500_63.fit.gz,train,190.0,3600.0
358,1477,5649,FITfiles/2024-04-27/Beelink1_20240427_071500_59.fit,2024-04-27 07:15:00,0,0,22356.767578125,http://soleil80.cs.technik.fhnw.ch/solarradio/data/2002-20yy_Callisto/2024/04/27/USA-BOSTON_20240427_111500_01.fit.gz,train,190.0,3600.0
359,266,2661,FITfiles/2024-03-29/Beelink1_20240329_164801_01.fit,2024-03-29 16:48:01,0,0,11193.1884765625,http://soleil80.cs.technik.fhnw.ch/solarradio/data/2002-20yy_Callisto/2024/03/29/MEXICO-LANCE-A_20240329_204500_63.fit.gz,train,190.0,3600.0
360,1087,8352,FITfiles/2024-04-20/Beelink1_20240420_111500_59.fit,2024-04-20 11:15:00,0,0,22512.478515625,http://soleil80.cs.technik.fhnw.ch/solarradio/data/2002-20yy_Callisto/2024/04/20/USA-BOSTON_20240420_151500_63.fit.gz,test,190.0,3600.0
362,1624,5921,FITfiles/2024-04-29/Beelink1_20240429_150000_59.fit,2024-04-29 15:00:00,0,0,21934.408203125,http://soleil80.cs.technik.fhnw.ch/solarradio/data/2002-20yy_Callisto/2024/04/29/MEXICO-LANCE-B_20240429_190000_62.fit.gz,valid,190.0,3600.0
363,2673,7161,FITfiles/2024-06-02/UMICH_20240602_121459_59.fit,2024-06-02 12:14:59,0,0,10751.123046875,http://soleil80.cs.technik.fhnw.ch/solarradio/data/2002-20yy_Callisto/2024/06/02/MEXICO-LANCE-B_20240602_161459_62.fit.gz,train,190.0,3595.0
364,4374,8213,FITfiles/2024-07-02/UMICH_20240702_121459_59.fit,2024-07-02 12:14:59,0,0,10508.1435546875,http://soleil80.cs.technik.fhnw.ch/solarradio/data/2002-20yy_Callisto/2024/07/02/MEXICO-LANCE-B_20240702_161459_62.fit.gz,train,190.0,1108.0
365,2128,1783,FITfiles/2024-05-23/UMICH_20240523_201500_59.fit,2024-05-23 20:15:00,0,0,10782.6474609375,http://soleil80.cs.technik.fhnw.ch/solarradio/data/2002-20yy_Callisto/2024/05/24/MEXART_20240524_001500_59.fit.gz,train,190.0,3593.0
366,2177,6147,FITfiles/2024-05-24/UMICH_20240524_180000_59.fit,2024-05-24 18:00:00,0,0,10521.2880859375,http://soleil80.cs.technik.fhnw.ch/solarradio/data/2002-20yy_Callisto/2024/05/24/USA-BOSTON_20240524_220000_63.fit.gz,train,190.0,3600.0
367,4362,8176,FITfiles/2024-07-02/UMICH_20240702_091500_59.fit,2024-07-02 09:15:00,0,0,10888.46484375,http://soleil80.cs.technik.fhnw.ch/solarradio/data/2002-20yy_Callisto/2024/07/02/MEXICO-LANCE-B_20240702_131500_62.fit.gz,train,190.0,3600.0
368,3957,4021,FITfiles/2024-06-24/UMICH_20240624_141500_59.fit,2024-06-24 14:15:00,0,0,10361.1240234375,http://soleil80.cs.technik.fhnw.ch/solarradio/data/2002-20yy_Callisto/2024/06/24/USA-BOSTON_20240624_181500_63.fit.gz,train,190.0,3592.0
369,2211,3198,FITfiles/2024-05-25/UMICH_20240525_115959_59.fit,2024-05-25 11:59:59,0,0,10758.8720703125,http://soleil80.cs.technik.fhnw.ch/solarradio/data/2002-20yy_Callisto/2024/05/25/MEXICO-LANCE-B_20240525_155959_62.fit.gz,valid,190.0,3600.0
370,5356,6564,FITfiles/2024-07-25/Beelink1_20240725_081500_59.fit,2024-07-25 08:15:00,0,0,10108.9091796875,http://soleil80.cs.technik.fhnw.ch/solarradio/data/2002-20yy_Callisto/2024/07/25/MEXICO-LANCE-B_20240725_121500_62.fit.gz,test,190.0,3593.0
371,1261,3798,FITfiles/2024-04-23/Beelink1_20240423_111500_59.fit,2024-04-23 11:15:00,0,0,22322.740234375,http://soleil80.cs.technik.fhnw.ch/solarradio/data/2002-20yy_Callisto/2024/04/23/USA-BOSTON_20240423_151500_63.fit.gz,train,190.0,3600.0
372,6790,8980,FITfiles/2024-09-07/UMICH_20240907_153000_59.fit,2024-09-07 15:30:00,0,0,10130.2529296875,http://soleil80.cs.technik.fhnw.ch/solarradio/data/2002-20yy_Callisto/2024/09/07/MEXICO-LANCE-B_20240907_193000_62.fit.gz,train,190.0,3600.0
373,639,5513,FITfiles/2024-04-09/Beelink1_20240409_203000_59.fit,2024-04-09 20:30:00,0,0,22180.169921875,http://soleil80.cs.technik.fhnw.ch/solarradio/data/2002-20yy_Callisto/2024/04/10/ALASKA-HAARP_20240410_003000_63.fit.gz,train,190.0,3600.0
374,6269,7643,FITfiles/2024-08-09/Beelink1_20240809_190000_59.fit,2024-08-09 19:00:00,0,0,10049.6044921875,http://soleil80.cs.technik.fhnw.ch/solarradio/data/2002-20yy_Callisto/2024/08/09/MEXART_20240809_230000_59.fit.gz,test,190.0,3600.0
375,2813,8036,FITfiles/2024-06-04/UMICH_20240604_181500_59.fit,2024-06-04 18:15:00,0,0,10546.4345703125,http://soleil80.cs.technik.fhnw.ch/solarradio/data/2002-20yy_Callisto/2024/06/04/USA-BOSTON_20240604_221500_63.fit.gz,test,190.0,3593.0
376,3956,4031,FITfiles/2024-06-24/UMICH_20240624_140000_59.fit,2024-06-24 14:00:00,0,0,10371.833984375,http://soleil80.cs.technik.fhnw.ch/solarradio/data/2002-20yy_Callisto/2024/06/24/USA-BOSTON_20240624_180000_01.fit.gz,valid,190.0,3600.0
377,1420,6639,FITfiles/2024-04-26/Beelink1_20240426_073000_59.fit,2024-04-26 07:30:00,0,0,23116.72265625,http://soleil80.cs.technik.fhnw.ch/solarradio/data/2002-20yy_Callisto/2024/04/26/USA-BOSTON_20240426_113000_01.fit.gz,train,190.0,3600.0
378,6316,9143,FITfiles/2024-08-10/Beelink1_20240810_161500_59.fit,2024-08-10 16:15:00,0,0,9952.1220703125,http://soleil80.cs.technik.fhnw.ch/solarradio/data/2002-20yy_Callisto/2024/08/10/MEXICO-LANCE-B_20240810_201500_62.fit.gz,valid,190.0,3593.0
379,4119,7827,FITfiles/2024-06-27/UMICH_20240627_111459_59.fit,2024-06-27 11:14:59,0,0,10782.7705078125,http://soleil80.cs.technik.fhnw.ch/solarradio/data/2002-20yy_Callisto/2024/06/27/MEXICO-LANCE-B_20240627_151459_62.fit.gz,test,190.0,3600.0
380,4134,7582,FITfiles/2024-06-27/UMICH_20240627_150000_59.fit,2024-06-27 15:00:00,0,0,10322.8779296875,http://soleil80.cs.technik.fhnw.ch/solarradio/data/2002-20yy_Callisto/2024/06/27/MEXICO-LANCE-B_20240627_190000_62.fit.gz,train,190.0,3600.0
381,5237,8649,FITfiles/2024-07-23/Beelink1_20240723_073000_59.fit,2024-07-23 07:30:00,0,0,10128.4951171875,http://soleil80.cs.technik.fhnw.ch/solarradio/data/2002-20yy_Callisto/2024/07/23/USA-BOSTON_20240723_113000_01.fit.gz,test,190.0,3600.0
382,1138,2347,FITfiles/2024-04-21/Beelink1_20240421_093000_59.fit,2024-04-21 09:30:00,0,0,22500.69140625,http://soleil80.cs.technik.fhnw.ch/solarradio/data/2002-20yy_Callisto/2024/04/21/MEXICO-LANCE-B_20240421_133000_62.fit.gz,train,190.0,3600.0
383,4882,5998,FITfiles/2024-07-17/Beelink1_20240717_073000_59.fit,2024-07-17 07:30:00,0,0,10129.380859375,http://soleil80.cs.technik.fhnw.ch/solarradio/data/2002-20yy_Callisto/2024/07/17/USA-BOSTON_20240717_113000_01.fit.gz,test,190.0,3600.0
384,569,6219,FITfiles/2024-04-08/Beelink1_20240408_173000_59.fit,2024-04-08 17:30:00,0,0,21751.3046875,http://soleil80.cs.technik.fhnw.ch/solarradio/data/2002-20yy_Callisto/2024/04/08/ALASKA-HAARP_20240408_213000_63.fit.gz,train,190.0,3600.0
385,1808,4589,FITfiles/2024-05-18/UMICH_20240518_124500_59.fit,2024-05-18 12:45:00,0,0,10699.9560546875,http://soleil80.cs.technik.fhnw.ch/solarradio/data/2002-20yy_Callisto/2024/05/18/USA-BOSTON_20240518_164500_01.fit.gz,train,190.0,3600.0
386,7744,8785,FITfiles/2024-09-26/UMICH_20240926_093000_59.fit,2024-09-26 09:30:00,0,0,37988.1171875,http://soleil80.cs.technik.fhnw.ch/solarradio/data/2002-20yy_Callisto/2024/09/26/MEXICO-LANCE-B_20240926_133000_62.fit.gz,valid,190.0,3600.0
387,1785,1870,FITfiles/2024-05-15/Beelink1_20240515_133000_59.fit,2024-05-15 13:30:00,0,0,10553.978515625,http://soleil80.cs.technik.fhnw.ch/solarradio/data/2002-20yy_Callisto/2024/05/15/MEXART_20240515_173000_59.fit.gz,train,190.0,3600.0
388,5479,2615,FITfiles/2024-07-27/Beelink1_20240727_100000_59.fit,2024-07-27 10:00:00,0,0,10101.3896484375,http://soleil80.cs.technik.fhnw.ch/solarradio/data/2002-20yy_Callisto/2024/07/27/MEXICO-LANCE-A_20240727_140000_63.fit.gz,valid,190.0,3600.0
389,1387,6317,FITfiles/2024-04-25/Beelink1_20240425_134500_59.fit,2024-04-25 13:45:00,0,0,22177.3671875,http://soleil80.cs.technik.fhnw.ch/solarradio/data/2002-20yy_Callisto/2024/04/25/USA-BOSTON_20240425_174500_63.fit.gz,train,190.0,3600.0
390,4435,8742,FITfiles/2024-07-03/Beelink1_20240703_123000_59.fit,2024-07-03 12:30:00,0,0,10089.4423828125,http://soleil80.cs.technik.fhnw.ch/solarradio/data/2002-20yy_Callisto/2024/07/03/USA-BOSTON_20240703_163000_01.fit.gz,test,190.0,3600.0
391,5903,4761,FITfiles/2024-08-03/Beelink1_20240803_143000_59.fit,2024-08-03 14:30:00,0,0,9940.9853515625,http://soleil80.cs.technik.fhnw.ch/solarradio/data/2002-20yy_Callisto/2024/08/03/MEXICO-LANCE-B_20240803_183000_62.fit.gz,test,190.0,3600.0
392,4015,4611,FITfiles/2024-06-25/UMICH_20240625_141500_59.fit,2024-06-25 14:15:00,0,0,10445.1025390625,http://soleil80.cs.technik.fhnw.ch/solarradio/data/2002-20yy_Callisto/2024/06/25/MEXART_20240625_181500_59.fit.gz,train,190.0,3593.0
393,4808,4988,FITfiles/2024-07-15/Beelink1_20240715_180000_59.fit,2024-07-15 18:00:00,0,0,9985.78515625,http://soleil80.cs.technik.fhnw.ch/solarradio/data/2002-20yy_Callisto/2024/07/15/USA-BOSTON_20240715_220000_63.fit.gz,valid,190.0,3600.0
394,8121,7287,FITfiles/2024-10-02/UMICH_20241002_164500_59.fit,2024-10-02 16:45:00,0,0,31299.3984375,http://soleil80.cs.technik.fhnw.ch/solarradio/data/2002-20yy_Callisto/2024/10/02/ALASKA-HAARP_20241002_204500_63.fit.gz,valid,190.0,3600.0
395,1531,5597,FITfiles/2024-04-27/Beelink1_20240427_204500_59.fit,2024-04-27 20:45:00,0,0,22055.517578125,http://soleil80.cs.technik.fhnw.ch/solarradio/data/2002-20yy_Callisto/2024/04/28/ALASKA-HAARP_20240428_004500_63.fit.gz,train,190.0,3590.0
396,1077,8362,FITfiles/2024-04-20/Beelink1_20240420_084500_59.fit,2024-04-20 08:45:00,0,0,22515.392578125,http://soleil80.cs.technik.fhnw.ch/solarradio/data/2002-20yy_Callisto/2024/04/20/MEXICO-LANCE-B_20240420_124500_62.fit.gz,valid,190.0,3600.0
397,1806,4593,FITfiles/2024-05-18/UMICH_20240518_122241_01.fit,2024-05-18 12:22:41,0,0,10808.0263671875,http://soleil80.cs.technik.fhnw.ch/solarradio/data/2002-20yy_Callisto/2024/05/18/USA-BOSTON_20240518_163000_01.fit.gz,test,190.0,1747.0
398,9020,586,FITfiles/2024-10-31/Beelink1_20241031_183000_59.fit,2024-10-31 18:30:00,0,0,36862.5234375,http://soleil80.cs.technik.fhnw.ch/solarradio/data/2002-20yy_Callisto/2024/10/31/GREENLAND_20241031_223000_63.fit.gz,train,190.0,3600.0
399,305,3285,FITfiles/2024-03-30/Beelink1_20240330_115959_59.fit,2024-03-30 11:59:59,0,0,11673.0029296875,http://soleil80.cs.technik.fhnw.ch/solarradio/data/2002-20yy_Callisto/2024/03/30/MEXICO-LANCE-B_20240330_155959_62.fit.gz,train,190.0,3600.0
400,2976,7215,FITfiles/2024-06-07/UMICH_20240607_153000_59.fit,2024-06-07 15:30:00,0,0,10702.6806640625,http://soleil80.cs.technik.fhnw.ch/solarradio/data/2002-20yy_Callisto/2024/06/07/MEXICO-LANCE-B_20240607_193000_62.fit.gz,valid,190.0,3600.0
401,9692,1328,FITfiles/2024-11-12/Beelink1_20241112_133000_59.fit,2024-11-12 13:30:00,0,0,33569.26171875,http://soleil80.cs.technik.fhnw.ch/solarradio/data/2002-20yy_Callisto/2024/11/12/GREENLAND_20241112_183000_63.fit.gz,test,190.0,3600.0
402,5440,8674,FITfiles/2024-07-26/Beelink1_20240726_144500_59.fit,2024-07-26 14:45:00,0,0,9945.8720703125,http://soleil80.cs.technik.fhnw.ch/solarradio/data/2002-20yy_Callisto/2024/07/26/MEXICO-LANCE-B_20240726_184500_62.fit.gz,train,190.0,3600.0
403,8845,594,FITfiles/2024-10-28/Beelink1_20241028_181500_59.fit,2024-10-28 18:15:00,0,0,37650.2890625,http://soleil80.cs.technik.fhnw.ch/solarradio/data/2002-20yy_Callisto/2024/10/28/GREENLAND_20241028_221500_63.fit.gz,train,190.0,3590.0
404,2367,6764,FITfiles/2024-05-28/UMICH_20240528_073000_59.fit,2024-05-28 07:30:00,0,0,10933.90234375,http://soleil80.cs.technik.fhnw.ch/solarradio/data/2002-20yy_Callisto/2024/05/28/USA-BOSTON_20240528_113000_63.fit.gz,train,190.0,3600.0
405,6202,4962,FITfiles/2024-08-08/Beelink1_20240808_164500_59.fit,2024-08-08 16:45:00,0,0,9927.7236328125,http://soleil80.cs.technik.fhnw.ch/solarradio/data/2002-20yy_Callisto/2024/08/08/MEXICO-LANCE-A_20240808_204500_63.fit.gz,train,190.0,3600.0
406,6322,9141,FITfiles/2024-08-10/Beelink1_20240810_174500_59.fit,2024-08-10 17:45:00,0,0,10001.6787109375,http://soleil80.cs.technik.fhnw.ch/solarradio/data/2002-20yy_Callisto/2024/08/10/MEXART_20240810_214500_59.fit.gz,train,190.0,3600.0
407,4321,2482,FITfiles/2024-07-01/UMICH_20240701_133000_59.fit,2024-07-01 13:30:00,0,0,10395.54296875,http://soleil80.cs.technik.fhnw.ch/solarradio/data/2002-20yy_Callisto/2024/07/01/USA-BOSTON_20240701_173000_01.fit.gz,valid,190.0,3600.0
408,4654,4336,FITfiles/2024-07-07/Beelink1_20240707_091500_59.fit,2024-07-07 09:15:00,0,0,10131.4365234375,http://soleil80.cs.technik.fhnw.ch/solarradio/data/2002-20yy_Callisto/2024/07/07/MEXICO-LANCE-B_20240707_131500_62.fit.gz,train,190.0,3600.0
409,1421,6634,FITfiles/2024-04-26/Beelink1_20240426_074500_59.fit,2024-04-26 07:45:00,0,0,22982.04296875,http://soleil80.cs.technik.fhnw.ch/solarradio/data/2002-20yy_Callisto/2024/04/26/USA-BOSTON_20240426_114500_63.fit.gz,test,190.0,3600.0
410,4359,8186,FITfiles/2024-07-02/UMICH_20240702_083000_59.fit,2024-07-02 08:30:00,0,0,11154.80078125,http://soleil80.cs.technik.fhnw.ch/solarradio/data/2002-20yy_Callisto/2024/07/02/MEXICO-LANCE-B_20240702_123000_62.fit.gz,train,190.0,3600.0
411,4047,2824,FITfiles/2024-06-26/UMICH_20240626_074500_59.fit,2024-06-26 07:45:00,0,0,10895.0048828125,http://soleil80.cs.technik.fhnw.ch/solarradio/data/2002-20yy_Callisto/2024/06/26/USA-BOSTON_20240626_114500_01.fit.gz,valid,190.0,3600.0
412,8166,7099,FITfiles/2024-10-03/UMICH_20241003_133000_59.fit,2024-10-03 13:30:00,0,0,34547.87109375,http://soleil80.cs.technik.fhnw.ch/solarradio/data/2002-20yy_Callisto/2024/10/03/ALASKA-HAARP_20241003_173000_63.fit.gz,train,190.0,3600.0
413,2911,4908,FITfiles/2024-06-06/UMICH_20240606_134500_59.fit,2024-06-06 13:45:00,0,0,10458.0537109375,http://soleil80.cs.technik.fhnw.ch/solarradio/data/2002-20yy_Callisto/2024/06/06/USA-BOSTON_20240606_174500_01.fit.gz,train,190.0,3600.0
414,6860,8996,FITfiles/2024-09-08/UMICH_20240908_183000_59.fit,2024-09-08 18:30:00,0,0,10103.009765625,http://soleil80.cs.technik.fhnw.ch/solarradio/data/2002-20yy_Callisto/2024/09/08/USA-BOSTON_20240908_223000_63.fit.gz,test,190.0,3600.0
415,6404,9314,FITfiles/2024-08-12/Beelink1_20240812_091500_59.fit,2024-08-12 09:15:00,0,0,10110.431640625,http://soleil80.cs.technik.fhnw.ch/solarradio/data/2002-20yy_Callisto/2024/08/12/MEXICO-LANCE-B_20240812_131500_62.fit.gz,train,190.0,3600.0
416,8331,1029,FITfiles/2024-10-06/UMICH_20241006_111500_59.fit,2024-10-06 11:15:00,0,0,34508.1953125,http://soleil80.cs.technik.fhnw.ch/solarradio/data/2002-20yy_Callisto/2024/10/06/USA-BOSTON_20241006_151500_63.fit.gz,train,190.0,3600.0
417,4037,4597,FITfiles/2024-06-25/UMICH_20240625_194500_59.fit,2024-06-25 19:45:00,0,0,10658.6162109375,http://soleil80.cs.technik.fhnw.ch/solarradio/data/2002-20yy_Callisto/2024/06/25/MEXART_20240625_234500_59.fit.gz,test,190.0,3600.0
418,2549,8560,FITfiles/2024-05-31/UMICH_20240531_091500_59.fit,2024-05-31 09:15:00,0,0,11643.525390625,http://soleil80.cs.technik.fhnw.ch/solarradio/data/2002-20yy_Callisto/2024/05/31/MEXICO-LANCE-B_20240531_131500_62.fit.gz,test,190.0,3600.0
419,9528,279,FITfiles/2024-11-09/Beelink1_20241109_150000_59.fit,2024-11-09 15:00:00,0,0,36533.63671875,http://soleil80.cs.technik.fhnw.ch/solarradio/data/2002-20yy_Callisto/2024/11/09/GREENLAND_20241109_200000_63.fit.gz,train,190.0,3600.0
420,369,4360,FITfiles/2024-04-05/Beelink1_20240405_103000_59.fit,2024-04-05 10:30:00,0,0,11549.322265625,http://soleil80.cs.technik.fhnw.ch/solarradio/data/2002-20yy_Callisto/2024/04/05/MEXICO-LANCE-B_20240405_143000_62.fit.gz,train,190.0,3600.0
421,3233,8912,FITfiles/2024-06-12/UMICH_20240612_073000_59.fit,2024-06-12 07:30:00,0,0,11566.2919921875,http://soleil80.cs.technik.fhnw.ch/solarradio/data/2002-20yy_Callisto/2024/06/12/USA-BOSTON_20240612_113000_01.fit.gz,train,190.0,3600.0
422,4995,3003,FITfiles/2024-07-19/Beelink1_20240719_064500_59.fit,2024-07-19 06:45:00,0,0,10137.603515625,http://soleil80.cs.technik.fhnw.ch/solarradio/data/2002-20yy_Callisto/2024/07/19/USA-BOSTON_20240719_104500_63.fit.gz,train,190.0,3600.0
423,6403,9301,FITfiles/2024-08-12/Beelink1_20240812_090000_59.fit,2024-08-12 09:00:00,0,0,10108.638671875,http://soleil80.cs.technik.fhnw.ch/solarradio/data/2002-20yy_Callisto/2024/08/12/MEXICO-LANCE-B_20240812_130000_62.fit.gz,valid,190.0,3600.0
424,1671,6797,FITfiles/2024-04-30/Beelink1_20240430_121500_59.fit,2024-04-30 12:15:00,0,0,22176.5859375,http://soleil80.cs.technik.fhnw.ch/solarradio/data/2002-20yy_Callisto/2024/04/30/USA-BOSTON_20240430_161500_01.fit.gz,train,190.0,3590.0
425,5880,4794,FITfiles/2024-08-03/Beelink1_20240803_084500_59.fit,2024-08-03 08:45:00,0,0,10094.5234375,http://soleil80.cs.technik.fhnw.ch/solarradio/data/2002-20yy_Callisto/2024/08/03/MEXICO-LANCE-B_20240803_124500_62.fit.gz,train,190.0,3600.0
426,8298,5201,FITfiles/2024-10-05/UMICH_20241005_173000_59.fit,2024-10-05 17:30:00,0,0,33993.69921875,http://soleil80.cs.technik.fhnw.ch/solarradio/data/2002-20yy_Callisto/2024/10/05/ALASKA-HAARP_20241005_213000_63.fit.gz,train,190.0,3600.0
427,4242,2436,FITfiles/2024-06-29/UMICH_20240629_130000_59.fit,2024-06-29 13:00:00,0,0,10494.677734375,http://soleil80.cs.technik.fhnw.ch/solarradio/data/2002-20yy_Callisto/2024/06/29/MEXART_20240629_170000_59.fit.gz,test,190.0,3600.0
428,3522,6995,FITfiles/2024-06-17/UMICH_20240617_071500_59.fit,2024-06-17 07:15:00,0,0,11114.60546875,http://soleil80.cs.technik.fhnw.ch/solarradio/data/2002-20yy_Callisto/2024/06/17/USA-BOSTON_20240617_111500_01.fit.gz,test,190.0,3600.0
429,6485,9323,FITfiles/2024-09-02/UMICH_20240902_114459_59.fit,2024-09-02 11:44:59,0,0,10148.421875,http://soleil80.cs.technik.fhnw.ch/solarradio/data/2002-20yy_Callisto/2024/09/02/MEXICO-LANCE-B_20240902_154459_62.fit.gz,train,190.0,3600.0
430,88,3740,FITfiles/2024-03-10/Beelink1_20240310_112959_59.fit,2024-03-10 11:29:59,0,0,11688.970703125,http://soleil80.cs.technik.fhnw.ch/solarradio/data/2002-20yy_Callisto/2024/03/10/MEXICO-LANCE-B_20240310_152959_62.fit.gz,train,190.0,3600.0
431,2678,7160,FITfiles/2024-06-02/UMICH_20240602_133000_59.fit,2024-06-02 13:30:00,0,0,10679.740234375,http://soleil80.cs.technik.fhnw.ch/solarradio/data/2002-20yy_Callisto/2024/06/02/USA-BOSTON_20240602_173000_63.fit.gz,test,190.0,3600.0
432,3419,1954,FITfiles/2024-06-15/UMICH_20240615_102959_59.fit,2024-06-15 10:29:59,0,0,10803.7236328125,http://soleil80.cs.technik.fhnw.ch/solarradio/data/2002-20yy_Callisto/2024/06/15/MEXICO-LANCE-B_20240615_142959_62.fit.gz,train,190.0,3600.0
433,8146,7076,FITfiles/2024-10-03/UMICH_20241003_083000_59.fit,2024-10-03 08:30:00,0,0,36360.49609375,http://soleil80.cs.technik.fhnw.ch/solarradio/data/2002-20yy_Callisto/2024/10/03/GREENLAND_20241003_123000_63.fit.gz,test,190.0,3600.0
434,132,7465,FITfiles/2024-03-11/Beelink1_20240311_080000_59.fit,2024-03-11 08:00:00,0,0,12468.7109375,http://soleil80.cs.technik.fhnw.ch/solarradio/data/2002-20yy_Callisto/2024/03/11/MEXICO-LANCE-B_20240311_120000_62.fit.gz,train,190.0,3600.0
435,4644,4724,FITfiles/2024-07-07/Beelink1_20240707_064500_59.fit,2024-07-07 06:45:00,0,0,10148.216796875,http://soleil80.cs.technik.fhnw.ch/solarradio/data/2002-20yy_Callisto/2024/07/07/USA-BOSTON_20240707_104500_63.fit.gz,train,190.0,3600.0
436,3177,2700,FITfiles/2024-06-11/UMICH_20240611_080000_59.fit,2024-06-11 08:00:00,0,0,11331.5517578125,http://soleil80.cs.technik.fhnw.ch/solarradio/data/2002-20yy_Callisto/2024/06/11/MEXICO-LANCE-B_20240611_120000_62.fit.gz,valid,190.0,3600.0
437,1616,5937,FITfiles/2024-04-29/Beelink1_20240429_130000_59.fit,2024-04-29 13:00:00,0,0,21894.36328125,http://soleil80.cs.technik.fhnw.ch/solarradio/data/2002-20yy_Callisto/2024/04/29/USA-BOSTON_20240429_170000_01.fit.gz,train,190.0,3600.0
438,7969,8418,FITfiles/2024-09-30/UMICH_20240930_074500_59.fit,2024-09-30 07:45:00,0,0,34383.56640625,http://soleil80.cs.technik.fhnw.ch/solarradio/data/2002-20yy_Callisto/2024/09/30/USA-BOSTON_20240930_114500_63.fit.gz,train,190.0,3600.0
439,2290,7922,FITfiles/2024-05-26/UMICH_20240526_171500_59.fit,2024-05-26 17:15:00,0,0,10758.0,http://soleil80.cs.technik.fhnw.ch/solarradio/data/2002-20yy_Callisto/2024/05/26/USA-BOSTON_20240526_211500_63.fit.gz,train,190.0,3600.0
440,459,5388,FITfiles/2024-04-06/Beelink1_20240406_190000_59.fit,2024-04-06 19:00:00,0,0,22205.94921875,http://soleil80.cs.technik.fhnw.ch/solarradio/data/2002-20yy_Callisto/2024/04/06/MEXART_20240406_230000_59.fit.gz,train,190.0,3600.0
441,2979,7207,FITfiles/2024-06-07/UMICH_20240607_161500_59.fit,2024-06-07 16:15:00,0,0,10674.70703125,http://soleil80.cs.technik.fhnw.ch/solarradio/data/2002-20yy_Callisto/2024/06/07/USA-BOSTON_20240607_201500_63.fit.gz,valid,190.0,3592.0
442,5494,2600,FITfiles/2024-07-27/Beelink1_20240727_134500_59.fit,2024-07-27 13:45:00,0,0,9969.1630859375,http://soleil80.cs.technik.fhnw.ch/solarradio/data/2002-20yy_Callisto/2024/07/27/USA-BOSTON_20240727_174500_01.fit.gz,train,190.0,3600.0
443,8283,5170,FITfiles/2024-10-05/UMICH_20241005_134500_59.fit,2024-10-05 13:45:00,0,0,35404.828125,http://soleil80.cs.technik.fhnw.ch/solarradio/data/2002-20yy_Callisto/2024/10/05/ALASKA-HAARP_20241005_174500_63.fit.gz,train,190.0,3600.0
444,4191,2551,FITfiles/2024-06-28/UMICH_20240628_144500_59.fit,2024-06-28 14:45:00,0,0,10651.88671875,http://soleil80.cs.technik.fhnw.ch/solarradio/data/2002-20yy_Callisto/2024/06/28/MEXICO-LANCE-B_20240628_184500_62.fit.gz,test,190.0,3600.0
445,6073,4206,FITfiles/2024-08-06/Beelink1_20240806_133000_59.fit,2024-08-06 13:30:00,0,0,10122.6982421875,http://soleil80.cs.technik.fhnw.ch/solarradio/data/2002-20yy_Callisto/2024/08/06/MEXART_20240806_173000_59.fit.gz,test,190.0,3600.0
446,1679,6825,FITfiles/2024-04-30/Beelink1_20240430_141500_59.fit,2024-04-30 14:15:00,0,0,21678.685546875,http://soleil80.cs.technik.fhnw.ch/solarradio/data/2002-20yy_Callisto/2024/04/30/USA-BOSTON_20240430_181500_63.fit.gz,train,190.0,3590.0
447,7000,8565,FITfiles/2024-09-11/UMICH_20240911_100000_59.fit,2024-09-11 10:00:00,0,0,10109.5908203125,http://soleil80.cs.technik.fhnw.ch/solarradio/data/2002-20yy_Callisto/2024/09/11/MEXICO-LANCE-B_20240911_140000_62.fit.gz,valid,190.0,3600.0
448,4717,5686,FITfiles/2024-07-14/Beelink1_20240714_094500_59.fit,2024-07-14 09:45:00,0,0,10076.583984375,http://soleil80.cs.technik.fhnw.ch/solarradio/data/2002-20yy_Callisto/2024/07/14/MEXICO-LANCE-B_20240714_134500_62.fit.gz,test,190.0,3600.0
449,6672,9549,FITfiles/2024-09-05/UMICH_20240905_150000_59.fit,2024-09-05 15:00:00,0,0,9954.0146484375,http://soleil80.cs.technik.fhnw.ch/solarradio/data/2002-20yy_Callisto/2024/09/05/MEXICO-LANCE-B_20240905_190000_62.fit.gz,test,190.0,3600.0
450,7533,240,FITfiles/2024-09-22/UMICH_20240922_094500_59.fit,2024-09-22 09:45:00,0,0,11268.435546875,http://soleil80.cs.technik.fhnw.ch/solarradio/data/2002-20yy_Callisto/2024/09/22/MEXICO-LANCE-B_20240922_134500_62.fit.gz,train,190.0,3600.0
451,4497,6502,FITfiles/2024-07-04/Beelink1_20240704_133000_59.fit,2024-07-04 13:30:00,0,0,10081.2099609375,http://soleil80.cs.technik.fhnw.ch/solarradio/data/2002-20yy_Callisto/2024/07/04/USA-BOSTON_20240704_173000_63.fit.gz,train,190.0,3600.0
452,36,2394,FITfiles/2024-03-09/Beelink1_20240309_132959_59.fit,2024-03-09 13:29:59,0,0,13832.029296875,http://soleil80.cs.technik.fhnw.ch/solarradio/data/2002-20yy_Callisto/2024/03/09/MEXICO-LANCE-B_20240309_183000_62.fit.gz,train,190.0,3600.0
453,8620,1384,FITfiles/2024-10-24/Beelink1_20241024_200000_59.fit,2024-10-24 20:00:00,0,0,37387.30078125,http://soleil80.cs.technik.fhnw.ch/solarradio/data/2002-20yy_Callisto/2024/10/25/ALASKA-HAARP_20241025_000000_63.fit.gz,valid,190.0,3600.0
454,3372,4541,FITfiles/2024-06-14/UMICH_20240614_131500_59.fit,2024-06-14 13:15:00,0,0,10406.48046875,http://soleil80.cs.technik.fhnw.ch/solarradio/data/2002-20yy_Callisto/2024/06/14/MEXART_20240614_171500_59.fit.gz,train,190.0,3600.0
455,8157,7081,FITfiles/2024-10-03/UMICH_20241003_111500_59.fit,2024-10-03 11:15:00,0,0,35646.90625,http://soleil80.cs.technik.fhnw.ch/solarradio/data/2002-20yy_Callisto/2024/10/03/ALASKA-HAARP_20241003_151500_63.fit.gz,train,190.0,3600.0
456,4855,3479,FITfiles/2024-07-16/Beelink1_20240716_151500_59.fit,2024-07-16 15:15:00,0,0,9959.244140625,http://soleil80.cs.technik.fhnw.ch/solarradio/data/2002-20yy_Callisto/2024/07/16/MEXICO-LANCE-B_20240716_191500_62.fit.gz,train,190.0,3600.0
457,8294,5195,FITfiles/2024-10-05/UMICH_20241005_163000_59.fit,2024-10-05 16:30:00,0,0,32088.072265625,http://soleil80.cs.technik.fhnw.ch/solarradio/data/2002-20yy_Callisto/2024/10/05/ALASKA-HAARP_20241005_203000_63.fit.gz,train,190.0,3600.0
458,47,2387,FITfiles/2024-03-09/Beelink1_20240309_155959_59.fit,2024-03-09 15:59:59,0,0,11604.8798828125,http://soleil80.cs.technik.fhnw.ch/solarradio/data/2002-20yy_Callisto/2024/03/09/MEXICO-LANCE-B_20240309_205959_62.fit.gz,valid,190.0,3600.0
459,4073,2793,FITfiles/2024-06-26/UMICH_20240626_141500_59.fit,2024-06-26 14:15:00,0,0,10782.4189453125,http://soleil80.cs.technik.fhnw.ch/solarradio/data/2002-20yy_Callisto/2024/06/26/MEXART_20240626_181500_59.fit.gz,train,190.0,3592.0
460,2173,6158,FITfiles/2024-05-24/UMICH_20240524_170000_59.fit,2024-05-24 17:00:00,0,0,10393.583984375,http://soleil80.cs.technik.fhnw.ch/solarradio/data/2002-20yy_Callisto/2024/05/24/MEXICO-LANCE-A_20240524_210000_63.fit.gz,test,190.0,3600.0
461,7294,423,FITfiles/2024-09-18/UMICH_20240918_081500_59.fit,2024-09-18 08:15:00,0,0,11026.669921875,http://soleil80.cs.technik.fhnw.ch/solarradio/data/2002-20yy_Callisto/2024/09/18/MEXICO-LANCE-B_20240918_121500_62.fit.gz,train,190.0,3592.0
462,9015,577,FITfiles/2024-10-31/Beelink1_20241031_171500_59.fit,2024-10-31 17:15:00,0,0,36320.59375,http://soleil80.cs.technik.fhnw.ch/solarradio/data/2002-20yy_Callisto/2024/10/31/GREENLAND_20241031_211500_63.fit.gz,train,190.0,3600.0
463,2086,1827,FITfiles/2024-05-23/UMICH_20240523_094500_59.fit,2024-05-23 09:45:00,0,0,10823.2822265625,http://soleil80.cs.technik.fhnw.ch/solarradio/data/2002-20yy_Callisto/2024/05/23/MEXICO-LANCE-B_20240523_134500_62.fit.gz,train,190.0,3600.0
464,8850,582,FITfiles/2024-10-28/Beelink1_20241028_193000_59.fit,2024-10-28 19:30:00,0,0,37678.69140625,http://soleil80.cs.technik.fhnw.ch/solarradio/data/2002-20yy_Callisto/2024/10/28/GREENLAND_20241028_233000_63.fit.gz,valid,190.0,3600.0
465,5534,7057,FITfiles/2024-07-28/Beelink1_20240728_091500_59.fit,2024-07-28 09:15:00,0,0,10098.2294921875,http://soleil80.cs.technik.fhnw.ch/solarradio/data/2002-20yy_Callisto/2024/07/28/MEXICO-LANCE-B_20240728_131500_62.fit.gz,train,190.0,3600.0
466,8177,7118,FITfiles/2024-10-03/UMICH_20241003_161500_59.fit,2024-10-03 16:15:00,0,0,30488.53125,http://soleil80.cs.technik.fhnw.ch/solarradio/data/2002-20yy_Callisto/2024/10/03/ALASKA-HAARP_20241003_201500_63.fit.gz,train,190.0,3590.0
467,1530,5606,FITfiles/2024-04-27/Beelink1_20240427_203000_59.fit,2024-04-27 20:30:00,0,0,22050.224609375,http://soleil80.cs.technik.fhnw.ch/solarradio/data/2002-20yy_Callisto/2024/04/28/MEXART_20240428_003000_59.fit.gz,valid,190.0,3600.0
468,9675,1281,FITfiles/2024-11-12/Beelink1_20241112_091500_59.fit,2024-11-12 09:15:00,0,0,34182.40625,http://soleil80.cs.technik.fhnw.ch/solarradio/data/2002-20yy_Callisto/2024/11/12/GREENLAND_20241112_141500_63.fit.gz,train,190.0,3600.0
469,8943,9630,FITfiles/2024-10-30/Beelink1_20241030_134500_59.fit,2024-10-30 13:45:00,0,0,35172.40625,http://soleil80.cs.technik.fhnw.ch/solarradio/data/2002-20yy_Callisto/2024/10/30/ALASKA-HAARP_20241030_174500_63.fit.gz,train,190.0,3600.0
470,8002,8461,FITfiles/2024-09-30/UMICH_20240930_160000_59.fit,2024-09-30 16:00:00,0,0,33003.9921875,http://soleil80.cs.technik.fhnw.ch/solarradio/data/2002-20yy_Callisto/2024/09/30/GREENLAND_20240930_200000_63.fit.gz,train,190.0,3600.0
471,6594,8942,FITfiles/2024-09-04/UMICH_20240904_100000_59.fit,2024-09-04 10:00:00,0,0,10160.58203125,http://soleil80.cs.technik.fhnw.ch/solarradio/data/2002-20yy_Callisto/2024/09/04/USA-BOSTON_20240904_140000_63.fit.gz,train,190.0,3600.0
472,8462,1055,FITfiles/2024-10-08/UMICH_20241008_150000_59.fit,2024-10-08 15:00:00,0,0,31662.85546875,http://soleil80.cs.technik.fhnw.ch/solarradio/data/2002-20yy_Callisto/2024/10/08/GREENLAND_20241008_190000_63.fit.gz,valid,190.0,3600.0
473,4273,2402,FITfiles/2024-06-29/UMICH_20240629_204500_59.fit,2024-06-29 20:45:00,0,0,10691.8740234375,http://soleil80.cs.technik.fhnw.ch/solarradio/data/2002-20yy_Callisto/2024/06/30/MEXART_20240630_004500_59.fit.gz,train,190.0,3590.0
474,791,4428,FITfiles/2024-04-15/Beelink1_20240415_094500_59.fit,2024-04-15 09:45:00,0,0,22469.564453125,http://soleil80.cs.technik.fhnw.ch/solarradio/data/2002-20yy_Callisto/2024/04/15/MEXICO-LANCE-B_20240415_134500_62.fit.gz,train,190.0,3600.0
475,4816,4972,FITfiles/2024-07-15/Beelink1_20240715_200000_59.fit,2024-07-15 20:00:00,0,0,10038.9677734375,http://soleil80.cs.technik.fhnw.ch/solarradio/data/2002-20yy_Callisto/2024/07/16/USA-BOSTON_20240716_000000_63.fit.gz,train,190.0,3600.0
476,3026,2057,FITfiles/2024-06-08/UMICH_20240608_134500_59.fit,2024-06-08 13:45:00,0,0,10492.205078125,http://soleil80.cs.technik.fhnw.ch/solarradio/data/2002-20yy_Callisto/2024/06/08/MEXICO-LANCE-A_20240608_174500_63.fit.gz,train,190.0,3600.0
477,685,4349,FITfiles/2024-04-10/Beelink1_20240410_173000_59.fit,2024-04-10 17:30:00,0,0,21932.6328125,http://soleil80.cs.technik.fhnw.ch/solarradio/data/2002-20yy_Callisto/2024/04/10/USA-BOSTON_20240410_213000_63.fit.gz,valid,190.0,3600.0
478,6996,8927,FITfiles/2024-09-11/UMICH_20240911_090000_59.fit,2024-09-11 09:00:00,0,0,10097.1201171875,http://soleil80.cs.technik.fhnw.ch/solarradio/data/2002-20yy_Callisto/2024/09/11/MEXICO-LANCE-B_20240911_130000_62.fit.gz,train,190.0,3600.0
479,7910,6380,FITfiles/2024-09-29/UMICH_20240929_073000_59.fit,2024-09-29 07:30:00,0,0,34804.95703125,http://soleil80.cs.technik.fhnw.ch/solarradio/data/2002-20yy_Callisto/2024/09/29/USA-BOSTON_20240929_113000_63.fit.gz,train,190.0,3600.0
480,2635,5516,FITfiles/2024-06-02/UMICH_20240602_003810_59.fit,2024-06-02 00:38:10,0,0,10730.3271484375,http://soleil80.cs.technik.fhnw.ch/solarradio/data/2002-20yy_Callisto/2024/06/02/ALASKA-HAARP_20240602_044500_63.fit.gz,train,190.0,3600.0
481,5872,4345,FITfiles/2024-08-03/Beelink1_20240803_064500_59.fit,2024-08-03 06:45:00,0,0,10106.650390625,http://soleil80.cs.technik.fhnw.ch/solarradio/data/2002-20yy_Callisto/2024/08/03/USA-BOSTON_20240803_104500_01.fit.gz,train,190.0,3600.0
482,5829,4398,FITfiles/2024-08-02/Beelink1_20240802_103000_59.fit,2024-08-02 10:30:00,0,0,10049.546875,http://soleil80.cs.technik.fhnw.ch/solarradio/data/2002-20yy_Callisto/2024/08/02/MEXICO-LANCE-A_20240802_143000_63.fit.gz,train,190.0,3600.0
483,973,7512,FITfiles/2024-04-18/Beelink1_20240418_114500_59.fit,2024-04-18 11:45:00,0,0,22412.751953125,http://soleil80.cs.technik.fhnw.ch/solarradio/data/2002-20yy_Callisto/2024/04/18/ALASKA-HAARP_20240418_154500_63.fit.gz,valid,190.0,3600.0
484,4115,7843,FITfiles/2024-06-27/UMICH_20240627_101500_59.fit,2024-06-27 10:15:00,0,0,10789.0205078125,http://soleil80.cs.technik.fhnw.ch/solarradio/data/2002-20yy_Callisto/2024/06/27/MEXART_20240627_141500_59.fit.gz,test,190.0,3600.0
485,1322,6036,FITfiles/2024-04-24/Beelink1_20240424_120000_59.fit,2024-04-24 12:00:00,0,0,22410.626953125,http://soleil80.cs.technik.fhnw.ch/solarradio/data/2002-20yy_Callisto/2024/04/24/USA-BOSTON_20240424_160000_63.fit.gz,train,190.0,3600.0
486,7355,1845,FITfiles/2024-09-19/UMICH_20240919_090000_59.fit,2024-09-19 09:00:00,0,0,11659.1611328125,http://soleil80.cs.technik.fhnw.ch/solarradio/data/2002-20yy_Callisto/2024/09/19/MEXICO-LANCE-B_20240919_130000_62.fit.gz,train,190.0,3600.0
487,1656,6809,FITfiles/2024-04-30/Beelink1_20240430_083000_59.fit,2024-04-30 08:30:00,0,0,22328.091796875,http://soleil80.cs.technik.fhnw.ch/solarradio/data/2002-20yy_Callisto/2024/04/30/MEXICO-LANCE-B_20240430_123000_62.fit.gz,valid,190.0,3600.0
488,3189,2684,FITfiles/2024-06-11/UMICH_20240611_105959_59.fit,2024-06-11 10:59:59,0,0,10806.0703125,http://soleil80.cs.technik.fhnw.ch/solarradio/data/2002-20yy_Callisto/2024/06/11/MEXICO-LANCE-B_20240611_145959_62.fit.gz,train,190.0,3600.0
489,3664,8123,FITfiles/2024-06-19/UMICH_20240619_134500_59.fit,2024-06-19 13:45:00,0,0,10419.0068359375,http://soleil80.cs.technik.fhnw.ch/solarradio/data/2002-20yy_Callisto/2024/06/19/MEXART_20240619_174500_59.fit.gz,test,190.0,3600.0
490,4562,2854,FITfiles/2024-07-05/Beelink1_20240705_151500_59.fit,2024-07-05 15:15:00,0,0,10102.1015625,http://soleil80.cs.technik.fhnw.ch/solarradio/data/2002-20yy_Callisto/2024/07/05/MEXICO-LANCE-B_20240705_191500_62.fit.gz,train,190.0,3600.0
491,9227,119,FITfiles/2024-11-04/Beelink1_20241104_121500_59.fit,2024-11-04 12:15:00,0,0,37223.08984375,http://soleil80.cs.technik.fhnw.ch/solarradio/data/2002-20yy_Callisto/2024/11/04/ALASKA-HAARP_20241104_171500_63.fit.gz,train,190.0,3589.0
